Time/s,Azimuth/deg,Zenith/deg
1,268.99,37.838
161,221.58,39.662
321,171.38,43.45
481,118.7,46.349
641,65.507,46.676
801,13.927,44.606
961,325.17,42.018
1121,277.98,41.502
1281,228.9,44.142
1441,176.46,48.289
1601,122.13,51.407
1761,68.17,52.124
1921,16.42,50.838
2081,327.4,49.36
2241,279.26,49.722
2401,228.88,52.491
2561,175.25,56.217
2721,119.98,58.847
2881,65.391,59.35
3041,13.186,58.296
3201,323.55,57.382
3361,274.6,58.185
3521,223.57,60.858
3681,169.51,64.017
3841,113.92,65.963
4001,59.098,66.007
4161,6.6572,64.911
4321,316.62,64.303
4481,267.13,65.421
4641,215.73,68.068
4801,161.51,70.805
4961,105.85,72.177
5121,51,71.817
5281,358.47,70.697
5441,308.14,70.411
5601,258.22,71.915
5761,206.47,74.695
5921,152.12,77.211
6081,96.44,78.179
6241,41.579,77.541
6401,348.93,76.489
6561,298.23,76.592
6721,247.77,78.559
6881,195.59,81.592
7041,141.02,84.0129
7201,85.256,84.6516
7361,30.301,83.7412
7521,337.39,82.7012
7681,286.14,83.0938
7841,234.94,85.4232
8001,182.13,88.6512
8161,127.21,90.93974
8321,71.286,91.1481
8481,16.213,89.75948
8641,323.01,88.43
8801,271.15,88.7413
8961,219.1,91.0487
9121,165.46,94.1451
9281,110.05,96.0642
9441,54.049,95.6357
9601,359.1,93.5076
9761,305.91,91.5368
9921,253.74,91.3292
10081,201.05,93.1275
10241,146.71,95.6375
10401,90.908,96.8948
10561,35.078,95.7583
10721,340.7,92.9321
10881,288.07,90.34
11041,236.17,89.55343
11201,183.39,90.7016
11361,128.79,92.4566
11521,72.914,92.9934
11681,17.447,91.3376
11841,323.83,88.2057
12001,272.08,85.4358
12161,220.83,84.467
12321,168.37,85.2775
12481,113.88,86.5058
12641,58.111,86.5129
12801,2.9709,84.5849
12961,309.98,81.5104
13121,259.02,79
13281,208.43,78.283
13441,156.33,79.124
13601,101.97,80.099
13761,46.3,79.744
13921,351.36,77.64
14081,298.79,74.733
14241,248.41,72.645
14401,198.3,72.354
14561,146.41,73.36
14721,92.093,74.148
14881,36.438,73.419
15041,341.6,71.058
15201,289.33,68.226
15361,239.39,66.505
15521,189.63,66.6
15681,137.87,67.708
15841,83.567,68.209
16001,27.934,66.959
16161,333.19,64.154
16321,281.21,61.22
16481,231.75,59.756
16641,182.39,60.181
16801,130.85,61.336
16961,76.695,61.464
17121,21.262,59.563
17281,326.79,56.138
17441,275.26,52.961
17601,226.51,51.765
17761,177.8,52.671
17921,126.7,54.059
18081,73.008,53.973
18241,18.243,51.523
18401,324.63,47.516
18561,274.13,44.17
18721,226.45,43.534
18881,178.38,45.403
19041,127.62,47.544
19201,74.572,47.769
19361,21.121,45.329
19521,329.44,41.328
19681,280.86,38.392
19841,233.92,38.836
20001,185.17,42.057
20161,133.53,45.287
20321,80.436,46.302
20481,28.082,44.618
20641,338.26,41.604
20801,290.92,39.891
20961,243.11,41.441
21121,192.12,45.389
21281,138.54,49.082
21441,84.485,50.574
21601,32.036,49.66
21761,342.37,47.802
21921,294.51,47.242
22081,245.34,49.295
22241,192.82,53.062
22401,137.97,56.368
22561,83.076,57.656
22721,30.122,56.952
22881,339.92,55.71
23041,291.22,55.782
23201,241.2,57.957
23361,188.09,61.266
23521,132.78,63.886
23681,77.522,64.636
23841,24.286,63.785
24001,333.69,62.801
24161,284.42,63.247
24321,233.91,65.502
24481,180.55,68.451
24641,125.11,70.466
24801,69.786,70.696
24961,16.475,69.673
25121,325.65,68.907
25281,275.95,69.735
25441,225.05,72.191
25601,171.51,74.975
25761,116.02,76.571
25921,60.705,76.424
26081,7.3419,75.333
26241,316.26,74.866
26401,266.09,76.159
26561,214.73,78.942
26721,160.94,81.7189
26881,105.37,83.0216
27041,49.992,82.5638
27201,356.47,81.4159
27361,304.97,81.214
27521,254.14,82.9249
27681,202.14,86.0178
27841,147.95,88.8007
28001,92.194,89.78017
28161,36.706,88.8846
28321,342.95,87.4595
28481,290.92,87.2286
28641,239.3,89.03442
28801,186.46,92.1541
28961,131.68,94.7334
29121,75.708,95.203
29281,20.239,93.62
29441,326.45,91.5709
29601,274.12,90.87315
29761,221.84,92.2797
29921,168.19,94.9443
30081,112.84,96.9583
30241,56.805,96.7431
30401,1.7271,94.4079
30561,308.43,91.6556
30721,256.33,90.33457
30881,203.92,91.1024
31041,149.91,93.0328
31201,94.288,94.2861
31361,38.435,93.4347
31521,344.01,90.63828
31681,291.57,87.5576
31841,240.17,85.9511
32001,188.12,86.3363
32161,134.19,87.7061
32321,78.616,88.3405
32481,23.016,87.0683
32641,329.18,84.1741
32801,277.55,81.2308
32961,226.91,79.816
33121,175.33,80.2392
33281,121.61,81.3773
33441,66.134,81.6183
33601,10.709,80.0747
33761,317.26,77.239
33921,266.23,74.65
34081,216.17,73.674
34241,164.93,74.352
34401,111.32,75.406
34561,55.872,75.315
34721,0.52745,73.476
34881,307.33,70.639
35041,256.74,68.376
35201,207.11,67.837
35361,156.07,68.75
35521,102.48,69.659
35681,47.036,69.128
35841,351.75,66.834
36001,298.75,63.821
36161,248.58,61.752
36321,199.38,61.569
36481,148.57,62.644
36641,95.085,63.311
36801,39.759,62.202
36961,344.65,59.269
37121,291.96,55.897
37281,242.37,53.944
37441,193.8,54.172
37601,143.42,55.518
37761,90.298,56.033
37921,35.448,54.389
38081,340.95,50.794
38241,289.04,47.028
38401,240.44,45.327
38561,192.7,46.331
38721,142.81,48.398
38881,90.226,49.21
39041,36.38,47.474
39201,343.43,43.648
39361,293.33,39.915
39521,246.02,38.947
39681,198.38,41.242
39841,147.96,44.503
40001,95.306,46.137
40161,42.414,45.014
40321,351.41,41.89
40481,303.28,39.144
40641,256.22,39.366
40801,206.81,42.719
40961,154.34,46.74
41121,100.51,48.986
41281,47.513,48.619
41441,357.04,46.609
41601,309.05,45.177
41761,260.91,46.284
41921,209.72,49.788
42081,155.59,53.6
42241,100.64,55.706
42401,47.046,55.545
42561,356.13,54.185
42721,307.4,53.567
42881,258.27,55.064
43041,206.25,58.284
43201,151.47,61.457
43361,96.004,62.982
43521,42.042,62.588
43681,350.74,61.433
43841,301.41,61.239
44001,251.66,62.943
44161,199.28,65.896
44321,144.3,68.465
44481,88.701,69.382
44641,34.64,68.674
44801,343.14,67.617
44961,293.42,67.779
45121,243.23,69.743
45281,190.59,72.6
45441,135.53,74.755
45601,79.932,75.21
45761,25.859,74.292
45921,334.2,73.413
46081,284.09,74.006
46241,233.43,76.348
46401,180.5,79.281
46561,125.34,81.1862
46721,69.699,81.2949
46881,15.543,80.2344
47041,323.6,79.555
47201,272.93,80.5797
47361,221.65,83.3203
47521,168.28,86.3826
47681,112.91,88.0723
47841,57.165,87.7868
48001,2.8329,86.4458
48161,310.47,85.7562
48321,259.08,86.9606
48481,206.97,89.86822
48641,152.96,92.8918
48801,97.273,94.2204
48961,41.456,93.33
49121,347.06,91.3949
49281,294.4,90.28525
49441,242.37,91.1955
49601,189.41,93.7934
49761,134.68,96.3879
49921,78.718,97.1139
50081,23.098,95.4721
50241,329.08,92.7816
50401,276.62,91.0141
50561,224.42,91.3082
50721,171,93.2248
50881,115.83,95.0725
51041,59.822,95.0954
51201,4.696,92.8635
51361,311.47,89.69632
51521,259.71,87.5263
51681,207.9,87.3803
51841,154.54,88.7089
52001,99.33,89.87023
52161,43.478,89.33477
52321,348.87,86.8405
52481,296.45,83.6642
52641,245.52,81.5886
52801,194.29,81.4516
52961,141.21,82.5542
53121,86.111,83.2932
53281,30.413,82.3902
53441,336.15,79.83
53601,284.34,76.912
53761,234.08,75.246
53921,183.32,75.417
54081,130.43,76.524
54241,75.395,76.981
54401,19.767,75.754
54561,325.71,73.114
54721,274.33,70.459
54881,224.56,69.246
55041,174.1,69.76
55201,121.29,70.867
55361,66.243,70.984
55521,10.642,69.314
55681,316.74,66.438
55841,265.7,63.91
56001,216.37,63.06
56161,166.19,63.84
56321,113.47,64.848
56481,58.485,64.49
56641,2.9902,62.199
56801,309.29,58.885
56961,258.7,56.345
57121,209.96,55.832
57281,160.21,56.918
57441,107.79,57.86
57601,53.134,57.022
57761,358.08,54.043
57921,304.93,50.188
58081,255.13,47.638
58241,207.28,47.687
58401,158.14,49.435
58561,106.2,50.679
58721,52.305,49.704
58881,358.43,46.343
59041,306.77,42.221
59201,258.41,40.008
59361,211.29,41.127
59521,162.09,44.087
59681,110.14,46.189
59841,57.02,45.728
60001,4.9064,42.802
60161,315.52,39.324
60321,268.46,38.144
60481,220.47,40.506
60641,169.39,44.524
60801,116.14,47.419
60961,62.846,47.715
61121,11.514,45.798
61281,322.99,43.639
61441,275.53,43.641
61601,225.76,46.548
61761,172.67,50.626
61921,117.96,53.507
62081,63.903,54.036
62241,12.23,52.783
62401,323.18,51.585
62561,274.72,52.276
62721,223.87,55.152
62881,169.88,58.696
63041,114.45,60.998
63201,59.899,61.235
63361,7.8143,60.134
63521,318.18,59.404
63681,268.99,60.447
63841,217.63,63.188
64001,163.33,66.166
64161,107.69,67.801
64321,52.98,67.6
64481,0.70902,66.473
64641,310.71,66.05
64801,261.04,67.402
64961,209.34,70.127
65121,154.91,72.718
65281,99.232,73.828
65441,44.518,73.282
65601,352.16,72.19
65761,301.85,72.13
65921,251.72,73.888
66081,199.68,76.762
66241,145.12,79.155
66401,89.411,79.895
66561,34.667,79.111
66721,342.13,78.121
66881,291.38,78.462
67041,240.67,80.6743
67201,188.16,83.7856
67361,133.37,86.0675
67521,77.56,86.4592
67681,22.693,85.3805
67841,329.84,84.3654
68001,278.49,84.9327
68161,226.98,87.4253
68321,173.8,90.65035
68481,118.62,92.7268
68641,62.672,92.6184
68801,7.7167,90.98667
68961,314.6,89.58899
69121,262.64,89.952788
69281,210.29,92.2796
69441,156.29,95.2337
69601,100.66,96.8361
69761,44.714,96.0331
69921,350.01,93.6317
70081,297.03,91.5559
70241,244.88,91.3344
70401,192.01,93.0571
70561,137.41,95.3285
70721,81.507,96.2212
70881,25.845,94.744
71041,331.82,91.7364
71201,279.52,89.13857
71361,227.76,88.4119
71521,174.92,89.5267
71681,120.19,91.0722
71841,64.307,91.2944
72001,9.0504,89.39321
72161,315.8,86.2146
72321,264.37,83.5839
72481,213.28,82.8021
72641,160.78,83.6763
72801,106.18,84.771
72961,50.428,84.5323
73121,355.48,82.43
73281,302.82,79.388
73441,252.13,77.099
73601,201.63,76.635
73761,149.44,77.58
73921,94.945,78.444
74081,39.262,77.861
74241,344.49,75.598
74401,292.22,72.739
74561,242.07,70.883
74721,191.98,70.837
74881,139.95,71.915
75041,85.471,72.551
75201,29.798,71.559
75361,335.13,69.013
75521,283.15,66.211
75681,233.44,64.704
75841,183.69,65.008
76001,131.77,66.133
76161,77.321,66.421
76321,21.701,64.856
76481,327.17,61.829
76641,275.51,58.909
76801,226.32,57.663
76961,177.02,58.301
77121,125.36,59.46
77281,71.141,59.355
77441,15.822,57.121
77601,321.67,53.467
77761,270.6,50.334
77921,222.23,49.44
78081,173.6,50.658
78241,122.42,52.134
78401,68.776,51.894
78561,14.332,49.199
78721,321.32,45.07
78881,271.54,41.916
79041,224.24,41.772
79201,176.02,44.115
79361,124.98,46.467
79521,71.949,46.685
79681,18.972,44.215
79841,328.14,40.381
80001,280.27,37.926
80161,233.18,38.987
80321,183.64,42.611
80481,131.33,45.955
80641,78.024,46.959
80801,25.909,45.365
80961,336.51,42.707
81121,289.21,41.556
81281,240.79,43.538
81441,189.02,47.569
81601,134.88,51.103
81761,80.612,52.408
81921,28.213,51.48
82081,338.61,49.871
82241,290.51,49.698
82401,240.84,51.976
82561,187.86,55.657
82721,132.75,58.667
82881,77.797,59.657
83041,24.937,58.838
83201,334.78,57.731
83361,285.9,58.066
83521,235.53,60.385
83681,182.11,63.581
83841,126.67,65.902
84001,71.471,66.356
84161,18.397,65.388
84321,327.89,64.526
84481,278.5,65.211
84641,227.7,67.604
84801,174.08,70.464
84961,118.56,72.223
85121,63.333,72.211
85281,10.202,71.128
85441,319.46,70.528
85601,269.64,71.618
85761,218.46,74.229
85921,164.66,76.951
86081,109.1,78.327
86241,53.87,77.985
86401,0.65385,76.883
86561,309.6,76.614
86721,259.26,78.178
86881,207.58,81.1119
87041,153.52,83.821
87201,97.853,84.9005
87361,42.544,84.243
87521,349.12,83.0719
87681,297.58,83.0333
87841,246.51,84.957
88001,194.15,88.1368
88161,139.66,90.79156
88321,83.8,91.4883
88481,28.385,90.32828
88641,334.73,88.8007
88801,282.66,88.6267
88961,230.78,90.51411
89121,177.55,93.5853
89281,122.48,95.923
89441,66.455,96.0307
89601,11.156,94.1284
89761,317.58,91.92
89921,265.3,91.1966
90081,212.86,92.5714
90241,158.92,95.0638
90401,103.36,96.7457
90561,47.387,96.1533
90721,352.61,93.5512
90881,299.65,90.7116
91041,247.74,89.41674
91201,195.3,90.17193
91361,141.14,91.93
91521,85.435,92.868
91681,29.718,91.7095
91841,335.63,88.7714
92001,283.55,85.751
92161,232.38,84.3062
92321,180.34,84.7847
92481,126.32,86.0629
92641,70.706,86.4547
92801,15.249,84.954
92961,321.72,82.0102
93121,270.41,79.229
93281,219.94,78.069
93441,168.33,78.653
93601,114.48,79.744
93761,58.952,79.776
93921,3.6494,78.034
94081,310.47,75.176
94241,259.73,72.777
94401,209.77,72.07
94561,158.43,72.898
94721,104.65,73.877
94881,49.132,73.55
95041,353.9,71.492
95201,300.97,68.619
95361,250.65,66.533
95521,201.09,66.235
95681,149.93,67.247
95841,96.165,68.02
96001,40.664,67.198
96161,345.51,64.642
96321,292.81,61.568
96481,242.94,59.667
96641,193.84,59.717
96801,142.93,60.867
96961,89.327,61.362
97121,34.023,59.929
97281,339.13,56.71
97441,286.84,53.276
97601,237.65,51.538
97761,189.24,52.073
97921,138.82,53.557
98081,85.657,53.954
98241,30.988,52.039
98401,336.94,48.22
98561,285.67,44.488
98721,237.59,43.155
98881,189.94,44.637
99041,139.85,46.981
99201,87.21,47.81
99361,33.696,45.978
99521,341.5,42.163
99681,292.27,38.738
99841,245.27,38.357
100001,197.11,41.189
100161,146.01,44.701
100321,93.043,46.373
100481,40.332,45.29
100641,349.86,42.418
100801,302.12,40.202
100961,254.72,40.984
101121,204.47,44.6
101281,151.26,48.58
101441,97.072,50.674
101601,44.072,50.257
101761,353.73,48.452
101921,305.65,47.436
102081,257.04,48.889
102241,205.28,52.428
102401,150.76,56.007
102561,95.645,57.809
102721,42.092,57.477
102881,351.26,56.196
103041,302.41,55.845
103201,252.93,57.561
103361,200.53,60.751
103521,145.54,63.66
103681,90.061,64.859
103841,36.231,64.271
104001,345.05,63.163
104161,295.67,63.193
104321,245.65,65.086
104481,192.97,68.017
104641,137.84,70.355
104801,82.286,70.99
104961,28.397,70.138
105121,337.04,69.17
105281,287.27,69.578
105441,236.83,71.745
105601,183.91,74.604
105761,128.71,76.566
105921,73.159,76.79
106081,19.243,75.786
106241,327.69,75.042
106401,277.47,75.906
106561,226.54,78.459
106721,173.32,81.397
106881,118,83.1166
107041,62.394,83.0048
107201,8.3524,81.8666
107361,316.44,81.3165
107521,265.6,82.5787
107681,213.99,85.4835
107841,160.3,88.5061
108001,104.76,89.964367
108161,49.036,89.40752
108321,354.81,87.9273
108481,302.45,87.282
108641,250.86,88.6122
108801,198.38,91.561
108961,144.02,94.4338
109121,88.184,95.4429
109281,32.455,94.211
109441,338.25,92.0667
109601,285.67,90.90932
109761,233.51,91.8226
109921,180.25,94.3215
110081,125.23,96.6437
110241,69.208,96.99
110401,13.802,95.015
110561,320.11,92.1538
110721,267.87,90.36436
110881,215.69,90.65494
111041,162.11,92.4412
111201,106.78,93.9942
111361,50.819,93.6694
111521,355.98,91.206
111681,303.13,88.0077
111841,251.66,85.9511
112001,199.93,85.9087
112161,146.49,87.1855
112321,91.196,88.1202
112481,35.426,87.3154
112641,341.09,84.6893
112801,289.02,81.5993
112961,238.34,79.753
113121,187.15,79.813
113281,133.97,80.9307
113441,78.782,81.4938
113601,23.153,80.3659
113761,329.14,77.716
113921,277.63,74.928
114081,227.56,73.529
114241,176.77,73.91
114401,123.72,75.025
114561,68.569,75.292
114721,12.997,73.829
114881,319.18,71.091
115041,268.08,68.56
115201,218.46,67.597
115361,167.92,68.283
115521,114.93,69.34
115681,59.774,69.211
115841,4.2388,67.261
116001,310.58,64.257
116161,259.85,61.837
116321,210.69,61.222
116481,160.44,62.142
116641,107.57,63.054
116801,52.531,62.403
116961,357.16,59.794
117121,303.78,56.333
117281,253.58,53.917
117441,205.08,53.685
117601,155.32,54.954
117761,102.81,55.831
117921,48.228,54.726
118081,353.47,51.458
118241,300.84,47.505
118401,251.61,45.183
118561,204.02,45.667
118721,154.8,47.739
118881,102.77,49.04
119041,49.072,47.938
119201,355.78,44.466
119361,304.97,40.467
119521,257.26,38.717
119681,210.01,40.43
119841,160.23,43.771
120001,107.91,45.984
120161,54.878,45.534
120321,3.3146,42.747
120481,314.6,39.694
120641,267.61,39.125
120801,218.88,41.932
120961,166.94,46.065
121121,113.18,48.876
121281,59.78,49.109
121441,8.6255,47.341
121601,320.19,45.592
121761,272.37,46.048
121921,221.96,49.136
122081,168.33,53.075
122241,113.33,55.676
122401,59.235,55.996
122561,7.6426,54.764
122721,318.55,53.82
122881,269.77,54.798
123041,218.5,57.74
123201,164.2,61.078
123361,108.67,63.048
123521,54.197,63.029
123681,2.2484,61.897
123841,312.62,61.355
124001,263.2,62.625
124161,211.51,65.414
124321,157,68.206
124481,101.33,69.541
124641,46.764,69.122
124801,354.66,67.997
124961,304.69,67.781
125121,254.82,69.367
125281,202.82,72.158
125441,148.2,74.598
125601,92.519,75.458
125761,37.95,74.755
125921,345.74,73.722
126081,295.41,73.904
126241,245.06,75.912
126401,192.72,78.866
126561,137.96,81.1227
126721,82.234,81.6339
126881,27.603,80.7181
127041,335.16,79.804
127201,284.33,80.3812
127361,233.33,82.817
127521,180.49,85.9754
127681,125.47,88.0902
127841,69.63,88.2188
128001,14.854,86.9657
128161,322.06,85.9665
128321,270.57,86.6824
128481,218.74,89.29385
128641,165.18,92.4652
128801,109.77,94.2885
128961,53.816,93.8418
129121,359.01,91.9603
129281,306,90.48497
129441,253.95,90.87394
129601,201.31,93.174
129761,146.97,95.9351
129921,91.165,97.1898
130081,35.326,96.0152
130241,340.91,93.3669
130401,288.18,91.2115
130561,236.08,90.98322
130721,183.04,92.6182
130881,128.23,94.6349
131041,72.275,95.1659
131201,16.82,93.3817
131361,323.16,90.24625
131521,271.2,87.6941
131681,219.58,87.0609
131841,166.68,88.157
132001,111.84,89.50236
132161,55.977,89.43006
132321,0.94416,87.3203
132481,308.04,84.1406
132641,256.93,81.6895
132801,205.96,81.1169
132961,153.4,82.0595
133121,98.702,83.0205
133281,42.963,82.5457
133441,348.22,80.291
133601,295.86,77.308
133761,245.43,75.258
133921,194.98,75.044
134081,142.67,76.075
134241,88.041,76.807
134401,32.356,75.989
134561,337.77,73.575
134721,285.79,70.777
134881,235.85,69.158
135041,185.76,69.339
135201,133.56,70.456
135361,78.934,70.909
135521,23.261,69.638
135681,328.79,66.911
135841,277.11,64.15
136001,227.61,62.86
136161,177.85,63.359
136321,125.78,64.472
136481,71.214,64.52
136641,15.64,62.629
136801,321.34,59.387
136961,270.05,56.503
137121,221.15,55.497
137281,171.88,56.353
137441,120.13,57.509
137601,65.885,57.168
137761,10.743,54.612
137921,316.98,50.759
138081,266.44,47.719
138241,218.45,47.182
138401,169.87,48.746
138561,118.59,50.327
138721,65.026,49.96
138881,10.993,47.073
139041,318.71,42.905
139201,269.7,40.043
139361,222.64,40.457
139521,174.07,43.276
139681,122.65,45.825
139841,69.617,46.051
140001,17.12,43.619
140161,327.09,40.058
140321,279.73,38.163
140481,232.23,39.803
140641,181.79,43.722
140801,128.82,47.09
140961,75.303,48.043
141121,23.368,46.543
141281,334.23,44.251
141441,286.8,43.624
141601,237.75,45.945
141761,185.29,49.967
141921,130.71,53.278
142081,76.292,54.361
142241,23.952,53.4
142401,334.37,52.018
142561,286.02,52.184
142721,235.89,54.634
142881,182.52,58.191
143041,127.2,60.889
143201,72.253,61.58
143361,19.512,60.654
143521,329.41,59.686
143681,280.35,60.269
143841,229.64,62.709
144001,175.95,65.779
144161,120.41,67.804
144321,65.299,67.981
144481,12.401,66.928
144641,321.98,66.212
144801,272.45,67.14
144961,221.36,69.661
145121,167.5,72.425
145281,111.91,73.934
145441,56.798,73.705
145601,3.8427,72.596
145761,313.17,72.187
145921,263.19,73.545
146081,211.71,76.299
146241,157.67,78.944
146401,102.04,80.1006
146561,46.906,79.578
146721,353.82,78.486
146881,302.76,78.425
147041,252.21,80.2492
147201,200.21,83.3094
147361,145.88,85.9245
147521,90.124,86.7644
147681,34.883,85.9031
147841,341.54,84.7072
148001,289.94,84.8169
148161,238.61,86.9187
148321,185.87,90.1393
148481,131.08,92.6231
148641,75.143,93.0091
148801,19.828,91.5722
148961,326.29,89.932065
149121,274.17,89.79071
149281,222.03,91.7151
149441,168.44,94.683
149601,113.1,96.7348
149761,57.07,96.4655
149921,1.9915,94.256
150081,308.66,91.9065
150241,256.47,91.1612
150401,203.88,92.4872
150561,149.69,94.7803
150721,93.976,96.116
150881,38.111,95.1644
151041,343.66,92.3413
151201,291.06,89.46584
151361,239.35,88.2343
151521,186.89,88.9935
151681,132.59,90.5853
151841,76.844,91.2218
152001,21.286,89.78899
152161,327.54,86.757
152321,275.82,83.8454
152481,224.84,82.5962
152641,172.8,83.1821
152801,118.67,84.3729
152961,63.032,84.5318
153121,7.7257,82.8253
153281,314.49,79.862
153441,263.49,77.27
153601,213.16,76.375
153761,161.48,77.11
153921,107.49,78.136
154081,51.916,77.951
154241,356.75,76.017
154401,303.85,73.154
154561,253.36,70.955
154721,203.49,70.508
154881,152.03,71.457
155041,98.065,72.329
155201,42.49,71.748
155361,347.39,69.469
155521,294.74,66.571
155681,244.68,64.668
155841,195.18,64.6
156001,143.88,65.682
156161,89.957,66.288
156321,34.428,65.156
156481,339.44,62.338
156641,287.06,59.217
156801,237.5,57.503
156961,188.5,57.79
157121,137.5,59.004
157281,83.807,59.315
157441,28.574,57.555
157601,333.96,54.066
157761,282.12,50.606
157921,233.36,49.13
158081,185.1,50.006
158241,134.61,51.645
158401,81.448,51.94
158561,27.036,49.788
158721,333.54,45.805
158881,283.01,42.189
159041,235.43,41.307
159201,187.71,43.304
159361,137.31,45.928
159521,84.585,46.788
159681,31.434,44.917
159841,340.02,41.217
160001,291.59,38.212
160161,244.65,38.451
160321,195.76,41.748
160481,143.91,45.423
160641,90.607,47.087
160801,38.034,46.05
160961,347.96,43.467
161121,300.39,41.785
161281,252.51,43.054
161441,201.46,46.825
161601,147.64,50.676
161761,93.164,52.564
161921,40.169,52.073
162081,349.91,50.453
162241,301.68,49.811
162401,252.61,51.546
162561,200.37,55.065
162721,145.53,58.379
162881,90.324,59.864
163041,36.847,59.36
163201,346.09,58.157
163361,297.13,58.058
163521,247.31,59.964
163681,194.59,63.102
163841,139.42,65.742
164001,83.964,66.626
164161,30.287,65.87
164321,339.24,64.834
164481,289.79,65.095
164641,239.5,67.168
164801,186.53,70.065
164961,131.28,72.174
165121,75.785,72.548
165281,22.072,71.585
165441,330.84,70.738
165601,280.99,71.405
165761,230.29,73.768
165921,177.1,76.616
166081,121.77,78.382
166241,66.276,78.388
166401,12.508,77.323
166561,321.02,76.736
166721,270.68,77.871
166881,219.45,80.616
167041,165.93,83.5372
167201,110.47,85.0549
167361,54.897,84.7195
167521,0.95934,83.5082
167681,309.05,83.0835
167841,258.02,84.5603
168001,206.06,87.5905
168161,152.03,90.53227
168321,96.338,91.7279
168481,40.657,90.88324
168641,346.54,89.25396
168801,294.18,88.6333
168961,242.39,90.049847
169121,189.55,92.9857
169281,134.85,95.656
169441,78.898,96.3158
169601,23.304,94.7396
169761,329.33,92.3953
169921,276.86,91.1905
170081,224.59,92.0862
170241,171.05,94.4506
170401,115.79,96.4702
170561,59.761,96.4357
170721,4.6133,94.1603
170881,311.28,91.1754
171041,259.28,89.40184
171201,207.12,89.70608
171361,153.4,91.3641
171521,97.957,92.6273
171681,42.08,91.9796
171841,347.54,89.33093
172001,295.07,86.1549
172161,243.87,84.2552
172321,192.19,84.3402
172481,138.67,85.5745
172641,83.311,86.2924
172801,27.637,85.2404
172961,333.57,82.5158
173121,281.84,79.546
173281,231.37,77.952
173441,180.2,78.211
173601,126.89,79.331
173761,71.617,79.711
173921,16.066,78.364
174081,322.3,75.642
174241,271.09,73.001
174401,221.17,71.869
174561,170.32,72.442
174721,117.1,73.534
174881,61.843,73.588
175041,6.34,71.882
175201,312.76,69.057
175361,261.95,66.659
175521,212.46,65.941
175681,161.83,66.772
175841,108.66,67.745
176001,53.413,67.345
176161,357.97,65.106
176321,304.58,61.984
176481,254.17,59.687
176641,205.17,59.311
176801,154.86,60.359
176961,101.86,61.155
177121,46.802,60.2
177281,351.61,57.277
177441,298.59,53.691
177601,248.82,51.436
177761,200.55,51.519
177921,150.77,52.986
178081,98.215,53.804
178241,43.756,52.451
178401,349.4,48.934
178561,297.38,44.945
178721,248.76,42.928
178881,201.35,43.904
179041,151.94,46.321
179201,99.792,47.694
179361,46.321,46.509
179521,353.69,43.014
179681,303.79,39.254
179841,256.56,38.055
180001,208.92,40.347
180161,158.42,44.001
180321,105.67,46.279
180481,52.695,45.848
180641,1.5975,43.252
180801,313.35,40.675
180961,266.18,40.69
181121,216.67,43.834
181281,163.94,47.973
181441,109.73,50.629
181601,56.26,50.766
181761,5.2292,49.133
181921,316.78,47.764
182081,268.57,48.606
182241,217.59,51.803
182401,163.51,55.553
182561,108.31,57.844
182721,54.22,57.944
182881,2.7176,56.727
183041,313.57,56.021
183201,264.48,57.25
183361,212.83,60.226
183521,158.28,63.344
183681,102.69,64.984
183841,48.329,64.727
184001,356.53,63.585
184161,306.89,63.242
184321,257.25,64.729
184481,205.25,67.553
184641,150.54,70.154
184801,94.879,71.203
184961,40.465,70.596
185121,348.53,69.508
185281,298.55,69.518
185441,248.47,71.336
185601,196.18,74.183
185761,141.38,76.466
185921,85.707,77.088
186081,31.281,76.253
186241,339.2,75.307
186401,288.82,75.744
186561,238.22,77.994
186721,185.58,81.0054
186881,130.62,83.1109
187041,74.887,83.3914
187201,20.363,82.3521
187361,327.98,81.5207
187521,277.03,82.3233
187681,225.73,84.9531
187841,172.55,88.1215
188001,117.31,90.037608
188161,61.451,89.88438
188321,6.7759,88.4479
188481,314.02,87.4509
188641,262.38,88.2838
188801,210.22,90.96459
188961,156.29,94.0285
189121,100.66,95.5587
189281,44.754,94.7577
189441,350.14,92.6265
189601,297.25,91.0702
189761,245.14,91.4623
189921,192.22,93.6949
190081,137.57,96.2202
190241,81.644,97.1067
190401,25.967,95.5759
190561,331.87,92.7183
190721,279.41,90.5183
190881,227.38,90.2995
191041,174.21,91.8443
191201,119.23,93.6008
191361,63.266,93.783
191521,8.0476,91.7314
191681,314.77,88.5227
191841,263.13,86.0666
192001,211.64,85.5591
192161,158.68,86.6508
192321,103.75,87.8058
192481,47.918,87.4594
192641,353.12,85.1754
192801,300.56,82.0349
192961,249.74,79.796
193121,198.86,79.447
193281,146.21,80.4551
193441,91.404,81.2771
193601,35.69,80.572
193761,341.15,78.183
193921,289.1,75.28
194081,238.89,73.48
194241,188.47,73.508
194401,136.01,74.598
194561,81.243,75.175
194721,25.567,74.112
194881,331.18,71.556
195041,279.49,68.831
195201,229.74,67.448
195361,179.63,67.836
195521,127.26,68.957
195681,72.489,69.197
195841,16.838,67.633
196001,322.58,64.729
196161,271.21,62.022
196321,221.93,60.957
196481,172.15,61.637
196641,119.94,62.711
196801,65.282,62.501
196961,9.7942,60.278
197121,315.78,56.834
197281,264.88,54.012
197441,216.27,53.276
197601,167.05,54.362
197761,115.21,55.515
197921,60.99,54.945
198081,6.1003,52.09
198241,312.82,48.08
198401,262.87,45.196
198561,215.25,45.078
198721,166.63,47.023
198881,115.22,48.727
199041,61.769,48.266
199201,8.2363,45.253
199361,316.78,41.146
199521,268.52,38.682
199681,221.5,39.698
199841,172.38,42.963
200001,120.48,45.672
200161,67.413,45.912
200321,15.364,43.575
200481,326.01,40.373
200641,278.9,39.074
200801,230.79,41.219
200961,179.47,45.314
201121,125.88,48.617
201281,72.174,49.477
201441,20.369,48.059
201601,331.37,46.122
201761,283.69,45.963
201921,234.03,48.538
202081,181,52.48
202241,126.08,55.52
202401,71.569,56.356
202561,19.301,55.351
202721,329.72,54.177
202881,281.12,54.644
203041,230.57,57.223
203201,176.87,60.629
203361,121.4,63.006
203521,66.498,63.407
203681,13.897,62.391
203841,323.84,61.57
204001,274.61,62.392
204161,223.58,64.935
204321,169.63,67.869
204481,114.03,69.606
204641,59.029,69.531
204801,6.3113,68.425
204961,315.96,67.881
205121,266.28,69.057
205281,214.9,71.696
205441,160.81,74.354
205601,105.17,75.622
205761,50.176,75.199
205921,357.38,74.097
206081,306.74,73.901
206241,256.58,75.526
206401,204.8,78.409
206561,150.53,80.9625
206721,94.832,81.8958
206881,39.79,81.2035
207041,346.81,80.1364
207201,295.72,80.2853
207361,244.92,82.3513
207521,192.58,85.5068
207681,137.99,87.9973
207841,82.155,88.5779
208001,26.99,87.505
208161,333.72,86.2769
208321,282.04,86.5129
208481,230.42,88.7514
208641,177.3,91.9615
208801,122.23,94.2295
208961,66.239,94.2787
209121,11.058,92.5566
209281,317.65,90.79747
209441,265.51,90.667
209601,213.12,92.5863
209761,159.18,95.4002
209921,103.61,97.1293
210081,47.63,96.4789
210241,352.82,93.9865
210401,299.77,91.525
210561,247.68,90.77136
210721,194.97,92.0415
210881,140.58,94.1193
211041,84.756,95.1066
211201,29.041,93.8233
211361,334.94,90.83035
211521,282.7,87.9729
211681,231.18,86.8433
211841,178.7,87.625
212001,124.3,89.0597
212161,68.524,89.41142
212321,13.143,87.7372
212481,319.73,84.6555
212641,268.34,81.8947
212801,217.54,80.8676
212961,165.47,81.5681
213121,111.23,82.6703
213281,55.57,82.6024
213441,0.42317,80.7089
213601,307.49,77.753
213761,256.77,75.369
213921,206.54,74.741
214081,154.77,75.609
214241,100.63,76.548
214401,45.007,76.136
214561,349.98,74.015
214721,297.37,71.159
214881,247.13,69.168
215041,197.3,68.968
215201,145.7,70.008
215361,91.566,70.741
215521,35.948,69.884
215681,341,67.384
215841,288.64,64.471
216001,238.83,62.758
216161,189.38,62.91
216321,137.95,64.036
216481,83.884,64.447
216641,28.361,62.99
216801,333.57,59.914
216961,281.54,56.767
217121,232.3,55.262
217281,183.4,55.798
217441,132.33,57.071
217601,78.58,57.193
217761,23.478,55.115
217921,329.22,51.382
218081,277.89,47.943
218241,229.58,46.786
218401,181.44,48.045
218561,130.85,49.858
218721,77.708,50.073
218881,23.632,47.732
219041,330.82,43.663
219201,281.09,40.263
219361,233.91,39.91
219521,185.92,42.434
219681,135.08,45.319
219841,82.235,46.216
220001,29.448,44.36
220161,338.78,40.874
220321,290.99,38.38
220481,243.84,39.226
220641,194.08,42.885
220801,141.48,46.622
220961,87.851,48.226
221121,35.376,47.228
221281,345.58,44.944
221441,297.98,43.771
221601,249.55,45.442
221761,197.81,49.274
221921,143.48,52.927
222081,88.802,54.568
222241,35.835,53.984
222401,345.64,52.53
222561,297.23,52.221
222721,247.73,54.185
222881,195.06,57.645
223041,139.98,60.672
223201,84.735,61.836
223361,31.365,61.168
223521,340.7,60.051
223681,291.61,60.194
223841,241.49,62.268
224001,188.46,65.338
224161,133.15,67.708
224321,77.744,68.295
224481,24.237,67.401
224641,333.31,66.463
224801,283.78,66.965
224961,233.22,69.21
225121,179.99,72.064
225281,124.62,73.946
225441,69.201,74.078
225601,15.663,73.039
225761,324.53,72.341
225921,274.58,73.277
226081,223.6,75.827
226241,170.14,78.65
226401,114.7,80.215
226561,59.263,80.0148
226721,5.6299,78.908
226881,314.18,78.492
227041,263.67,79.891
227201,212.12,82.8051
227361,158.31,85.6813
227521,102.72,86.9774
227681,47.183,86.4114
227841,353.34,85.1254
228001,301.42,84.8146
228161,250.16,86.4749
228321,197.83,89.5851
228481,143.48,92.4008
228641,87.648,93.3017
228801,32.038,92.1539
228961,338.06,90.36687
229121,285.71,89.75124
229281,233.7,91.2143
229441,180.5,94.0835
229601,125.5,96.5031
229761,69.476,96.7916
229921,14.068,94.8794
230081,320.36,92.3555
230241,268.02,91.113
230401,215.67,91.9801
230561,161.89,94.1847
230721,106.44,95.8837
230881,50.454,95.4793
231041,355.6,92.9453
231201,302.64,89.88947
231361,250.88,88.174
231521,198.75,88.5135
231681,144.92,90.050788
231841,89.393,91.0351
232001,33.624,90.092812
232161,339.39,87.3039
232321,287.29,84.1994
232481,236.33,82.4941
232641,184.69,82.7243
232801,131.07,83.9205
232961,75.656,84.4286
233121,20.088,83.1484
233281,326.3,80.3542
233441,274.88,77.533
233601,224.6,76.204
233761,173.4,76.655
233921,119.95,77.762
234081,64.594,77.946
234241,9.1312,76.384
234401,315.62,73.604
234561,264.69,71.122
234721,214.9,70.255
234881,163.96,70.994
235041,110.57,72.029
235201,55.21,71.846
235361,359.79,69.893
235521,306.47,66.987
235681,255.94,64.733
235841,206.56,64.253
236001,155.84,65.204
236161,102.5,66.061
236321,47.185,65.366
236481,351.86,62.836
236641,298.77,59.608
236801,248.7,57.453
236961,199.85,57.327
237121,149.48,58.494
237281,96.383,59.161
237441,41.355,57.898
237601,346.4,54.673
237761,293.8,50.995
237921,244.5,48.947
238081,196.46,49.386
238241,146.64,51.073
238401,94.042,51.846
238561,39.775,50.276
238721,345.92,46.565
238881,294.63,42.619
239041,246.61,40.996
239201,199.25,42.511
239361,149.52,45.276
239521,97.192,46.73
239681,43.969,45.508
239841,352.04,42.083
240001,302.99,38.679
240161,256.03,38.085
240321,207.75,40.898
240481,156.44,44.771
240641,103.24,47.055
240801,50.291,46.635
240961,359.55,44.261
241121,311.56,42.175
241281,264.05,42.716
241441,213.77,46.09
241601,160.37,50.141
241761,105.81,52.584
241921,52.283,52.594
242081,1.3433,51.079
242241,312.82,50.054
242401,264.2,51.221
242561,212.72,54.47
242721,158.3,57.995
242881,102.95,59.961
243041,48.915,59.839
243201,357.52,58.64
243361,308.31,58.161
243521,258.93,59.614
243681,206.93,62.601
243841,152.16,65.489
244001,96.559,66.807
244161,42.329,66.335
244321,350.68,65.211
244481,301.03,65.079
244641,251.15,66.777
244801,198.86,69.624
244961,143.98,72.032
245121,88.338,72.811
245281,34.085,72.048
245441,342.3,71.03
245601,292.3,71.283
245761,241.98,73.332
245921,189.41,76.221
246081,134.44,78.34
246241,78.781,78.733
246401,24.495,77.789
246561,332.51,76.953
246721,282.05,77.651
246881,231.18,80.1268
247041,178.22,83.1731
247201,123.08,85.1077
247361,67.343,85.1507
247521,12.922,83.9913
247681,320.58,83.2413
247841,269.48,84.2501
248001,217.85,87.0371
248161,164.31,90.17307
248321,108.88,91.8556
248481,53.018,91.4007
248641,358.46,89.77077
248801,305.75,88.76
248961,253.95,89.67532
249121,201.44,92.3734
249281,147.15,95.2758
249441,91.359,96.4771
249601,35.538,95.3142
249761,341.15,92.9431
249921,288.42,91.3111
250081,236.25,91.692
250241,183.09,93.8249
250401,128.18,96.0818
250561,72.182,96.5921
250721,16.715,94.732
250881,322.98,91.712
251041,270.8,89.50986
251201,218.84,89.32349
251361,165.56,90.78313
251521,110.46,92.2828
251681,54.518,92.136
251841,359.56,89.85896
252001,306.65,86.6302
252161,255.32,84.3168
252321,203.94,83.9631
252481,150.91,85.0612
252641,95.897,86.0338
252801,40.117,85.432
252961,345.56,83.0045
253121,293.33,79.938
253281,242.76,77.936
253441,191.94,77.816
253601,139.18,78.879
253761,84.266,79.552
253921,28.586,78.619
254081,334.27,76.111
254241,282.51,73.306
254401,232.5,71.762
254561,182.06,72.015
254721,129.44,73.134
254881,74.54,73.53
255041,18.888,72.213
255201,324.71,69.518
255361,273.31,66.878
255521,223.75,65.731
255681,173.59,66.304
255841,121.04,67.395
256001,66.15,67.393
256161,10.545,65.526
256321,316.52,62.449
256481,265.48,59.813
256641,216.41,58.981
256801,166.62,59.834
256961,114.28,60.851
257121,59.57,60.367
257281,4.217,57.814
257441,310.53,54.186
257601,260.07,51.464
257761,211.77,51.034
257921,162.57,52.371
258081,110.66,53.529
258241,56.517,52.745
258401,1.9685,49.626
258561,309.28,45.518
258721,259.98,42.868
258881,212.65,43.236
259041,163.89,45.587
259201,112.3,47.426
259361,58.975,46.906
259521,6.0124,43.845
259681,315.45,39.913
259841,267.83,37.949
260001,220.59,39.571
260161,170.73,43.214
260321,118.29,46.026
260481,65.153,46.273
260641,13.486,44.071
260801,324.63,41.285
260961,277.51,40.575
261121,228.71,43.126
261281,176.56,47.284
261441,122.45,50.442
261601,68.589,51.167
261761,16.881,49.816
261921,327.93,48.209
262081,279.93,48.458
262241,229.72,51.215
262401,176.21,55.023
262561,121.04,57.76
262721,66.498,58.336
262881,14.322,57.281
263041,324.75,56.303
263201,275.89,57.04
263361,224.96,59.715
263521,170.96,62.952
263681,115.4,65.007
263841,60.574,65.133
264001,8.1306,64.049
264161,318.12,63.391
264321,268.71,64.447
264481,217.37,67.08
264641,163.2,69.87
264801,107.54,71.327
264961,52.675,71.028
265121,0.13537,69.905
265281,309.84,69.556
265441,259.98,70.983
265601,208.31,73.73
265761,154,76.275
265921,98.326,77.307
266081,43.455,76.714
266241,350.81,75.647
266401,300.16,75.681
266561,249.79,77.569
266721,197.7,80.561
266881,143.2,83.0042
267041,87.449,83.7072
267201,32.498,82.8516
267361,339.61,81.8172
267521,288.44,82.1694
267681,237.37,84.4506
267841,184.68,87.6641
268001,129.83,89.9956592
268161,73.933,90.29453
268321,18.856,88.9993
268481,325.66,87.7276
268641,273.88,88.0629
268801,221.95,90.39145
268961,168.46,93.5365
269121,113.13,95.5442
269281,57.124,95.2355
269441,2.118,93.2271
269601,308.88,91.3492
269761,256.72,91.2136
269921,204.09,93.0916
270081,149.85,95.7079
270241,94.093,97.0877
270401,38.216,96.0648
270561,343.72,93.3253
270721,290.97,90.79048
270881,239,90.050932
271041,186.21,91.2672
271201,131.63,93.1242
271361,75.756,93.7711
271521,20.225,92.1902
271681,326.49,89.08019
271841,274.6,86.2935
272001,223.25,85.3028
272161,170.75,86.1244
272321,116.25,87.4112
272481,60.47,87.495
272641,5.2781,85.6105
272801,312.2,82.5183
272961,261.12,79.943
273121,210.45,79.157
273281,158.33,79.971
273441,103.97,80.9775
273601,48.295,80.6848
273761,353.32,78.62
273921,300.68,75.692
274081,250.21,73.532
274241,200.05,73.164
274401,148.16,74.143
274561,93.864,74.969
274721,38.212,74.315
274881,343.34,72.011
275041,291.01,69.175
275201,241.01,67.396
275361,191.21,67.428
275521,139.45,68.525
275681,85.155,69.085
275841,29.516,67.936
276001,334.74,65.214
276161,282.68,62.3
276321,233.13,60.787
276481,183.72,61.151
276641,132.16,62.297
276801,77.983,62.49
276961,22.504,60.7
277121,327.95,57.375
277281,276.31,54.226
277441,227.42,52.963
277601,178.62,53.766
277761,127.47,55.1
277921,73.706,55.038
278081,18.807,52.662
278241,324.99,48.724
278401,274.26,45.366
278561,226.4,44.595
278721,178.3,46.279
278881,127.56,48.284
279041,74.449,48.447
279201,20.784,45.975
279361,328.75,41.916
279521,279.86,38.844
279681,232.89,39.081
279841,184.39,42.109
280001,133,45.211
280161,79.996,46.136
280321,27.544,44.339
280481,337.53,41.147
280641,290.13,39.218
280801,242.54,40.616
280961,191.89,44.518
281121,138.59,48.219
281281,84.677,49.709
281441,32.272,48.734
281601,342.64,46.74
281761,294.9,46.031
281921,245.91,48.023
282081,193.57,51.841
282241,138.85,55.245
282401,84.033,56.612
282561,31.12,55.922
282721,340.97,54.619
282881,292.37,54.609
283041,242.47,56.758
283201,189.43,60.129
283361,134.17,62.859
283521,78.931,63.707
283681,25.696,62.893
283841,335.12,61.875
284001,285.92,62.255
284161,235.48,64.481
284321,182.17,67.47
284481,126.76,69.573
284641,71.424,69.884
284801,18.096,68.884
284961,327.28,68.074
285121,277.65,68.827
285281,226.82,71.235
285441,173.32,74.035
285601,117.86,75.694
285761,62.529,75.606
285921,9.1575,74.521
286081,318.1,73.998
286241,268.01,75.208
286401,216.74,77.932
286561,163.01,80.7121
286721,107.47,82.0692
286881,52.097,81.6701
287041,358.58,80.5371
287201,307.14,80.2958
287361,256.42,81.9443
287521,204.54,84.9979
287681,150.43,87.7969
287841,94.719,88.8482
288001,39.236,88.0409
288161,345.49,86.6737
288321,293.52,86.4587
288481,242.02,88.2645
288641,189.32,91.4039
288801,134.64,94.0454
288961,78.706,94.6207
289121,23.204,93.159
289281,329.38,91.2097
289441,277.05,90.58279
289601,224.84,92.0554
289761,171.31,94.808
289921,116.03,96.9353
290081,59.995,96.8413
290241,4.8248,94.6139
290401,311.41,91.942
290561,259.24,90.68146
290721,206.82,91.5185
290881,152.84,93.5489
291041,97.245,94.921
291201,41.351,94.1677
291361,346.82,91.4228
291521,294.23,88.3514
291681,242.72,86.7372
291841,190.61,87.1351
292001,136.67,88.5615
292161,81.094,89.28065
292321,25.453,88.0728
292481,331.53,85.1856
292641,279.78,82.1957
292801,229.04,80.7151
292961,177.41,81.1009
293121,123.68,82.2575
293281,68.207,82.5585
293441,12.755,81.0658
293601,319.24,78.227
293761,268.12,75.577
293921,217.99,74.519
294081,166.73,75.147
294241,113.13,76.216
294401,57.694,76.19
294561,2.3309,74.414
294721,309.08,71.588
294881,258.42,69.276
295041,208.73,68.665
295201,157.69,69.543
295361,104.11,70.486
295521,48.673,70.043
295681,353.36,67.837
295841,300.31,64.861
296001,250.06,62.759
296161,200.79,62.513
296321,149.96,63.56
296481,96.471,64.272
296641,41.12,63.266
296801,345.95,60.443
296961,293.18,57.126
297121,243.47,55.138
297281,194.79,55.278
297441,144.37,56.564
297601,91.193,57.096
297761,36.252,55.531
297921,341.61,52.029
298081,289.51,48.3
298241,240.71,46.519
298401,192.87,47.362
298561,142.96,49.29
298721,90.33,50.039
298881,36.322,48.294
299041,343.08,44.461
299201,292.62,40.658
299361,245.14,39.518
299521,197.61,41.596
299681,147.41,44.69
299841,94.852,46.217
300001,41.872,44.999
300161,350.62,41.733
300321,302.29,38.783
300481,255.31,38.807
300641,206.24,42.047
300801,154.1,46.03
300961,100.47,48.255
301121,47.531,47.828
301281,357.05,45.684
301441,309.12,44.074
301601,261.17,45.067
301761,210.19,48.577
301921,156.25,52.467
302081,101.41,54.65
302241,47.88,54.513
302401,357.02,53.098
302561,308.38,52.383
302721,259.38,53.823
302881,207.46,57.081
303041,152.75,60.357
303201,97.324,61.991
303361,43.376,61.655
303521,352.09,60.483
303681,302.83,60.226
303841,253.16,61.886
304001,200.84,64.863
304161,145.89,67.517
304321,90.298,68.528
304481,36.223,67.87
304641,344.73,66.793
304801,295.05,66.886
304961,244.93,68.792
305121,192.35,71.65
305281,137.32,73.863
305441,81.711,74.388
305601,27.623,73.501
305761,335.97,72.584
305921,285.92,73.097
306081,235.35,75.368
306241,182.49,78.285
306401,127.36,80.2327
306561,71.724,80.4031
306721,17.568,79.37
306881,325.66,78.659
307041,275.08,79.614
307201,223.91,82.2953
307361,170.63,85.3479
307521,115.31,87.0887
307681,59.581,86.8839
307841,5.2581,85.6021
308001,312.94,84.925
308161,261.66,86.1129
308321,209.68,89.01302
308481,155.79,92.0694
308641,100.16,93.4821
308801,44.34,92.7069
308961,349.92,90.87526
309121,297.26,89.83549
309281,245.31,90.79833
309441,192.47,93.4622
309601,137.84,96.1519
309761,81.914,96.9956
309921,26.235,95.4745
310081,332.12,92.8846
310241,279.58,91.192
310401,227.37,91.5569
310561,174,93.568
310721,118.87,95.5358
310881,62.858,95.6739
311041,7.6408,93.5212
311201,314.28,90.39184
311361,262.39,88.2341
311521,210.51,88.1071
311681,157.14,89.49161
311841,101.93,90.74334
312001,46.049,90.2914
312161,351.36,87.8306
312321,298.82,84.6306
312481,247.77,82.5009
312641,196.47,82.3226
312801,143.37,83.4329
312961,88.27,84.2276
313121,32.552,83.3857
313281,338.23,80.8415
313441,286.33,77.877
313601,235.99,76.131
313761,185.18,76.237
313921,132.29,77.338
314081,77.266,77.845
314241,21.629,76.683
314401,327.53,74.069
314561,276.07,71.377
314721,226.24,70.089
314881,175.75,70.547
315041,122.96,71.662
315201,67.927,71.848
315361,12.316,70.267
315521,318.37,67.441
315681,267.26,64.896
315841,217.86,63.983
316001,167.65,64.719
316161,114.93,65.749
316321,59.939,65.48
316481,4.4116,63.3
316641,310.65,60.061
316801,259.96,57.515
316961,211.11,56.931
317121,161.3,57.953
317281,108.85,58.9
317441,54.134,58.137
317601,358.97,55.263
317761,305.68,51.48
317921,255.71,48.903
318081,207.71,48.825
318241,158.51,50.439
318401,106.54,51.618
318561,52.521,50.646
318721,358.41,47.314
318881,306.44,43.185
319041,257.82,40.86
319201,210.66,41.772
319361,161.59,44.537
319521,109.75,46.512
319681,56.558,45.968
319841,4.1989,42.94
320001,314.5,39.3
320161,267.33,37.911
320321,219.6,40.1
320481,168.88,44.022
320641,115.89,46.865
320801,62.667,47.097
320961,11.297,45.054
321121,322.75,42.705
321281,275.43,42.54
321441,225.91,45.397
321601,173.05,49.52
321761,118.51,52.467
321921,64.547,53.024
322081,12.921,51.722
322241,323.95,50.415
322401,275.63,51.016
322561,224.92,53.897
322721,171.02,57.53
322881,115.66,59.944
323041,61.137,60.256
323201,9.0723,59.158
323361,319.49,58.369
323521,270.4,59.353
323681,219.11,62.098
323841,164.86,65.153
324001,109.23,66.892
324161,54.519,66.764
324321,2.2413,65.641
324481,312.27,65.163
324641,262.67,66.451
324801,211.04,69.161
324961,156.65,71.802
325121,100.97,72.991
325281,46.24,72.496
325441,353.87,71.391
325601,303.6,71.26
325761,253.55,72.94
325921,201.58,75.782
326081,147.06,78.204
326241,91.365,79.006
326401,36.616,78.263
326561,344.09,77.255
326721,293.41,77.528
326881,242.8,79.666
327041,190.39,82.7445
327201,135.66,85.0558
327361,79.866,85.5183
327521,25.005,84.5005
327681,332.19,83.4994
327841,280.92,84.0397
328001,229.54,86.5015
328161,176.49,89.73001
328321,121.39,91.8646
328481,65.452,91.8582
328641,10.483,90.3295
328801,317.37,89.00126
328961,265.48,89.40587
329121,213.25,91.7757
329281,159.38,94.8002
329441,103.82,96.5062
329601,47.849,95.8266
329761,353.06,93.5408
329921,300.02,91.5535
330081,247.86,91.4048
330241,195.03,93.2138
330401,140.51,95.5991
330561,84.633,96.6151
330721,28.909,95.2401
330881,334.75,92.2989
331041,282.33,89.7369
331201,230.49,89.04024
331361,177.62,90.21175
331521,122.91,91.8507
331681,67.011,92.1725
331841,11.688,90.33132
332001,318.31,87.1559
332161,266.76,84.4893
332321,215.58,83.6698
332481,163.04,84.5447
332641,108.44,85.6904
332801,52.669,85.5213
332961,357.67,83.4544
333121,304.92,80.3859
333281,254.13,78.025
333441,203.56,77.488
333601,151.35,78.407
333761,96.871,79.305
333921,41.184,78.786
334081,346.38,76.562
334241,294.04,73.68
334401,243.81,71.753
334561,193.68,71.635
334721,141.65,72.695
334881,87.194,73.379
335041,31.522,72.469
335201,336.83,69.984
335361,284.78,67.18
335521,235,65.616
335681,185.2,65.862
335841,133.29,66.985
336001,78.846,67.342
336161,23.21,65.883
336321,328.63,62.943
336481,276.9,60.041
336641,227.61,58.742
336801,178.24,59.314
336961,126.55,60.463
337121,72.298,60.422
337281,16.91,58.297
337441,322.65,54.739
337601,271.44,51.621
337761,222.92,50.64
337921,174.21,51.736
338081,122.98,53.142
338241,69.246,52.91
338401,14.63,50.268
338561,321.37,46.179
338721,271.32,42.979
338881,223.87,42.668
339041,175.68,44.808
339201,124.71,47.016
339361,71.634,47.154
339521,18.439,44.62
339681,327.25,40.678
339841,279.12,38.046
340001,232.12,38.901
340161,182.91,42.369
340321,130.88,45.62
340481,77.689,46.55
340641,25.519,44.841
340801,336.01,41.999
340961,288.75,40.644
341121,240.57,42.511
341281,189.09,46.54
341441,135.19,50.117
341601,81.042,51.446
341761,28.694,50.474
341921,339.14,48.749
342081,291.18,48.452
342241,241.67,50.694
342401,188.83,54.439
342561,133.81,57.558
342721,78.912,58.634
342881,26.081,57.835
343041,335.97,56.676
343201,287.19,56.939
343361,236.91,59.239
343521,183.56,62.499
343681,128.15,64.926
343841,72.956,65.472
344001,19.877,64.535
344161,329.39,63.634
344321,280.06,64.252
344481,229.33,66.616
344641,175.76,69.514
344801,120.25,71.355
344961,65.018,71.414
345121,11.872,70.343
345281,321.15,69.691
345441,271.39,70.702
345601,220.29,73.265
345761,166.54,76.001
345921,110.99,77.438
346081,55.756,77.149
346241,2.5393,76.048
346401,311.53,75.72
346561,261.27,77.202
346721,209.69,80.0832
346881,155.7,82.8003
347041,100.06,83.9388
347201,44.754,83.3438
347361,351.34,82.1924
347521,299.87,82.1233
347681,248.92,83.9983
347841,196.69,87.1544
348001,142.29,89.83942
348161,86.462,90.61979
348321,31.045,89.55836
348481,337.39,88.1001
348641,285.38,87.958
348801,233.61,89.86655
348961,180.53,92.9806
349121,125.55,95.3993
349281,69.546,95.6224
349441,14.196,93.8432
349601,320.56,91.7347
349761,268.27,91.0862
349921,215.88,92.5373
350081,162.04,95.1306
350241,106.54,96.9341
350401,50.538,96.4588
350561,355.65,93.9487
350721,302.57,91.1701
350881,250.57,89.919753
351041,198.11,90.73406
351201,143.96,92.5859
351361,88.266,93.6351
351521,32.5,92.5613
351681,338.3,89.65539
351841,286.09,86.6227
352001,234.8,85.1512
352161,182.71,85.6285
352321,128.68,86.9536
352481,73.056,87.4213
352641,17.558,85.9753
352801,323.94,83.0276
352961,272.52,80.189
353121,221.96,78.955
353281,170.32,79.498
353441,116.47,80.6078
353601,60.941,80.6999
353761,5.6124,79.007
353921,312.37,76.143
354081,261.54,73.681
354241,211.53,72.894
354401,160.18,73.679
354561,106.41,74.683
354721,50.902,74.428
354881,355.65,72.437
355041,302.67,69.578
355201,252.27,67.443
355361,202.66,67.077
355521,151.49,68.064
355681,97.744,68.882
355841,42.242,68.155
356001,347.06,65.693
356161,294.3,62.657
356321,244.34,60.72
356481,195.16,60.705
356641,144.23,61.829
356801,90.608,62.372
356961,35.262,61.043
357121,340.3,57.933
357281,287.89,54.548
357441,238.57,52.761
357601,190.05,53.191
357761,139.57,54.602
357921,86.352,55.003
358081,31.562,53.152
358241,337.32,49.407
358401,285.81,45.686
358561,237.54,44.242
358721,189.82,45.537
358881,139.76,47.727
359041,87.088,48.475
359201,33.398,46.605
359361,340.87,42.739
359521,291.29,39.194
359681,244.2,38.615
359841,196.27,41.245
360001,145.45,44.618
360161,92.608,46.197
360321,39.844,45.012
360481,349.19,41.978
360641,301.36,39.547
360801,254.12,40.157
360961,204.19,43.709
361121,151.28,47.695
361281,97.269,49.798
361441,44.333,49.34
361601,354.02,47.417
361761,306.04,46.249
361921,257.6,47.617
362081,206.02,51.185
362241,151.63,54.86
362401,96.609,56.752
362561,43.1,56.452
362721,352.31,55.128
362881,303.55,54.694
363041,254.18,56.366
363201,201.88,59.599
363361,146.94,62.611
363521,91.478,63.915
363681,37.65,63.382
363841,346.49,62.254
364001,297.16,62.221
364161,247.22,64.071
364321,194.59,67.025
364481,139.49,69.443
364641,83.934,70.165
364801,30.027,69.351
364961,338.67,68.353
365121,288.95,68.687
365281,238.59,70.795
365441,185.73,73.654
365601,130.55,75.67
365761,74.993,75.959
365921,21.066,74.976
366081,329.53,74.19
366241,279.38,74.971
366401,228.54,77.456
366561,175.39,80.3815
366721,120.11,82.1467
366881,64.511,82.0981
367041,10.476,80.9886
367201,318.61,80.4114
367361,267.87,81.6138
367521,216.38,84.4716
367681,162.79,87.497
367841,107.3,89.01725
368001,51.582,88.5509
368161,357.36,87.1401
368321,305.04,86.5212
368481,253.56,87.8542
368641,201.23,90.81802
368801,146.98,93.7441
368961,91.195,94.8514
369121,35.442,93.7415
369281,341.19,91.7047
369441,288.61,90.62442
369601,236.5,91.6033
369761,183.34,94.1853
369921,128.41,96.6173
370081,72.407,97.0852
370241,16.922,95.2216
370401,323.12,92.4455
370561,270.79,90.71744
370721,218.57,91.071
370881,165.02,92.9488
371041,109.72,94.6186
371201,53.737,94.3991
371361,358.8,91.997
371521,305.82,88.8138
371681,254.22,86.7479
371841,202.41,86.708
372001,148.96,88.0292
372161,93.661,89.04441
372321,37.861,88.3123
372481,343.44,85.707
372641,291.26,82.5795
372801,240.47,80.6669
372961,189.23,80.678
373121,136.03,81.7996
373281,80.846,82.4163
373441,25.198,81.3463
373601,331.12,78.708
373761,279.53,75.87
373921,229.38,74.389
374081,178.56,74.71
374241,125.52,75.825
374401,70.384,76.149
374561,14.801,74.755
374721,320.94,72.045
374881,269.76,69.477
375041,220.08,68.443
375201,169.53,69.081
375361,116.55,70.157
375521,61.405,70.107
375681,5.8555,68.251
375841,312.15,65.3
376001,261.34,62.863
376161,212.1,62.185
376321,161.82,63.064
376481,108.95,64.004
376641,53.888,63.446
376801,358.47,60.951
376961,305.01,57.563
377121,254.69,55.132
377281,206.07,54.816
377441,156.25,56.011
377601,103.7,56.883
377761,49.034,55.844
377921,354.14,52.669
378081,301.32,48.772
378241,251.89,46.397
378401,204.17,46.726
378561,154.92,48.643
378721,102.87,49.861
378881,49.035,48.738
379041,355.47,45.26
379201,304.31,41.206
379361,256.36,39.304
379521,209.17,40.8
379681,159.62,43.959
379841,107.45,46.055
380001,54.375,45.513
380161,2.6046,42.596
380321,313.66,39.348
380481,266.68,38.571
380641,218.26,41.247
380801,166.66,45.335
380961,113.13,48.131
381121,59.823,48.32
381281,8.6694,46.438
381441,320.27,44.517
381601,272.62,44.837
381761,222.42,47.907
381921,168.97,51.916
382081,114.11,54.602
382241,60.08,54.964
382401,8.5325,53.697
382561,319.52,52.662
382721,270.86,53.568
382881,219.71,56.525
383041,165.48,59.956
383201,110,62.039
383361,55.541,62.094
383521,3.6041,60.963
383681,314.02,60.364
383841,264.69,61.578
384001,213.07,64.374
384161,158.6,67.239
384321,102.94,68.671
384481,48.356,68.315
384641,356.25,67.185
384801,306.3,66.907
384961,256.5,68.426
385121,204.58,71.202
385281,149.99,73.688
385441,94.308,74.622
385601,39.723,73.96
385761,347.51,72.905
385921,297.23,73.013
386081,246.97,74.943
386241,194.7,77.865
386401,139.98,80.1528
386561,84.269,80.7263
386721,29.638,79.85
386881,337.21,78.918
387041,286.46,79.432
387201,235.58,81.8032
387361,182.84,84.9388
387521,127.89,87.0925
387681,72.06,87.3005
387841,17.291,86.1168
388001,324.53,85.1427
388161,273.13,85.848
388321,221.43,88.4489
388481,168,91.6439
388641,112.67,93.5414
388801,56.72,93.2072
388961,1.8851,91.4361
389121,308.87,90.039558
389281,256.88,90.48409
389441,204.34,92.8468
389601,150.12,95.698
389761,94.365,97.0675
389921,38.485,96.0146
390081,343.97,93.4718
390241,291.15,91.3949
390401,239.02,91.2347
390561,186.01,92.9568
390721,131.26,95.0892
390881,75.308,95.7393
391041,19.78,94.0427
391201,325.99,90.95161
391361,273.89,88.4127
391521,222.19,87.7913
391681,169.26,88.9314
391841,114.43,90.36018
392001,58.542,90.37654
392161,3.4422,88.313
392321,310.43,85.1203
392481,259.19,82.617
392641,208.14,81.9946
392801,155.55,82.9306
392961,100.85,83.9378
393121,45.097,83.5276
393281,350.31,81.3025
393441,297.86,78.287
393601,247.34,76.16
393761,196.84,75.873
393921,144.52,76.881
394081,89.903,77.654
394241,34.215,76.903
394401,339.6,74.529
394561,287.55,71.709
394721,237.53,70.019
394881,187.41,70.135
395041,135.22,71.244
395201,80.61,71.755
395361,24.934,70.574
395521,330.43,67.911
395681,278.68,65.15
395841,229.11,63.804
396001,179.31,64.249
396161,127.23,65.366
396321,72.662,65.491
396481,17.06,63.711
396641,322.71,60.558
396801,271.32,57.688
396961,222.3,56.62
397121,172.97,57.402
397281,121.18,58.543
397441,66.882,58.262
397601,11.644,55.808
397761,317.74,52.04
397921,267.03,48.999
398081,218.88,48.35
398241,170.22,49.769
398401,118.91,51.263
398561,65.25,50.883
398721,11.009,48.021
398881,318.42,43.855
399041,269.11,40.905
399201,221.97,41.124
399361,173.52,43.737
399521,122.23,46.144
399681,69.178,46.28
399841,16.478,43.752
400001,326.13,40.04
400161,278.61,37.939
400321,231.3,39.394
400481,181.23,43.206
400641,128.54,46.522
400801,75.144,47.422
400961,23.194,45.814
401121,334.03,43.345
401281,286.7,42.536
401441,237.88,44.781
401601,185.66,48.836
401761,131.26,52.217
401921,76.947,53.343
402081,24.656,52.355
402241,335.14,50.876
402401,286.92,50.941
402561,236.93,53.372
402721,183.66,57.003
402881,128.41,59.814
403041,73.5,60.594
403201,20.777,59.689
403361,330.71,58.673
403521,281.74,59.191
403681,231.12,61.617
403841,177.48,64.749
404001,121.96,66.876
404161,66.848,67.137
404321,13.939,66.105
404481,323.54,65.344
404641,274.07,66.203
404801,223.05,68.695
404961,169.23,71.493
405121,113.66,73.079
405281,58.531,72.911
405441,5.5633,71.804
405601,314.91,71.335
405761,265.01,72.611
405921,213.61,75.318
406081,159.62,77.978
406241,104,79.194
406401,48.865,78.722
406561,355.79,77.627
406721,304.78,77.507
406881,254.32,79.255
407041,202.43,82.2701
407201,148.17,84.9007
407361,92.442,85.8065
407521,37.208,85.0142
407681,343.89,83.8459
407841,292.36,83.9376
408001,241.15,86.0078
408161,188.55,89.22318
408321,133.85,91.7535
408481,77.94,92.2354
408641,22.612,90.90676
408801,329.06,89.34646
408961,277,89.25225
409121,224.97,91.2185
409281,171.51,94.2516
409441,116.25,96.4014
409601,60.224,96.2532
409761,5.0719,94.1631
409921,311.67,91.9079
410081,259.44,91.2363
410241,206.89,92.6431
410401,152.77,95.0444
410561,97.094,96.5042
410721,41.187,95.6608
410881,346.62,92.9106
411041,293.88,90.074003
411201,242.07,88.8685
411361,189.58,89.67387
411521,135.29,91.3503
411681,79.539,92.0882
411841,23.928,90.72647
412001,330.07,87.7089
412161,278.22,84.7657
412321,227.14,83.4734
412481,175.05,84.0469
412641,120.91,85.2771
412801,65.265,85.5051
412961,9.9188,83.8456
413121,316.61,80.8705
413281,265.5,78.213
413441,215.09,77.239
413601,163.39,77.934
413761,109.41,78.982
413921,53.834,78.859
414081,358.64,76.975
414241,305.68,74.105
414401,255.11,71.842
414561,205.19,71.319
414721,153.72,72.235
414881,99.779,73.142
415041,44.211,72.64
415201,349.09,70.433
415361,296.38,67.55
415521,246.24,65.599
415681,196.69,65.468
415841,145.39,66.533
416001,91.473,67.192
416161,35.934,66.163
416321,340.91,63.443
416481,288.45,60.36
416641,238.79,58.605
416801,189.71,58.821
416961,138.68,60.006
417121,84.958,60.365
417281,29.662,58.707
417441,334.95,55.322
417601,282.97,51.902
417761,234.05,50.357
417921,185.69,51.108
418081,135.15,52.657
418241,81.917,52.939
418401,27.352,50.831
418561,333.62,46.894
418721,282.8,43.255
418881,235.03,42.227
419041,187.31,44.017
419201,137.01,46.479
419361,84.277,47.246
419521,30.951,45.309
419681,339.21,41.511
419841,290.48,38.34
420001,243.55,38.371
420161,194.97,41.501
420321,143.43,45.075
420481,90.28,46.669
420641,37.69,45.533
420801,347.52,42.782
420961,299.94,40.892
421121,252.26,42.022
421281,201.51,45.773
421441,147.93,49.667
421601,93.6,51.591
421761,40.669,51.078
421921,350.46,49.358
422081,302.34,48.588
422241,253.43,50.263
422401,201.32,53.828
422561,146.59,57.247
422721,91.447,58.829
422881,38.001,58.363
423041,347.28,57.124
423201,298.4,56.951
423361,248.69,58.822
423521,196.04,62.005
423681,140.91,64.746
423841,85.459,65.73
424001,31.775,65.021
424161,340.74,63.959
424321,291.34,64.154
424481,241.13,66.184
424641,188.22,69.103
424801,132.98,71.288
424961,77.48,71.738
425121,23.75,70.804
425281,332.53,69.917
425441,282.73,70.505
425601,232.11,72.808
425761,178.97,75.655
425921,123.67,77.474
426081,68.173,77.541
426241,14.4,76.491
426401,322.94,75.857
426561,272.68,76.911
426721,221.55,79.593
426881,168.11,82.5074
427041,112.68,84.0759
427201,57.118,83.8079
427361,3.193,82.63
427521,311.34,82.1862
427681,260.41,83.6165
427841,208.58,86.6155
428001,154.66,89.57507
428161,99.013,90.84532
428321,43.335,90.10156
428481,349.22,88.5524
428641,296.9,87.9729
428801,245.21,89.4124
428961,192.51,92.3864
429121,137.92,95.1304
429281,82.004,95.9001
429441,26.367,94.4485
429601,332.32,92.2109
429761,279.83,91.0854
429921,227.6,92.0549
430081,174.15,94.5145
430241,118.95,96.6535
430401,62.92,96.7391
430561,7.6793,94.5611
430721,314.22,91.6416
430881,262.11,89.911752
431041,209.91,90.26713
431201,156.2,92.0094
431361,100.77,93.3822
431521,44.864,92.8279
431681,350.22,90.22249
431841,297.62,87.0403
432001,246.3,85.1115
432161,194.56,85.1842
432321,141.01,86.4526
432481,85.65,87.2425
432641,29.945,86.254
432801,335.8,83.5398
432961,283.96,80.5222
433121,233.4,78.852
433281,182.18,79.058
433441,128.86,80.1835
433601,73.599,80.6172
433761,18.03,79.327
433921,324.21,76.615
434081,272.91,73.922
434241,222.93,72.709
434401,172.06,73.227
434561,118.85,74.328
434721,63.607,74.447
434881,8.0916,72.816
435041,314.47,70.02
435201,263.58,67.587
435361,214.03,66.8
435521,163.39,67.592
435681,110.23,68.594
435841,54.986,68.282
436001,359.52,66.144
436161,306.07,63.077
436321,255.58,60.76
436481,206.49,60.319
436641,156.15,61.326
436801,103.13,62.152
436961,48.039,61.292
437121,352.78,58.481
437281,299.66,54.964
437441,249.75,52.682
437601,201.36,52.663
437761,151.52,54.041
437921,98.903,54.842
438081,44.337,53.541
438241,349.8,50.098
438401,297.55,46.138
438561,248.7,44.038
438721,201.2,44.83
438881,151.82,47.076
439041,99.663,48.351
439201,46.056,47.12
439361,353.13,43.577
439521,302.86,39.711
439681,255.46,38.325
439841,208,40.41
440001,157.8,43.912
440161,105.23,46.094
440321,52.247,45.568
440481,0.99962,42.827
440641,312.62,40.041
440801,265.56,39.865
440961,216.35,42.925
441121,163.94,47.065
441281,109.93,49.739
441441,56.542,49.853
441601,5.5397,48.123
441761,317.16,46.604
441921,269.12,47.34
442081,218.32,50.543
442241,164.38,54.38
442401,109.27,56.77
442561,55.239,56.921
442721,3.7751,55.679
442881,314.7,54.895
443041,265.73,56.065
443201,214.17,59.063
443361,159.68,62.274
443521,104.12,64.024
443681,49.757,63.836
443841,357.96,62.692
444001,308.37,62.29
444161,258.8,63.723
444321,206.87,66.553
444481,152.2,69.224
444641,96.537,70.362
444801,42.105,69.808
444961,350.16,68.704
445121,300.23,68.645
445281,250.21,70.395
445441,197.99,73.226
445601,143.22,75.553
445761,87.551,76.242
445921,33.114,75.442
446081,341.04,74.467
446241,290.72,74.827
446401,240.22,77
446561,187.65,79.985
446721,132.74,82.1245
446881,77.015,82.4695
447041,22.495,81.4713
447201,330.15,80.6264
447361,279.28,81.3745
447521,228.11,83.9518
447681,175.03,87.1104
447841,119.86,89.07692
448001,64.013,89.01321
448161,9.3397,87.6561
448321,316.62,86.6972
448481,265.07,87.5378
448641,213.04,90.2303
448801,159.24,93.3394
448961,103.69,94.9595
449121,47.763,94.2789
449281,353.1,92.2619
449441,300.19,90.78985
449601,248.11,91.2485
449761,195.29,93.5597
449921,140.74,96.1907
450081,84.846,97.1984
450241,29.109,95.7822
450401,334.9,93.0148
450561,282.34,90.87816
450721,230.25,90.71755
450881,177.1,92.3449
451041,122.16,94.214
451201,66.181,94.5071
451361,10.882,92.5267
451521,317.47,89.34042
451681,265.7,86.8754
451841,214.12,86.362
452001,161.13,87.4852
452161,106.2,88.7137
452321,50.349,88.4458
452481,355.48,86.196
452641,302.82,83.0291
452801,251.88,80.7255
452961,200.93,80.3181
453121,148.26,81.3158
453281,93.458,82.1822
453441,37.732,81.5391
453601,343.15,79.176
453761,291.02,76.237
453921,240.73,74.358
454081,190.26,74.316
454241,137.8,75.39
454401,83.049,76.015
454561,27.371,75.024
454721,332.95,72.509
454881,281.19,69.763
455041,231.37,68.312
455201,181.23,68.642
455361,128.87,69.765
455521,74.114,70.074
455681,18.454,68.608
455841,324.15,65.771
456001,272.71,63.064
456161,223.35,61.941
456321,173.53,62.569
456481,121.3,63.653
456641,66.633,63.523
456801,11.102,61.415
456961,317.01,58.059
457121,266,55.244
457281,217.27,54.433
457441,167.97,55.433
457601,116.09,56.562
457761,61.796,56.041
457921,6.7768,53.276
458081,313.32,49.335
458241,263.16,46.426
458401,215.38,46.167
458561,166.72,47.945
458721,115.3,49.545
458881,61.748,49.048
459041,7.974,46.026
459201,316.17,41.876
459361,267.62,39.28
459521,220.61,40.084
459681,171.71,43.155
459841,119.99,45.736
460001,66.937,45.883
460161,14.72,43.427
460321,325.13,40.043
460481,277.96,38.53
460641,230.11,40.525
460801,179.15,44.564
460961,125.82,47.855
461121,72.235,48.686
461281,20.446,47.175
461441,331.47,45.076
461601,283.93,44.765
461761,234.48,47.296
461921,181.63,51.296
462081,126.85,54.426
462241,72.425,55.32
462401,20.202,54.3
462561,330.69,53.045
462721,282.21,53.429
462881,231.78,56.001
463041,178.15,59.486
463201,122.74,61.977
463361,67.851,62.465
463521,15.259,61.469
463681,325.24,60.601
463841,276.08,61.36
464001,225.14,63.892
464161,171.23,66.885
464321,115.64,68.717
464481,60.632,68.718
464641,7.9009,67.624
464801,317.57,67.025
464961,267.95,68.13
465121,216.65,70.738
465281,162.6,73.43
465441,106.97,74.768
465601,51.96,74.398
465761,359.16,73.289
465921,308.55,73.028
466081,258.47,74.57
466241,206.78,77.408
466401,152.56,79.978
466561,96.877,80.971
466721,41.835,80.3284
466881,348.87,79.259
467041,297.84,79.353
467201,247.15,81.3509
467361,194.93,84.4718
467521,140.41,86.9878
467681,84.6,87.6432
467841,29.44,86.6478
468001,336.2,85.4578
468161,284.59,85.6911
468321,233.09,87.918
468481,180.12,91.1437
468641,125.14,93.4756
468801,69.161,93.6324
468961,13.952,92.0259
469121,320.53,90.35468
469281,268.42,90.28427
469441,216.12,92.2639
469601,162.31,95.1629
469761,106.81,97.0034
469921,50.807,96.475
470081,355.9,94.0925
470241,302.76,91.7138
470401,250.61,91.027
470561,197.93,92.3769
470721,143.58,94.5645
470881,87.782,95.6731
471041,32.012,94.4856
471201,337.79,91.5446
471361,285.41,88.7029
471521,233.79,87.5798
471681,181.27,88.3938
471841,126.87,89.902786
472001,71.08,90.34535
472161,15.646,88.7293
472321,322.13,85.6465
472481,270.62,82.838
472641,219.72,81.7549
472801,167.61,82.4349
472961,113.37,83.5719
473121,57.698,83.5686
473281,2.5135,81.7168
473441,309.5,78.742
473601,258.68,76.289
473761,208.39,75.581
473921,156.61,76.413
474081,102.48,77.38
474241,46.863,77.033
474401,351.81,74.963
474561,299.13,72.102
474721,248.82,70.048
474881,198.95,69.777
475041,147.35,70.793
475201,93.233,71.571
475361,37.618,70.803
475521,342.64,68.379
475681,290.22,65.483
475841,240.33,63.723
476001,190.83,63.814
476161,139.39,64.928
476321,85.324,65.4
476481,29.778,64.052
476641,334.94,61.076
476801,282.82,57.963
476961,233.47,56.41
477121,184.48,56.866
477281,133.36,58.104
477441,79.572,58.268
477601,24.382,56.286
477761,329.99,52.647
477921,278.49,49.231
478081,230.01,47.982
478241,181.77,49.091
478401,131.15,50.796
478561,77.936,50.98
478721,23.677,48.656
478881,330.57,44.597
479041,280.52,41.131
479201,233.2,40.6
479361,185.3,42.909
479521,134.62,45.636
479681,81.807,46.434
479841,28.863,44.488
480001,337.9,40.861
480161,289.89,38.167
480321,242.85,38.817
480481,193.46,42.356
480641,141.17,46.037
480801,87.702,47.597
480961,35.241,46.511
481121,345.4,44.065
481281,297.88,42.703
481441,249.66,44.271
481601,198.16,48.119
481761,144.03,51.843
481921,89.465,53.541
482081,36.554,52.951
482241,346.41,51.415
482401,298.12,50.999
482561,248.76,52.921
482721,196.2,56.437
482881,141.19,59.575
483041,85.99,60.838
483201,32.638,60.211
483361,342,59.06
483521,292.99,59.135
483681,242.96,61.179
483841,189.99,64.294
484001,134.71,66.76
484161,79.303,67.44
484321,25.783,66.583
484481,334.87,65.613
484641,285.39,66.046
484801,234.91,68.246
484961,181.72,71.12
485121,126.37,73.072
485281,70.944,73.274
485441,17.39,72.252
485601,326.28,71.506
485761,276.39,72.359
485921,225.49,74.85
486081,172.09,77.673
486241,116.67,79.29
486401,61.233,79.148
486561,7.6023,78.053
486721,316.19,77.589
486881,265.77,78.912
487041,214.33,81.7711
487201,160.6,84.6484
487361,105.05,86.0026
487521,49.522,85.5107
487681,355.7,84.2657
487841,303.83,83.9474
488001,252.68,85.5777
488161,200.5,88.6757
488321,146.25,91.5264
488481,90.46,92.5152
488641,34.841,91.4782
488801,340.85,89.78104
488961,288.53,89.22028
489121,236.62,90.72567
489281,183.55,93.6553
489441,128.65,96.1672
489601,72.644,96.5738
489761,17.173,94.7835
489921,323.37,92.3598
490081,270.99,91.1932
490241,218.66,92.1367
490401,164.95,94.443
490561,109.54,96.2651
490721,53.537,95.9744
490881,358.58,93.5202
491041,305.48,90.50751
491201,253.61,88.8157
491361,201.43,89.19199
491521,147.6,90.80362
491681,92.075,91.888
491841,36.267,91.0266
492001,341.93,88.2641
492161,289.71,85.1345
492321,238.63,83.3831
492481,186.94,83.5889
492641,133.3,84.8114
492801,77.879,85.3849
492961,22.281,84.1612
493121,328.42,81.3695
493281,276.9,78.493
493441,226.54,77.083
493601,175.3,77.481
493761,121.85,78.595
493921,66.505,78.836
494081,11.024,77.332
494241,317.46,74.561
494401,266.45,72.027
494561,216.6,71.081
494721,165.65,71.774
494881,112.27,72.828
495041,56.925,72.72
495201,1.4937,70.846
495361,308.12,67.972
495521,257.51,65.683
495681,208.08,65.138
495841,157.34,66.057
496001,104.01,66.952
496161,48.686,66.353
496321,353.33,63.928
496481,300.17,60.755
496641,250,58.576
496801,201.07,58.379
496961,150.65,59.502
497121,97.526,60.197
497281,42.442,59.027
497441,347.4,55.911
497601,294.67,52.291
497761,245.2,50.199
497921,197.04,50.515
498081,147.16,52.093
498241,94.506,52.834
498401,40.106,51.296
498561,346.02,47.632
498721,294.45,43.682
498881,246.2,41.938
499041,198.81,43.247
499201,149.17,45.833
499361,96.879,47.179
499521,43.528,45.887
499681,351.3,42.371
499841,301.92,38.813
500001,254.88,38.013
500161,206.89,40.648
500321,155.91,44.411
500481,102.91,46.627
500641,49.985,46.12
500801,359.16,43.596
500961,311.13,41.305
501121,263.78,41.684
501281,213.78,45.018
501441,160.64,49.108
501601,106.24,51.597
501761,52.801,51.605
501921,1.9041,50.009
502081,313.47,48.857
502241,265.01,49.943
502401,213.68,53.215
502561,159.36,56.839
502721,104.08,58.91
502881,50.079,58.844
503041,358.71,57.626
503201,309.58,57.076
503361,260.3,58.48
503521,208.37,61.492
503681,153.65,64.472
503841,98.063,65.896
504001,43.826,65.486
504161,352.18,64.352
504321,302.58,64.158
504481,252.77,65.802
504641,200.54,68.654
504801,145.69,71.127
504961,90.043,71.987
505121,35.772,71.266
505281,343.99,70.223
505441,294.03,70.402
505601,243.79,72.38
505761,191.28,75.253
505921,136.34,77.415
506081,80.689,77.871
506241,26.395,76.957
506401,334.43,76.087
506561,284.04,76.708
506721,233.27,79.113
506881,180.4,82.1377
507041,125.3,84.1122
507201,69.578,84.2245
507361,15.164,83.1108
507521,322.86,82.3547
507681,271.86,83.3215
507841,220.36,86.0719
508001,166.94,89.21393
508161,111.56,90.9603
508321,55.713,90.60574
508481,1.1479,89.06556
508641,308.46,88.1063
508801,256.75,89.04805
508961,204.38,91.7807
509121,150.22,94.75
509281,94.475,96.055
509441,38.624,95.0165
509601,344.17,92.7583
509761,291.4,91.2108
509921,239.24,91.6644
510081,186.16,93.8869
510241,131.33,96.2598
510401,75.345,96.8923
510561,19.801,95.1349
510721,325.93,92.1855
510881,273.64,90.027722
511041,221.63,89.8858
511201,168.35,91.4196
511361,113.26,93.0247
511521,57.299,92.9781
511681,2.254,90.75569
511841,309.22,87.5286
512001,257.76,85.1861
512161,206.3,84.8105
512321,153.25,85.9293
512481,98.224,86.9671
512641,42.422,86.4348
512801,347.8,84.0318
512961,295.47,80.9282
513121,244.8,78.853
513281,193.92,78.67
513441,141.15,79.722
513601,86.239,80.4404
513761,30.548,79.569
513921,336.18,77.085
514081,284.35,74.242
514241,234.27,72.619
514401,183.8,72.807
514561,131.18,73.92
514721,76.296,74.371
514881,20.64,73.132
515041,326.43,70.482
515201,274.96,67.822
515361,225.32,66.609
515521,175.14,67.131
515681,122.6,68.235
515841,67.717,68.311
516001,12.095,66.547
516161,318.02,63.542
516321,266.9,60.904
516481,217.74,60.011
516641,167.9,60.81
516801,115.54,61.838
516961,60.802,61.437
517121,5.3857,58.998
517281,311.6,55.455
517441,261.01,52.728
517601,212.57,52.205
517761,163.3,53.44
517921,111.34,54.561
518081,57.103,53.812
518241,2.3855,50.765
518401,309.47,46.701
518561,259.93,43.994
518721,212.47,44.191
518881,163.72,46.356
519041,112.15,48.078
519201,58.733,47.501
519361,5.5088,44.392
519521,314.58,40.367
519681,266.72,38.23
519841,219.6,39.642
520001,170.04,43.121
520161,117.83,45.83
520321,64.735,45.989
520481,12.949,43.657
520641,323.95,40.672
520801,276.88,39.758
520961,228.35,42.203
521121,176.52,46.352
521281,122.64,49.534
521441,68.887,50.254
521601,17.215,48.827
521761,328.32,47.079
521921,280.48,47.204
522081,230.44,49.942
522241,177.08,53.826
522401,122.01,56.665
522561,67.527,57.309
522721,15.387,56.25
522881,325.87,55.201
523041,277.13,55.868
523201,226.3,58.545
523361,172.36,61.861
523521,116.83,64.028
523681,62.013,64.237
523841,9.5699,63.168
524001,319.59,62.46
524161,270.25,63.454
524321,218.99,66.076
524481,164.85,68.922
524641,109.21,70.468
524801,54.325,70.234
524961,1.7737,69.112
525121,311.5,68.702
525281,261.72,70.055
525441,210.12,72.77
525601,155.85,75.346
525761,100.18,76.445
525921,45.297,75.898
526081,352.65,74.817
526241,302.05,74.781
526401,251.77,76.588
526561,199.77,79.539
526721,145.32,82.003
526881,89.588,82.7686
527041,34.641,81.9645
527201,341.78,80.9308
527361,290.69,81.2363
527521,239.73,83.4619
527681,187.16,86.6543
527841,132.38,89.0236
528001,76.511,89.40796
528161,21.434,88.2001
528321,328.26,86.9787
528481,276.56,87.3282
528641,224.76,89.66696
528801,171.4,92.85
528961,116.15,94.939
529121,60.152,94.7472
529281,5.0989,92.8581
529441,311.82,91.0721
529601,259.68,91.0055
529761,207.14,92.9585
529921,152.99,95.6756
530081,97.294,97.1757
530241,41.376,96.2701
530401,346.77,93.6257
530561,293.91,91.1574
530721,241.87,90.4727
530881,189.08,91.7627
531041,134.54,93.726
531201,78.664,94.4872
531361,23.069,92.9875
531521,329.21,89.908433
531681,277.18,87.1152
531841,225.74,86.112
532001,173.2,86.9524
532161,118.69,88.3035
532321,62.893,88.4682
532481,7.6477,86.6306
532641,314.47,83.5245
532801,263.28,80.8892
532961,212.53,80.037
533121,160.37,80.8266
533281,106.02,81.8664
533441,50.333,81.6363
533601,355.32,79.61
533761,302.61,76.66
533921,252.05,74.427
534081,201.84,73.982
534241,149.95,74.931
534401,95.662,75.792
534561,40.012,75.21
534721,345.12,72.96
534881,292.72,70.119
535041,242.64,68.279
535201,192.8,68.245
535361,141.05,69.329
535521,86.771,69.945
535681,31.129,68.892
535841,336.32,66.251
536001,284.2,63.354
536161,234.56,61.793
536321,185.1,62.096
536481,133.52,63.235
536641,79.328,63.494
536801,23.81,61.815
536961,329.19,58.59
537121,277.44,55.47
537281,228.43,54.146
537441,179.53,54.856
537601,128.33,56.145
537761,74.51,56.116
537921,19.492,53.823
538081,325.5,49.963
538241,274.56,46.605
538401,226.52,45.713
538561,178.36,47.222
538721,127.62,49.102
538881,74.436,49.214
539041,20.562,46.728
539201,328.19,42.634
539361,278.97,39.448
539521,231.94,39.484
539681,183.65,42.307
539841,132.48,45.269
540001,79.536,46.098
540161,26.961,44.193
540321,336.72,40.831
540481,289.21,38.686
540641,241.81,39.917
540801,191.52,43.749
540961,138.51,47.438
541121,84.749,48.912
541281,32.38,47.865
541441,342.76,45.723
541601,295.13,44.852
541761,246.34,46.773
541921,194.2,50.633
542081,139.63,54.128
542241,84.898,55.567
542401,32.031,54.883
542561,341.93,53.513
542721,293.45,53.414
542881,243.67,55.535
543041,190.72,58.967
543201,135.5,61.808
543361,80.293,62.755
543521,27.065,61.978
543681,336.52,60.926
543841,287.38,61.241
544001,237.03,63.439
544161,183.77,66.471
544321,128.38,68.665
544481,73.037,69.06
544641,19.693,68.088
544801,328.89,67.237
544961,279.31,67.916
545121,228.56,70.279
545281,175.11,73.097
545441,119.66,74.822
545601,64.323,74.795
545761,10.941,73.719
545921,319.91,73.141
546081,269.89,74.267
546241,218.71,76.933
546401,165.04,79.716
546561,109.52,81.1267
546721,54.153,80.7847
546881,0.64905,79.664
547041,309.26,79.378
547201,258.64,80.9589
547361,206.88,83.9677
547521,152.85,86.7783
547681,97.176,87.8971
547841,41.7,87.1727
548001,347.97,85.8565
548161,296.07,85.6482
548321,244.68,87.4435
548481,192.12,90.59198
548641,137.55,93.2872
548801,81.644,93.9632
548961,26.118,92.62
549121,332.27,90.76763
549281,279.95,90.20667
549441,227.83,91.7384
549601,174.41,94.5712
549761,119.22,96.8063
549921,63.187,96.8338
550081,7.9325,94.7199
550241,314.41,92.1358
550401,262.18,90.94216
550561,209.76,91.8526
550721,155.82,93.9856
550881,100.26,95.4791
551041,44.329,94.8292
551201,349.68,92.1446
551361,296.96,89.09312
551521,245.33,87.482
551681,193.17,87.9012
551841,139.23,89.39115
552001,83.64,90.20022
552161,27.957,89.061
552321,333.94,86.1856
552481,282.07,83.1548
552641,231.22,81.6145
552801,179.54,81.967
552961,125.81,83.1452
553121,70.328,83.5076
553281,14.846,82.0664
553441,321.26,79.224
553601,270.05,76.513
553761,219.85,75.373
553921,168.56,75.952
554081,114.97,77.034
554241,59.544,77.07
554401,4.1624,75.354
554561,310.85,72.538
554721,260.12,70.174
554881,210.38,69.488
555041,159.33,70.328
555201,105.77,71.303
555361,50.338,70.942
555521,355.01,68.822
555681,301.9,65.879
555841,251.58,63.743
556001,202.24,63.433
556161,151.39,64.454
556321,97.902,65.211
556481,42.534,64.307
556641,347.32,61.592
556801,294.47,58.328
556961,244.65,56.309
557121,195.87,56.368
557281,145.4,57.602
557441,92.179,58.157
557601,37.158,56.678
557761,342.39,53.274
557921,290.12,49.59
558081,241.14,47.741
558241,193.18,48.434
558401,143.24,50.235
558561,90.555,50.934
558721,36.39,49.196
558881,342.87,45.374
559041,292.08,41.525
559201,244.39,40.227
559361,196.94,42.088
559521,146.91,45.008
559681,94.423,46.426
559841,41.335,45.119
560001,349.82,41.724
560161,301.23,38.582
560321,254.29,38.402
560481,205.55,41.506
560641,153.75,45.427
560801,100.32,47.616
560961,47.429,47.117
561121,356.92,44.83
561281,309.03,43.031
561441,261.26,43.895
561601,210.53,47.4
561761,156.78,51.358
561921,102.08,53.609
562081,48.614,53.486
562241,357.8,52.007
562401,309.26,51.185
562561,260.4,52.564
562721,208.6,55.857
562881,153.97,59.237
563041,98.587,60.978
563201,44.658,60.7
563361,353.4,59.511
563521,304.2,59.189
563681,254.62,60.803
563841,202.37,63.807
564001,147.45,66.549
564161,91.866,67.659
564321,37.778,67.053
564481,346.28,65.958
564641,296.65,65.985
564801,246.61,67.835
564961,194.09,70.697
565121,139.08,72.971
565281,83.464,73.57
565441,29.359,72.715
565601,337.72,71.764
565761,287.71,72.197
565921,237.23,74.398
566081,184.43,77.299
566241,129.33,79.291
566401,73.705,79.522
566561,19.548,78.515
566721,327.67,77.77
566881,277.17,78.652
567041,226.11,81.2698
567201,172.93,84.3092
567361,117.65,86.0977
567521,61.933,85.9692
567681,7.6198,84.7405
567841,315.35,84.0681
568001,264.17,85.2298
568161,212.33,88.1126
568321,158.56,91.1931
568481,102.99,92.6841
568641,47.163,92.0196
568801,352.72,90.28678
568961,300.08,89.31073
569121,248.21,90.31787
569281,195.49,93.0382
569441,140.98,95.8147
569601,85.093,96.7729
569761,29.363,95.3749
569921,335.16,92.8908
570081,282.55,91.2774
570241,230.35,91.7154
570401,177.03,93.8215
570561,121.96,95.9097
570721,65.945,96.166
570881,10.638,94.1003
571041,317.14,91.0194
571201,265.13,88.8848
571361,213.19,88.7863
571521,159.8,90.23405
571681,104.6,91.5819
571841,48.69,91.2184
572001,353.91,88.7966
572161,301.25,85.58
572321,250.09,83.4035
572481,198.71,83.1904
572641,145.59,84.313
572801,90.483,85.1666
572961,34.743,84.3878
573121,340.36,81.8606
573281,288.37,78.852
573441,237.93,77.026
573601,187.08,77.068
573761,134.19,78.161
573921,79.169,78.718
574081,23.521,77.619
574241,329.38,75.029
574401,277.84,72.298
574561,227.94,70.933
574721,177.43,71.332
574881,124.65,72.451
575041,69.635,72.704
575201,14.016,71.206
575361,320.03,68.428
575521,268.85,65.863
575681,219.38,64.888
575841,169.14,65.578
576001,116.43,66.629
576161,61.435,66.446
576321,5.8805,64.376
576481,312.06,61.209
576641,261.27,58.658
576801,212.33,58.006
576961,162.47,58.97
577121,109.98,59.926
577281,55.219,59.243
577441,359.97,56.479
577601,306.55,52.772
577761,256.42,50.175
577921,208.28,49.982
578081,159.02,51.473
578241,106.99,52.598
578401,52.863,51.643
578561,358.54,48.357
578721,306.28,44.238
578881,257.4,41.818
579041,210.17,42.533
579201,161.2,45.103
579361,109.42,46.955
579521,56.148,46.334
579681,3.5281,43.221
579841,313.49,39.438
580001,266.17,37.848
580161,218.66,39.849
580321,168.3,43.651
580481,115.54,46.424
580641,62.391,46.582
580801,10.955,44.407
580961,322.35,41.86
581121,275.15,41.516
581281,225.9,44.308
581441,173.3,48.461
581601,118.95,51.462
581761,65.079,52.034
581921,13.498,50.674
582081,324.61,49.246
582241,276.43,49.749
582401,225.87,52.63
582561,172.08,56.35
582721,116.79,58.874
582881,62.311,59.259
583041,10.272,58.16
583201,320.75,57.308
583361,271.75,58.231
583521,220.55,60.983
583681,166.35,64.117
583841,110.74,65.962
584001,56.026,65.91
584161,3.7447,64.795
584321,313.81,64.262
584481,264.28,65.488
584641,212.71,68.186
584801,158.36,70.879
584961,102.68,72.15
585121,47.937,71.711
585281,355.56,70.595
585441,305.32,70.397
585601,255.35,72
585761,203.45,74.81
585921,148.97,77.263
586081,93.283,78.128
586241,38.526,77.426
586401,346.01,76.4
586561,295.39,76.603
586721,244.88,78.664
586881,192.57,81.707
587041,137.89,84.0455
587201,82.113,84.5758
587361,27.258,83.6143
587521,334.47,82.6208
587681,283.29,83.1261
587841,232.04,85.5482
588001,179.11,88.772
588161,124.08,90.95861
588321,68.164,91.0491
588481,13.186,89.61794
588641,320.09,88.3521
588801,268.27,88.7885
588961,216.16,91.1907
589121,162.43,94.2758
589281,106.94,96.079
589441,50.956,95.5219
589601,356.1,93.354
589761,303,91.4573
589921,250.84,91.3816
590081,198.08,93.2749
590241,143.64,95.7717
590401,87.794,96.9112
590561,32.012,95.644
590721,337.73,92.7789
590881,285.18,90.26337
591041,233.27,89.60602
591201,180.39,90.84145
591361,125.69,92.5794
591521,69.786,93.0058
591681,14.395,91.2306
591841,320.9,88.0663
592001,269.21,85.3725
592161,217.94,84.5236
592321,165.36,85.4058
592481,110.75,86.6072
592641,54.967,86.5107
592801,359.92,84.4815
592961,307.07,81.389
593121,256.18,78.958
593281,205.54,78.35
593441,153.31,79.244
593601,98.834,80.1771
593761,43.142,79.721
593921,348.3,77.534
594081,295.89,74.628
594241,245.58,72.628
594401,195.41,72.437
594561,143.38,73.475
594721,88.942,74.204
594881,33.271,73.372
595041,338.54,70.945
595201,286.44,68.136
595361,236.58,66.513
595521,186.75,66.7
595681,134.84,67.819
595841,80.405,68.241
596001,24.758,66.886
596161,330.14,64.031
596321,278.33,61.145
596481,228.95,59.794
596641,179.51,60.303
596801,127.81,61.445
596961,73.524,61.473
597121,18.079,59.459
597281,323.73,55.997
597441,272.39,52.899
597601,223.73,51.84
597761,174.92,52.824
597921,123.64,54.171
598081,69.834,53.957
598241,15.063,51.38
598401,321.57,47.346
598561,271.27,44.115
598721,223.66,43.65
598881,175.47,45.596
599041,124.54,47.667
599201,71.407,47.735
599361,17.988,45.152
599521,326.45,41.126
599681,278.03,38.335
599841,231.07,38.98
600001,182.16,42.274
600161,130.39,45.413
600321,77.289,46.259
600481,25.039,44.435
600641,335.38,41.408
600801,288.12,39.841
600961,240.18,41.578
601121,189.02,45.585
601281,135.36,49.189
601441,81.352,50.527
601601,29.052,49.5
601761,339.55,47.648
601921,291.71,47.216
602081,242.38,49.413
602241,189.69,53.219
602401,134.78,56.442
602561,79.951,57.6
602721,27.155,56.815
602881,337.1,55.599
603041,288.41,55.785
603201,238.24,58.067
603361,184.96,61.391
603521,129.58,63.927
603681,74.405,64.567
603841,21.323,63.662
604001,330.86,62.723
604161,281.59,63.276
604321,230.94,65.613
604481,177.42,68.552
604641,121.93,70.478
604801,66.679,70.612
604961,13.517,69.557
605121,322.81,68.855
605281,273.12,69.789
605441,222.08,72.306
605601,168.39,75.059
605761,112.85,76.558
605921,57.608,76.324
606081,4.3877,75.224
606241,313.41,74.837
606401,263.24,76.236
606561,211.76,79.063
606721,157.82,81.7868
606881,102.21,82.9826
607041,46.908,82.4471
607201,353.51,81.3109
607361,302.11,81.205
607521,251.27,83.0239
607681,199.16,86.1491
607841,144.84,88.8587
608001,89.054,89.71774
608161,33.639,88.7492
608321,340,87.3531
608481,288.05,87.2337
608641,236.4,89.15267
608801,183.46,92.2987
608961,128.58,94.7901
609121,72.593,95.1249
609281,17.199,93.4683
609441,323.52,91.4594
609601,271.23,90.88392
609761,218.91,92.407
609921,165.16,95.0962
610081,109.73,97.018
610241,53.712,96.6623
610401,358.72,94.252
610561,305.52,91.544
610721,253.44,90.34673
610881,200.96,91.2266
611041,146.84,93.1769
611201,91.163,94.3414
611361,35.351,93.3582
611521,341.04,90.49273
611681,288.69,87.4576
611841,237.29,85.9691
612001,185.15,86.4533
612161,131.1,87.8314
612321,75.47,88.3795
612481,19.929,86.9915
612641,326.22,84.0434
612801,274.69,81.1512
612961,224.04,79.848
613121,172.35,80.3528
613281,118.5,81.4822
613441,62.972,81.6343
613601,7.6151,79.99
613761,314.31,77.12
613921,263.39,74.594
614081,213.32,73.725
614241,161.95,74.467
614401,108.2,75.492
614561,52.698,75.306
614721,357.43,73.378
614881,304.39,70.529
615041,253.92,68.344
615201,204.26,67.909
615361,153.09,68.867
615521,99.351,69.727
615681,43.851,69.092
615841,348.64,66.721
616001,295.82,63.719
616161,245.78,61.747
616321,196.53,61.667
616481,145.58,62.767
616641,91.945,63.36
616801,36.566,62.136
616961,341.54,59.134
617121,289.04,55.8
617281,239.58,53.97
617441,190.96,54.303
617601,140.43,55.651
617761,87.151,56.065
617921,32.254,54.288
618081,337.84,50.626
618241,286.13,46.927
618401,237.65,45.386
618561,189.85,46.506
618721,139.79,48.55
618881,87.076,49.23
619041,33.211,47.338
619201,340.37,43.442
619361,290.44,39.8
619521,243.21,39.033
619681,195.45,41.452
619841,144.88,44.671
620001,92.152,46.15
620161,39.311,44.864
620321,348.45,41.675
620481,300.46,39.031
620641,253.36,39.456
620801,203.77,42.922
620961,151.18,46.893
621121,97.347,48.991
621281,44.468,48.48
621441,354.17,46.428
621601,306.27,45.094
621761,258.02,46.366
621921,206.63,49.956
622081,152.4,53.718
622241,97.48,55.694
622401,44.023,55.421
622561,353.28,54.045
622721,304.62,53.521
622881,255.37,55.146
623041,203.16,58.422
623201,148.28,61.539
623361,92.849,62.95
623521,39.027,62.471
623681,347.88,61.324
623841,298.61,61.226
624001,248.76,63.034
624161,196.19,66.015
624321,141.11,68.517
624481,85.556,69.328
624641,31.632,68.558
624801,340.28,67.532
624961,290.61,67.795
625121,240.32,69.845
625281,187.51,72.706
625441,132.36,74.78
625601,76.798,75.135
625761,22.858,74.176
625921,331.33,73.348
626081,281.25,74.047
626241,230.5,76.463
626401,177.42,79.376
626561,122.17,81.1866
626721,66.578,81.1997
626881,12.548,80.1162
627041,320.72,79.507
627201,270.08,80.6444
627361,218.71,83.4494
627521,165.21,86.4726
627681,109.76,88.0506
627841,54.061,87.6695
628001,359.85,86.3215
628161,307.58,85.7205
628321,256.21,87.0459
628481,204.01,90.013817
628641,149.88,92.984
628801,94.147,94.1838
628961,38.378,93.193
629121,344.09,91.2613
629281,291.51,90.25404
629441,239.47,91.2924
629601,186.43,93.95
629761,131.59,96.4857
629921,75.608,97.074
630081,20.054,95.3268
630241,326.14,92.6437
630401,273.73,90.98394
630561,221.5,91.4056
630721,167.98,93.3781
630881,112.72,95.1672
631041,56.716,95.0577
631201,1.6809,92.7247
631361,308.56,89.56704
631521,256.84,87.5026
631681,204.97,87.4745
631841,151.49,88.8472
632001,96.195,89.948512
632161,40.364,89.29343
632321,345.86,86.7132
632481,293.57,83.5536
632641,242.67,81.5802
632801,191.36,81.5469
632961,138.14,82.6759
633121,82.957,83.3478
633281,27.288,82.3365
633441,333.16,79.71
633601,281.48,76.823
633761,231.24,75.259
633921,180.39,75.518
634081,127.36,76.632
634241,72.227,77.011
634401,16.633,75.683
634561,322.72,72.998
634721,271.48,70.392
634881,221.73,69.283
635041,171.16,69.871
635201,118.2,70.962
635361,63.064,70.988
635521,7.5017,69.223
635681,313.75,66.322
635841,262.87,63.865
636001,213.56,63.124
636161,163.25,63.963
636321,110.37,64.93
636481,55.297,64.466
636641,359.84,62.083
636801,306.3,58.767
636961,255.88,56.324
637121,207.15,55.93
637281,157.27,57.058
637441,104.68,57.933
637601,49.941,56.967
637761,354.93,53.893
637921,301.94,50.057
638081,252.32,47.64
638241,204.47,47.828
638401,155.18,49.602
638561,103.09,50.747
638721,49.122,49.618
638881,355.3,46.152
639041,303.81,42.066
639201,255.6,40.029
639361,208.43,41.311
639521,159.07,44.281
639681,107.01,46.256
639841,53.876,45.624
640001,1.8723,42.589
640161,312.65,39.159
640321,265.63,38.171
640481,217.5,40.697
640641,166.27,44.715
640801,112.98,47.477
640961,59.748,47.611
641121,8.5755,45.606
641281,320.19,43.502
641441,272.7,43.672
641601,222.74,46.712
641761,169.5,50.782
641921,114.77,53.544
642081,60.827,53.938
642241,9.3251,52.627
642401,320.4,51.491
642561,271.87,52.319
642721,220.84,55.289
642881,166.7,58.813
643041,111.27,61.008
643201,56.833,61.137
643361,4.9131,60.006
643521,315.38,59.348
643681,266.14,60.507
643841,214.59,63.311
644001,160.16,66.252
644161,104.51,67.785
644321,49.921,67.496
644481,357.81,66.364
644641,307.9,66.025
644801,258.17,67.48
644961,206.3,70.243
645121,151.75,72.779
645281,96.07,73.788
645441,41.469,73.171
645601,349.25,72.097
645761,299.02,72.131
645921,248.83,73.983
646081,196.65,76.875
646241,141.97,79.194
646401,86.261,79.83
646561,31.627,78.992
646721,339.22,78.041
646881,288.54,78.487
647041,237.77,80.7888
647201,185.13,83.8978
647361,130.23,86.0869
647521,74.426,86.3701
647681,19.663,85.2501
647841,326.93,84.2937
648001,275.62,84.9789
648161,224.06,87.5592
648321,170.76,90.76857
648481,115.5,92.7336
648641,59.562,92.5074
648801,4.7052,90.84259
648961,311.69,89.51933
649121,259.76,90.011847
649281,207.34,92.428
649441,153.24,95.3606
649601,97.548,96.8404
649761,41.635,95.9108
649921,347.03,93.4787
650081,294.13,91.4854
650241,241.98,91.3965
650401,189.02,93.2067
650561,134.33,95.4552
650721,78.392,96.2269
650881,22.792,94.6246
651041,328.87,91.5881
651201,276.64,89.07348
651361,224.86,88.4738
651521,171.91,89.66576
651681,117.08,91.184
651841,61.177,91.294
652001,6.0087,89.28189
652161,312.88,86.0826
652321,261.52,83.5344
652481,210.38,82.8687
652641,157.76,83.8031
652801,103.05,84.86
652961,47.284,84.5162
653121,352.44,82.3218
653281,299.91,79.275
653441,249.29,77.072
653601,198.73,76.713
653761,146.4,77.698
653921,91.797,78.509
654081,36.105,77.824
654241,341.45,75.487
654401,289.33,72.643
654561,239.24,70.881
654721,189.09,70.929
654881,136.9,72.027
655041,82.31,72.593
655201,26.632,71.498
655361,332.09,68.896
655521,280.28,66.131
655681,230.63,64.728
655841,180.79,65.118
656001,128.72,66.24
656161,74.151,66.439
656321,18.528,64.768
656481,324.12,61.702
656641,272.65,58.846
656801,223.53,57.719
656961,174.13,58.433
657121,122.3,59.563
657281,67.963,59.347
657441,12.642,57
657601,318.62,53.322
657761,267.75,50.285
657921,219.45,49.535
658081,170.71,50.822
658241,119.35,52.241
658401,65.599,51.861
658561,11.164,49.039
658721,318.29,44.894
658881,268.7,41.875
659041,221.44,41.91
659201,173.07,44.317
659361,121.88,46.582
659521,68.789,46.634
659681,15.87,44.025
659841,325.19,40.181
660001,277.45,37.885
660161,230.29,39.144
660321,180.58,42.825
660481,128.17,46.067
660641,74.887,46.903
660801,22.9,45.181
660961,333.66,42.527
661121,286.41,41.526
661281,237.84,43.679
661441,185.89,47.752
661601,131.69,51.191
661761,77.49,52.349
661921,25.25,51.323
662081,335.8,49.736
662241,287.71,49.691
662401,237.87,52.098
662561,184.72,55.801
662721,129.55,58.722
662881,74.683,59.589
663041,21.984,58.703
663201,331.97,57.636
663361,283.08,58.085
663521,232.56,60.499
663681,178.97,63.695
663841,123.48,65.927
664001,68.366,66.275
664161,15.449,65.268
664321,325.07,64.462
664481,275.66,65.255
664641,224.72,67.718
664801,170.95,70.556
664961,115.38,72.221
665121,60.238,72.118
665281,7.257,71.017
665441,316.63,70.49
665601,266.79,71.685
665761,215.47,74.346
665921,161.53,77.023
666081,105.93,78.299
666241,50.785,77.877
666401,357.71,76.779
666561,306.76,76.599
666721,256.39,78.267
666881,204.6,81.2342
667041,150.4,83.878
667201,94.701,84.8468
667361,39.473,84.1191
667521,346.17,82.9724
667681,294.72,83.0381
667841,243.63,85.0678
668001,191.16,88.2693
668161,136.55,90.83934
668321,80.668,91.4121
668481,25.332,90.18644
668641,331.79,88.6996
668801,279.78,88.6441
668961,227.86,90.642
669121,174.54,93.73
669281,119.37,95.9704
669441,63.349,95.9416
669601,8.1335,93.9731
669761,314.66,91.8149
669921,262.41,91.218
670081,209.91,92.7046
670241,155.88,95.212
670401,100.25,96.7952
670561,44.303,96.0645
670721,349.62,93.3963
670881,296.75,90.60939
671041,244.85,89.43965
671201,192.33,90.29919
671361,138.06,92.0663
671521,82.304,92.9105
671681,26.641,91.6255
671841,332.67,88.6295
672001,280.68,85.6633
672161,229.5,84.3363
672321,177.36,84.9042
672481,123.22,86.1787
672641,67.556,86.4792
672801,12.168,84.8689
672961,318.77,81.8838
673121,267.56,79.163
673281,217.07,78.114
673441,165.34,78.769
673601,111.36,79.839
673761,55.787,79.777
673921,0.56378,77.94
674081,307.54,75.062
674241,256.89,72.735
674401,206.91,72.134
674561,155.44,73.013
674721,101.52,73.952
674881,45.956,73.526
675041,350.81,71.387
675201,298.05,68.516
675361,247.83,66.516
675521,198.24,66.32
675681,146.93,67.365
675841,93.024,68.076
676001,37.479,67.147
676161,342.42,64.522
676321,289.89,61.474
676481,240.14,59.679
676641,190.99,59.829
676801,139.93,60.989
676961,86.178,61.398
677121,30.83,59.846
677281,336.03,56.566
677441,283.93,53.187
677601,234.86,51.583
677761,186.39,52.219
677921,135.8,53.69
678081,82.502,53.971
678241,27.799,51.919
678401,333.85,48.042
678561,282.77,44.394
678721,234.81,43.236
678881,187.06,44.827
679041,136.81,47.132
679201,84.055,47.814
679361,30.546,45.826
679521,338.47,41.951
679681,289.41,38.634
679841,242.44,38.461
680001,194.14,41.405
680161,142.9,44.859
680321,89.889,46.37
680481,37.258,45.131
680641,346.94,42.211
680801,299.32,40.108
680961,251.83,41.084
681121,201.39,44.797
681281,148.08,48.716
681441,93.918,50.662
681601,41.048,50.115
681761,350.88,48.285
681921,302.87,47.374
682081,254.13,48.98
682241,202.18,52.587
682401,147.56,56.107
682561,92.493,57.782
682721,39.084,57.35
682881,348.41,56.069
683041,299.62,55.819
683201,250.01,57.652
683361,197.44,60.882
683521,142.35,63.726
683681,86.917,64.812
683841,33.23,64.152
684001,342.2,63.066
684161,292.86,63.197
684321,242.73,65.185
684481,189.87,68.129
684641,134.66,70.392
684801,79.151,70.924
684961,25.402,70.021
685121,334.18,69.097
685281,284.45,69.609
685441,233.9,71.854
685601,180.82,74.702
685761,125.54,76.576
685921,70.036,76.704
686081,16.255,75.67
686241,324.82,74.99
686401,274.63,75.961
686561,223.6,78.578
686721,170.23,81.4846
686881,114.84,83.1022
687041,59.284,82.8989
687201,5.3694,81.7499
687361,313.56,81.2811
687521,262.74,82.6573
687681,211.04,85.6177
687841,157.22,88.5887
688001,101.62,89.928447
688161,45.945,89.28025
688321,351.83,87.8046
688481,299.56,87.2576
688641,247.97,88.7096
688801,195.41,91.7106
688961,140.94,94.5192
689121,85.064,95.3942
689281,29.393,94.0665
689441,335.29,91.9359
689601,282.78,90.88843
689761,230.6,91.9284
689921,177.25,94.4786
690081,122.14,96.7332
690241,66.104,96.9401
690401,10.774,94.8665
690561,317.19,92.0221
690721,264.99,90.34515
690881,212.75,90.75886
691041,159.07,92.5906
691201,103.66,94.0773
691361,47.716,93.6217
691521,352.98,91.0671
691681,300.24,87.8883
691841,248.79,85.9402
692001,196.98,86.0089
692161,143.42,87.3179
692321,88.052,88.1846
692481,32.315,87.2629
692641,338.1,84.5623
692801,286.15,81.5002
692961,235.49,79.759
693121,184.21,79.915
693281,130.89,81.0458
693441,75.621,81.5339
693601,20.032,80.3006
693761,326.15,77.597
693921,274.77,74.851
694081,224.72,73.556
694241,173.82,74.018
694401,120.63,75.125
694561,65.396,75.307
694721,9.8691,73.746
694881,316.2,70.976
695041,265.24,68.506
695201,215.63,67.649
695361,164.97,68.399
695521,111.83,69.427
695681,56.59,69.199
695841,1.1048,67.159
696001,307.61,64.144
696161,257.03,61.806
696321,207.87,61.301
696481,157.49,62.269
696641,104.46,63.127
696801,49.339,62.363
696961,354.02,59.666
697121,300.81,56.217
697281,250.77,53.912
697441,202.26,53.8
697601,152.36,55.099
697761,99.696,55.892
697921,45.034,54.652
698081,350.33,51.294
698241,297.87,47.376
698401,248.81,45.204
698561,201.2,45.827
698721,151.82,47.91
698881,99.645,49.096
699041,45.897,47.834
699201,352.68,44.263
699361,302.05,40.315
699521,254.45,38.757
699681,207.11,40.627
699841,157.18,43.962
700001,104.76,46.037
700161,51.755,45.417
700321,0.32393,42.534
700481,311.76,39.543
700641,264.77,39.167
700801,215.88,42.123
700961,163.8,46.242
701121,110,48.918
701281,56.701,48.997
701441,5.7144,47.158
701601,317.4,45.477
701761,269.52,46.093
701921,218.92,49.295
702081,165.15,53.214
702241,110.15,55.695
702401,56.174,55.891
702561,4.7519,54.617
702721,315.76,53.747
702881,266.91,54.854
703041,215.45,57.874
703201,161.02,61.18
703361,105.5,63.042
703521,51.145,62.924
703681,359.36,61.777
703841,309.82,61.317
704001,260.33,62.697
704161,208.47,65.535
704321,153.83,68.278
704481,98.168,69.51
704641,43.72,69.013
704801,351.77,67.897
704961,301.87,67.771
705121,251.93,69.455
705281,199.78,72.271
705441,145.04,74.645
705601,89.365,75.404
705761,34.914,74.64
705921,342.84,73.638
706081,292.58,73.92
706241,242.16,76.018
706401,189.68,78.974
706561,134.81,81.1478
706721,79.094,81.5559
706881,24.576,80.5962
707041,332.26,79.734
707201,281.48,80.4214
707361,230.42,82.9401
707521,177.45,86.0837
707681,122.34,88.0961
707841,66.507,88.117
708001,11.838,86.833
708161,319.15,85.9041
708321,267.7,86.7422
708481,215.8,89.43543
708641,162.13,92.5799
708801,106.65,94.2833
708961,50.72,93.72
709121,356.01,91.8151
709281,303.09,90.42405
709441,251.06,90.94401
709601,198.34,93.3269
709761,143.9,96.0569
709921,88.052,97.1836
710081,32.262,95.8859
710241,337.94,93.2163
710401,285.29,91.1508
710561,233.17,91.0543
710721,180.04,92.7681
710881,125.14,94.7525
711041,69.158,95.1605
711201,13.78,93.2585
711361,320.23,90.10459
711521,268.33,87.6414
711681,216.67,87.1317
711841,163.65,88.294
712001,108.72,89.60203
712161,52.846,89.41688
712321,357.91,87.2054
712481,305.14,84.017
712641,254.08,81.6542
712801,203.05,81.1931
712961,150.36,82.1837
713121,95.559,83.0964
713281,39.819,82.5159
713441,345.19,80.179
713601,292.97,77.203
713761,242.59,75.245
713921,192.08,75.132
714081,139.62,76.189
714241,84.884,76.859
714401,29.201,75.938
714561,334.74,73.461
714721,282.91,70.691
714881,233.03,69.171
715041,182.86,69.44
715201,130.51,70.563
715361,75.766,70.936
715521,20.099,69.564
715681,325.76,66.792
715841,274.25,64.082
716001,224.81,62.901
716161,174.95,63.477
716321,122.72,64.572
716481,68.036,64.523
716641,12.47,62.527
716801,318.31,59.258
716961,267.2,56.453
717121,218.35,55.572
717281,168.98,56.494
717441,117.06,57.605
717601,62.702,57.143
717761,7.5692,54.475
717921,313.95,50.61
718081,263.6,47.685
718241,215.66,47.299
718401,166.95,48.921
718561,115.51,50.427
718721,61.848,49.909
718881,7.8438,46.896
719041,315.71,42.725
719201,266.87,40.016
719361,219.81,40.614
719521,171.09,43.483
719681,119.53,45.93
719841,66.465,45.985
720001,14.056,43.42
720161,324.18,39.865
720321,276.91,38.139
720481,229.3,39.968
720641,178.7,43.928
720801,125.65,47.186
720961,72.18,47.975
721121,20.39,46.361
721281,331.41,44.089
721441,283.99,43.612
721601,234.77,46.087
721761,182.14,50.136
721921,127.52,53.347
722081,73.182,54.29
722241,21.006,53.247
722401,331.57,51.901
722561,283.21,52.195
722721,232.91,54.758
722881,179.37,58.322
723041,124.01,60.926
723201,69.152,61.502
723361,16.574,60.524
723521,326.59,59.607
723681,277.52,60.304
723841,226.65,62.826
724001,172.8,65.881
724161,117.22,67.813
724321,62.207,67.892
724481,9.4646,66.812
724641,319.16,66.163
724801,269.61,67.198
724961,218.37,69.777
725121,164.36,72.505
725281,108.74,73.917
725441,53.716,73.603
725601,0.90884,72.49
725761,310.33,72.164
725921,260.33,73.624
726081,208.72,76.416
726241,154.54,79.005
726401,98.879,80.0574
726561,43.834,79.463
726721,350.89,78.389
726881,299.92,78.424
727041,249.33,80.35
727201,197.21,83.432
727361,142.76,85.9699
727521,86.979,86.6962
727681,31.825,85.7729
727841,338.61,84.6139
728001,287.08,84.8353
728161,235.71,87.0403
728321,182.86,90.27206
728481,127.97,92.6604
728641,72.021,92.92
728801,16.79,91.4252
728961,323.36,89.83706
729121,271.29,89.81989
729281,219.1,91.8511
729441,165.41,94.8263
729601,109.99,96.7727
729761,53.975,96.3666
729921,358.99,94.099
730081,305.75,91.809
730241,253.57,91.193
730401,200.92,92.6247
730561,146.63,94.9228
730721,90.858,96.1545
730881,35.037,95.0685
731041,340.69,92.1891
731201,288.17,89.37439
731361,236.46,88.268
731521,183.9,89.12262
731681,129.5,90.71236
731841,73.707,91.2509
732001,18.217,89.69804
732161,324.59,86.62
732321,272.95,83.7708
732481,221.96,82.6382
732641,169.81,83.3031
732801,115.56,84.4782
732961,59.878,84.5417
733121,4.6533,82.7326
733281,311.56,79.741
733441,260.65,77.218
733601,210.28,76.432
733761,158.48,77.227
733921,104.36,78.22
734081,48.749,77.938
734241,353.67,75.916
734401,300.93,73.046
734561,250.54,70.928
734721,200.62,70.583
734881,149.02,71.573
735041,94.924,72.393
735201,39.313,71.709
735361,344.31,69.357
735521,291.83,66.475
735681,241.87,64.667
735841,192.32,64.697
736001,140.87,65.798
736161,86.806,66.33
736321,31.243,65.089
736481,336.36,62.211
736641,284.16,59.132
736801,234.7,57.533
736961,185.64,57.914
737121,134.48,59.124
737281,80.648,59.336
737441,25.382,57.454
737601,330.87,53.914
737761,279.22,50.527
737921,230.58,49.196
738081,182.24,50.167
738241,131.58,51.776
738401,78.286,51.941
738561,23.855,49.649
738721,330.47,45.618
738881,280.13,42.105
739041,232.64,41.409
739201,184.8,43.506
739361,134.24,46.074
739521,81.428,46.777
739681,28.311,44.751
739841,337.03,41.003
740001,288.76,38.123
740161,241.8,38.57
740321,192.75,41.964
740481,140.77,45.568
740641,87.456,47.07
740801,34.99,45.887
740961,345.09,43.272
741121,297.6,41.712
741281,249.59,43.162
741441,198.36,47.012
741601,144.45,50.794
741761,90.016,52.538
741921,37.165,51.931
742081,347.07,50.302
742241,298.9,49.77
742401,249.69,51.644
742561,197.25,55.215
742721,142.33,58.461
742881,87.182,59.822
743041,33.854,59.232
743201,343.25,58.044
743361,294.33,58.049
743521,244.38,60.063
743681,191.48,63.225
743841,136.23,65.791
744001,80.83,66.566
744161,27.3,65.75
744321,336.39,64.75
744481,286.97,65.115
744641,236.57,67.273
744801,183.43,70.17
744961,128.1,72.196
745121,72.662,72.47
745281,19.091,71.469
745441,327.99,70.677
745601,278.16,71.45
745761,227.35,73.882
745921,174,76.706
746081,118.6,78.377
746241,63.164,78.292
746401,9.5321,77.209
746561,318.16,76.696
746721,267.83,77.94
746881,216.49,80.7402
747041,162.84,83.6162
747201,107.32,85.0257
747361,51.799,84.6039
747521,357.99,83.394
747681,306.18,83.0606
747841,255.15,84.652
748001,203.09,87.7287
748161,148.95,90.60698
748321,93.202,91.6781
748481,37.58,90.7471
748641,343.58,89.13389
748801,291.3,88.6202
748961,239.49,90.15819
749121,186.56,93.1378
749281,131.76,95.734
749441,75.785,96.2557
749601,20.258,94.5892
749761,326.38,92.2689
749921,273.97,91.18
750081,221.66,92.1997
750241,168.03,94.6061
750401,112.68,96.5503
750561,56.662,96.3765
750721,1.6027,94.0105
750881,308.37,91.0518
751041,256.4,89.394
751201,204.17,89.81544
751361,150.34,91.5079
751521,94.828,92.6977
751681,38.981,91.9223
751841,344.55,89.19301
752001,292.19,86.0465
752161,241,84.2574
752321,189.24,84.4457
752481,135.59,85.6997
752641,80.16,86.3424
752801,24.53,85.1773
752961,330.59,82.3901
753121,278.98,79.459
753281,228.52,77.972
753441,177.24,78.318
753601,123.79,79.439
753761,68.451,79.736
753921,12.951,78.288
754081,319.33,75.525
754241,268.24,72.937
754401,218.33,71.911
754561,167.36,72.554
754721,114,73.625
754881,58.665,73.587
755041,3.2193,71.79
755201,309.8,68.944
755361,259.12,66.619
755521,209.62,66.007
755681,158.87,66.891
755841,105.55,67.822
756001,50.226,67.317
756161,354.84,64.994
756321,301.62,61.875
756481,251.36,59.672
756641,202.34,59.406
756801,151.89,60.489
756961,98.738,61.216
757121,43.608,60.142
757281,348.48,57.137
757441,295.63,53.579
757601,246.02,51.449
757761,197.74,51.652
757921,147.8,53.134
758081,95.085,53.853
758241,40.563,52.359
758401,346.27,48.756
758561,294.44,44.818
758721,245.96,42.97
758881,198.51,44.082
759041,148.93,46.494
759201,96.653,47.737
759361,43.161,46.388
759521,350.63,42.802
759681,300.9,39.111
759841,253.74,38.113
760001,205.98,40.553
760161,155.33,44.186
760321,102.51,46.318
760481,49.594,45.72
760641,358.65,43.044
760801,310.54,40.543
760961,263.33,40.747
761121,213.63,44.022
761281,160.78,48.134
761441,106.56,50.654
761601,53.2,50.648
761761,2.3405,48.961
761921,314,47.67
762081,265.7,48.665
762241,214.53,51.956
762401,160.33,55.674
762561,105.13,57.847
762721,51.173,57.834
762881,359.84,56.591
763041,310.78,55.967
763201,261.61,57.319
763361,209.77,60.357
763521,155.1,63.431
763681,99.529,64.962
763841,45.29,64.617
764001,353.65,63.475
764161,304.09,63.22
764321,254.36,64.812
764481,202.19,67.671
764641,147.37,70.213
764801,91.723,71.158
764961,37.434,70.483
765121,345.65,69.417
765281,295.73,69.524
765441,245.57,71.434
765601,193.13,74.292
765761,138.22,76.5
765921,82.562,77.02
766081,28.259,76.136
766241,336.31,75.233
766401,285.99,75.776
766561,235.31,78.107
766721,182.52,81.109
766881,127.47,83.1219
767041,71.756,83.3008
767201,17.349,82.2286
767361,325.09,81.4606
767521,274.18,82.378
767681,222.81,85.084
767841,169.49,88.2252
768001,114.18,90.030017
768161,58.34,89.77065
768321,3.7732,88.314
768481,311.12,87.3982
768641,259.5,88.3563
768801,207.27,91.1125
768961,153.23,94.1388
769121,97.546,95.5419
769281,41.672,94.6266
769441,347.16,92.4818
769601,294.35,91.0186
769761,242.23,91.5424
769921,189.24,93.8504
770081,134.49,96.3353
770241,78.533,97.0901
770401,22.917,95.4414
770561,328.93,92.5722
770721,276.53,90.46841
770881,224.46,90.37885
771041,171.19,91.9926
771201,116.12,93.7077
771361,60.149,93.7663
771521,5.0198,91.6054
771681,311.85,88.3891
771841,260.26,86.0271
772001,208.72,85.6383
772161,155.64,86.7846
772321,100.61,87.8925
772481,44.789,87.4335
772641,350.1,85.0578
772801,297.67,81.9207
772961,246.89,79.775
773121,195.94,79.532
773281,143.16,80.5757
773441,88.252,81.3395
773601,32.548,80.529
773761,338.14,78.069
773921,286.23,75.186
774081,236.06,73.483
774241,185.56,73.604
774401,132.95,74.708
774561,78.078,75.213
774721,22.417,74.049
774881,328.17,71.44
775041,276.63,68.756
775201,226.93,67.477
775361,176.72,67.945
775521,124.19,69.058
775681,69.314,69.21
775841,13.679,67.546
776001,319.56,64.609
776161,268.36,61.967
776321,219.12,61.014
776481,169.24,61.762
776641,116.86,62.804
776801,62.098,62.487
776961,6.6281,60.162
777121,312.76,56.704
777281,262.05,53.977
777441,213.48,53.37
777601,164.13,54.512
777761,112.12,55.604
777921,57.803,54.901
778081,2.9348,51.936
778241,309.81,47.928
778401,260.05,45.178
778561,212.45,45.217
778721,163.69,47.206
778881,112.12,48.818
779041,58.595,48.197
779201,5.1126,45.061
779361,313.82,40.966
779521,265.7,38.673
779681,218.64,39.871
779841,169.35,43.17
780001,117.34,45.764
780161,64.274,45.832
780321,12.339,43.372
780481,323.14,40.193
780641,276.08,39.069
780801,227.83,41.388
780961,176.34,45.507
781121,122.7,48.695
781281,69.064,49.397
781441,17.418,47.882
781601,328.57,45.98
781761,280.87,45.97
781921,231.03,48.681
782081,177.84,52.634
782241,122.88,55.571
782401,68.472,56.276
782561,16.372,55.204
782721,326.93,54.079
782881,278.3,54.671
783041,227.57,57.348
783201,173.71,60.747
783361,118.22,63.027
783521,63.41,63.319
783681,10.971,62.265
783841,321.03,61.508
784001,271.77,62.441
784161,220.58,65.054
784321,166.48,67.96
784481,110.85,69.599
784641,55.95,69.433
784801,3.3871,68.315
784961,313.14,67.846
785121,263.42,69.127
785281,211.89,71.812
785441,157.66,74.423
785601,102,75.59
785761,47.107,75.091
785921,354.46,73.998
786081,303.91,73.893
786241,253.71,75.617
786401,201.8,78.526
786561,147.39,81.0114
786721,91.678,81.8382
786881,36.732,81.0831
787041,343.89,80.0462
787201,292.87,80.2994
787361,242.03,82.463
787521,189.57,85.6286
787681,134.87,88.0308
787841,79.019,88.4959
788001,23.946,87.3696
788161,330.8,86.1906
788321,279.17,86.5447
788481,227.5,88.8827
788641,174.28,92.0934
788801,119.12,94.2562
788961,63.128,94.1776
789121,8.037,92.406
789281,314.73,90.70941
789441,262.62,90.70746
789601,210.17,92.7289
789761,156.14,95.5403
789921,100.5,97.1571
790081,44.547,96.3717
790241,349.83,93.8298
790401,296.87,91.4363
790561,244.78,90.81316
790721,192,92.1815
790881,137.5,94.2543
791041,81.634,95.1335
791201,25.977,93.7213
791361,331.99,90.68251
791521,279.82,87.8933
791681,228.29,86.8875
791841,175.71,87.7549
792001,121.19,89.17636
792161,65.384,89.42675
792321,10.082,87.64
792481,316.8,84.5244
792641,265.49,81.834
792801,214.65,80.9212
792961,162.46,81.6895
793121,108.11,82.7644
793281,52.414,82.5977
793441,357.36,80.6095
793601,304.57,77.638
793761,253.93,75.332
793921,203.66,74.809
794081,151.76,75.726
794241,97.487,76.621
794401,41.84,76.108
794561,346.92,73.908
794721,294.46,71.059
794881,244.31,69.156
795041,194.43,69.055
795201,142.68,70.122
795361,88.415,70.791
795521,32.772,69.83
795681,337.93,67.267
795841,285.74,64.384
796001,236.03,62.774
796161,186.51,63.018
796321,134.92,64.15
796481,80.724,64.475
796641,25.176,62.907
796801,330.5,59.781
796961,278.65,56.691
797121,229.52,55.311
797281,180.54,55.935
797441,129.29,57.187
797601,75.413,57.198
797761,20.29,54.997
797921,326.14,51.223
798081,275.01,47.874
798241,226.8,46.873
798401,178.56,48.22
798561,127.8,49.986
798721,74.542,50.059
798881,20.467,47.576
799041,327.78,43.469
799201,278.23,40.191
799361,231.1,40.033
799521,182.97,42.646
799681,131.98,45.458
799841,79.08,46.19
