Time/s,Azimuth/deg,Zenith/deg
1,268.99,37.838
21,263.15,37.873
41,257.29,37.969
61,251.42,38.124
81,245.53,38.335
101,239.6,38.599
121,233.64,38.912
141,227.63,39.268
161,221.58,39.662
181,215.48,40.089
201,209.33,40.541
221,203.13,41.013
241,196.88,41.498
261,190.57,41.99
281,184.22,42.484
301,177.82,42.972
321,171.38,43.45
341,164.9,43.912
361,158.38,44.353
381,151.83,44.77
401,145.25,45.157
421,138.64,45.511
441,132.01,45.83
461,125.36,46.11
481,118.7,46.349
501,112.04,46.545
521,105.36,46.698
541,98.694,46.805
561,92.029,46.868
581,85.374,46.885
601,78.732,46.858
621,72.108,46.788
641,65.507,46.676
661,58.932,46.525
681,52.387,46.335
701,45.876,46.112
721,39.401,45.857
741,32.967,45.575
761,26.575,45.269
781,20.228,44.945
801,13.927,44.606
821,7.6738,44.257
841,1.4684,43.905
861,355.31,43.554
881,349.2,43.21
901,343.13,42.879
921,337.11,42.566
941,331.12,42.277
961,325.17,42.018
981,319.25,41.793
1001,313.35,41.606
1021,307.46,41.464
1041,301.58,41.368
1061,295.7,41.322
1081,289.81,41.328
1101,283.91,41.388
1121,277.98,41.502
1141,272.01,41.669
1161,266.01,41.889
1181,259.96,42.159
1201,253.85,42.477
1221,247.7,42.838
1241,241.49,43.239
1261,235.22,43.676
1281,228.9,44.142
1301,222.52,44.632
1321,216.08,45.142
1341,209.59,45.665
1361,203.05,46.196
1381,196.46,46.729
1401,189.83,47.259
1421,183.16,47.781
1441,176.46,48.289
1461,169.72,48.779
1481,162.97,49.247
1501,156.19,49.689
1521,149.39,50.102
1541,142.58,50.483
1561,135.77,50.828
1581,128.95,51.137
1601,122.13,51.407
1621,115.32,51.637
1641,108.52,51.826
1661,101.74,51.974
1681,94.973,52.082
1701,88.229,52.149
1721,81.512,52.178
1741,74.824,52.169
1761,68.17,52.124
1781,61.552,52.046
1801,54.973,51.938
1821,48.435,51.802
1841,41.941,51.642
1861,35.491,51.462
1881,29.088,51.265
1901,22.731,51.055
1921,16.42,50.838
1941,10.156,50.618
1961,3.9366,50.398
1981,357.76,50.185
2001,351.62,49.982
2021,345.52,49.793
2041,339.46,49.624
2061,333.42,49.478
2081,327.4,49.36
2101,321.4,49.272
2121,315.4,49.219
2141,309.42,49.202
2161,303.42,49.224
2181,297.42,49.286
2201,291.39,49.389
2221,285.34,49.535
2241,279.26,49.722
2261,273.14,49.949
2281,266.97,50.216
2301,260.76,50.52
2321,254.5,50.858
2341,248.18,51.228
2361,241.8,51.626
2381,235.37,52.048
2401,228.88,52.491
2421,222.34,52.949
2441,215.75,53.418
2461,209.1,53.894
2481,202.41,54.372
2501,195.67,54.847
2521,188.9,55.316
2541,182.09,55.774
2561,175.25,56.217
2581,168.38,56.642
2601,161.49,57.044
2621,154.58,57.421
2641,147.67,57.77
2661,140.74,58.089
2681,133.82,58.376
2701,126.89,58.629
2721,119.98,58.847
2741,113.07,59.03
2761,106.18,59.177
2781,99.314,59.288
2801,92.469,59.365
2821,85.65,59.408
2841,78.862,59.419
2861,72.108,59.399
2881,65.391,59.35
2901,58.713,59.276
2921,52.076,59.178
2941,45.482,59.061
2961,38.933,58.926
2981,32.428,58.779
3001,25.969,58.622
3021,19.555,58.46
3041,13.186,58.296
3061,6.8593,58.134
3081,0.57425,57.979
3101,354.33,57.834
3121,348.12,57.702
3141,341.94,57.588
3161,335.79,57.495
3181,329.66,57.425
3201,323.55,57.382
3221,317.45,57.368
3241,311.36,57.384
3261,305.27,57.433
3281,299.17,57.516
3301,293.06,57.633
3321,286.93,57.783
3341,280.78,57.968
3361,274.6,58.185
3381,268.38,58.433
3401,262.12,58.712
3421,255.82,59.018
3441,249.47,59.349
3461,243.07,59.701
3481,236.62,60.073
3501,230.12,60.46
3521,223.57,60.858
3541,216.97,61.265
3561,210.31,61.676
3581,203.61,62.087
3601,196.87,62.494
3621,190.08,62.894
3641,183.26,63.284
3661,176.4,63.659
3681,169.51,64.017
3701,162.6,64.354
3721,155.67,64.668
3741,148.72,64.957
3761,141.76,65.219
3781,134.8,65.451
3801,127.84,65.653
3821,120.88,65.824
3841,113.92,65.963
3861,106.98,66.071
3881,100.06,66.146
3901,93.162,66.192
3921,86.286,66.207
3941,79.439,66.195
3961,72.623,66.156
3981,65.842,66.093
4001,59.098,66.007
4021,52.394,65.903
4041,45.731,65.783
4061,39.11,65.65
4081,32.533,65.507
4101,25.999,65.358
4121,19.509,65.207
4141,13.062,65.057
4161,6.6572,64.911
4181,0.29238,64.773
4201,353.97,64.647
4221,347.67,64.536
4241,341.41,64.443
4261,335.18,64.371
4281,328.98,64.322
4301,322.79,64.299
4321,316.62,64.303
4341,310.46,64.337
4361,304.3,64.4
4381,298.14,64.495
4401,291.97,64.62
4421,285.79,64.777
4441,279.6,64.963
4461,273.38,65.178
4481,267.13,65.421
4501,260.85,65.69
4521,254.54,65.982
4541,248.18,66.295
4561,241.78,66.626
4581,235.34,66.972
4601,228.85,67.33
4621,222.31,67.697
4641,215.73,68.068
4661,209.1,68.44
4681,202.42,68.811
4701,195.69,69.176
4721,188.93,69.532
4741,182.12,69.876
4761,175.28,70.204
4781,168.41,70.515
4801,161.51,70.805
4821,154.59,71.072
4841,147.64,71.314
4861,140.69,71.53
4881,133.72,71.718
4901,126.75,71.877
4921,119.78,72.006
4941,112.81,72.106
4961,105.85,72.177
4981,98.91,72.218
5001,91.984,72.232
5021,85.079,72.218
5041,78.2,72.18
5061,71.35,72.118
5081,64.532,72.035
5101,57.748,71.934
5121,51,71.817
5141,44.291,71.687
5161,37.623,71.547
5181,30.995,71.401
5201,24.408,71.252
5221,17.864,71.104
5241,11.36,70.96
5261,4.8965,70.823
5281,358.47,70.697
5301,352.08,70.584
5321,345.73,70.489
5341,339.41,70.413
5361,333.11,70.36
5381,326.85,70.331
5401,320.6,70.329
5421,314.36,70.355
5441,308.14,70.411
5461,301.93,70.496
5481,295.72,70.612
5501,289.5,70.759
5521,283.28,70.935
5541,277.05,71.14
5561,270.79,71.373
5581,264.52,71.632
5601,258.22,71.915
5621,251.88,72.219
5641,245.52,72.541
5661,239.12,72.88
5681,232.67,73.231
5701,226.19,73.592
5721,219.66,73.958
5741,213.09,74.327
5761,206.47,74.695
5781,199.81,75.058
5801,193.11,75.414
5821,186.37,75.758
5841,179.58,76.088
5861,172.77,76.4
5881,165.91,76.693
5901,159.03,76.964
5921,152.12,77.211
5941,145.19,77.432
5961,138.24,77.625
5981,131.28,77.79
6001,124.31,77.926
6021,117.34,78.033
6041,110.37,78.11
6061,103.4,78.158
6081,96.44,78.179
6101,89.497,78.172
6121,82.571,78.141
6141,75.667,78.085
6161,68.788,78.009
6181,61.937,77.913
6201,55.117,77.802
6221,48.33,77.676
6241,41.579,77.541
6261,34.864,77.398
6281,28.188,77.252
6301,21.55,77.106
6321,14.95,76.963
6341,8.3893,76.826
6361,1.866,76.699
6381,355.38,76.586
6401,348.93,76.489
6421,342.51,76.411
6441,336.12,76.355
6461,329.76,76.323
6481,323.42,76.318
6501,317.1,76.342
6521,310.8,76.394
6541,304.51,76.478
6561,298.23,76.592
6581,291.95,76.738
6601,285.68,76.915
6621,279.4,77.122
6641,273.1,77.358
6661,266.8,77.622
6681,260.48,77.912
6701,254.13,78.225
6721,247.77,78.559
6741,241.37,78.911
6761,234.94,79.278
6781,228.48,79.656
6801,221.98,80.0421
6821,215.44,80.4324
6841,208.86,80.8233
6861,202.24,81.211
6881,195.59,81.592
6901,188.89,81.9626
6921,182.15,82.3195
6941,175.38,82.6595
6961,168.57,82.9797
6981,161.72,83.2773
7001,154.85,83.55
7021,147.95,83.7957
7041,141.02,84.0129
7061,134.08,84.2002
7081,127.12,84.3568
7101,120.14,84.4821
7121,113.16,84.5761
7141,106.18,84.6392
7161,99.198,84.672
7181,92.222,84.6756
7201,85.256,84.6516
7221,78.304,84.6017
7241,71.369,84.528
7261,64.456,84.4331
7281,57.566,84.3195
7301,50.704,84.1904
7321,43.871,84.0487
7341,37.069,83.8978
7361,30.301,83.7412
7381,23.566,83.5823
7401,16.867,83.4247
7421,10.202,83.2721
7441,3.5726,83.1278
7461,356.98,82.9953
7481,350.42,82.878
7501,343.89,82.779
7521,337.39,82.7012
7541,330.91,82.6473
7561,324.47,82.6196
7581,318.04,82.6202
7601,311.64,82.6508
7621,305.25,82.7128
7641,298.87,82.807
7661,292.51,82.934
7681,286.14,83.0938
7701,279.78,83.2861
7721,273.41,83.5101
7741,267.04,83.7645
7761,260.66,84.0478
7781,254.26,84.3579
7801,247.84,84.6924
7821,241.41,85.0485
7841,234.94,85.4232
7861,228.46,85.8131
7881,221.94,86.2147
7901,215.39,86.6241
7921,208.81,87.0375
7941,202.19,87.451
7961,195.54,87.8604
7981,188.85,88.2617
8001,182.13,88.6512
8021,175.37,89.02501
8041,168.58,89.37954
8061,161.75,89.7115
8081,154.9,90.017866
8101,148.01,90.29596
8121,141.1,90.54348
8141,134.16,90.75856
8161,127.21,90.93974
8181,120.23,91.086
8201,113.25,91.1969
8221,106.25,91.2724
8241,99.253,91.3129
8261,92.252,91.3191
8281,85.255,91.2926
8301,78.265,91.2349
8321,71.286,91.1481
8341,64.321,91.0348
8361,57.375,90.89761
8381,50.449,90.73968
8401,43.546,90.56427
8421,36.67,90.37485
8441,29.821,90.17507
8461,23.002,89.968677
8481,16.213,89.75948
8501,9.4556,89.55133
8521,2.7299,89.34802
8541,356.04,89.15332
8561,349.37,88.9709
8581,342.74,88.8041
8601,336.13,88.6564
8621,329.56,88.5308
8641,323.01,88.43
8661,316.48,88.3566
8681,309.97,88.3127
8701,303.47,88.3001
8721,296.99,88.3202
8741,290.52,88.374
8761,284.06,88.4621
8781,277.61,88.5846
8801,271.15,88.7413
8821,264.69,88.9314
8841,258.22,89.15368
8861,251.74,89.40664
8881,245.25,89.68828
8901,238.74,89.9962062
8921,232.22,90.32768
8941,225.67,90.67963
8961,219.1,91.0487
8981,212.5,91.4312
9001,205.87,91.8233
9021,199.21,92.2209
9041,192.52,92.62
9061,185.81,93.0161
9081,179.06,93.4052
9101,172.27,93.7829
9121,165.46,94.1451
9141,158.62,94.4878
9161,151.75,94.8073
9181,144.85,95.0999
9201,137.93,95.3626
9221,130.99,95.5925
9241,124.03,95.7873
9261,117.04,95.945
9281,110.05,96.0642
9301,103.05,96.1441
9321,96.038,96.1842
9341,89.025,96.1847
9361,82.014,96.1464
9381,75.007,96.0703
9401,68.008,95.9584
9421,61.021,95.8127
9441,54.049,95.6357
9461,47.095,95.4305
9481,40.162,95.2004
9501,33.251,94.9489
9521,26.365,94.6797
9541,19.507,94.3969
9561,12.676,94.1045
9581,5.8739,93.8067
9601,359.1,93.5076
9621,352.36,93.2114
9641,345.64,92.922
9661,338.96,92.6435
9681,332.3,92.3796
9701,325.67,92.1339
9721,319.06,91.9095
9741,312.48,91.7096
9761,305.91,91.5368
9781,299.36,91.3935
9801,292.83,91.2816
9821,286.3,91.2027
9841,279.79,91.158
9861,273.28,91.1482
9881,266.77,91.1737
9901,260.26,91.2342
9921,253.74,91.3292
9941,247.21,91.4577
9961,240.68,91.6183
9981,234.12,91.8092
10001,227.55,92.028
10021,220.96,92.2724
10041,214.35,92.5393
10061,207.71,92.8255
10081,201.05,93.1275
10101,194.35,93.4416
10121,187.63,93.7639
10141,180.88,94.0903
10161,174.11,94.4167
10181,167.3,94.7388
10201,160.46,95.0524
10221,153.6,95.3533
10241,146.71,95.6375
10261,139.79,95.901
10281,132.85,96.1401
10301,125.89,96.3513
10321,118.92,96.5316
10341,111.93,96.6782
10361,104.93,96.7888
10381,97.921,96.8614
10401,90.908,96.8948
10421,83.895,96.888
10441,76.885,96.8408
10461,69.881,96.7533
10481,62.888,96.6264
10501,55.908,96.4614
10521,48.944,96.2601
10541,42,96.0248
10561,35.078,95.7583
10581,28.18,95.4635
10601,21.309,95.1442
10621,14.465,94.8038
10641,7.651,94.4466
10661,0.86659,94.0765
10681,354.11,93.6979
10701,347.39,93.315
10721,340.7,92.9321
10741,334.03,92.5534
10761,327.4,92.183
10781,320.79,91.8249
10801,314.2,91.4829
10821,307.64,91.1603
10841,301.1,90.86046
10861,294.58,90.58617
10881,288.07,90.34
10901,281.58,90.12408
10921,275.09,89.940164
10941,268.61,89.7896
10961,262.13,89.67328
10981,255.65,89.59169
11001,249.17,89.54486
11021,242.67,89.53238
11041,236.17,89.55343
11061,229.65,89.60676
11081,223.11,89.69073
11101,216.56,89.8033
11121,209.98,89.942118
11141,203.37,90.10447
11161,196.74,90.28737
11181,190.08,90.48757
11201,183.39,90.7016
11221,176.67,90.92582
11241,169.91,91.1564
11261,163.13,91.3896
11281,156.32,91.6214
11301,149.48,91.8478
11321,142.61,92.065
11341,135.71,92.2691
11361,128.79,92.4566
11381,121.85,92.6239
11401,114.89,92.7677
11421,107.91,92.885
11441,100.92,92.9732
11461,93.922,93.0299
11481,86.919,93.0531
11501,79.915,93.0413
11521,72.914,92.9934
11541,65.919,92.9088
11561,58.935,92.7873
11581,51.966,92.6293
11601,45.014,92.4357
11621,38.083,92.2077
11641,31.177,91.9471
11661,24.297,91.6562
11681,17.447,91.3376
11701,10.628,90.99429
11721,3.8407,90.62962
11741,357.09,90.24715
11761,350.37,89.85071
11781,343.68,89.44426
11801,337.03,89.03186
11821,330.42,88.6176
11841,323.83,88.2057
11861,317.28,87.8
11881,310.75,87.4044
11901,304.26,87.0228
11921,297.78,86.6586
11941,291.33,86.315
11961,284.9,85.995
11981,278.48,85.7012
12001,272.08,85.4358
12021,265.68,85.2006
12041,259.29,84.9971
12061,252.9,84.8263
12081,246.51,84.6887
12101,240.11,84.5845
12121,233.7,84.5133
12141,227.27,84.4746
12161,220.83,84.467
12181,214.37,84.4892
12201,207.89,84.5391
12221,201.38,84.6146
12241,194.84,84.7131
12261,188.27,84.8318
12281,181.67,84.9677
12301,175.04,85.1173
12321,168.37,85.2775
12341,161.67,85.4445
12361,154.94,85.6148
12381,148.17,85.7848
12401,141.37,85.9508
12421,134.54,86.1093
12441,127.68,86.2569
12461,120.79,86.3901
12481,113.88,86.5058
12501,106.94,86.6012
12521,99.991,86.6736
12541,93.024,86.7205
12561,86.047,86.7398
12581,79.062,86.7299
12601,72.076,86.6894
12621,65.091,86.6173
12641,58.111,86.5129
12661,51.143,86.3762
12681,44.188,86.2073
12701,37.252,86.0069
12721,30.338,85.7762
12741,23.45,85.5165
12761,16.591,85.2299
12781,9.764,84.9185
12801,2.9709,84.5849
12821,356.21,84.232
12841,349.49,83.863
12861,342.81,83.4814
12881,336.17,83.0905
12901,329.57,82.6942
12921,323,82.2963
12941,316.48,81.9004
12961,309.98,81.5104
12981,303.53,81.1299
13001,297.1,80.7625
13021,290.7,80.4115
13041,284.33,80.0799
13061,277.98,79.771
13081,271.64,79.486
13101,265.33,79.229
13121,259.02,79
13141,252.72,78.802
13161,246.42,78.634
13181,240.12,78.499
13201,233.81,78.394
13221,227.49,78.322
13241,221.16,78.28
13261,214.8,78.267
13281,208.43,78.283
13301,202.03,78.324
13321,195.6,78.39
13341,189.15,78.476
13361,182.66,78.581
13381,176.13,78.702
13401,169.57,78.835
13421,162.97,78.977
13441,156.33,79.124
13461,149.66,79.274
13481,142.94,79.422
13501,136.2,79.565
13521,129.41,79.701
13541,122.6,79.825
13561,115.75,79.934
13581,108.87,80.0266
13601,101.97,80.099
13621,95.05,80.1492
13641,88.108,80.175
13661,81.152,80.1747
13681,74.185,80.1469
13701,67.212,80.0904
13721,60.237,80.0046
13741,53.265,79.889
13761,46.3,79.744
13781,39.347,79.569
13801,32.41,79.366
13821,25.494,79.136
13841,18.603,78.88
13861,11.74,78.6
13881,4.9092,78.298
13901,358.11,77.977
13921,351.36,77.64
13941,344.64,77.289
13961,337.96,76.927
13981,331.33,76.559
14001,324.74,76.187
14021,318.19,75.814
14041,311.68,75.446
14061,305.22,75.084
14081,298.79,74.733
14101,292.4,74.395
14121,286.04,74.075
14141,279.72,73.774
14161,273.42,73.495
14181,267.14,73.241
14201,260.89,73.014
14221,254.64,72.815
14241,248.41,72.645
14261,242.18,72.506
14281,235.95,72.397
14301,229.71,72.319
14321,223.46,72.271
14341,217.2,72.252
14361,210.92,72.26
14381,204.62,72.295
14401,198.3,72.354
14421,191.94,72.435
14441,185.55,72.534
14461,179.12,72.65
14481,172.66,72.779
14501,166.16,72.918
14521,159.62,73.064
14541,153.03,73.212
14561,146.41,73.36
14581,139.75,73.505
14601,133.04,73.642
14621,126.3,73.769
14641,119.52,73.883
14661,112.71,73.98
14681,105.87,74.058
14701,98.993,74.115
14721,92.093,74.148
14741,85.171,74.156
14761,78.23,74.137
14781,71.275,74.09
14801,64.31,74.014
14821,57.339,73.909
14841,50.367,73.775
14861,43.398,73.611
14881,36.438,73.419
14901,29.491,73.2
14921,22.562,72.955
14941,15.656,72.686
14961,8.7756,72.394
14981,1.9263,72.083
15001,355.11,71.754
15021,348.33,71.412
15041,341.6,71.058
15061,334.9,70.696
15081,328.26,70.33
15101,321.65,69.962
15121,315.1,69.596
15141,308.59,69.237
15161,302.12,68.886
15181,295.71,68.548
15201,289.33,68.226
15221,282.99,67.922
15241,276.69,67.639
15261,270.42,67.381
15281,264.18,67.148
15301,257.96,66.943
15321,251.76,66.767
15341,245.57,66.62
15361,239.39,66.505
15381,233.22,66.419
15401,227.04,66.365
15421,220.85,66.339
15441,214.65,66.342
15461,208.44,66.372
15481,202.2,66.426
15501,195.93,66.503
15521,189.63,66.6
15541,183.3,66.714
15561,176.94,66.841
15581,170.53,66.979
15601,164.08,67.125
15621,157.6,67.274
15641,151.07,67.423
15661,144.49,67.569
15681,137.87,67.708
15701,131.22,67.837
15721,124.52,67.953
15741,117.78,68.052
15761,111,68.131
15781,104.19,68.189
15801,97.341,68.222
15821,90.467,68.23
15841,83.567,68.209
15861,76.645,68.159
15881,69.705,68.079
15901,62.752,67.968
15921,55.788,67.826
15941,48.82,67.653
15961,41.852,67.451
15981,34.888,67.219
16001,27.934,66.959
16021,20.994,66.674
16041,14.073,66.364
16061,7.1755,66.033
16081,0.30634,65.682
16101,353.47,65.316
16121,346.67,64.937
16141,339.91,64.549
16161,333.19,64.154
16181,326.52,63.757
16201,319.9,63.362
16221,313.33,62.971
16241,306.8,62.59
16261,300.33,62.221
16281,293.91,61.867
16301,287.53,61.532
16321,281.21,61.22
16341,274.92,60.932
16361,268.67,60.671
16381,262.46,60.439
16401,256.28,60.238
16421,250.12,60.068
16441,243.99,59.931
16461,237.86,59.827
16481,231.75,59.756
16501,225.63,59.716
16521,219.51,59.707
16541,213.38,59.727
16561,207.23,59.774
16581,201.07,59.846
16601,194.87,59.94
16621,188.65,60.052
16641,182.39,60.181
16661,176.1,60.322
16681,169.77,60.471
16701,163.39,60.625
16721,156.97,60.781
16741,150.51,60.933
16761,144,61.079
16781,137.45,61.215
16801,130.85,61.336
16821,124.21,61.441
16841,117.53,61.526
16861,110.81,61.587
16881,104.05,61.622
16901,97.254,61.63
16921,90.428,61.607
16941,83.574,61.552
16961,76.695,61.464
16981,69.795,61.343
17001,62.878,61.187
17021,55.948,60.997
17041,49.009,60.774
17061,42.067,60.517
17081,35.125,60.228
17101,28.188,59.91
17121,21.262,59.563
17141,14.351,59.191
17161,7.4605,58.796
17181,0.59414,58.381
17201,353.76,57.949
17221,346.95,57.506
17241,340.19,57.053
17261,333.47,56.596
17281,326.79,56.138
17301,320.16,55.684
17321,313.59,55.238
17341,307.06,54.805
17361,300.59,54.388
17381,294.18,53.991
17401,287.82,53.619
17421,281.52,53.275
17441,275.26,52.961
17461,269.05,52.68
17481,262.89,52.435
17501,256.77,52.227
17521,250.67,52.058
17541,244.61,51.927
17561,238.56,51.835
17581,232.53,51.781
17601,226.51,51.765
17621,220.49,51.783
17641,214.46,51.835
17661,208.41,51.918
17681,202.35,52.028
17701,196.26,52.162
17721,190.14,52.317
17741,183.99,52.488
17761,177.8,52.671
17781,171.57,52.862
17801,165.3,53.056
17821,158.98,53.25
17841,152.61,53.439
17861,146.2,53.618
17881,139.75,53.784
17901,133.24,53.932
17921,126.7,54.059
17941,120.11,54.162
17961,113.48,54.236
17981,106.81,54.281
18001,100.11,54.292
18021,93.372,54.269
18041,86.608,54.208
18061,79.819,54.11
18081,73.008,53.973
18101,66.179,53.797
18121,59.336,53.581
18141,52.485,53.327
18161,45.628,53.035
18181,38.771,52.706
18201,31.918,52.343
18221,25.074,51.948
18241,18.243,51.523
18261,11.43,51.072
18281,4.6391,50.598
18301,357.88,50.105
18321,351.14,49.598
18341,344.45,49.08
18361,337.8,48.557
18381,331.19,48.034
18401,324.63,47.516
18421,318.12,47.009
18441,311.66,46.517
18461,305.26,46.046
18481,298.92,45.6
18501,292.64,45.186
18521,286.42,44.807
18541,280.25,44.467
18561,274.13,44.17
18581,268.06,43.919
18601,262.04,43.716
18621,256.06,43.563
18641,250.1,43.459
18661,244.17,43.406
18681,238.26,43.402
18701,232.35,43.445
18721,226.45,43.534
18741,220.53,43.665
18761,214.6,43.834
18781,208.65,44.038
18801,202.67,44.271
18821,196.66,44.53
18841,190.61,44.808
18861,184.52,45.101
18881,178.38,45.403
18901,172.2,45.71
18921,165.97,46.014
18941,159.69,46.313
18961,153.36,46.6
18981,146.99,46.871
19001,140.58,47.121
19021,134.12,47.347
19041,127.62,47.544
19061,121.08,47.709
19081,114.51,47.839
19101,107.91,47.932
19121,101.28,47.985
19141,94.629,47.996
19161,87.957,47.964
19181,81.27,47.889
19201,74.572,47.769
19221,67.868,47.606
19241,61.161,47.398
19261,54.456,47.148
19281,47.758,46.857
19301,41.071,46.527
19321,34.4,46.161
19341,27.748,45.76
19361,21.121,45.329
19381,14.522,44.872
19401,7.9557,44.392
19421,1.4256,43.894
19441,354.94,43.384
19461,348.49,42.867
19481,342.09,42.347
19501,335.74,41.833
19521,329.44,41.328
19541,323.19,40.84
19561,317,40.375
19581,310.85,39.939
19601,304.76,39.539
19621,298.72,39.179
19641,292.73,38.864
19661,286.78,38.601
19681,280.86,38.392
19701,274.97,38.24
19721,269.11,38.148
19741,263.26,38.117
19761,257.41,38.146
19781,251.56,38.235
19801,245.7,38.382
19821,239.83,38.583
19841,233.92,38.836
19861,227.98,39.135
19881,222,39.476
19901,215.98,39.852
19921,209.92,40.258
19941,203.81,40.688
19961,197.64,41.135
19981,191.43,41.594
20001,185.17,42.057
20021,178.86,42.519
20041,172.5,42.975
20061,166.1,43.419
20081,159.65,43.845
20101,153.17,44.249
20121,146.65,44.627
20141,140.1,44.974
20161,133.53,45.287
20181,126.93,45.563
20201,120.31,45.8
20221,113.67,45.995
20241,107.03,46.147
20261,100.38,46.254
20281,93.726,46.316
20301,87.077,46.332
20321,80.436,46.302
20341,73.806,46.228
20361,67.193,46.111
20381,60.6,45.952
20401,54.032,45.753
20421,47.493,45.517
20441,40.986,45.247
20461,34.514,44.946
20481,28.082,44.618
20501,21.691,44.268
20521,15.345,43.899
20541,9.0443,43.518
20561,2.7915,43.128
20581,356.59,42.736
20601,350.43,42.348
20621,344.32,41.968
20641,338.26,41.604
20661,332.24,41.26
20681,326.26,40.944
20701,320.32,40.659
20721,314.41,40.413
20741,308.52,40.208
20761,302.65,40.051
20781,296.78,39.944
20801,290.92,39.891
20821,285.05,39.893
20841,279.16,39.951
20861,273.25,40.067
20881,267.31,40.239
20901,261.33,40.465
20921,255.31,40.743
20941,249.23,41.07
20961,243.11,41.441
20981,236.92,41.853
21001,230.69,42.299
21021,224.39,42.774
21041,218.04,43.274
21061,211.64,43.791
21081,205.18,44.319
21101,198.67,44.854
21121,192.12,45.389
21141,185.53,45.919
21161,178.9,46.438
21181,172.23,46.942
21201,165.54,47.425
21221,158.81,47.885
21241,152.07,48.316
21261,145.31,48.716
21281,138.54,49.082
21301,131.77,49.411
21321,124.99,49.701
21341,118.21,49.951
21361,111.43,50.16
21381,104.67,50.326
21401,97.922,50.45
21421,91.192,50.533
21441,84.485,50.574
21461,77.803,50.576
21481,71.152,50.539
21501,64.533,50.466
21521,57.951,50.36
21541,51.408,50.223
21561,44.907,50.058
21581,38.449,49.869
21601,32.036,49.66
21621,25.669,49.436
21641,19.35,49.199
21661,13.077,48.956
21681,6.8504,48.711
21701,0.66869,48.468
21721,354.53,48.232
21741,348.43,48.008
21761,342.37,47.802
21781,336.34,47.617
21801,330.33,47.457
21821,324.35,47.328
21841,318.38,47.232
21861,312.42,47.174
21881,306.46,47.154
21901,300.49,47.177
21921,294.51,47.242
21941,288.5,47.352
21961,282.47,47.506
21981,276.4,47.704
22001,270.29,47.945
22021,264.13,48.228
22041,257.92,48.549
22061,251.66,48.905
22081,245.34,49.295
22101,238.96,49.713
22121,232.53,50.155
22141,226.04,50.617
22161,219.49,51.095
22181,212.9,51.583
22201,206.25,52.077
22221,199.56,52.571
22241,192.82,53.062
22261,186.05,53.545
22281,179.25,54.015
22301,172.41,54.469
22321,165.55,54.902
22341,158.67,55.312
22361,151.78,55.694
22381,144.88,56.047
22401,137.97,56.368
22421,131.07,56.655
22441,124.16,56.907
22461,117.27,57.123
22481,110.39,57.302
22501,103.53,57.445
22521,96.683,57.551
22541,89.865,57.621
22561,83.076,57.656
22581,76.319,57.658
22601,69.596,57.629
22621,62.912,57.571
22641,56.267,57.487
22661,49.664,57.38
22681,43.105,57.253
22701,36.591,57.109
22721,30.122,56.952
22741,23.699,56.786
22761,17.322,56.615
22781,10.989,56.444
22801,4.6988,56.275
22821,358.45,56.113
22841,352.24,55.963
22861,346.06,55.827
22881,339.92,55.71
22901,333.8,55.615
22921,327.7,55.545
22941,321.61,55.504
22961,315.54,55.492
22981,309.47,55.513
23001,303.4,55.568
23021,297.32,55.657
23041,291.22,55.782
23061,285.1,55.943
23081,278.95,56.138
23101,272.77,56.368
23121,266.55,56.63
23141,260.28,56.922
23161,253.97,57.243
23181,247.61,57.588
23201,241.2,57.957
23221,234.74,58.344
23241,228.22,58.747
23261,221.65,59.161
23281,215.03,59.582
23301,208.36,60.008
23321,201.65,60.433
23341,194.89,60.853
23361,188.09,61.266
23381,181.25,61.667
23401,174.39,62.053
23421,167.49,62.42
23441,160.57,62.766
23461,153.64,63.087
23481,146.69,63.383
23501,139.73,63.649
23521,132.78,63.886
23541,125.82,64.092
23561,118.87,64.265
23581,111.92,64.406
23601,105,64.514
23621,98.091,64.591
23641,91.207,64.636
23661,84.349,64.65
23681,77.522,64.636
23701,70.728,64.596
23721,63.97,64.531
23741,57.251,64.444
23761,50.571,64.338
23781,43.934,64.215
23801,37.341,64.08
23821,30.791,63.936
23841,24.286,63.785
23861,17.824,63.633
23881,11.406,63.482
23901,5.0289,63.335
23921,358.69,63.198
23941,352.39,63.073
23961,346.13,62.963
23981,339.89,62.871
24001,333.69,62.801
24021,327.5,62.756
24041,321.34,62.736
24061,315.18,62.745
24081,309.04,62.783
24101,302.89,62.852
24121,296.75,62.952
24141,290.59,63.084
24161,284.42,63.247
24181,278.22,63.44
24201,272,63.663
24221,265.75,63.913
24241,259.47,64.19
24261,253.14,64.489
24281,246.78,64.81
24301,240.37,65.148
24321,233.91,65.502
24341,227.4,65.867
24361,220.84,66.24
24381,214.24,66.617
24401,207.59,66.996
24421,200.89,67.372
24441,194.15,67.742
24461,187.37,68.103
24481,180.55,68.451
24501,173.69,68.783
24521,166.8,69.097
24541,159.89,69.389
24561,152.96,69.658
24581,146.01,69.902
24601,139.05,70.118
24621,132.08,70.307
24641,125.11,70.466
24661,118.14,70.595
24681,111.18,70.694
24701,104.23,70.763
24721,97.291,70.803
24741,90.376,70.815
24761,83.485,70.8
24781,76.62,70.76
24801,69.786,70.696
24821,62.986,70.612
24841,56.221,70.509
24861,49.494,70.39
24881,42.807,70.259
24901,36.161,70.118
24921,29.557,69.971
24941,22.995,69.821
24961,16.475,69.673
24981,9.9959,69.528
25001,3.5575,69.391
25021,357.16,69.265
25041,350.79,69.154
25061,344.47,69.06
25081,338.17,68.986
25101,331.9,68.934
25121,325.65,68.907
25141,319.42,68.908
25161,313.21,68.936
25181,307,68.994
25201,300.8,69.082
25221,294.6,69.2
25241,288.4,69.349
25261,282.18,69.528
25281,275.95,69.735
25301,269.7,69.97
25321,263.43,70.23
25341,257.13,70.514
25361,250.79,70.819
25381,244.42,71.142
25401,238,71.48
25421,231.55,71.831
25441,225.05,72.191
25461,218.51,72.556
25481,211.92,72.922
25501,205.29,73.288
25521,198.62,73.648
25541,191.9,74
25561,185.14,74.341
25581,178.34,74.667
25601,171.51,74.975
25621,164.64,75.264
25641,157.74,75.53
25661,150.83,75.773
25681,143.89,75.989
25701,136.93,76.177
25721,129.97,76.338
25741,123,76.469
25761,116.02,76.571
25781,109.05,76.644
25801,102.09,76.689
25821,95.141,76.705
25841,88.207,76.695
25861,81.293,76.66
25881,74.402,76.602
25901,67.539,76.522
25921,60.705,76.424
25941,53.904,76.311
25961,47.138,76.184
25981,40.408,76.047
26001,33.717,75.904
26021,27.064,75.758
26041,20.451,75.611
26061,13.877,75.469
26081,7.3419,75.333
26101,0.84505,75.207
26121,354.38,75.096
26141,347.96,75
26161,341.57,74.925
26181,335.2,74.871
26201,328.87,74.843
26221,322.55,74.84
26241,316.26,74.866
26261,309.98,74.921
26281,303.71,75.007
26301,297.45,75.124
26321,291.19,75.272
26341,284.93,75.45
26361,278.66,75.659
26381,272.39,75.895
26401,266.09,76.159
26421,259.78,76.448
26441,253.44,76.76
26461,247.07,77.092
26481,240.68,77.441
26501,234.25,77.804
26521,227.78,78.177
26541,221.27,78.558
26561,214.73,78.942
26581,208.14,79.326
26601,201.52,79.706
26621,194.85,80.0785
26641,188.14,80.4406
26661,181.39,80.7886
26681,174.61,81.1195
26701,167.79,81.4305
26721,160.94,81.7189
26741,154.05,81.9826
26761,147.14,82.2196
26781,140.21,82.4284
26801,133.26,82.6078
26821,126.3,82.757
26841,119.32,82.8757
26861,112.34,82.9637
26881,105.37,83.0216
26901,98.389,83.0501
26921,91.421,83.0503
26941,84.465,83.0237
26961,77.525,82.9722
26981,70.604,82.8978
27001,63.707,82.8031
27021,56.835,82.6908
27041,49.992,82.5638
27061,43.18,82.4251
27081,36.401,82.2781
27101,29.656,82.1263
27121,22.947,81.973
27141,16.273,81.8218
27161,9.6355,81.6763
27181,3.0337,81.5398
27201,356.47,81.4159
27221,349.93,81.3076
27241,343.43,81.2181
27261,336.96,81.1502
27281,330.52,81.1064
27301,324.1,81.0892
27321,317.71,81.1004
27341,311.33,81.1416
27361,304.97,81.214
27381,298.61,81.3184
27401,292.27,81.4553
27421,285.93,81.6246
27441,279.59,81.8257
27461,273.25,82.0579
27481,266.89,82.3197
27501,260.53,82.6094
27521,254.14,82.9249
27541,247.74,83.2636
27561,241.32,83.6229
27581,234.87,83.9995
27601,228.39,84.39
27621,221.88,84.7909
27641,215.33,85.1984
27661,208.76,85.6087
27681,202.14,86.0178
27701,195.49,86.4218
27721,188.8,86.8167
27741,182.08,87.1989
27761,175.32,87.5648
27781,168.52,87.9108
27801,161.69,88.234
27821,154.83,88.5314
27841,147.95,88.8007
27861,141.03,89.0397
27881,134.09,89.24676
27901,127.14,89.42064
27921,120.16,89.56054
27941,113.18,89.66612
27961,106.18,89.73748
27981,99.189,89.77517
28001,92.194,89.78017
28021,85.203,89.75387
28041,78.221,89.69805
28061,71.252,89.61485
28081,64.298,89.50676
28101,57.364,89.37653
28121,50.453,89.22722
28141,43.566,89.06209
28161,36.706,88.8846
28181,29.875,88.6983
28201,23.075,88.5068
28221,16.307,88.3141
28241,9.5708,88.1237
28261,2.8671,87.9395
28281,356.2,87.765
28301,349.56,87.6039
28321,342.95,87.4595
28341,336.37,87.335
28361,329.81,87.2333
28381,323.28,87.1571
28401,316.78,87.1087
28421,310.29,87.0902
28441,303.82,87.1033
28461,297.37,87.1491
28481,290.92,87.2286
28501,284.48,87.342
28521,278.05,87.4896
28541,271.61,87.6707
28561,265.17,87.8845
28581,258.72,88.1297
28601,252.26,88.4046
28621,245.79,88.707
28641,239.3,89.03442
28661,232.79,89.38403
28681,226.25,89.75261
28701,219.69,90.13672
28721,213.11,90.53263
28741,206.49,90.93643
28761,199.84,91.3441
28781,193.17,91.7513
28801,186.46,92.1541
28821,179.71,92.548
28841,172.94,92.929
28861,166.13,93.293
28881,159.3,93.6362
28901,152.43,93.9549
28921,145.54,94.246
28941,138.62,94.5063
28961,131.68,94.7334
28981,124.71,94.9252
29001,117.74,95.0799
29021,110.74,95.1964
29041,103.74,95.2742
29061,96.733,95.3131
29081,89.723,95.3135
29101,82.713,95.2763
29121,75.708,95.203
29141,68.712,95.0955
29161,61.728,94.9559
29181,54.759,94.7872
29201,47.809,94.5922
29221,40.879,94.3743
29241,33.973,94.137
29261,27.092,93.8843
29281,20.239,93.62
29301,13.414,93.3481
29321,6.6178,93.0728
29341,359.85,92.798
29361,353.12,92.528
29381,346.41,92.2665
29401,339.73,92.0174
29421,333.08,91.7844
29441,326.45,91.5709
29461,319.85,91.3799
29481,313.28,91.2145
29501,306.72,91.0771
29521,300.18,90.96983
29541,293.65,90.89463
29561,287.13,90.85285
29581,280.62,90.84551
29601,274.12,90.87315
29621,267.61,90.93593
29641,261.11,91.0335
29661,254.59,91.1652
29681,248.07,91.3298
29701,241.54,91.5258
29721,234.99,91.751
29741,228.42,92.0032
29761,221.84,92.2797
29781,215.23,92.5773
29801,208.59,92.8928
29821,201.93,93.2224
29841,195.24,93.5625
29861,188.52,93.9089
29881,181.78,94.2575
29901,175,94.604
29921,168.19,94.9443
29941,161.36,95.274
29961,154.5,95.589
29981,147.61,95.8851
30001,140.69,96.1587
30021,133.76,96.4059
30041,126.8,96.6235
30061,119.82,96.8085
30081,112.84,96.9583
30101,105.83,97.0708
30121,98.826,97.1444
30141,91.813,97.1779
30161,84.8,97.1707
30181,77.788,97.1229
30201,70.783,97.0348
30221,63.788,96.9077
30241,56.805,96.7431
30261,49.839,96.543
30281,42.892,96.3099
30301,35.966,96.0469
30321,29.064,95.7573
30341,22.187,95.4446
30361,15.338,95.1127
30381,8.5181,94.7658
30401,1.7271,94.4079
30421,354.97,94.0433
30441,348.23,93.6764
30461,341.53,93.3115
30481,334.86,92.9526
30501,328.21,92.6038
30521,321.6,92.269
30541,315,91.9518
30561,308.43,91.6556
30581,301.88,91.3835
30601,295.34,91.1382
30621,288.82,90.92201
30641,282.31,90.73705
30661,275.81,90.58487
30681,269.32,90.46664
30701,262.83,90.38311
30721,256.33,90.33457
30741,249.83,90.32091
30761,243.32,90.34155
30781,236.8,90.3955
30801,230.26,90.48137
30821,223.71,90.59733
30841,217.14,90.74124
30861,210.54,90.91056
30881,203.92,91.1024
30901,197.27,91.3138
30921,190.59,91.5412
30941,183.89,91.7811
30961,177.15,92.0297
30981,170.38,92.2832
31001,163.59,92.5376
31021,156.76,92.7888
31041,149.91,93.0328
31061,143.03,93.2657
31081,136.12,93.4837
31101,129.19,93.683
31121,122.24,93.8601
31141,115.27,94.0117
31161,108.29,94.135
31181,101.29,94.2272
31201,94.288,94.2861
31221,87.281,94.3098
31241,80.274,94.2969
31261,73.27,94.2466
31281,66.274,94.1583
31301,59.289,94.0321
31321,52.319,93.8687
31341,45.366,93.669
31361,38.435,93.4347
31381,31.528,93.1678
31401,24.647,92.8707
31421,17.795,92.5464
31441,10.974,92.1981
31461,4.1843,91.8293
31481,357.43,91.4437
31501,350.7,91.0453
31521,344.01,90.63828
31541,337.36,90.22671
31561,330.73,89.81479
31581,324.14,89.40666
31601,317.57,89.00633
31621,311.04,88.6177
31641,304.52,88.2445
31661,298.04,87.89
31681,291.57,87.5576
31701,285.12,87.25
31721,278.68,86.9697
31741,272.26,86.7188
31761,265.84,86.4991
31781,259.43,86.3118
31801,253.01,86.1578
31821,246.59,86.0376
31841,240.17,85.9511
31861,233.73,85.8978
31881,227.28,85.877
31901,220.81,85.8873
31921,214.33,85.9272
31941,207.81,85.9945
31961,201.28,86.0869
31981,194.71,86.2018
32001,188.12,86.3363
32021,181.49,86.4871
32041,174.83,86.6509
32061,168.14,86.8243
32081,161.41,87.0035
32101,154.65,87.185
32121,147.86,87.3651
32141,141.04,87.54
32161,134.19,87.7061
32181,127.31,87.86
32201,120.41,87.9983
32221,113.48,88.1178
32241,106.53,88.2155
32261,99.568,88.2889
32281,92.591,88.3355
32301,85.606,88.3533
32321,78.616,88.3405
32341,71.625,88.2959
32361,64.638,88.2185
32381,57.659,88.1078
32401,50.691,87.9638
32421,43.739,87.7868
32441,36.807,87.5777
32461,29.898,87.3376
32481,23.016,87.0683
32501,16.164,86.7717
32521,9.3433,86.4503
32541,2.557,86.1068
32561,355.81,85.7444
32581,349.09,85.3663
32601,342.42,84.976
32621,335.78,84.5774
32641,329.18,84.1741
32661,322.62,83.77
32681,316.09,83.3691
32701,309.59,82.975
32721,303.13,82.5915
32741,296.7,82.2222
32761,290.29,81.8703
32781,283.91,81.5389
32801,277.55,81.2308
32821,271.2,80.9484
32841,264.87,80.6939
32861,258.54,80.4688
32881,252.22,80.2745
32901,245.9,80.1118
32921,239.58,79.981
32941,233.25,79.883
32961,226.91,79.816
32981,220.55,79.78
33001,214.17,79.773
33021,207.77,79.794
33041,201.34,79.842
33061,194.89,79.912
33081,188.4,80.0042
33101,181.88,80.1142
33121,175.33,80.2392
33141,168.74,80.3761
33161,162.11,80.5214
33181,155.45,80.6717
33201,148.75,80.8235
33221,142.02,80.9734
33241,135.25,81.1179
33261,128.44,81.2536
33281,121.61,81.3773
33301,114.74,81.4859
33321,107.85,81.5767
33341,100.93,81.6469
33361,93.999,81.6942
33381,87.047,81.7166
33401,80.083,81.7123
33421,73.111,81.6799
33441,66.134,81.6183
33461,59.158,81.527
33481,52.187,81.4054
33501,45.226,81.2538
33521,38.278,81.0727
33541,31.348,80.8628
33561,24.441,80.6253
33581,17.56,80.362
33601,10.709,80.0747
33621,3.8908,79.766
33641,357.11,79.437
33661,350.36,79.093
33681,343.66,78.735
33701,337,78.367
33721,330.38,77.993
33741,323.8,77.615
33761,317.26,77.239
33781,310.76,76.866
33801,304.3,76.501
33821,297.88,76.146
33841,291.5,75.807
33861,285.14,75.485
33881,278.82,75.183
33901,272.51,74.904
33921,266.23,74.65
33941,259.97,74.424
33961,253.71,74.226
33981,247.47,74.058
34001,241.22,73.92
34021,234.97,73.813
34041,228.72,73.737
34061,222.46,73.691
34081,216.17,73.674
34101,209.87,73.685
34121,203.55,73.722
34141,197.2,73.783
34161,190.81,73.865
34181,184.4,73.966
34201,177.95,74.083
34221,171.46,74.213
34241,164.93,74.352
34261,158.37,74.498
34281,151.76,74.646
34301,145.11,74.794
34321,138.43,74.937
34341,131.7,75.073
34361,124.94,75.199
34381,118.15,75.31
34401,111.32,75.406
34421,104.45,75.482
34441,97.567,75.536
34461,90.655,75.567
34481,83.723,75.572
34501,76.774,75.551
34521,69.813,75.501
34541,62.845,75.423
34561,55.872,75.315
34581,48.901,75.178
34601,41.936,75.012
34621,34.982,74.818
34641,28.043,74.597
34661,21.123,74.35
34681,14.228,74.08
34701,7.3618,73.787
34721,0.52745,73.476
34741,353.73,73.147
34761,346.97,72.804
34781,340.25,72.451
34801,333.57,72.09
34821,326.94,71.725
34841,320.36,71.359
34861,313.82,70.996
34881,307.33,70.639
34901,300.88,70.291
34921,294.47,69.956
34941,288.1,69.637
34961,281.77,69.338
34981,275.47,69.059
35001,269.21,68.805
35021,262.96,68.576
35041,256.74,68.376
35061,250.54,68.204
35081,244.34,68.062
35101,238.15,67.951
35121,231.97,67.87
35141,225.77,67.819
35161,219.57,67.798
35181,213.35,67.804
35201,207.11,67.837
35221,200.85,67.894
35241,194.56,67.973
35261,188.24,68.072
35281,181.88,68.187
35301,175.49,68.316
35321,169.06,68.455
35341,162.59,68.6
35361,156.07,68.75
35381,149.52,68.899
35401,142.92,69.044
35421,136.28,69.183
35441,129.59,69.311
35461,122.87,69.425
35481,116.11,69.523
35501,109.31,69.602
35521,102.48,69.659
35541,95.619,69.691
35561,88.73,69.698
35581,81.817,69.677
35601,74.884,69.628
35621,67.935,69.548
35641,60.974,69.438
35661,54.006,69.298
35681,47.036,69.128
35701,40.067,68.928
35721,33.106,68.7
35741,26.156,68.444
35761,19.223,68.164
35781,12.311,67.86
35801,5.4247,67.535
35821,358.57,67.192
35841,351.75,66.834
35861,344.96,66.463
35881,338.22,66.084
35901,331.52,65.699
35921,324.87,65.313
35941,318.27,64.928
35961,311.71,64.549
35981,305.21,64.178
36001,298.75,63.821
36021,292.34,63.478
36041,285.98,63.155
36061,279.66,62.854
36081,273.38,62.577
36101,267.14,62.326
36121,260.93,62.105
36141,254.75,61.913
36161,248.58,61.752
36181,242.44,61.623
36201,236.3,61.526
36221,230.17,61.461
36241,224.04,61.427
36261,217.9,61.422
36281,211.74,61.446
36301,205.57,61.496
36321,199.38,61.569
36341,193.16,61.664
36361,186.9,61.777
36381,180.62,61.905
36401,174.29,62.044
36421,167.92,62.192
36441,161.52,62.343
36461,155.07,62.495
36481,148.57,62.644
36501,142.03,62.786
36521,135.45,62.918
36541,128.82,63.036
36561,122.15,63.137
36581,115.44,63.217
36601,108.69,63.274
36621,101.9,63.306
36641,95.085,63.311
36661,88.235,63.285
36681,81.359,63.229
36701,74.46,63.14
36721,67.541,63.018
36741,60.608,62.863
36761,53.663,62.675
36781,46.712,62.454
36801,39.759,62.202
36821,32.809,61.918
36841,25.867,61.606
36861,18.937,61.268
36881,12.025,60.904
36901,5.1355,60.52
36921,358.27,60.117
36941,351.44,59.699
36961,344.65,59.269
36981,337.89,58.832
37001,331.18,58.391
37021,324.51,57.951
37041,317.9,57.515
37061,311.33,57.087
37081,304.82,56.673
37101,298.37,56.274
37121,291.96,55.897
37141,285.61,55.542
37161,279.31,55.215
37181,273.06,54.918
37201,266.85,54.652
37221,260.69,54.421
37241,254.55,54.225
37261,248.45,54.066
37281,242.37,53.944
37301,236.31,53.858
37321,230.26,53.809
37341,224.21,53.794
37361,218.16,53.813
37381,212.09,53.863
37401,206.02,53.942
37421,199.92,54.046
37441,193.8,54.172
37461,187.64,54.317
37481,181.45,54.477
37501,175.22,54.648
37521,168.95,54.825
37541,162.64,55.005
37561,156.28,55.183
37581,149.87,55.355
37601,143.42,55.518
37621,136.93,55.666
37641,130.39,55.797
37661,123.8,55.906
37681,117.18,55.991
37701,110.51,56.049
37721,103.81,56.077
37741,97.068,56.072
37761,90.298,56.033
37781,83.499,55.958
37801,76.677,55.846
37821,69.833,55.697
37841,62.973,55.509
37861,56.1,55.284
37881,49.218,55.021
37901,42.333,54.723
37921,35.448,54.389
37941,28.569,54.023
37961,21.699,53.627
37981,14.844,53.203
38001,8.0087,52.755
38021,1.1971,52.285
38041,354.41,51.799
38061,347.66,51.301
38081,340.95,50.794
38101,334.28,50.283
38121,327.66,49.774
38141,321.09,49.272
38161,314.57,48.781
38181,308.1,48.306
38201,301.69,47.852
38221,295.34,47.425
38241,289.04,47.028
38261,282.81,46.666
38281,276.63,46.342
38301,270.5,46.059
38321,264.41,45.82
38341,258.37,45.626
38361,252.37,45.479
38381,246.39,45.38
38401,240.44,45.327
38421,234.5,45.319
38441,228.57,45.356
38461,222.63,45.435
38481,216.69,45.552
38501,210.73,45.704
38521,204.75,45.888
38541,198.74,46.098
38561,192.7,46.331
38581,186.62,46.581
38601,180.5,46.844
38621,174.33,47.113
38641,168.12,47.385
38661,161.87,47.655
38681,155.56,47.916
38701,149.21,48.165
38721,142.81,48.398
38741,136.37,48.609
38761,129.89,48.795
38781,123.36,48.953
38801,116.8,49.078
38821,110.2,49.169
38841,103.57,49.223
38861,96.908,49.237
38881,90.226,49.21
38901,83.522,49.141
38921,76.803,49.029
38941,70.071,48.874
38961,63.331,48.676
38981,56.588,48.436
39001,49.845,48.154
39021,43.108,47.833
39041,36.38,47.474
39061,29.667,47.08
39081,22.972,46.654
39101,16.3,46.199
39121,9.6559,45.72
39141,3.0431,45.22
39161,356.47,44.705
39181,349.93,44.179
39201,343.43,43.648
39221,336.99,43.117
39241,330.59,42.592
39261,324.24,42.08
39281,317.95,41.586
39301,311.71,41.117
39321,305.53,40.678
39341,299.4,40.276
39361,293.33,39.915
39381,287.3,39.6
39401,281.32,39.336
39421,275.38,39.126
39441,269.47,38.973
39461,263.59,38.878
39481,257.72,38.842
39501,251.87,38.866
39521,246.02,38.947
39541,240.16,39.083
39561,234.29,39.271
39581,228.39,39.508
39601,222.47,39.789
39621,216.51,40.108
39641,210.51,40.461
39661,204.47,40.841
39681,198.38,41.242
39701,192.24,41.658
39721,186.06,42.083
39741,179.83,42.511
39761,173.54,42.937
39781,167.21,43.354
39801,160.84,43.757
39821,154.42,44.142
39841,147.96,44.503
39861,141.47,44.837
39881,134.94,45.139
39901,128.39,45.407
39921,121.8,45.637
39941,115.2,45.827
39961,108.58,45.974
39981,101.95,46.078
40001,95.306,46.137
40021,88.661,46.15
40041,82.016,46.118
40061,75.377,46.04
40081,68.748,45.917
40101,62.132,45.752
40121,55.536,45.544
40141,48.961,45.298
40161,42.414,45.014
40181,35.897,44.698
40201,29.415,44.351
40221,22.97,43.978
40241,16.566,43.583
40261,10.206,43.172
40281,3.8909,42.749
40301,357.62,42.32
40321,351.41,41.89
40341,345.24,41.465
40361,339.12,41.051
40381,333.04,40.655
40401,327.01,40.283
40421,321.03,39.94
40441,315.08,39.632
40461,309.17,39.365
40481,303.28,39.144
40501,297.41,38.973
40521,291.56,38.855
40541,285.71,38.794
40561,279.85,38.792
40581,273.98,38.848
40601,268.09,38.963
40621,262.17,39.137
40641,256.22,39.366
40661,250.22,39.649
40681,244.18,39.981
40701,238.09,40.357
40721,231.94,40.773
40741,225.74,41.223
40761,219.49,41.701
40781,213.18,42.202
40801,206.81,42.719
40821,200.4,43.245
40841,193.94,43.776
40861,187.43,44.305
40881,180.88,44.827
40901,174.29,45.336
40921,167.67,45.827
40941,161.02,46.297
40961,154.34,46.74
40981,147.64,47.153
41001,140.92,47.533
41021,134.19,47.876
41041,127.45,48.181
41061,120.71,48.446
41081,113.97,48.669
41101,107.23,48.85
41121,100.51,48.986
41141,93.793,49.08
41161,87.098,49.131
41181,80.425,49.14
41201,73.777,49.108
41221,67.159,49.038
41241,60.573,48.931
41261,54.024,48.791
41281,47.513,48.619
41301,41.044,48.42
41321,34.619,48.197
41341,28.239,47.955
41361,21.905,47.698
41381,15.619,47.429
41401,9.3792,47.155
41421,3.1864,46.88
41441,357.04,46.609
41461,350.93,46.347
41481,344.87,46.1
41501,338.84,45.872
41521,332.84,45.668
41541,326.87,45.492
41561,320.92,45.349
41581,314.98,45.243
41601,309.05,45.177
41621,303.12,45.154
41641,297.18,45.176
41661,291.22,45.244
41681,285.23,45.36
41701,279.22,45.523
41721,273.16,45.732
41741,267.06,45.987
41761,260.91,46.284
41781,254.71,46.622
41801,248.45,46.998
41821,242.14,47.406
41841,235.77,47.843
41861,229.34,48.305
41881,222.85,48.786
41901,216.31,49.282
41921,209.72,49.788
41941,203.08,50.298
41961,196.39,50.808
41981,189.67,51.312
42001,182.91,51.806
42021,176.11,52.286
42041,169.29,52.748
42061,162.45,53.187
42081,155.59,53.6
42101,148.72,53.985
42121,141.84,54.338
42141,134.96,54.658
42161,128.07,54.942
42181,121.2,55.19
42201,114.33,55.4
42221,107.47,55.572
42241,100.64,55.706
42261,93.828,55.802
42281,87.041,55.861
42301,80.285,55.885
42321,73.56,55.876
42341,66.872,55.834
42361,60.222,55.763
42381,53.613,55.666
42401,47.046,55.545
42421,40.524,55.405
42441,34.048,55.248
42461,27.617,55.078
42481,21.232,54.9
42501,14.893,54.717
42521,8.598,54.534
42541,2.3458,54.356
42561,356.13,54.185
42581,349.96,54.027
42601,343.82,53.885
42621,337.71,53.763
42641,331.62,53.665
42661,325.55,53.594
42681,319.5,53.552
42701,313.45,53.543
42721,307.4,53.567
42741,301.35,53.627
42761,295.28,53.724
42781,289.2,53.858
42801,283.09,54.029
42821,276.94,54.237
42841,270.76,54.479
42861,264.54,54.756
42881,258.27,55.064
42901,251.95,55.401
42921,245.58,55.763
42941,239.16,56.149
42961,232.68,56.554
42981,226.15,56.973
43001,219.57,57.405
43021,212.93,57.843
43041,206.25,58.284
43061,199.52,58.725
43081,192.75,59.16
43101,185.94,59.586
43121,179.09,59.999
43141,172.22,60.396
43161,165.32,60.773
43181,158.4,61.128
43201,151.47,61.457
43221,144.52,61.759
43241,137.57,62.031
43261,130.62,62.272
43281,123.67,62.48
43301,116.73,62.656
43321,109.8,62.798
43341,102.89,62.907
43361,96.004,62.982
43381,89.139,63.026
43401,82.303,63.039
43421,75.498,63.023
43441,68.728,62.98
43461,61.996,62.913
43481,55.302,62.823
43501,48.651,62.714
43521,42.042,62.588
43541,35.478,62.45
43561,28.957,62.303
43581,22.482,62.15
43601,16.05,61.996
43621,9.6622,61.843
43641,3.3154,61.696
43661,357.01,61.558
43681,350.74,61.433
43701,344.5,61.323
43721,338.29,61.234
43741,332.11,61.166
43761,325.95,61.123
43781,319.81,61.108
43801,313.67,61.121
43821,307.54,61.164
43841,301.41,61.239
43861,295.28,61.346
43881,289.13,61.485
43901,282.96,61.656
43921,276.77,61.858
43941,270.55,62.089
43961,264.29,62.348
43981,258,62.634
44001,251.66,62.943
44021,245.29,63.273
44041,238.86,63.621
44061,232.38,63.984
44081,225.86,64.358
44101,219.29,64.74
44121,212.66,65.126
44141,205.99,65.513
44161,199.28,65.896
44181,192.52,66.273
44201,185.72,66.641
44221,178.88,66.994
44241,172.01,67.332
44261,165.11,67.65
44281,158.19,67.947
44301,151.25,68.219
44321,144.3,68.465
44341,137.33,68.684
44361,130.36,68.874
44381,123.39,69.034
44401,116.43,69.164
44421,109.47,69.263
44441,102.53,69.332
44461,95.604,69.371
44481,88.701,69.382
44501,81.823,69.366
44521,74.975,69.324
44541,68.159,69.259
44561,61.377,69.173
44581,54.633,69.068
44601,47.927,68.948
44621,41.263,68.816
44641,34.64,68.674
44661,28.06,68.526
44681,21.523,68.376
44701,15.028,68.227
44721,8.575,68.082
44741,2.162,67.946
44761,355.79,67.821
44781,349.45,67.71
44801,343.14,67.617
44821,336.87,67.545
44841,330.62,67.496
44861,324.39,67.471
44881,318.18,67.474
44901,311.99,67.505
44921,305.8,67.566
44941,299.61,67.658
44961,293.42,67.779
44981,287.23,67.931
45001,281.02,68.113
45021,274.79,68.324
45041,268.54,68.561
45061,262.27,68.824
45081,255.96,69.111
45101,249.62,69.418
45121,243.23,69.743
45141,236.81,70.082
45161,230.34,70.434
45181,223.83,70.794
45201,217.27,71.159
45221,210.67,71.526
45241,204.02,71.89
45261,197.33,72.25
45281,190.59,72.6
45301,183.82,72.939
45321,177,73.263
45341,170.15,73.569
45361,163.27,73.855
45381,156.37,74.118
45401,149.44,74.357
45421,142.49,74.57
45441,135.53,74.755
45461,128.57,74.912
45481,121.59,75.04
45501,114.62,75.138
45521,107.66,75.207
45541,100.7,75.248
45561,93.758,75.261
45581,86.834,75.248
45601,79.932,75.21
45621,73.055,75.149
45641,66.208,75.067
45661,59.392,74.966
45681,52.61,74.85
45701,45.864,74.722
45721,39.156,74.584
45741,32.488,74.44
45761,25.859,74.292
45781,19.27,74.146
45801,12.722,74.003
45821,6.2123,73.868
45841,359.74,73.743
45861,353.31,73.632
45881,346.91,73.539
45901,340.54,73.465
45921,334.2,73.413
45941,327.89,73.386
45961,321.6,73.386
45981,315.33,73.414
46001,309.07,73.471
46021,302.82,73.559
46041,296.58,73.677
46061,290.33,73.827
46081,284.09,74.006
46101,277.83,74.215
46121,271.56,74.452
46141,265.27,74.716
46161,258.97,75.004
46181,252.63,75.314
46201,246.26,75.644
46221,239.87,75.989
46241,233.43,76.348
46261,226.96,76.717
46281,220.45,77.093
46301,213.89,77.471
46321,207.3,77.848
46341,200.66,78.221
46361,193.98,78.587
46381,187.26,78.941
46401,180.5,79.281
46421,173.7,79.604
46441,166.87,79.906
46461,160,80.1862
46481,153.11,80.4416
46501,146.19,80.6706
46521,139.26,80.8717
46541,132.3,81.0438
46561,125.34,81.1862
46581,118.36,81.2985
46601,111.38,81.3809
46621,104.41,81.4336
46641,97.439,81.4577
46661,90.479,81.4541
46681,83.533,81.4245
46701,76.605,81.3708
46721,69.699,81.2949
46741,62.818,81.1995
46761,55.965,81.0873
46781,49.142,80.9611
46801,42.351,80.824
46821,35.595,80.6794
46841,28.874,80.5306
46861,22.19,80.3811
46881,15.543,80.2344
46901,8.9326,80.0939
46921,2.3585,79.963
46941,355.82,79.845
46961,349.32,79.744
46981,342.84,79.661
47001,336.4,79.601
47021,329.99,79.565
47041,323.6,79.555
47061,317.23,79.574
47081,310.88,79.623
47101,304.54,79.703
47121,298.21,79.815
47141,291.89,79.959
47161,285.58,80.135
47181,279.26,80.3422
47201,272.93,80.5797
47221,266.59,80.846
47241,260.24,81.1393
47261,253.87,81.4575
47281,247.48,81.7979
47301,241.07,82.1576
47321,234.63,82.5336
47341,228.15,82.9223
47361,221.65,83.3203
47381,215.11,83.7237
47401,208.53,84.1288
47421,201.91,84.5317
47441,195.26,84.9286
47461,188.57,85.3156
47481,181.84,85.6892
47501,175.08,86.0459
47521,168.28,86.3826
47541,161.44,86.6961
47561,154.58,86.984
47581,147.69,87.2439
47601,140.77,87.474
47621,133.83,87.6727
47641,126.87,87.839
47661,119.89,87.9723
47681,112.91,88.0723
47701,105.92,88.1392
47721,98.928,88.1738
47741,91.939,88.177
47761,84.956,88.1504
47781,77.983,88.0957
47801,71.025,88.0152
47821,64.085,87.9113
47841,57.165,87.7868
47861,50.269,87.6447
47881,43.4,87.4882
47901,36.559,87.3208
47921,29.749,87.146
47941,22.971,86.9674
47961,16.225,86.7887
47981,9.5122,86.6137
48001,2.8329,86.4458
48021,356.19,86.2888
48041,349.57,86.1461
48061,342.99,86.0208
48081,336.43,85.9163
48101,329.91,85.8351
48121,323.41,85.78
48141,316.93,85.753
48161,310.47,85.7562
48181,304.02,85.791
48201,297.59,85.8586
48221,291.17,85.9596
48241,284.76,86.0943
48261,278.34,86.2626
48281,271.93,86.4638
48301,265.51,86.697
48321,259.08,86.9606
48341,252.64,87.2529
48361,246.19,87.5715
48381,239.71,87.9139
48401,233.22,88.2771
48421,226.7,88.6577
48441,220.15,89.05232
48461,213.57,89.45714
48481,206.97,89.86822
48501,200.33,90.28149
48521,193.66,90.6928
48541,186.96,91.098
48561,180.22,91.4929
48581,173.45,91.8735
48601,166.65,92.236
48621,159.82,92.5765
48641,152.96,92.8918
48661,146.06,93.1787
48681,139.15,93.4345
48701,132.21,93.657
48721,125.25,93.8442
48741,118.27,93.9947
48761,111.28,94.1078
48781,104.28,94.183
48801,97.273,94.2204
48821,90.265,94.2206
48841,83.258,94.1848
48861,76.257,94.1146
48881,69.265,94.0119
48901,62.286,93.8792
48921,55.323,93.7192
48941,48.379,93.535
48961,41.456,93.33
48981,34.558,93.1077
49001,27.686,92.8719
49021,20.841,92.6265
49041,14.026,92.3755
49061,7.2401,92.1229
49081,0.48465,91.8726
49101,353.76,91.6287
49121,347.06,91.3949
49141,340.4,91.175
49161,333.76,90.97246
49181,327.15,90.79055
49201,320.56,90.6323
49221,313.99,90.50044
49241,307.45,90.39735
49261,300.92,90.32507
49281,294.4,90.28525
49301,287.89,90.27914
49321,281.4,90.30757
49341,274.9,90.37094
49361,268.41,90.46922
49381,261.91,90.60194
49401,255.41,90.76818
49421,248.9,90.96661
49441,242.37,91.1955
49461,235.83,91.4527
49481,229.27,91.7356
49501,222.69,92.0415
49521,216.09,92.367
49541,209.46,92.7088
49561,202.81,93.0631
49581,196.13,93.426
49601,189.41,93.7934
49621,182.67,94.161
49641,175.9,94.5246
49661,169.1,94.8799
49681,162.27,95.2227
49701,155.41,95.5487
49721,148.52,95.8541
49741,141.61,96.135
49761,134.68,96.3879
49781,127.72,96.6097
49801,120.75,96.7975
49821,113.76,96.949
49841,106.76,97.0623
49861,99.757,97.136
49881,92.744,97.1693
49901,85.73,97.1619
49921,78.718,97.1139
49941,71.712,97.0263
49961,64.715,96.9003
49981,57.731,96.7378
50001,50.762,96.5411
50021,43.812,96.3129
50041,36.883,96.0563
50061,29.978,95.7748
50081,23.098,95.4721
50101,16.245,95.1522
50121,9.4199,94.8191
50141,2.6241,94.4771
50161,355.86,94.1305
50181,349.12,93.7835
50201,342.41,93.4403
50221,335.73,93.105
50241,329.08,92.7816
50261,322.46,92.4739
50281,315.85,92.1852
50301,309.28,91.919
50321,302.71,91.6781
50341,296.17,91.4651
50361,289.64,91.2823
50381,283.13,91.1315
50401,276.62,91.0141
50421,270.11,90.93114
50441,263.61,90.88319
50461,257.1,90.87038
50481,250.59,90.89243
50501,244.07,90.94859
50521,237.53,91.0377
50541,230.99,91.1582
50561,224.42,91.3082
50581,217.84,91.4853
50601,211.23,91.6868
50621,204.59,91.9097
50641,197.93,92.1509
50661,191.24,92.4068
50681,184.53,92.6737
50701,177.78,92.9477
50721,171,93.2248
50741,164.2,93.5009
50761,157.36,93.7721
50781,150.5,94.0341
50801,143.61,94.283
50821,136.69,94.5149
50841,129.76,94.7261
50861,122.8,94.913
50881,115.83,95.0725
50901,108.84,95.2016
50921,101.84,95.2977
50941,94.832,95.3588
50961,87.823,95.3831
50981,80.813,95.3694
51001,73.807,95.3169
51021,66.809,95.2255
51041,59.822,95.0954
51061,52.85,94.9275
51081,45.896,94.7231
51101,38.963,94.4841
51121,32.054,94.2127
51141,25.171,93.9117
51161,18.316,93.5841
51181,11.49,93.2335
51201,4.696,92.8635
51221,357.93,92.478
51241,351.2,92.0812
51261,344.5,91.6773
51281,337.84,91.2704
51301,331.2,90.86476
51321,324.6,90.46456
51341,318.02,90.0738
51361,311.47,89.69632
51381,304.94,89.33576
51401,298.44,88.9955
51421,291.96,88.6785
51441,285.49,88.3876
51461,279.03,88.1252
51481,272.59,87.8932
51501,266.15,87.6932
51521,259.71,87.5263
51541,253.27,87.3933
51561,246.83,87.2944
51581,240.38,87.2295
51601,233.92,87.1981
51621,227.45,87.199
51641,220.95,87.2309
51661,214.44,87.2921
51681,207.9,87.3803
51701,201.34,87.493
51721,194.74,87.6276
51741,188.12,87.7809
51761,181.47,87.9497
51781,174.79,88.1305
51801,168.07,88.3198
51821,161.32,88.5138
51841,154.54,88.7089
51861,147.73,88.9011
51881,140.89,89.08692
51901,134.02,89.26253
51921,127.12,89.42442
51941,120.2,89.5692
51961,113.26,89.69368
51981,106.3,89.79492
52001,99.33,89.87023
52021,92.345,89.917249
52041,85.353,89.933963
52061,78.357,89.918726
52081,71.363,89.87029
52101,64.374,89.78784
52121,57.394,89.67099
52141,50.428,89.51979
52161,43.478,89.33477
52181,36.549,89.1169
52201,29.644,88.8676
52221,22.767,88.5887
52241,15.919,88.2824
52261,9.1031,87.9513
52281,2.3214,87.5984
52301,355.58,87.227
52321,348.87,86.8405
52341,342.19,86.4426
52361,335.56,86.0372
52381,328.96,85.6281
52401,322.39,85.2193
52421,315.86,84.8148
52441,309.36,84.4183
52461,302.89,84.0336
52481,296.45,83.6642
52501,290.03,83.3133
52521,283.64,82.9841
52541,277.26,82.6792
52561,270.9,82.401
52581,264.55,82.1514
52601,258.21,81.9321
52621,251.86,81.7442
52641,245.52,81.5886
52661,239.17,81.4654
52681,232.82,81.3746
52701,226.45,81.3157
52721,220.06,81.2876
52741,213.66,81.2891
52761,207.23,81.3183
52781,200.77,81.3733
52801,194.29,81.4516
52821,187.78,81.5505
52841,181.23,81.6672
52861,174.65,81.7984
52881,168.03,81.9408
52901,161.38,82.0912
52921,154.69,82.2459
52941,147.97,82.4014
52961,141.21,82.5542
52981,134.42,82.7009
53001,127.59,82.838
53021,120.74,82.9623
53041,113.85,83.0709
53061,106.95,83.1607
53081,100.02,83.2292
53101,93.072,83.2741
53121,86.111,83.2932
53141,79.14,83.2849
53161,72.162,83.2478
53181,65.183,83.1809
53201,58.206,83.0835
53221,51.237,82.9554
53241,44.278,82.7967
53261,37.336,82.608
53281,30.413,82.3902
53301,23.515,82.1446
53321,16.644,81.8729
53341,9.8036,81.5771
53361,2.9972,81.2597
53381,356.23,80.9232
53401,349.5,80.5706
53421,342.8,80.2051
53441,336.15,79.83
53461,329.54,79.449
53481,322.97,79.065
53501,316.44,78.683
53521,309.95,78.305
53541,303.5,77.936
53561,297.08,77.578
53581,290.7,77.236
53601,284.34,76.912
53621,278.01,76.609
53641,271.7,76.329
53661,265.41,76.076
53681,259.14,75.85
53701,252.87,75.653
53721,246.61,75.487
53741,240.35,75.351
53761,234.08,75.246
53781,227.81,75.172
53801,221.52,75.129
53821,215.22,75.114
53841,208.9,75.128
53861,202.55,75.167
53881,196.17,75.23
53901,189.76,75.314
53921,183.32,75.417
53941,176.84,75.535
53961,170.33,75.666
53981,163.78,75.806
54001,157.19,75.951
54021,150.56,76.099
54041,143.89,76.247
54061,137.18,76.389
54081,130.43,76.524
54101,123.65,76.648
54121,116.84,76.758
54141,109.99,76.851
54161,103.12,76.924
54181,96.215,76.976
54201,89.292,77.004
54221,82.351,77.006
54241,75.395,76.981
54261,68.429,76.928
54281,61.457,76.846
54301,54.485,76.735
54321,47.516,76.595
54341,40.555,76.426
54361,33.607,76.228
54381,26.676,76.004
54401,19.767,75.754
54421,12.884,75.481
54441,6.0316,75.186
54461,359.21,74.871
54481,352.43,74.541
54501,345.69,74.196
54521,338.99,73.842
54541,332.33,73.48
54561,325.71,73.114
54581,319.14,72.748
54601,312.62,72.385
54621,306.14,72.029
54641,299.7,71.682
54661,293.31,71.349
54681,286.95,71.032
54701,280.62,70.735
54721,274.33,70.459
54741,268.06,70.208
54761,261.82,69.983
54781,255.59,69.785
54801,249.38,69.617
54821,243.17,69.479
54841,236.97,69.371
54861,230.77,69.294
54881,224.56,69.246
54901,218.34,69.228
54921,212.1,69.237
54941,205.84,69.272
54961,199.56,69.332
54981,193.24,69.413
55001,186.9,69.513
55021,180.52,69.63
55041,174.1,69.76
55061,167.64,69.899
55081,161.15,70.046
55101,154.61,70.195
55121,148.03,70.344
55141,141.4,70.489
55161,134.74,70.626
55181,128.03,70.753
55201,121.29,70.867
55221,114.51,70.964
55241,107.69,71.041
55261,100.85,71.097
55281,93.969,71.129
55301,87.067,71.135
55321,80.142,71.113
55341,73.2,71.063
55361,66.243,70.984
55381,59.277,70.875
55401,52.306,70.735
55421,45.335,70.566
55441,38.369,70.369
55461,31.411,70.143
55481,24.468,69.891
55501,17.543,69.614
55521,10.642,69.314
55541,3.769,68.994
55561,356.93,68.657
55581,350.12,68.305
55601,343.36,67.941
55621,336.63,67.569
55641,329.95,67.192
55661,323.32,66.814
55681,316.74,66.438
55701,310.2,66.068
55721,303.71,65.706
55741,297.27,65.358
55761,290.88,65.025
55781,284.53,64.712
55801,278.22,64.42
55821,271.94,64.152
55841,265.7,63.91
55861,259.49,63.697
55881,253.31,63.514
55901,247.14,63.361
55921,240.98,63.239
55941,234.83,63.149
55961,228.69,63.089
55981,222.53,63.06
56001,216.37,63.06
56021,210.2,63.088
56041,204,63.14
56061,197.78,63.216
56081,191.53,63.313
56101,185.25,63.427
56121,178.94,63.555
56141,172.58,63.694
56161,166.19,63.84
56181,159.75,63.99
56201,153.27,64.141
56221,146.74,64.288
56241,140.17,64.427
56261,133.56,64.556
56281,126.9,64.672
56301,120.21,64.77
56321,113.47,64.848
56341,106.7,64.903
56361,99.888,64.933
56381,93.047,64.935
56401,86.177,64.909
56421,79.282,64.852
56441,72.366,64.764
56461,65.432,64.643
56481,58.485,64.49
56501,51.53,64.304
56521,44.57,64.087
56541,37.61,63.839
56561,30.656,63.562
56581,23.713,63.257
56601,16.784,62.927
56621,9.8747,62.573
56641,2.9902,62.199
56661,356.13,61.808
56681,349.31,61.402
56701,342.53,60.987
56721,335.79,60.564
56741,329.09,60.139
56761,322.44,59.715
56781,315.84,59.296
56801,309.29,58.885
56821,302.79,58.488
56841,296.35,58.107
56861,289.96,57.746
56881,283.62,57.409
56901,277.32,57.098
56921,271.08,56.815
56941,264.87,56.564
56961,258.7,56.345
56981,252.56,56.161
57001,246.45,56.012
57021,240.35,55.898
57041,234.27,55.819
57061,228.2,55.774
57081,222.13,55.763
57101,216.05,55.783
57121,209.96,55.832
57141,203.85,55.909
57161,197.72,56.009
57181,191.56,56.13
57201,185.37,56.268
57221,179.14,56.42
57241,172.87,56.582
57261,166.56,56.749
57281,160.21,56.918
57301,153.81,57.084
57321,147.37,57.244
57341,140.88,57.394
57361,134.35,57.529
57381,127.77,57.647
57401,121.15,57.743
57421,114.49,57.815
57441,107.79,57.86
57461,101.05,57.876
57481,94.278,57.859
57501,87.476,57.81
57521,80.646,57.725
57541,73.794,57.604
57561,66.921,57.447
57581,60.034,57.252
57601,53.134,57.022
57621,46.228,56.756
57641,39.319,56.455
57661,32.413,56.121
57681,25.513,55.756
57701,18.625,55.363
57721,11.753,54.944
57741,4.9024,54.503
57761,358.08,54.043
57781,351.28,53.567
57801,344.52,53.081
57821,337.8,52.588
57841,331.13,52.093
57861,324.5,51.601
57881,317.92,51.116
57901,311.4,50.644
57921,304.93,50.188
57941,298.51,49.754
57961,292.16,49.346
57981,285.86,48.968
58001,279.62,48.624
58021,273.43,48.316
58041,267.29,48.048
58061,261.19,47.821
58081,255.13,47.638
58101,249.11,47.498
58121,243.11,47.403
58141,237.13,47.351
58161,231.17,47.342
58181,225.21,47.374
58201,219.24,47.444
58221,213.27,47.549
58241,207.28,47.687
58261,201.26,47.853
58281,195.22,48.043
58301,189.14,48.253
58321,183.03,48.478
58341,176.87,48.714
58361,170.67,48.955
58381,164.43,49.197
58401,158.14,49.435
58421,151.8,49.664
58441,145.41,49.88
58461,138.98,50.079
58481,132.51,50.256
58501,125.99,50.408
58521,119.43,50.531
58541,112.83,50.622
58561,106.2,50.679
58581,99.537,50.7
58601,92.845,50.681
58621,86.127,50.622
58641,79.389,50.522
58661,72.633,50.38
58681,65.864,50.196
58701,59.087,49.97
58721,52.305,49.704
58741,45.524,49.397
58761,38.746,49.053
58781,31.978,48.673
58801,25.223,48.259
58821,18.487,47.816
58841,11.772,47.346
58861,5.085,46.853
58881,358.43,46.343
58901,351.81,45.818
58921,345.23,45.285
58941,338.69,44.749
58961,332.2,44.215
58981,325.76,43.69
59001,319.37,43.178
59021,313.04,42.687
59041,306.77,42.221
59061,300.55,41.786
59081,294.38,41.389
59101,288.28,41.033
59121,282.22,40.723
59141,276.21,40.463
59161,270.24,40.256
59181,264.31,40.104
59201,258.41,40.008
59221,252.53,39.969
59241,246.67,39.986
59261,240.8,40.058
59281,234.94,40.182
59301,229.06,40.355
59321,223.17,40.574
59341,217.24,40.833
59361,211.29,41.127
59381,205.3,41.452
59401,199.26,41.802
59421,193.19,42.17
59441,187.06,42.551
59461,180.89,42.939
59481,174.67,43.328
59501,168.4,43.712
59521,162.09,44.087
59541,155.72,44.447
59561,149.32,44.787
59581,142.87,45.102
59601,136.39,45.39
59621,129.87,45.645
59641,123.32,45.865
59661,116.74,46.047
59681,110.14,46.189
59701,103.52,46.288
59721,96.89,46.343
59741,90.245,46.353
59761,83.594,46.318
59781,76.942,46.237
59801,70.292,46.111
59821,63.65,45.941
59841,57.02,45.728
59861,50.406,45.474
59881,43.813,45.182
59901,37.244,44.853
59921,30.704,44.492
59941,24.197,44.102
59961,17.726,43.687
59981,11.295,43.252
60001,4.9064,42.802
60021,358.56,42.341
60041,352.27,41.875
60061,346.02,41.411
60081,339.82,40.954
60101,333.67,40.511
60121,327.58,40.087
60141,321.53,39.69
60161,315.52,39.324
60181,309.56,38.997
60201,303.63,38.713
60221,297.73,38.477
60241,291.86,38.294
60261,286,38.167
60281,280.16,38.099
60301,274.31,38.091
60321,268.46,38.144
60341,262.58,38.258
60361,256.69,38.43
60381,250.76,38.659
60401,244.8,38.94
60421,238.79,39.271
60441,232.73,39.646
60461,226.63,40.06
60481,220.47,40.506
60501,214.26,40.979
60521,207.99,41.473
60541,201.68,41.981
60561,195.31,42.497
60581,188.89,43.015
60601,182.43,43.529
60621,175.93,44.034
60641,169.39,44.524
60661,162.81,44.995
60681,156.21,45.442
60701,149.57,45.86
60721,142.91,46.247
60741,136.24,46.598
60761,129.55,46.912
60781,122.85,47.186
60801,116.14,47.419
60821,109.44,47.608
60841,102.74,47.753
60861,96.044,47.854
60881,89.363,47.911
60901,82.699,47.924
60921,76.055,47.895
60941,69.436,47.824
60961,62.846,47.715
60981,56.288,47.569
61001,49.765,47.388
61021,43.28,47.177
61041,36.837,46.939
61061,30.437,46.678
61081,24.083,46.397
61101,17.775,46.102
61121,11.514,45.798
61141,5.3015,45.489
61161,359.14,45.18
61181,353.02,44.878
61201,346.94,44.586
61221,340.9,44.312
61241,334.9,44.059
61261,328.93,43.833
61281,322.99,43.639
61301,317.07,43.481
61321,311.16,43.362
61341,305.25,43.288
61361,299.35,43.26
61381,293.43,43.28
61401,287.49,43.35
61421,281.53,43.471
61441,275.53,43.641
61461,269.5,43.861
61481,263.41,44.129
61501,257.28,44.441
61521,251.09,44.795
61541,244.84,45.188
61561,238.54,45.614
61581,232.18,46.069
61601,225.76,46.548
61621,219.29,47.047
61641,212.76,47.559
61661,206.18,48.079
61681,199.56,48.602
61701,192.89,49.124
61721,186.18,49.638
61741,179.44,50.14
61761,172.67,50.626
61781,165.87,51.091
61801,159.05,51.532
61821,152.21,51.945
61841,145.37,52.328
61861,138.51,52.677
61881,131.66,52.991
61901,124.8,53.268
61921,117.96,53.507
61941,111.12,53.706
61961,104.3,53.866
61981,97.498,53.987
62001,90.719,54.069
62021,83.966,54.113
62041,77.244,54.121
62061,70.555,54.095
62081,63.903,54.036
62101,57.29,53.948
62121,50.718,53.833
62141,44.189,53.695
62161,37.706,53.536
62181,31.268,53.362
62201,24.876,53.176
62221,18.53,52.981
62241,12.23,52.783
62261,5.975,52.586
62281,359.76,52.394
62301,353.59,52.211
62321,347.45,52.043
62341,341.35,51.892
62361,335.27,51.763
62381,329.22,51.659
62401,323.18,51.585
62421,317.16,51.542
62441,311.14,51.533
62461,305.11,51.561
62481,299.08,51.626
62501,293.03,51.73
62521,286.96,51.873
62541,280.86,52.056
62561,274.72,52.276
62581,268.54,52.533
62601,262.32,52.825
62621,256.04,53.15
62641,249.72,53.505
62661,243.34,53.886
62681,236.91,54.29
62701,230.42,54.713
62721,223.87,55.152
62741,217.28,55.601
62761,210.63,56.057
62781,203.94,56.516
62801,197.2,56.972
62821,190.42,57.422
62841,183.6,57.862
62861,176.75,58.288
62881,169.88,58.696
62901,162.98,59.083
62921,156.06,59.446
62941,149.13,59.783
62961,142.19,60.09
62981,135.25,60.367
63001,128.31,60.611
63021,121.37,60.822
63041,114.45,60.998
63061,107.54,61.14
63081,100.65,61.248
63101,93.781,61.322
63121,86.939,61.364
63141,80.127,61.374
63161,73.347,61.354
63181,66.604,61.307
63201,59.899,61.235
63221,53.235,61.141
63241,46.614,61.027
63261,40.035,60.898
63281,33.502,60.755
63301,27.014,60.604
63321,20.57,60.448
63341,14.171,60.29
63361,7.8143,60.134
63381,1.4992,59.985
63401,355.22,59.845
63421,348.98,59.72
63441,342.77,59.611
63461,336.6,59.522
63481,330.44,59.456
63501,324.3,59.416
63521,318.18,59.404
63541,312.07,59.422
63561,305.96,59.471
63581,299.84,59.553
63601,293.71,59.667
63621,287.57,59.814
63641,281.41,59.994
63661,275.22,60.205
63681,268.99,60.447
63701,262.73,60.717
63721,256.43,61.014
63741,250.09,61.334
63761,243.69,61.676
63781,237.25,62.035
63801,230.76,62.409
63821,224.22,62.795
63841,217.63,63.188
63861,210.98,63.584
63881,204.29,63.981
63901,197.56,64.374
63921,190.78,64.76
63941,183.97,65.136
63961,177.12,65.497
63981,170.24,65.842
64001,163.33,66.166
64021,156.4,66.468
64041,149.45,66.745
64061,142.49,66.995
64081,135.53,67.217
64101,128.56,67.409
64121,121.59,67.571
64141,114.63,67.701
64161,107.69,67.801
64181,100.75,67.87
64201,93.842,67.909
64221,86.953,67.92
64241,80.092,67.903
64261,73.261,67.86
64281,66.463,67.793
64301,59.702,67.706
64321,52.98,67.6
64341,46.297,67.478
64361,39.657,67.345
64381,33.059,67.202
64401,26.504,67.053
64421,19.992,66.902
64441,13.524,66.753
64461,7.0962,66.609
64481,0.70902,66.473
64501,354.36,66.348
64521,348.05,66.239
64541,341.77,66.148
64561,335.51,66.078
64581,329.29,66.031
64601,323.08,66.009
64621,316.89,66.016
64641,310.71,66.05
64661,304.54,66.115
64681,298.36,66.21
64701,292.18,66.336
64721,286,66.493
64741,279.79,66.679
64761,273.57,66.893
64781,267.32,67.135
64801,261.04,67.402
64821,254.72,67.693
64841,248.37,68.003
64861,241.98,68.332
64881,235.54,68.675
64901,229.06,69.029
64921,222.53,69.392
64941,215.96,69.759
64961,209.34,70.127
64981,202.67,70.493
65001,195.96,70.853
65021,189.2,71.204
65041,182.41,71.542
65061,175.58,71.866
65081,168.72,72.171
65101,161.83,72.456
65121,154.91,72.718
65141,147.97,72.955
65161,141.02,73.166
65181,134.06,73.349
65201,127.08,73.503
65221,120.11,73.628
65241,113.14,73.724
65261,106.18,73.791
65281,99.232,73.828
65301,92.299,73.839
65321,85.386,73.823
65341,78.496,73.782
65361,71.635,73.718
65381,64.804,73.633
65401,58.006,73.531
65421,51.243,73.413
65441,44.518,73.282
65461,37.833,73.143
65481,31.187,72.997
65501,24.582,72.849
65521,18.018,72.702
65541,11.494,72.559
65561,5.0103,72.424
65581,358.56,72.3
65601,352.16,72.19
65621,345.78,72.097
65641,339.44,72.025
65661,333.12,71.975
65681,326.83,71.949
65701,320.57,71.951
65721,314.31,71.981
65741,308.08,72.04
65761,301.85,72.13
65781,295.62,72.25
65801,289.39,72.4
65821,283.15,72.581
65841,276.91,72.791
65861,270.64,73.028
65881,264.36,73.292
65901,258.05,73.579
65921,251.72,73.888
65941,245.35,74.215
65961,238.95,74.558
65981,232.51,74.914
66001,226.03,75.279
66021,219.5,75.65
66041,212.94,76.023
66061,206.33,76.395
66081,199.68,76.762
66101,192.98,77.121
66121,186.25,77.469
66141,179.48,77.802
66161,172.67,78.117
66181,165.82,78.412
66201,158.95,78.685
66221,152.04,78.933
66241,145.12,79.155
66261,138.17,79.35
66281,131.21,79.515
66301,124.25,79.651
66321,117.27,79.758
66341,110.3,79.835
66361,103.33,79.882
66381,96.362,79.902
66401,89.411,79.895
66421,82.476,79.862
66441,75.561,79.805
66461,68.67,79.727
66481,61.806,79.631
66501,54.971,79.518
66521,48.169,79.391
66541,41.4,79.254
66561,34.667,79.111
66581,27.97,78.964
66601,21.312,78.817
66621,14.691,78.673
66641,8.1073,78.536
66661,1.5608,78.409
66681,355.05,78.295
66701,348.57,78.198
66721,342.13,78.121
66741,335.72,78.066
66761,329.33,78.035
66781,322.97,78.031
66801,316.62,78.056
66821,310.3,78.111
66841,303.99,78.196
66861,297.68,78.313
66881,291.38,78.462
66901,285.09,78.642
66921,278.78,78.853
66941,272.48,79.094
66961,266.15,79.362
66981,259.82,79.657
67001,253.46,79.976
67021,247.08,80.316
67041,240.67,80.6743
67061,234.23,81.0479
67081,227.76,81.4331
67101,221.26,81.8265
67121,214.71,82.2245
67141,208.13,82.6231
67161,201.52,83.0186
67181,194.86,83.4074
67201,188.16,83.7856
67221,181.43,84.15
67241,174.66,84.4971
67261,167.85,84.8239
67281,161.01,85.1275
67301,154.14,85.4057
67321,147.24,85.6561
67341,140.31,85.8772
67361,133.37,86.0675
67381,126.41,86.2262
67401,119.43,86.3527
67421,112.45,86.4469
67441,105.47,86.5092
67461,98.478,86.5402
67481,91.496,86.5412
67501,84.522,86.5136
67521,77.56,86.4592
67541,70.614,86.3804
67561,63.688,86.2794
67581,56.784,86.1592
67601,49.906,86.0228
67621,43.056,85.8732
67641,36.236,85.714
67661,29.448,85.5485
67681,22.693,85.3805
67701,15.971,85.2134
67721,9.2838,85.051
67741,2.6306,84.8967
67761,356.01,84.7542
67781,349.42,84.6267
67801,342.87,84.5175
67821,336.34,84.4294
67841,329.84,84.3654
67861,323.37,84.3277
67881,316.92,84.3185
67901,310.48,84.3395
67921,304.07,84.3922
67941,297.66,84.4776
67961,291.27,84.596
67981,284.88,84.7479
68001,278.49,84.9327
68021,272.09,85.1498
68041,265.7,85.398
68061,259.29,85.6758
68081,252.87,85.9811
68101,246.43,86.3116
68121,239.97,86.6646
68141,233.49,87.0369
68161,226.98,87.4253
68181,220.45,87.8262
68201,213.88,88.2358
68221,207.29,88.6501
68241,200.66,89.06505
68261,194,89.47662
68281,187.3,89.8807
68301,180.57,90.27324
68321,173.8,90.65035
68341,167,91.0083
68361,160.17,91.3436
68381,153.31,91.6531
68401,146.42,91.9338
68421,139.5,92.1834
68441,132.56,92.3998
68461,125.6,92.5813
68481,118.62,92.7268
68501,111.63,92.8357
68521,104.64,92.9078
68541,97.632,92.9435
68561,90.627,92.9434
68581,83.625,92.909
68601,76.629,92.8419
68621,69.644,92.7442
68641,62.672,92.6184
68661,55.717,92.4672
68681,48.782,92.2938
68701,41.869,92.1016
68721,34.982,91.894
68741,28.122,91.6749
68761,21.29,91.448
68781,14.488,91.2173
68801,7.7167,90.98667
68821,0.97617,90.76004
68841,354.27,90.54123
68861,347.59,90.334
68881,340.94,90.14191
68901,334.31,89.968351
68921,327.72,89.81647
68941,321.15,89.68916
68961,314.6,89.58899
68981,308.07,89.5182
69001,301.55,89.47868
69021,295.05,89.47193
69041,288.57,89.49902
69061,282.08,89.56064
69081,275.6,89.65701
69101,269.13,89.78794
69121,262.64,89.952788
69141,256.16,90.15049
69161,249.66,90.37954
69181,243.14,90.63804
69201,236.62,90.92369
69221,230.07,91.2338
69241,223.5,91.5655
69261,216.91,91.9153
69281,210.29,92.2796
69301,203.64,92.6548
69321,196.97,93.0367
69341,190.27,93.4212
69361,183.53,93.804
69381,176.77,94.1809
69401,169.97,94.5476
69421,163.15,94.8999
69441,156.29,95.2337
69461,149.41,95.545
69481,142.5,95.8303
69501,135.57,96.0863
69521,128.62,96.3098
69541,121.65,96.4985
69561,114.67,96.6501
69581,107.67,96.763
69601,100.66,96.8361
69621,93.649,96.8689
69641,86.635,96.8613
69661,79.624,96.8138
69681,72.617,96.7276
69701,65.62,96.6041
69721,58.635,96.4455
69741,51.665,96.2542
69761,44.714,96.0331
69781,37.784,95.7855
69801,30.877,95.515
69821,23.995,95.2252
69841,17.14,94.9202
69861,10.313,94.6042
69881,3.5153,94.2813
69901,356.75,93.9557
69921,350.01,93.6317
69941,343.3,93.3135
69961,336.62,93.0049
69981,329.96,92.7098
70001,323.33,92.432
70021,316.73,92.1747
70041,310.14,91.9412
70061,303.58,91.7341
70081,297.03,91.5559
70101,290.5,91.4088
70121,283.98,91.2943
70141,277.46,91.2137
70161,270.95,91.168
70181,264.44,91.1574
70201,257.93,91.182
70221,251.41,91.2413
70241,244.88,91.3344
70261,238.35,91.4599
70281,231.79,91.6162
70301,225.22,91.8011
70321,218.63,92.0122
70341,212.01,92.2465
70361,205.37,92.5011
70381,198.7,92.7725
70401,192.01,93.0571
70421,185.28,93.351
70441,178.53,93.6504
70461,171.74,93.951
70481,164.93,94.2487
70501,158.09,94.5394
70521,151.22,94.8189
70541,144.33,95.0833
70561,137.41,95.3285
70581,130.47,95.5509
70601,123.51,95.7471
70621,116.53,95.9137
70641,109.54,96.0482
70661,102.54,96.1479
70681,95.531,96.2109
70701,88.519,96.2357
70721,81.507,96.2212
70741,74.5,96.167
70761,67.5,96.0731
70781,60.512,95.9401
70801,53.537,95.7691
70821,46.581,95.5616
70841,39.645,95.3198
70861,32.733,95.0463
70881,25.845,94.744
70901,18.986,94.4162
70921,12.155,94.0665
70941,5.3545,93.6989
70961,358.58,93.3173
70981,351.85,92.926
71001,345.14,92.5293
71021,338.46,92.1313
71041,331.82,91.7364
71061,325.2,91.3486
71081,318.61,90.97189
71101,312.05,90.61012
71121,305.51,90.26682
71141,298.99,89.945229
71161,292.48,89.64832
71181,286,89.37869
71201,279.52,89.13857
71221,273.06,88.9298
71241,266.6,88.7538
71261,260.14,88.6117
71281,253.68,88.5038
71301,247.22,88.4304
71321,240.75,88.3912
71341,234.26,88.3854
71361,227.76,88.4119
71381,221.24,88.4691
71401,214.71,88.5551
71421,208.14,88.6676
71441,201.56,88.8039
71461,194.94,88.9613
71481,188.3,89.13649
71501,181.62,89.32614
71521,174.92,89.5267
71541,168.18,89.73447
71561,161.41,89.945677
71581,154.61,90.15648
71601,147.78,90.36303
71621,140.92,90.56154
71641,134.04,90.74827
71661,127.12,90.91965
71681,120.19,91.0722
71701,113.24,91.2028
71721,106.27,91.3085
71741,99.285,91.3865
71761,92.293,91.4346
71781,85.295,91.4508
71801,78.295,91.4335
71821,71.298,91.3816
71841,64.307,91.2944
71861,57.326,91.1716
71881,50.36,91.0134
71901,43.412,90.82065
71921,36.485,90.59439
71941,29.583,90.33627
71961,22.708,90.048337
71981,15.863,89.73304
72001,9.0504,89.39321
72021,2.271,89.03198
72041,355.53,88.6528
72061,348.82,88.2593
72081,342.14,87.8554
72101,335.51,87.4449
72121,328.9,87.032
72141,322.33,86.6205
72161,315.8,86.2146
72181,309.29,85.818
72201,302.81,85.4345
72221,296.36,85.0675
72241,289.93,84.7204
72261,283.52,84.396
72281,277.13,84.097
72301,270.75,83.8257
72321,264.37,83.5839
72341,258.01,83.3732
72361,251.65,83.1946
72381,245.28,83.0487
72401,238.91,82.9358
72421,232.52,82.8555
72441,226.13,82.8072
72461,219.72,82.7899
72481,213.28,82.8021
72501,206.83,82.8418
72521,200.34,82.9071
72541,193.83,82.9953
72561,187.29,83.1037
72581,180.71,83.2293
72601,174.1,83.3688
72621,167.46,83.519
72641,160.78,83.6763
72661,154.07,83.8372
72681,147.32,83.9981
72701,140.54,84.1555
72721,133.72,84.3058
72741,126.88,84.4457
72761,120.01,84.5718
72781,113.11,84.6812
72801,106.18,84.771
72821,99.243,84.8384
72841,92.285,84.8813
72861,85.316,84.8975
72881,78.338,84.8854
72901,71.355,84.8436
72921,64.374,84.7711
72941,57.396,84.6674
72961,50.428,84.5323
72981,43.474,84.366
73001,36.536,84.1691
73021,29.621,83.9427
73041,22.73,83.6882
73061,15.868,83.4073
73081,9.0382,83.1023
73101,2.2423,82.7756
73121,355.48,82.43
73141,348.76,82.0685
73161,342.08,81.6946
73181,335.44,81.3115
73201,328.84,80.923
73221,322.27,80.5327
73241,315.75,80.1443
73261,309.27,79.761
73281,302.82,79.388
73301,296.4,79.027
73321,290.01,78.682
73341,283.65,78.356
73361,277.31,78.052
73381,271,77.772
73401,264.7,77.519
73421,258.41,77.294
73441,252.13,77.099
73461,245.85,76.935
73481,239.57,76.801
73501,233.29,76.699
73521,226.99,76.629
73541,220.68,76.588
73561,214.35,76.577
73581,208,76.593
73601,201.63,76.635
73621,195.23,76.7
73641,188.79,76.787
73661,182.33,76.892
73681,175.82,77.012
73701,169.28,77.144
73721,162.71,77.286
73741,156.09,77.432
73761,149.44,77.58
73781,142.74,77.727
73801,136.01,77.869
73821,129.25,78.003
73841,122.44,78.126
73861,115.61,78.234
73881,108.75,78.324
73901,101.86,78.395
73921,94.945,78.444
73941,88.012,78.469
73961,81.062,78.467
73981,74.1,78.439
74001,67.13,78.381
74021,60.156,78.295
74041,53.184,78.18
74061,46.218,78.035
74081,39.262,77.861
74101,32.32,77.659
74121,25.399,77.43
74141,18.501,77.176
74161,11.63,76.898
74181,4.7911,76.598
74201,357.99,76.28
74221,351.22,75.946
74241,344.49,75.598
74261,337.81,75.24
74281,331.17,74.876
74301,324.57,74.508
74321,318.01,74.14
74341,311.5,73.775
74361,305.04,73.418
74381,298.61,73.072
74401,292.22,72.739
74421,285.87,72.422
74441,279.54,72.126
74461,273.25,71.852
74481,266.98,71.602
74501,260.74,71.379
74521,254.5,71.184
74541,248.28,71.019
74561,242.07,70.883
74581,235.85,70.778
74601,229.63,70.704
74621,223.41,70.659
74641,217.17,70.643
74661,210.91,70.655
74681,204.63,70.692
74701,198.32,70.754
74721,191.98,70.837
74741,185.61,70.939
74761,179.21,71.057
74781,172.76,71.187
74801,166.28,71.327
74821,159.76,71.474
74841,153.2,71.623
74861,146.59,71.771
74881,139.95,71.915
74901,133.26,72.052
74921,126.53,72.178
74941,119.77,72.29
74961,112.97,72.386
74981,106.14,72.462
75001,99.275,72.516
75021,92.385,72.547
75041,85.471,72.551
75061,78.536,72.529
75081,71.586,72.478
75101,64.624,72.398
75121,57.655,72.288
75141,50.683,72.149
75161,43.713,71.98
75181,36.749,71.783
75201,29.798,71.559
75221,22.862,71.308
75241,15.948,71.034
75261,9.0591,70.737
75281,2.1997,70.42
75301,355.37,70.087
75321,348.59,69.739
75341,341.84,69.38
75361,335.13,69.013
75381,328.47,68.642
75401,321.86,68.27
75421,315.29,67.9
75441,308.77,67.537
75461,302.3,67.183
75481,295.88,66.842
75501,289.49,66.517
75521,283.15,66.211
75541,276.85,65.926
75561,270.58,65.666
75581,264.35,65.432
75601,258.14,65.226
75621,251.94,65.05
75641,245.77,64.903
75661,239.6,64.788
75681,233.44,64.704
75701,227.28,64.649
75721,221.11,64.625
75741,214.93,64.629
75761,208.73,64.66
75781,202.51,64.716
75801,196.27,64.795
75821,190,64.893
75841,183.69,65.008
75861,177.34,65.137
75881,170.96,65.277
75901,164.54,65.423
75921,158.07,65.572
75941,151.56,65.722
75961,145.01,65.867
75981,138.41,66.006
76001,131.77,66.133
76021,125.09,66.247
76041,118.37,66.343
76061,111.61,66.42
76081,104.81,66.474
76101,97.98,66.502
76121,91.12,66.504
76141,84.232,66.478
76161,77.321,66.421
76181,70.391,66.333
76201,63.445,66.214
76221,56.489,66.063
76241,49.525,65.881
76261,42.56,65.668
76281,35.598,65.425
76301,28.643,65.154
76321,21.701,64.856
76341,14.776,64.533
76361,7.8739,64.189
76381,0.99803,63.825
76401,354.15,63.445
76421,347.34,63.051
76441,340.57,62.648
76461,333.85,62.24
76481,327.17,61.829
76501,320.53,61.419
76521,313.95,61.015
76541,307.42,60.621
76561,300.94,60.239
76581,294.51,59.874
76601,288.13,59.528
76621,281.8,59.205
76641,275.51,58.909
76661,269.27,58.64
76681,263.06,58.401
76701,256.89,58.194
76721,250.75,58.021
76741,244.62,57.881
76761,238.52,57.775
76781,232.42,57.702
76801,226.32,57.663
76821,220.23,57.655
76841,214.12,57.678
76861,208,57.728
76881,201.86,57.804
76901,195.7,57.902
76921,189.51,58.02
76941,183.28,58.154
76961,177.02,58.301
76981,170.71,58.456
77001,164.37,58.616
77021,157.98,58.777
77041,151.55,58.935
77061,145.07,59.085
77081,138.54,59.226
77101,131.97,59.352
77121,125.36,59.46
77141,118.71,59.547
77161,112.01,59.61
77181,105.28,59.646
77201,98.509,59.653
77221,91.708,59.629
77241,84.877,59.572
77261,78.02,59.481
77281,71.141,59.355
77301,64.244,59.194
77321,57.333,58.997
77341,50.412,58.765
77361,43.486,58.498
77381,36.559,58.199
77401,29.637,57.868
77421,22.723,57.508
77441,15.822,57.121
77461,8.9403,56.71
77481,2.0815,56.279
77501,355.25,55.83
77521,348.45,55.367
77541,341.69,54.895
77561,334.97,54.419
77581,328.3,53.941
77601,321.67,53.467
77621,315.09,53.001
77641,308.57,52.549
77661,302.11,52.113
77681,295.7,51.699
77701,289.34,51.311
77721,283.04,50.952
77741,276.8,50.625
77761,270.6,50.334
77781,264.45,50.08
77801,258.35,49.866
77821,252.28,49.693
77841,246.23,49.561
77861,240.22,49.471
77881,234.21,49.421
77901,228.22,49.412
77921,222.23,49.44
77941,216.23,49.503
77961,210.23,49.599
77981,204.2,49.725
78001,198.15,49.877
78021,192.07,50.05
78041,185.95,50.241
78061,179.8,50.445
78081,173.6,50.658
78101,167.37,50.875
78121,161.08,51.091
78141,154.75,51.302
78161,148.38,51.504
78181,141.96,51.692
78201,135.49,51.862
78221,128.98,52.011
78241,122.42,52.134
78261,115.83,52.228
78281,109.19,52.292
78301,102.53,52.321
78321,95.826,52.313
78341,89.097,52.268
78361,82.343,52.184
78381,75.568,52.059
78401,68.776,51.894
78421,61.971,51.688
78441,55.156,51.441
78461,48.337,51.155
78481,41.518,50.832
78501,34.704,50.471
78521,27.898,50.077
78541,21.106,49.652
78561,14.332,49.199
78581,7.5799,48.721
78601,0.85551,48.223
78621,354.16,47.709
78641,347.51,47.184
78661,340.89,46.652
78681,334.32,46.118
78701,327.79,45.589
78721,321.32,45.07
78741,314.9,44.567
78761,308.54,44.084
78781,302.23,43.628
78801,295.99,43.204
78821,289.8,42.816
78841,283.66,42.47
78861,277.58,42.169
78881,271.54,41.916
78901,265.55,41.715
78921,259.6,41.566
78941,253.68,41.471
78961,247.78,41.43
78981,241.89,41.441
79001,236.01,41.504
79021,230.13,41.615
79041,224.24,41.772
79061,218.33,41.971
79081,212.4,42.207
79101,206.44,42.475
79121,200.44,42.771
79141,194.4,43.088
79161,188.32,43.422
79181,182.19,43.766
79201,176.02,44.115
79221,169.8,44.464
79241,163.53,44.807
79261,157.21,45.138
79281,150.85,45.453
79301,144.44,45.748
79321,137.99,46.018
79341,131.5,46.259
79361,124.98,46.467
79381,118.42,46.64
79401,111.84,46.775
79421,105.23,46.869
79441,98.598,46.921
79461,91.95,46.929
79481,85.29,46.893
79501,78.621,46.811
79521,71.949,46.685
79541,65.278,46.514
79561,58.612,46.299
79581,51.956,46.043
79601,45.314,45.746
79621,38.69,45.412
79641,32.089,45.043
79661,25.515,44.643
79681,18.972,44.215
79701,12.464,43.763
79721,5.9937,43.293
79741,359.57,42.809
79761,353.18,42.317
79781,346.85,41.822
79801,340.56,41.33
79821,334.32,40.847
79841,328.14,40.381
79861,322,39.936
79881,315.92,39.519
79901,309.88,39.137
79921,303.89,38.795
79941,297.94,38.499
79961,292.02,38.252
79981,286.14,38.06
80001,280.27,37.926
80021,274.42,37.852
80041,268.58,37.839
80061,262.73,37.887
80081,256.87,37.996
80101,251,38.164
80121,245.09,38.387
80141,239.16,38.663
80161,233.18,38.987
80181,227.16,39.353
80201,221.09,39.756
80221,214.98,40.191
80241,208.81,40.65
80261,202.59,41.128
80281,196.32,41.619
80301,190,42.115
80321,183.64,42.611
80341,177.22,43.102
80361,170.77,43.581
80381,164.27,44.044
80401,157.74,44.485
80421,151.17,44.901
80441,144.58,45.286
80461,137.96,45.639
80481,131.33,45.955
80501,124.67,46.232
80521,118.01,46.468
80541,111.33,46.662
80561,104.66,46.811
80581,97.987,46.915
80601,91.32,46.974
80621,84.665,46.989
80641,78.024,46.959
80661,71.402,46.886
80681,64.804,46.772
80701,58.233,46.619
80721,51.693,46.429
80741,45.188,46.205
80761,38.72,45.95
80781,32.293,45.669
80801,25.909,45.365
80821,19.57,45.043
80841,13.278,44.707
80861,7.0329,44.363
80881,0.8362,44.016
80901,354.69,43.672
80921,348.58,43.335
80941,342.53,43.012
80961,336.51,42.707
80981,330.53,42.428
81001,324.58,42.178
81021,318.66,41.964
81041,312.76,41.789
81061,306.87,41.657
81081,300.99,41.573
81101,295.11,41.539
81121,289.21,41.556
81141,283.3,41.627
81161,277.36,41.752
81181,271.38,41.929
81201,265.36,42.158
81221,259.3,42.437
81241,253.19,42.763
81261,247.02,43.131
81281,240.79,43.538
81301,234.51,43.979
81321,228.17,44.449
81341,221.77,44.943
81361,215.32,45.454
81381,208.81,45.978
81401,202.26,46.509
81421,195.66,47.041
81441,189.02,47.569
81461,182.34,48.088
81481,175.62,48.593
81501,168.88,49.079
81521,162.11,49.543
81541,155.32,49.981
81561,148.52,50.388
81581,141.7,50.763
81601,134.88,51.103
81621,128.06,51.406
81641,121.24,51.67
81661,114.43,51.894
81681,107.62,52.077
81701,100.84,52.22
81721,94.072,52.322
81741,87.328,52.385
81761,80.612,52.408
81781,73.926,52.395
81801,67.274,52.347
81821,60.658,52.266
81841,54.082,52.155
81861,47.548,52.018
81881,41.058,51.857
81901,34.613,51.676
81921,28.213,51.48
81941,21.861,51.272
81961,15.555,51.057
81981,9.2945,50.839
82001,3.0786,50.624
82021,356.9,50.414
82041,350.77,50.216
82061,344.67,50.034
82081,338.61,49.871
82101,332.57,49.732
82121,326.55,49.621
82141,320.54,49.541
82161,314.55,49.496
82181,308.56,49.487
82201,302.56,49.516
82221,296.55,49.586
82241,290.51,49.698
82261,284.46,49.85
82281,278.36,50.044
82301,272.23,50.278
82321,266.06,50.55
82341,259.83,50.859
82361,253.56,51.202
82381,247.23,51.575
82401,240.84,51.976
82421,234.4,52.4
82441,227.9,52.843
82461,221.35,53.301
82481,214.75,53.769
82501,208.09,54.244
82521,201.39,54.719
82541,194.65,55.192
82561,187.86,55.657
82581,181.05,56.11
82601,174.2,56.548
82621,167.32,56.967
82641,160.43,57.363
82661,153.52,57.733
82681,146.6,58.076
82701,139.67,58.387
82721,132.75,58.667
82741,125.82,58.913
82761,118.9,59.124
82781,112,59.3
82801,105.11,59.44
82821,98.242,59.545
82841,91.398,59.615
82861,84.582,59.652
82881,77.797,59.657
82901,71.046,59.632
82921,64.333,59.579
82941,57.658,59.501
82961,51.026,59.4
82981,44.436,59.28
83001,37.891,59.144
83021,31.391,58.995
83041,24.937,58.838
83061,18.527,58.676
83081,12.162,58.513
83101,5.8395,58.353
83121,359.56,58.2
83141,353.31,58.058
83161,347.11,57.93
83181,340.93,57.82
83201,334.78,57.731
83221,328.65,57.667
83241,322.54,57.629
83261,316.44,57.621
83281,310.35,57.644
83301,304.25,57.699
83321,298.15,57.787
83341,292.04,57.91
83361,285.9,58.066
83381,279.74,58.256
83401,273.55,58.478
83421,267.33,58.731
83441,261.06,59.014
83461,254.75,59.323
83481,248.39,59.657
83501,241.99,60.012
83521,235.53,60.385
83541,229.02,60.772
83561,222.46,61.171
83581,215.85,61.577
83601,209.19,61.986
83621,202.48,62.395
83641,195.73,62.799
83661,188.94,63.196
83681,182.11,63.581
83701,175.25,63.952
83721,168.35,64.304
83741,161.44,64.636
83761,154.5,64.944
83781,147.55,65.227
83801,140.59,65.482
83821,133.63,65.707
83841,126.67,65.902
83861,119.71,66.066
83881,112.75,66.199
83901,105.82,66.3
83921,98.897,66.369
83941,91.998,66.408
83961,85.126,66.418
83981,78.282,66.4
84001,71.471,66.356
84021,64.694,66.288
84041,57.955,66.199
84061,51.256,66.092
84081,44.598,65.969
84101,37.982,65.833
84121,31.41,65.689
84141,24.882,65.54
84161,18.397,65.388
84181,11.955,65.239
84201,5.555,65.094
84221,359.19,64.959
84241,352.87,64.835
84261,346.58,64.728
84281,340.33,64.638
84301,334.1,64.57
84321,327.89,64.526
84341,321.71,64.508
84361,315.53,64.518
84381,309.37,64.557
84401,303.21,64.626
84421,297.05,64.727
84441,290.88,64.858
84461,284.7,65.019
84481,278.5,65.211
84501,272.27,65.431
84521,266.02,65.679
84541,259.74,65.952
84561,253.41,66.248
84581,247.05,66.564
84601,240.64,66.897
84621,234.19,67.245
84641,227.7,67.604
84661,221.15,67.971
84681,214.56,68.342
84701,207.92,68.714
84721,201.23,69.083
84741,194.5,69.446
84761,187.73,69.799
84781,180.92,70.14
84801,174.08,70.464
84821,167.2,70.771
84841,160.3,71.056
84861,153.37,71.318
84881,146.43,71.555
84901,139.47,71.765
84921,132.5,71.947
84941,125.53,72.1
84961,118.56,72.223
84981,111.59,72.317
85001,104.63,72.382
85021,97.693,72.418
85041,90.77,72.426
85061,83.868,72.407
85081,76.993,72.364
85101,70.147,72.298
85121,63.333,72.211
85141,56.554,72.107
85161,49.811,71.987
85181,43.108,71.855
85201,36.444,71.714
85221,29.822,71.568
85241,23.241,71.419
85261,16.701,71.271
85281,10.202,71.128
85301,3.7436,70.993
85321,357.32,70.869
85341,350.94,70.76
85361,344.59,70.668
85381,338.27,70.597
85401,331.98,70.548
85421,325.71,70.525
85441,319.46,70.528
85461,313.23,70.56
85481,307.01,70.621
85501,300.8,70.713
85521,294.58,70.835
85541,288.36,70.987
85561,282.14,71.169
85581,275.9,71.38
85601,269.64,71.618
85621,263.36,71.882
85641,257.05,72.169
85661,250.72,72.478
85681,244.34,72.804
85701,237.93,73.146
85721,231.48,73.499
85741,224.99,73.862
85761,218.46,74.229
85781,211.88,74.599
85801,205.26,74.966
85821,198.59,75.329
85841,191.88,75.682
85861,185.13,76.024
85881,178.34,76.352
85901,171.52,76.661
85921,164.66,76.951
85941,157.77,77.217
85961,150.86,77.459
85981,143.93,77.675
86001,136.98,77.864
86021,130.01,78.023
86041,123.04,78.154
86061,116.07,78.255
86081,109.1,78.327
86101,102.13,78.37
86121,95.174,78.386
86141,88.233,78.375
86161,81.309,78.338
86181,74.408,78.279
86201,67.532,78.198
86221,60.685,78.1
86241,53.87,77.985
86261,47.087,77.858
86281,40.34,77.721
86301,33.63,77.577
86321,26.958,77.431
86341,20.325,77.285
86361,13.73,77.142
86381,7.1732,77.007
86401,0.65385,76.883
86421,354.17,76.772
86441,347.72,76.678
86461,341.3,76.604
86481,334.92,76.553
86501,328.56,76.526
86521,322.22,76.527
86541,315.9,76.555
86561,309.6,76.614
86581,303.31,76.703
86601,297.03,76.824
86621,290.75,76.976
86641,284.47,77.158
86661,278.19,77.372
86681,271.89,77.614
86701,265.58,77.883
86721,259.26,78.178
86741,252.91,78.496
86761,246.53,78.834
86781,240.13,79.19
86801,233.69,79.56
86821,227.22,79.941
86841,220.71,80.3287
86861,214.17,80.7204
86881,207.58,81.1119
86901,200.96,81.4996
86921,194.29,81.8798
86941,187.59,82.2491
86961,180.85,82.6041
86981,174.07,82.9415
87001,167.25,83.2585
87021,160.4,83.5525
87041,153.52,83.821
87061,146.62,84.0622
87081,139.69,84.2745
87101,132.74,84.4566
87121,125.77,84.6078
87141,118.8,84.7275
87161,111.82,84.8159
87181,104.83,84.8733
87201,97.853,84.9005
87221,90.878,84.8987
87241,83.913,84.8695
87261,76.963,84.8146
87281,70.03,84.7363
87301,63.119,84.6372
87321,56.233,84.5199
87341,49.374,84.3874
87361,42.544,84.243
87381,35.746,84.0899
87401,28.981,83.9317
87421,22.25,83.7718
87441,15.554,83.6139
87461,8.8936,83.4615
87481,2.2675,83.3181
87501,355.68,83.1871
87521,349.12,83.0719
87541,342.59,82.9755
87561,336.09,82.9008
87581,329.62,82.8505
87601,323.18,82.8268
87621,316.75,82.8318
87641,310.35,82.8671
87661,303.96,82.934
87681,297.58,83.0333
87701,291.21,83.1655
87721,284.84,83.3305
87741,278.48,83.528
87761,272.11,83.757
87781,265.73,84.0164
87801,259.34,84.3043
87821,252.94,84.6186
87841,246.51,84.957
87861,240.07,85.3166
87881,233.6,85.6943
87901,227.11,86.0866
87921,220.58,86.49
87941,214.03,86.9007
87961,207.44,87.3148
87981,200.81,87.7281
88001,194.15,88.1368
88021,187.46,88.5368
88041,180.73,88.9242
88061,173.96,89.29529
88081,167.16,89.6465
88101,160.33,89.974526
88121,153.47,90.2764
88141,146.58,90.54949
88161,139.66,90.79156
88181,132.72,91.0008
88201,125.76,91.1757
88221,118.78,91.3156
88241,111.79,91.4198
88261,104.8,91.4885
88281,97.797,91.5221
88301,90.797,91.5215
88321,83.8,91.4883
88341,76.811,91.424
88361,69.833,91.3309
88381,62.87,91.2116
88401,55.926,91.0688
88421,49.003,90.90563
88441,42.103,90.72545
88461,35.23,90.53178
88481,28.385,90.32828
88501,21.57,90.11873
88521,14.785,89.906958
88541,8.0314,89.69682
88561,1.3094,89.49213
88581,354.62,89.29663
88601,347.96,89.11395
88621,341.33,88.9475
88641,334.73,88.8007
88661,328.15,88.6764
88681,321.6,88.5774
88701,315.07,88.5062
88721,308.56,88.4649
88741,302.07,88.4551
88761,295.59,88.4783
88781,289.12,88.5353
88801,282.66,88.6267
88821,276.2,88.7526
88841,269.74,88.9125
88861,263.27,89.10579
88881,256.8,89.33111
88901,250.32,89.58684
88921,243.82,89.87094
88941,237.31,90.18096
88961,230.78,90.51411
88981,224.22,90.86726
89001,217.64,91.237
89021,211.03,91.6196
89041,204.4,92.0113
89061,197.73,92.4079
89081,191.04,92.8053
89101,184.31,93.1992
89121,177.55,93.5853
89141,170.77,93.9594
89161,163.95,94.3174
89181,157.1,94.6553
89201,150.22,94.9694
89221,143.32,95.2561
89241,136.39,95.5124
89261,129.44,95.7354
89281,122.48,95.923
89301,115.49,96.0731
89321,108.5,96.1846
89341,101.49,96.2564
89361,94.481,96.2884
89381,87.468,96.2808
89401,80.457,96.2344
89421,73.451,96.1504
89441,66.455,96.0307
89461,59.47,95.8774
89481,52.501,95.6933
89501,45.551,95.4813
89521,38.622,95.2448
89541,31.716,94.9873
89561,24.835,94.7128
89581,17.981,94.4251
89601,11.156,94.1284
89621,4.3596,93.8269
89641,357.59,93.5248
89661,350.86,93.226
89681,344.15,92.9348
89701,337.47,92.6549
89721,330.81,92.3902
89741,324.19,92.1442
89761,317.58,91.92
89781,311,91.7207
89801,304.44,91.5489
89821,297.89,91.4069
89841,291.36,91.2966
89861,284.84,91.2196
89881,278.32,91.1768
89901,271.81,91.1691
89921,265.3,91.1966
89941,258.79,91.2591
89961,252.27,91.356
89981,245.74,91.4862
90001,239.2,91.6482
90021,232.64,91.8402
90041,226.07,92.0599
90061,219.47,92.3046
90081,212.86,92.5714
90101,206.21,92.857
90121,199.54,93.1579
90141,192.85,93.4703
90161,186.12,93.7903
90181,179.36,94.1139
90201,172.58,94.4368
90221,165.77,94.7548
90241,158.92,95.0638
90261,152.05,95.3595
90281,145.16,95.6379
90301,138.24,95.8951
90321,131.29,96.1275
90341,124.33,96.3316
90361,117.35,96.5044
90381,110.36,96.6432
90401,103.36,96.7457
90421,96.35,96.8102
90441,89.337,96.8353
90461,82.324,96.8202
90481,75.315,96.7648
90501,68.314,96.6692
90521,61.323,96.5345
90541,54.346,96.3619
90561,47.387,96.1533
90581,40.448,95.9112
90601,33.531,95.6382
90621,26.639,95.3376
90641,19.775,95.0129
90661,12.938,94.6678
90681,6.1305,94.3064
90701,359.35,93.9328
90721,352.61,93.5512
90741,345.89,93.166
90761,339.2,92.7814
90781,332.55,92.4017
90801,325.92,92.0309
90821,319.32,91.6729
90841,312.74,91.3314
90861,306.19,91.0099
90881,299.65,90.7116
90901,293.13,90.43922
90921,286.63,90.19527
90941,280.14,89.981835
90961,273.66,89.80061
90981,267.18,89.65287
91001,260.7,89.53945
91021,254.23,89.46075
91041,247.74,89.41674
91061,241.25,89.40696
91081,234.74,89.43049
91101,228.22,89.48605
91121,221.69,89.57192
91141,215.13,89.68602
91161,208.54,89.82593
91181,201.94,89.988914
91201,195.3,90.17193
91221,188.64,90.37171
91241,181.94,90.58476
91261,175.22,90.80741
91281,168.46,91.0359
91301,161.67,91.2663
91321,154.86,91.4947
91341,148.01,91.7172
91361,141.14,91.93
91381,134.24,92.1292
91401,127.31,92.3112
91421,120.37,92.4726
91441,113.41,92.6102
91461,106.43,92.7209
91481,99.437,92.8023
91501,92.438,92.8519
91521,85.435,92.868
91541,78.432,92.849
91561,71.432,92.794
91581,64.44,92.7023
91601,57.458,92.574
91621,50.492,92.4094
91641,43.545,92.2094
91661,36.619,91.9755
91681,29.718,91.7095
91701,22.844,91.4136
91721,16,91.0905
91741,9.1872,90.7434
91761,2.4074,90.37549
91781,355.66,89.9904399
91801,348.95,89.59207
91821,342.27,89.18435
91841,335.63,88.7714
91861,329.02,88.3572
91881,322.44,87.9459
91901,315.9,87.5415
91921,309.38,87.1479
91941,302.89,86.7687
91961,296.43,86.4074
91981,289.98,86.0672
92001,283.55,85.751
92021,277.14,85.4613
92041,270.74,85.2003
92061,264.35,84.9698
92081,257.96,84.771
92101,251.58,84.605
92121,245.19,84.4722
92141,238.79,84.3727
92161,232.38,84.3062
92181,225.96,84.2718
92201,219.52,84.2684
92221,213.05,84.2943
92241,206.57,84.3476
92261,200.06,84.426
92281,193.52,84.527
92301,186.95,84.6475
92321,180.34,84.7847
92341,173.71,84.9351
92361,167.04,85.0954
92381,160.33,85.2619
92401,153.59,85.4311
92421,146.82,85.5994
92441,140.02,85.7631
92461,133.18,85.9188
92481,126.32,86.0629
92501,119.43,86.1922
92521,112.51,86.3036
92541,105.58,86.3943
92561,98.623,86.4615
92581,91.655,86.503
92601,84.677,86.5167
92621,77.693,86.501
92641,70.706,86.4547
92661,63.723,86.3766
92681,56.745,86.2665
92701,49.779,86.1241
92721,42.827,85.9497
92741,35.895,85.7442
92761,28.985,85.5086
92781,22.102,85.2446
92801,15.249,84.954
92821,8.4271,84.6391
92841,1.6402,84.3027
92861,354.89,83.9475
92881,348.18,83.5769
92901,341.5,83.1942
92921,334.87,82.8031
92941,328.27,82.4071
92961,321.72,82.0102
92981,315.2,81.6159
93001,308.71,81.2282
93021,302.26,80.8507
93041,295.84,80.4867
93061,289.45,80.1397
93081,283.08,79.813
93101,276.74,79.508
93121,270.41,79.229
93141,264.09,78.977
93161,257.79,78.754
93181,251.49,78.562
93201,245.2,78.4
93221,238.9,78.27
93241,232.59,78.172
93261,226.27,78.105
93281,219.94,78.069
93301,213.59,78.062
93321,207.21,78.082
93341,200.81,78.128
93361,194.38,78.197
93381,187.92,78.287
93401,181.42,78.395
93421,174.89,78.518
93441,168.33,78.653
93461,161.72,78.796
93481,155.08,78.944
93501,148.4,79.093
93521,141.69,79.241
93541,134.94,79.383
93561,128.15,79.516
93581,121.33,79.637
93601,114.48,79.744
93621,107.6,79.832
93641,100.69,79.901
93661,93.769,79.946
93681,86.826,79.968
93701,79.868,79.962
93721,72.9,79.929
93741,65.926,79.867
93761,58.952,79.776
93781,51.981,79.655
93801,45.017,79.505
93821,38.067,79.325
93841,31.133,79.117
93861,24.22,78.883
93881,17.333,78.622
93901,10.475,78.339
93921,3.6494,78.034
93941,356.86,77.71
93961,350.11,77.37
93981,343.4,77.017
94001,336.73,76.655
94021,330.1,76.286
94041,323.51,75.914
94061,316.97,75.543
94081,310.47,75.176
94101,304.02,74.816
94121,297.6,74.468
94141,291.21,74.134
94161,284.86,73.817
94181,278.54,73.521
94201,272.25,73.247
94221,265.98,72.999
94241,259.73,72.777
94261,253.49,72.584
94281,247.25,72.42
94301,241.03,72.287
94321,234.8,72.184
94341,228.56,72.112
94361,222.32,72.069
94381,216.05,72.056
94401,209.77,72.07
94421,203.47,72.11
94441,197.14,72.173
94461,190.78,72.258
94481,184.38,72.361
94501,177.96,72.479
94521,171.49,72.611
94541,164.98,72.751
94561,158.43,72.898
94581,151.85,73.046
94601,145.22,73.194
94621,138.55,73.337
94641,131.84,73.473
94661,125.1,73.598
94681,118.31,73.708
94701,111.5,73.802
94721,104.65,73.877
94741,97.77,73.929
94761,90.867,73.957
94781,83.942,73.96
94801,76.999,73.936
94821,70.042,73.883
94841,63.076,73.802
94861,56.104,73.691
94881,49.132,73.55
94901,42.165,73.381
94921,35.206,73.183
94941,28.262,72.959
94961,21.336,72.709
94981,14.433,72.435
95001,7.5568,72.139
95021,0.71223,71.824
95041,353.9,71.492
95061,347.13,71.147
95081,340.4,70.791
95101,333.71,70.427
95121,327.07,70.06
95141,320.48,69.692
95161,313.93,69.327
95181,307.43,68.968
95201,300.97,68.619
95221,294.56,68.284
95241,288.19,67.964
95261,281.86,67.664
95281,275.56,67.386
95301,269.3,67.131
95321,263.06,66.903
95341,256.85,66.703
95361,250.65,66.533
95381,244.47,66.392
95401,238.29,66.282
95421,232.12,66.203
95441,225.94,66.153
95461,219.75,66.133
95481,213.55,66.141
95501,207.34,66.176
95521,201.09,66.235
95541,194.82,66.316
95561,188.52,66.416
95581,182.19,66.533
95601,175.82,66.662
95621,169.41,66.802
95641,162.96,66.949
95661,156.47,67.098
95681,149.93,67.247
95701,143.35,67.392
95721,136.73,67.53
95741,130.06,67.656
95761,123.36,67.768
95781,116.61,67.864
95801,109.83,67.939
95821,103.01,67.992
95841,96.165,68.02
95861,89.287,68.022
95881,82.385,67.995
95901,75.46,67.939
95921,68.519,67.852
95941,61.564,67.735
95961,54.6,67.586
95981,47.632,67.407
96001,40.664,67.198
96021,33.702,66.96
96041,26.75,66.694
96061,19.812,66.402
96081,12.894,66.087
96101,6.0011,65.75
96121,359.14,65.395
96141,352.31,65.025
96161,345.51,64.642
96181,338.76,64.251
96201,332.05,63.854
96221,325.38,63.456
96241,318.77,63.059
96261,312.2,62.669
96281,305.69,62.288
96301,299.23,61.92
96321,292.81,61.568
96341,286.44,61.236
96361,280.12,60.927
96381,273.84,60.642
96401,267.61,60.386
96421,261.4,60.159
96441,255.22,59.963
96461,249.07,59.799
96481,242.94,59.667
96501,236.82,59.569
96521,230.71,59.503
96541,224.59,59.469
96561,218.47,59.465
96581,212.35,59.491
96601,206.2,59.543
96621,200.03,59.619
96641,193.84,59.717
96661,187.61,59.834
96681,181.35,59.965
96701,175.05,60.109
96721,168.72,60.26
96741,162.34,60.415
96761,155.91,60.57
96781,149.44,60.722
96801,142.93,60.867
96821,136.37,61.001
96841,129.77,61.12
96861,123.13,61.222
96881,116.44,61.303
96901,109.72,61.359
96921,102.95,61.39
96941,96.156,61.391
96961,89.327,61.362
96981,82.471,61.301
97001,75.59,61.207
97021,68.689,61.079
97041,61.771,60.916
97061,54.841,60.719
97081,47.904,60.488
97101,40.963,60.224
97121,34.023,59.929
97141,27.09,59.603
97161,20.167,59.25
97181,13.26,58.871
97201,6.3741,58.47
97221,359.51,58.05
97241,352.68,57.614
97261,345.89,57.166
97281,339.13,56.71
97301,332.41,56.25
97321,325.75,55.79
97341,319.13,55.335
97361,312.56,54.889
97381,306.05,54.456
97401,299.59,54.04
97421,293.19,53.646
97441,286.84,53.276
97461,280.54,52.935
97481,274.3,52.626
97501,268.1,52.351
97521,261.94,52.111
97541,255.83,51.909
97561,249.74,51.747
97581,243.69,51.623
97601,237.65,51.538
97621,231.62,51.491
97641,225.6,51.482
97661,219.58,51.508
97681,213.55,51.567
97701,207.51,51.656
97721,201.45,51.773
97741,195.36,51.913
97761,189.24,52.073
97781,183.09,52.248
97801,176.89,52.435
97821,170.66,52.63
97841,164.38,52.827
97861,158.06,53.023
97881,151.69,53.212
97901,145.28,53.392
97921,138.82,53.557
97941,132.31,53.704
97961,125.76,53.829
97981,119.17,53.929
98001,112.53,54
98021,105.86,54.041
98041,99.158,54.048
98061,92.422,54.019
98081,85.657,53.954
98101,78.867,53.849
98121,72.057,53.706
98141,65.23,53.524
98161,58.39,53.302
98181,51.541,53.041
98201,44.688,52.743
98221,37.836,52.408
98241,30.988,52.039
98261,24.15,51.638
98281,17.326,51.207
98301,10.521,50.751
98321,3.7396,50.273
98341,356.99,49.776
98361,350.27,49.265
98381,343.58,48.745
98401,336.94,48.22
98421,330.34,47.696
98441,323.79,47.178
98461,317.3,46.671
98481,310.86,46.181
98501,304.47,45.712
98521,298.15,45.271
98541,291.88,44.861
98561,285.67,44.488
98581,279.51,44.154
98601,273.41,43.865
98621,267.35,43.622
98641,261.34,43.428
98661,255.37,43.284
98681,249.42,43.191
98701,243.5,43.148
98721,237.59,43.155
98741,231.69,43.209
98761,225.79,43.308
98781,219.87,43.449
98801,213.95,43.629
98821,207.99,43.842
98841,202.01,44.084
98861,195.99,44.351
98881,189.94,44.637
98901,183.84,44.937
98921,177.69,45.245
98941,171.5,45.557
98961,165.27,45.866
98981,158.98,46.168
99001,152.65,46.457
99021,146.27,46.73
99041,139.85,46.981
99061,133.39,47.207
99081,126.88,47.404
99101,120.34,47.568
99121,113.77,47.696
99141,107.16,47.787
99161,100.53,47.837
99181,93.881,47.845
99201,87.21,47.81
99221,80.524,47.731
99241,73.829,47.607
99261,67.128,47.44
99281,60.426,47.229
99301,53.727,46.975
99321,47.036,46.68
99341,40.358,46.347
99361,33.696,45.978
99381,27.055,45.575
99401,20.439,45.142
99421,13.853,44.683
99441,7.2998,44.202
99461,0.7842,43.705
99481,354.31,43.195
99501,347.88,42.68
99521,341.5,42.163
99541,335.16,41.652
99561,328.88,41.152
99581,322.65,40.67
99601,316.47,40.212
99621,310.35,39.783
99641,304.27,39.391
99661,298.25,39.041
99681,292.27,38.738
99701,286.33,38.485
99721,280.42,38.288
99741,274.54,38.149
99761,268.68,38.07
99781,262.83,38.052
99801,256.99,38.095
99821,251.14,38.197
99841,245.27,38.357
99861,239.39,38.571
99881,233.47,38.835
99901,227.52,39.146
99921,221.53,39.497
99941,215.5,39.883
99961,209.42,40.297
99981,203.29,40.735
100001,197.11,41.189
100021,190.89,41.653
100041,184.61,42.121
100061,178.28,42.588
100081,171.91,43.046
100101,165.49,43.492
100121,159.04,43.919
100141,152.54,44.324
100161,146.01,44.701
100181,139.46,45.047
100201,132.87,45.359
100221,126.26,45.634
100241,119.64,45.868
100261,113,46.061
100281,106.35,46.21
100301,99.696,46.314
100321,93.043,46.373
100341,86.394,46.386
100361,79.753,46.354
100381,73.126,46.277
100401,66.516,46.158
100421,59.927,45.997
100441,53.365,45.797
100461,46.832,45.56
100481,40.332,45.29
100501,33.869,44.989
100521,27.445,44.663
100541,21.064,44.314
100561,14.728,43.949
100581,8.4382,43.571
100601,2.1962,43.186
100621,356,42.8
100641,349.86,42.418
100661,343.76,42.046
100681,337.71,41.69
100701,331.7,41.355
100721,325.73,41.049
100741,319.79,40.775
100761,313.88,40.539
100781,307.99,40.347
100801,302.12,40.202
100821,296.26,40.107
100841,290.39,40.066
100861,284.52,40.08
100881,278.63,40.151
100901,272.71,40.278
100921,266.75,40.46
100941,260.76,40.697
100961,254.72,40.984
100981,248.63,41.32
101001,242.49,41.699
101021,236.29,42.117
101041,230.04,42.568
101061,223.73,43.048
101081,217.36,43.551
101101,210.94,44.07
101121,204.47,44.6
101141,197.95,45.136
101161,191.38,45.67
101181,184.77,46.199
101201,178.13,46.716
101221,171.45,47.217
101241,164.74,47.697
101261,158.01,48.153
101281,151.26,48.58
101301,144.49,48.976
101321,137.72,49.337
101341,130.93,49.661
101361,124.15,49.945
101381,117.36,50.19
101401,110.59,50.393
101421,103.82,50.554
101441,97.072,50.674
101461,90.342,50.751
101481,83.634,50.788
101501,76.954,50.786
101521,70.304,50.746
101541,63.688,50.67
101561,57.109,50.561
101581,50.57,50.423
101601,44.072,50.257
101621,37.618,50.068
101641,31.21,49.86
101661,24.848,49.636
101681,18.534,49.402
101701,12.265,49.162
101721,6.0433,48.92
101741,359.87,48.682
101761,353.73,48.452
101781,347.63,48.234
101801,341.57,48.034
101821,335.54,47.856
101841,329.54,47.705
101861,323.55,47.584
101881,317.58,47.497
101901,311.62,47.447
101921,305.65,47.436
101941,299.68,47.467
101961,293.69,47.541
101981,287.68,47.659
102001,281.63,47.822
102021,275.55,48.027
102041,269.43,48.275
102061,263.26,48.563
102081,257.04,48.889
102101,250.77,49.251
102121,244.44,49.644
102141,238.05,50.064
102161,231.6,50.508
102181,225.1,50.971
102201,218.54,51.449
102221,211.94,51.936
102241,205.28,52.428
102261,198.58,52.92
102281,191.84,53.408
102301,185.05,53.886
102321,178.24,54.352
102341,171.4,54.8
102361,164.54,55.228
102381,157.65,55.631
102401,150.76,56.007
102421,143.85,56.353
102441,136.94,56.667
102461,130.03,56.948
102481,123.13,57.193
102501,116.23,57.402
102521,109.35,57.574
102541,102.49,57.71
102561,95.645,57.809
102581,88.829,57.873
102601,82.042,57.903
102621,75.287,57.899
102641,68.568,57.866
102661,61.886,57.804
102681,55.245,57.716
102701,48.647,57.606
102721,42.092,57.477
102741,35.582,57.331
102761,29.118,57.174
102781,22.699,57.008
102801,16.326,56.838
102821,9.9967,56.668
102841,3.7102,56.501
102861,357.46,56.342
102881,351.26,56.196
102901,345.08,56.064
102921,338.94,55.952
102941,332.82,55.862
102961,326.72,55.798
102981,320.63,55.762
103001,314.56,55.757
103021,308.49,55.784
103041,302.41,55.845
103061,296.32,55.941
103081,290.22,56.072
103101,284.09,56.239
103121,277.94,56.439
103141,271.75,56.674
103161,265.52,56.94
103181,259.24,57.237
103201,252.93,57.561
103221,246.56,57.909
103241,240.14,58.28
103261,233.66,58.668
103281,227.14,59.071
103301,220.56,59.485
103321,213.93,59.905
103341,207.26,60.329
103361,200.53,60.751
103381,193.77,61.169
103401,186.96,61.578
103421,180.12,61.974
103441,173.25,62.355
103461,166.35,62.716
103481,159.43,63.056
103501,152.49,63.372
103521,145.54,63.66
103541,138.58,63.92
103561,131.62,64.15
103581,124.66,64.348
103601,117.71,64.515
103621,110.77,64.649
103641,103.85,64.75
103661,96.942,64.82
103681,90.061,64.859
103701,83.207,64.868
103721,76.383,64.848
103741,69.593,64.803
103761,62.84,64.733
103781,56.125,64.642
103801,49.451,64.533
103821,42.819,64.408
103841,36.231,64.271
103861,29.686,64.125
103881,23.186,63.974
103901,16.729,63.822
103921,10.315,63.672
103941,3.9432,63.527
103961,357.61,63.392
103981,351.31,63.269
104001,345.05,63.163
104021,338.82,63.075
104041,332.62,63.01
104061,326.43,62.969
104081,320.27,62.955
104101,314.11,62.969
104121,307.97,63.013
104141,301.82,63.087
104161,295.67,63.193
104181,289.51,63.33
104201,283.33,63.499
104221,277.13,63.697
104241,270.91,63.925
104261,264.65,64.179
104281,258.36,64.46
104301,252.03,64.763
104321,245.65,65.086
104341,239.23,65.427
104361,232.77,65.782
104381,226.25,66.148
104401,219.69,66.521
104421,213.08,66.898
104441,206.42,67.275
104461,199.72,67.65
104481,192.97,68.017
104501,186.18,68.375
104521,179.35,68.719
104541,172.49,69.047
104561,165.6,69.356
104581,158.69,69.643
104601,151.75,69.907
104621,144.8,70.145
104641,137.84,70.355
104661,130.87,70.538
104681,123.9,70.69
104701,116.93,70.813
104721,109.97,70.906
104741,103.02,70.97
104761,96.086,71.004
104781,89.174,71.01
104801,82.286,70.99
104821,75.425,70.945
104841,68.595,70.877
104861,61.799,70.789
104881,55.04,70.682
104901,48.318,70.561
104921,41.636,70.428
104941,34.996,70.286
104961,28.397,70.138
104981,21.84,69.988
105001,15.325,69.84
105021,8.8514,69.697
105041,2.4177,69.562
105061,356.02,69.439
105081,349.66,69.331
105101,343.34,69.24
105121,337.04,69.17
105141,330.77,69.123
105161,324.53,69.102
105181,318.3,69.107
105201,312.08,69.142
105221,305.88,69.205
105241,299.68,69.299
105261,293.48,69.424
105281,287.27,69.578
105301,281.05,69.763
105321,274.82,69.975
105341,268.56,70.215
105361,262.28,70.48
105381,255.97,70.768
105401,249.63,71.077
105421,243.25,71.404
105441,236.83,71.745
105461,230.37,72.098
105481,223.86,72.459
105501,217.32,72.824
105521,210.72,73.191
105541,204.08,73.556
105561,197.4,73.915
105581,190.68,74.266
105601,183.91,74.604
105621,177.11,74.927
105641,170.27,75.232
105661,163.4,75.517
105681,156.5,75.779
105701,149.58,76.016
105721,142.64,76.227
105741,135.68,76.411
105761,128.71,76.566
105781,121.74,76.692
105801,114.77,76.788
105821,107.8,76.856
105841,100.84,76.895
105861,93.889,76.907
105881,86.958,76.892
105901,80.046,76.852
105921,73.159,76.79
105941,66.299,76.707
105961,59.47,76.605
105981,52.673,76.489
106001,45.911,76.36
106021,39.186,76.222
106041,32.5,76.078
106061,25.852,75.931
106081,19.243,75.786
106101,12.674,75.644
106121,6.1435,75.51
106141,359.65,75.387
106161,353.19,75.278
106181,346.77,75.187
106201,340.38,75.115
106221,334.02,75.066
106241,327.69,75.042
106261,321.37,75.045
106281,315.08,75.077
106301,308.8,75.138
106321,302.53,75.23
106341,296.27,75.353
106361,290.01,75.507
106381,283.74,75.692
106401,277.47,75.906
106421,271.19,76.149
106441,264.89,76.418
106461,258.57,76.712
106481,252.23,77.028
106501,245.85,77.364
106521,239.45,77.717
106541,233.01,78.083
106561,226.54,78.459
106581,220.03,78.841
106601,213.48,79.226
106621,206.88,79.61
106641,200.25,79.99
106661,193.58,80.3623
106681,186.86,80.7229
106701,180.11,81.0688
106721,173.32,81.397
106741,166.49,81.7047
106761,159.63,81.9894
106781,152.74,82.2489
106801,145.83,82.4814
106821,138.9,82.6853
106841,131.94,82.8595
106861,124.98,83.0034
106881,118,83.1166
106901,111.02,83.1992
106921,104.04,83.2516
106941,97.067,83.2747
106961,90.1,83.2697
106981,83.145,83.2382
107001,76.207,83.182
107021,69.289,83.1033
107041,62.394,83.0048
107061,55.526,82.889
107081,48.686,82.7591
107101,41.878,82.6181
107121,35.103,82.4693
107141,28.362,82.3163
107161,21.656,82.1625
107181,14.986,82.0114
107201,8.3524,81.8666
107221,1.7541,81.7315
107241,355.19,81.6095
107261,348.66,81.5037
107281,342.16,81.4173
107301,335.69,81.353
107321,329.25,81.3133
107341,322.83,81.3005
107361,316.44,81.3165
107381,310.06,81.3628
107401,303.7,81.4405
107421,297.35,81.5505
107441,291,81.6929
107461,284.66,81.8677
107481,278.31,82.0743
107501,271.96,82.3118
107521,265.6,82.5787
107541,259.23,82.8733
107561,252.85,83.1932
107581,246.44,83.5361
107601,240.01,83.899
107621,233.55,84.2787
107641,227.06,84.6718
107661,220.54,85.0746
107681,213.99,85.4835
107701,207.41,85.8944
107721,200.79,86.3035
107741,194.13,86.7069
107761,187.43,87.1005
107781,180.7,87.4807
107801,173.93,87.8439
107821,167.13,88.1868
107841,160.3,88.5061
107861,153.43,88.7992
107881,146.54,89.06359
107901,139.62,89.2973
107921,132.68,89.49869
107941,125.72,89.6666
107961,118.74,89.80029
107981,111.75,89.89948
108001,104.76,89.964367
108021,97.762,89.995561
108041,90.767,89.9941178
108061,83.777,89.961502
108081,76.796,89.89956
108101,69.828,89.81051
108121,62.876,89.69689
108141,55.945,89.56153
108161,49.036,89.40752
108181,42.152,89.23816
108201,35.296,89.05694
108221,28.469,88.8675
108241,21.672,88.6735
108261,14.908,88.4787
108281,8.175,88.287
108301,1.4748,88.102
108321,354.81,87.9273
108341,348.17,87.7666
108361,341.56,87.6231
108381,334.98,87.5001
108401,328.43,87.4003
108421,321.91,87.3265
108441,315.4,87.2809
108461,308.92,87.2655
108481,302.45,87.282
108501,295.99,87.3314
108521,289.54,87.4145
108541,283.1,87.5318
108561,276.66,87.6832
108581,270.22,87.8681
108601,263.78,88.0855
108621,257.32,88.3341
108641,250.86,88.6122
108661,244.38,88.9174
108681,237.88,89.24731
108701,231.37,89.59893
108721,224.82,89.969045
108741,218.26,90.35415
108761,211.66,90.75049
108781,205.04,91.1541
108801,198.38,91.561
108821,191.7,91.9668
108841,184.98,92.3675
108861,178.23,92.7586
108881,171.45,93.1363
108901,164.64,93.4963
108921,157.79,93.8349
108941,150.92,94.1484
108961,144.02,94.4338
108981,137.1,94.6879
109001,130.15,94.9084
109021,123.18,95.0931
109041,116.2,95.2404
109061,109.21,95.3494
109081,102.2,95.4194
109101,95.196,95.4504
109121,88.184,95.4429
109141,81.175,95.3979
109161,74.172,95.3169
109181,67.177,95.2019
109201,60.195,95.0551
109221,53.23,94.8794
109241,46.282,94.6779
109261,39.357,94.4539
109281,32.455,94.211
109301,25.579,93.9532
109321,18.73,93.6843
109341,11.91,93.4085
109361,5.1192,93.1297
109381,358.36,92.8522
109401,351.63,92.5799
109421,344.92,92.3168
109441,338.25,92.0667
109461,331.6,91.8331
109481,324.98,91.6195
109501,318.39,91.429
109521,311.81,91.2644
109541,305.26,91.1282
109561,298.72,91.0225
109581,292.19,90.9491
109601,285.67,90.90932
109621,279.16,90.90409
109641,272.66,90.93393
109661,266.15,90.99889
109681,259.64,91.0986
109701,253.13,91.2323
109721,246.6,91.3987
109741,240.07,91.5961
109761,233.51,91.8226
109781,226.94,92.0756
109801,220.35,92.3524
109821,213.73,92.65
109841,207.09,92.9649
109861,200.43,93.2934
109881,193.73,93.6317
109901,187.01,93.9758
109921,180.25,94.3215
109941,173.47,94.6645
109961,166.66,95.0007
109981,159.81,95.3257
110001,152.95,95.6354
110021,146.05,95.9257
110041,139.13,96.1929
110061,132.19,96.4333
110081,125.23,96.6437
110101,118.25,96.8211
110121,111.26,96.963
110141,104.26,97.0674
110161,97.248,97.1327
110181,90.235,97.1579
110201,83.221,97.1423
110221,76.211,97.0862
110241,69.208,96.99
110261,62.215,96.8549
110281,55.236,96.6825
110301,48.274,96.475
110321,41.331,96.2351
110341,34.411,95.9656
110361,27.514,95.6699
110381,20.644,95.3517
110401,13.802,95.015
110421,6.9881,94.6637
110441,0.20414,94.3021
110461,353.45,93.9345
110481,346.73,93.5651
110501,340.03,93.1983
110521,333.37,92.8382
110541,326.73,92.4887
110561,320.11,92.1538
110581,313.53,91.8369
110601,306.96,91.5416
110621,300.41,91.2707
110641,293.88,91.027
110661,287.37,90.81275
110681,280.86,90.62996
110701,274.37,90.48012
110721,267.87,90.36436
110741,261.38,90.28334
110761,254.89,90.2373
110781,248.39,90.22605
110801,241.88,90.24895
110821,235.36,90.30496
110841,228.82,90.39259
110861,222.26,90.50999
110881,215.69,90.65494
110901,209.09,90.82487
110921,202.46,91.0169
110941,195.81,91.2279
110961,189.13,91.4544
110981,182.42,91.6928
111001,175.68,91.9393
111021,168.91,92.1901
111041,162.11,92.4412
111061,155.28,92.6886
111081,148.42,92.9282
111101,141.53,93.1562
111121,134.62,93.3688
111141,127.69,93.5622
111161,120.73,93.7329
111181,113.76,93.8779
111201,106.78,93.9942
111221,99.781,94.0792
111241,92.777,94.1307
111261,85.771,94.1469
111281,78.764,94.1265
111301,71.762,94.0687
111321,64.768,93.973
111341,57.786,93.8397
111361,50.819,93.6694
111381,43.871,93.4632
111401,36.944,93.2227
111421,30.043,92.9501
111441,23.168,92.6479
111461,16.323,92.319
111481,9.5084,91.9666
111501,2.726,91.5944
111521,355.98,91.206
111541,349.26,90.80557
111561,342.58,90.39708
111581,335.93,89.984726
111601,329.31,89.57266
111621,322.72,89.16501
111641,316.17,88.7658
111661,309.64,88.3788
111681,303.13,88.0077
111701,296.65,87.656
111721,290.19,87.3266
111741,283.75,87.0225
111761,277.32,86.746
111781,270.9,86.4991
111801,264.48,86.2836
111821,258.07,86.1007
111841,251.66,85.9511
111861,245.24,85.8352
111881,238.82,85.7529
111901,232.39,85.7037
111921,225.94,85.6868
111941,219.47,85.7007
111961,212.98,85.7437
111981,206.47,85.8139
112001,199.93,85.9087
112021,193.36,86.0254
112041,186.76,86.1612
112061,180.13,86.3128
112081,173.47,86.4768
112101,166.77,86.6497
112121,160.04,86.8279
112141,153.28,87.0077
112161,146.49,87.1855
112181,139.66,87.3576
112201,132.81,87.5204
112221,125.92,87.6704
112241,119.02,87.8043
112261,112.09,87.9189
112281,105.14,88.0115
112301,98.173,88.0794
112321,91.196,88.1202
112341,84.21,88.132
112361,77.221,88.1131
112381,70.231,88.0624
112401,63.245,87.9789
112421,56.268,87.8622
112441,49.303,87.7123
112461,42.354,87.5298
112481,35.426,87.3154
112501,28.522,87.0704
112521,21.645,86.7966
112541,14.798,86.496
112561,7.9837,86.1712
112581,1.2039,85.8249
112601,354.46,85.4602
112621,347.75,85.0805
112641,341.09,84.6893
112661,334.46,84.2904
112681,327.86,83.8875
112701,321.31,83.4845
112721,314.79,83.0853
112741,308.3,82.6936
112761,301.85,82.313
112781,295.42,81.9472
112801,289.02,81.5993
112821,282.64,81.2723
112841,276.29,80.9691
112861,269.95,80.6919
112881,263.62,80.4427
112901,257.3,80.2233
112921,250.98,80.0348
112941,244.66,79.878
112961,238.34,79.753
112981,232.01,79.66
113001,225.67,79.599
113021,219.31,79.568
113041,212.93,79.567
113061,206.53,79.592
113081,200.1,79.644
113101,193.64,79.718
113121,187.15,79.813
113141,180.63,79.926
113161,174.07,80.053
113181,167.48,80.1913
113201,160.85,80.3374
113221,154.18,80.4878
113241,147.48,80.6392
113261,140.74,80.7879
113281,133.97,80.9307
113301,127.16,81.0641
113321,120.32,81.1849
113341,113.45,81.2902
113361,106.56,81.3771
113381,99.638,81.4431
113401,92.7,81.4858
113421,85.747,81.5033
113441,78.782,81.4938
113461,71.809,81.4561
113481,64.832,81.3892
113501,57.857,81.2924
113521,50.887,81.1655
113541,43.928,81.0087
113561,36.983,80.8224
113581,30.056,80.6078
113601,23.153,80.3659
113621,16.276,80.0985
113641,9.4302,79.808
113661,2.6176,79.495
113681,355.84,79.165
113701,349.1,78.818
113721,342.41,78.459
113741,335.75,78.09
113761,329.14,77.716
113781,322.56,77.339
113801,316.03,76.963
113821,309.54,76.593
113841,303.09,76.23
113861,296.68,75.879
113881,290.3,75.543
113901,283.95,75.225
113921,277.63,74.928
113941,271.33,74.654
113961,265.06,74.406
113981,258.79,74.185
114001,252.54,73.993
114021,246.3,73.831
114041,240.06,73.699
114061,233.81,73.599
114081,227.56,73.529
114101,221.29,73.489
114121,215.01,73.477
114141,208.71,73.493
114161,202.38,73.535
114181,196.03,73.6
114201,189.64,73.686
114221,183.22,73.791
114241,176.77,73.91
114261,170.27,74.042
114281,163.74,74.183
114301,157.17,74.33
114321,150.56,74.478
114341,143.91,74.625
114361,137.22,74.767
114381,130.49,74.902
114401,123.72,75.025
114421,116.92,75.134
114441,110.09,75.226
114461,103.22,75.298
114481,96.332,75.348
114501,89.417,75.374
114521,82.482,75.374
114541,75.532,75.347
114561,68.569,75.292
114581,61.6,75.208
114601,54.627,75.095
114621,47.657,74.952
114641,40.693,74.781
114661,33.741,74.581
114681,26.804,74.355
114701,19.888,74.104
114721,12.997,73.829
114741,6.1348,73.532
114761,359.31,73.217
114781,352.51,72.885
114801,345.76,72.54
114821,339.05,72.185
114841,332.38,71.823
114861,325.75,71.457
114881,319.18,71.091
114901,312.64,70.729
114921,306.16,70.373
114941,299.71,70.028
114961,293.31,69.696
114981,286.95,69.38
115001,280.63,69.084
115021,274.34,68.81
115041,268.08,68.56
115061,261.84,68.337
115081,255.62,68.142
115101,249.42,67.976
115121,243.23,67.84
115141,237.04,67.734
115161,230.85,67.659
115181,224.66,67.614
115201,218.46,67.597
115221,212.24,67.609
115241,206,67.646
115261,199.73,67.708
115281,193.44,67.791
115301,187.12,67.893
115321,180.76,68.011
115341,174.36,68.142
115361,167.92,68.283
115381,161.45,68.43
115401,154.93,68.579
115421,148.36,68.728
115441,141.76,68.872
115461,135.11,69.009
115481,128.43,69.135
115501,121.7,69.246
115521,114.93,69.34
115541,108.13,69.415
115561,101.3,69.467
115581,94.43,69.495
115601,87.537,69.496
115621,80.622,69.469
115641,73.686,69.413
115661,66.735,69.327
115681,59.774,69.211
115701,52.805,69.065
115721,45.835,68.888
115741,38.867,68.682
115761,31.907,68.447
115781,24.96,68.186
115801,18.029,67.9
115821,11.121,67.591
115841,4.2388,67.261
115861,357.39,66.913
115881,350.57,66.551
115901,343.79,66.178
115921,337.06,65.796
115941,330.37,65.409
115961,323.72,65.021
115981,317.13,64.636
116001,310.58,64.257
116021,304.08,63.888
116041,297.63,63.531
116061,291.23,63.191
116081,284.88,62.871
116101,278.57,62.573
116121,272.3,62.3
116141,266.06,62.054
116161,259.85,61.837
116181,253.68,61.65
116201,247.52,61.495
116221,241.38,61.372
116241,235.24,61.28
116261,229.11,61.221
116281,222.98,61.192
116301,216.84,61.193
116321,210.69,61.222
116341,204.52,61.276
116361,198.32,61.354
116381,192.1,61.453
116401,185.84,61.569
116421,179.55,61.7
116441,173.22,61.841
116461,166.85,61.99
116481,160.44,62.142
116501,153.98,62.294
116521,147.48,62.443
116541,140.94,62.583
116561,134.35,62.713
116581,127.72,62.828
116601,121.04,62.925
116621,114.33,63.001
116641,107.57,63.054
116661,100.78,63.081
116681,93.962,63.079
116701,87.11,63.048
116721,80.231,62.985
116741,73.33,62.889
116761,66.41,62.761
116781,59.476,62.599
116801,52.531,62.403
116821,45.581,62.175
116841,38.629,61.916
116861,31.681,61.625
116881,24.742,61.307
116901,17.816,60.962
116921,10.908,60.592
116941,4.0225,60.202
116961,357.16,59.794
116981,350.34,59.371
117001,343.55,58.938
117021,336.8,58.498
117041,330.1,58.054
117061,323.44,57.612
117081,316.83,57.175
117101,310.28,56.747
117121,303.78,56.333
117141,297.33,55.937
117161,290.94,55.561
117181,284.6,55.21
117201,278.31,54.886
117221,272.06,54.593
117241,265.86,54.332
117261,259.71,54.107
117281,253.58,53.917
117301,247.49,53.764
117321,241.41,53.648
117341,235.35,53.569
117361,229.31,53.527
117381,223.26,53.519
117401,217.21,53.544
117421,211.15,53.601
117441,205.08,53.685
117461,198.98,53.795
117481,192.85,53.926
117501,186.69,54.076
117521,180.5,54.24
117541,174.27,54.414
117561,168,54.594
117581,161.68,54.775
117601,155.32,54.954
117621,148.91,55.127
117641,142.45,55.289
117661,135.95,55.436
117681,129.41,55.565
117701,122.82,55.672
117721,116.19,55.754
117741,109.52,55.807
117761,102.81,55.831
117781,96.074,55.821
117801,89.303,55.776
117821,82.503,55.695
117841,75.68,55.577
117861,68.837,55.421
117881,61.978,55.227
117901,55.107,54.995
117921,48.228,54.726
117941,41.346,54.42
117961,34.466,54.08
117981,27.591,53.708
118001,20.727,53.305
118021,13.879,52.876
118041,7.0504,52.422
118061,0.24674,51.948
118081,353.47,51.458
118101,346.73,50.956
118121,340.03,50.446
118141,333.37,49.933
118161,326.76,49.423
118181,320.2,48.92
118201,313.69,48.429
118221,307.24,47.956
118241,300.84,47.505
118261,294.5,47.081
118281,288.22,46.689
118301,282,46.332
118321,275.83,46.014
118341,269.71,45.738
118361,263.64,45.506
118381,257.61,45.321
118401,251.61,45.183
118421,245.64,45.092
118441,239.7,45.049
118461,233.76,45.051
118481,227.83,45.098
118501,221.9,45.186
118521,215.96,45.313
118541,210,45.474
118561,204.02,45.667
118581,198.01,45.885
118601,191.97,46.125
118621,185.88,46.382
118641,179.76,46.651
118661,173.59,46.926
118681,167.37,47.202
118701,161.11,47.475
118721,154.8,47.739
118741,148.44,47.99
118761,142.04,48.223
118781,135.59,48.435
118801,129.1,48.621
118821,122.57,48.777
118841,116.01,48.901
118861,109.41,48.989
118881,102.77,49.04
118901,96.114,49.051
118921,89.431,49.02
118941,82.729,48.947
118961,76.011,48.831
118981,69.282,48.671
119001,62.546,48.469
119021,55.808,48.224
119041,49.072,47.938
119061,42.341,47.612
119081,35.622,47.249
119101,28.918,46.851
119121,22.234,46.422
119141,15.573,45.965
119161,8.9414,45.483
119181,2.3419,44.982
119201,355.78,44.466
119221,349.26,43.94
119241,342.78,43.41
119261,336.35,42.881
119281,329.97,42.359
119301,323.64,41.851
119321,317.36,41.362
119341,311.14,40.898
119361,304.97,40.467
119381,298.86,40.072
119401,292.8,39.72
119421,286.79,39.415
119441,280.82,39.162
119461,274.89,38.964
119481,268.99,38.822
119501,263.12,38.74
119521,257.26,38.717
119541,251.41,38.754
119561,245.56,38.847
119581,239.7,38.996
119601,233.82,39.197
119621,227.92,39.446
119641,221.98,39.738
119661,216.02,40.068
119681,210.01,40.43
119701,203.95,40.819
119721,197.85,41.228
119741,191.7,41.651
119761,185.5,42.082
119781,179.26,42.516
119801,172.96,42.945
119821,166.62,43.366
119841,160.23,43.771
119861,153.8,44.157
119881,147.34,44.52
119901,140.83,44.854
119921,134.3,45.155
119941,127.73,45.422
119961,121.14,45.651
119981,114.54,45.838
120001,107.91,45.984
120021,101.28,46.085
120041,94.632,46.141
120061,87.987,46.152
120081,81.343,46.116
120101,74.706,46.036
120121,68.08,45.911
120141,61.47,45.743
120161,54.878,45.534
120181,48.311,45.286
120201,41.772,45.002
120221,35.264,44.685
120241,28.791,44.339
120261,22.357,43.967
120281,15.965,43.575
120301,9.6167,43.166
120321,3.3146,42.747
120341,357.06,42.322
120361,350.85,41.898
120381,344.7,41.48
120401,338.59,41.074
120421,332.53,40.686
120441,326.51,40.323
120461,320.54,39.99
120481,314.6,39.694
120501,308.69,39.438
120521,302.81,39.229
120541,296.94,39.071
120561,291.09,38.966
120581,285.24,38.918
120601,279.38,38.928
120621,273.5,38.997
120641,267.61,39.125
120661,261.68,39.31
120681,255.71,39.55
120701,249.7,39.843
120721,243.64,40.184
120741,237.54,40.568
120761,231.37,40.992
120781,225.16,41.448
120801,218.88,41.932
120821,212.56,42.436
120841,206.18,42.956
120861,199.75,43.485
120881,193.27,44.017
120901,186.74,44.546
120921,180.18,45.068
120941,173.58,45.575
120961,166.94,46.065
120981,160.28,46.532
121001,153.59,46.972
121021,146.88,47.381
121041,140.15,47.757
121061,133.41,48.096
121081,126.67,48.397
121101,119.92,48.657
121121,113.18,48.876
121141,106.44,49.051
121161,99.708,49.184
121181,92.993,49.273
121201,86.298,49.32
121221,79.625,49.325
121241,72.979,49.291
121261,66.363,49.218
121281,59.78,49.109
121301,53.234,48.966
121321,46.728,48.794
121341,40.264,48.595
121361,33.843,48.373
121381,27.469,48.132
121401,21.14,47.876
121421,14.859,47.611
121441,8.6255,47.341
121461,2.4378,47.07
121481,356.29,46.805
121501,350.19,46.55
121521,344.13,46.309
121541,338.11,46.089
121561,332.11,45.893
121581,326.14,45.726
121601,320.19,45.592
121621,314.25,45.496
121641,308.31,45.44
121661,302.38,45.426
121681,296.43,45.457
121701,290.46,45.535
121721,284.47,45.66
121741,278.44,45.831
121761,272.37,46.048
121781,266.26,46.31
121801,260.1,46.614
121821,253.89,46.958
121841,247.62,47.338
121861,241.29,47.75
121881,234.91,48.19
121901,228.46,48.653
121921,221.96,49.136
121941,215.41,49.632
121961,208.81,50.136
121981,202.16,50.645
122001,195.46,51.152
122021,188.73,51.653
122041,181.96,52.143
122061,175.16,52.618
122081,168.33,53.075
122101,161.48,53.508
122121,154.61,53.916
122141,147.74,54.294
122161,140.85,54.641
122181,133.96,54.954
122201,127.08,55.232
122221,120.2,55.472
122241,113.33,55.676
122261,106.48,55.841
122281,99.641,55.968
122301,92.829,56.059
122321,86.044,56.112
122341,79.289,56.131
122361,72.567,56.116
122381,65.881,56.07
122401,59.235,55.996
122421,52.629,55.896
122441,46.067,55.773
122461,39.549,55.63
122481,33.076,55.472
122501,26.65,55.303
122521,20.269,55.125
122541,13.934,54.944
122561,7.6426,54.764
122581,1.3937,54.588
122601,355.18,54.421
122621,349.01,54.267
122641,342.87,54.13
122661,336.76,54.013
122681,330.68,53.921
122701,324.61,53.856
122721,318.55,53.82
122741,312.5,53.818
122761,306.45,53.849
122781,300.39,53.916
122801,294.32,54.019
122821,288.23,54.16
122841,282.11,54.337
122861,275.96,54.55
122881,269.77,54.798
122901,263.54,55.079
122921,257.26,55.391
122941,250.93,55.731
122961,244.55,56.096
122981,238.12,56.483
123001,231.63,56.889
123021,225.09,57.309
123041,218.5,57.74
123061,211.85,58.177
123081,205.16,58.616
123101,198.43,59.053
123121,191.65,59.485
123141,184.83,59.907
123161,177.98,60.315
123181,171.1,60.707
123201,164.2,61.078
123221,157.28,61.427
123241,150.34,61.749
123261,143.39,62.044
123281,136.44,62.309
123301,129.49,62.543
123321,122.54,62.744
123341,115.6,62.913
123361,108.67,63.048
123381,101.76,63.15
123401,94.876,63.219
123421,88.014,63.257
123441,81.181,63.264
123461,74.38,63.243
123481,67.614,63.195
123501,60.886,63.123
123521,54.197,63.029
123541,47.551,62.917
123561,40.947,62.789
123581,34.387,62.649
123601,27.872,62.501
123621,21.402,62.348
123641,14.975,62.194
123661,8.591,62.042
123681,2.2484,61.897
123701,355.94,61.761
123721,349.68,61.639
123741,343.44,61.533
123761,337.24,61.448
123781,331.06,61.385
123801,324.9,61.347
123821,318.75,61.337
123841,312.62,61.355
123861,306.49,61.405
123881,300.35,61.485
123901,294.21,61.598
123921,288.06,61.742
123941,281.89,61.918
123961,275.69,62.125
123981,269.46,62.361
124001,263.2,62.625
124021,256.9,62.914
124041,250.56,63.226
124061,244.17,63.559
124081,237.74,63.909
124101,231.25,64.273
124121,224.72,64.647
124141,218.14,65.029
124161,211.51,65.414
124181,204.83,65.799
124201,198.11,66.181
124221,191.34,66.555
124241,184.54,66.919
124261,177.7,67.269
124281,170.82,67.602
124301,163.92,67.915
124321,157,68.206
124341,150.05,68.472
124361,143.1,68.713
124381,136.13,68.925
124401,129.16,69.109
124421,122.19,69.262
124441,115.23,69.386
124461,108.27,69.478
124481,101.33,69.541
124501,94.41,69.575
124521,87.511,69.58
124541,80.637,69.558
124561,73.792,69.512
124581,66.98,69.442
124601,60.204,69.353
124621,53.464,69.245
124641,46.764,69.122
124661,40.105,68.987
124681,33.488,68.844
124701,26.914,68.696
124721,20.382,68.545
124741,13.892,68.397
124761,7.4436,68.254
124781,1.0351,68.119
124801,354.66,67.997
124821,348.33,67.89
124841,342.03,67.801
124861,335.75,67.733
124881,329.51,67.688
124901,323.28,67.669
124921,317.07,67.677
124941,310.88,67.714
124961,304.69,67.781
124981,298.5,67.878
125001,292.31,68.005
125021,286.11,68.163
125041,279.9,68.35
125061,273.67,68.566
125081,267.41,68.809
125101,261.13,69.076
125121,254.82,69.367
125141,248.47,69.677
125161,242.08,70.005
125181,235.65,70.347
125201,229.17,70.701
125221,222.65,71.062
125241,216.09,71.428
125261,209.48,71.794
125281,202.82,72.158
125301,196.12,72.516
125321,189.38,72.864
125341,182.6,73.2
125361,175.78,73.521
125381,168.92,73.823
125401,162.04,74.105
125421,155.13,74.364
125441,148.2,74.598
125461,141.25,74.805
125481,134.29,74.985
125501,127.32,75.136
125521,120.35,75.258
125541,113.38,75.351
125561,106.41,75.415
125581,99.459,75.451
125601,92.519,75.458
125621,85.598,75.44
125641,78.699,75.398
125661,71.826,75.332
125681,64.982,75.247
125701,58.171,75.143
125721,51.393,75.025
125741,44.653,74.894
125761,37.95,74.755
125781,31.286,74.61
125801,24.662,74.463
125821,18.079,74.316
125841,11.535,74.175
125861,5.03,74.042
125881,358.56,73.919
125901,352.13,73.812
125921,345.74,73.722
125941,339.37,73.652
125961,333.04,73.605
125981,326.72,73.583
126001,320.44,73.588
126021,314.16,73.622
126041,307.91,73.685
126061,301.66,73.779
126081,295.41,73.904
126101,289.17,74.059
126121,282.92,74.245
126141,276.66,74.46
126161,270.38,74.703
126181,264.09,74.972
126201,257.77,75.265
126221,251.43,75.579
126241,245.06,75.912
126261,238.66,76.262
126281,232.21,76.624
126301,225.74,76.995
126321,219.22,77.372
126341,212.65,77.751
126361,206.05,78.128
126381,199.41,78.501
126401,192.72,78.866
126421,185.99,79.218
126441,179.23,79.556
126461,172.42,79.875
126481,165.59,80.1747
126501,158.72,80.4509
126521,151.82,80.7021
126541,144.9,80.9265
126561,137.96,81.1227
126581,131,81.2896
126601,124.03,81.4267
126621,117.06,81.5336
126641,110.08,81.6106
126661,103.11,81.658
126681,96.136,81.6768
126701,89.178,81.6683
126721,82.234,81.6339
126741,75.309,81.5757
126761,68.406,81.4959
126781,61.528,81.3969
126801,54.678,81.2815
126821,47.858,81.1527
126841,41.072,81.0137
126861,34.32,80.8677
126881,27.603,80.7181
126901,20.923,80.5684
126921,14.28,80.4222
126941,7.6732,80.2828
126961,1.1028,80.1538
126981,354.57,80.0383
127001,348.07,79.94
127021,341.6,79.861
127041,335.16,79.804
127061,328.74,79.772
127081,322.35,79.768
127101,315.99,79.792
127121,309.63,79.846
127141,303.3,79.932
127161,296.97,80.0498
127181,290.65,80.1996
127201,284.33,80.3812
127221,278,80.5941
127241,271.67,80.8371
127261,265.33,81.1087
127281,258.97,81.407
127301,252.6,81.7298
127321,246.2,82.0744
127341,239.78,82.4378
127361,233.33,82.817
127381,226.85,83.2083
127401,220.34,83.6083
127421,213.79,84.0131
127441,207.2,84.4189
127461,200.58,84.8218
127481,193.92,85.218
127501,187.23,85.6037
127521,180.49,85.9754
127541,173.72,86.3295
127561,166.91,86.6629
127581,160.07,86.9727
127601,153.2,87.2563
127621,146.3,87.5115
127641,139.38,87.7364
127661,132.44,87.9297
127681,125.47,88.0902
127701,118.5,88.2175
127721,111.51,88.3113
127741,104.52,88.3721
127761,97.529,88.4005
127781,90.54,88.3977
127801,83.557,88.3651
127821,76.586,88.3048
127841,69.63,88.2188
127861,62.691,88.1099
127881,55.774,87.9807
127901,48.881,87.8344
127921,42.015,87.6743
127941,35.178,87.5037
127961,28.371,87.3264
127981,21.596,87.1458
128001,14.854,86.9657
128021,8.1452,86.7898
128041,1.4692,86.6218
128061,354.83,86.4652
128081,348.21,86.3235
128101,341.63,86.1998
128121,335.08,86.0973
128141,328.56,86.0187
128161,322.06,85.9665
128181,315.58,85.9429
128201,309.12,85.9498
128221,302.67,85.9885
128241,296.24,86.0602
128261,289.82,86.1654
128281,283.4,86.3044
128301,276.98,86.477
128321,270.57,86.6824
128341,264.14,86.9197
128361,257.71,87.1872
128381,251.26,87.483
128401,244.8,87.8048
128421,238.32,88.15
128441,231.82,88.5155
128461,225.29,88.898
128481,218.74,89.29385
128501,212.15,89.69937
128521,205.54,90.11054
128541,198.9,90.52326
128561,192.22,90.93337
128581,185.51,91.3367
128601,178.76,91.7291
128621,171.99,92.1065
128641,165.18,92.4652
128661,158.34,92.8013
128681,151.47,93.1116
128701,144.57,93.393
128721,137.65,93.6429
128741,130.71,93.8589
128761,123.74,94.0393
128781,116.76,94.1828
128801,109.77,94.2885
128821,102.77,94.3562
128841,95.759,94.386
128861,88.75,94.3787
128881,81.744,94.3354
128901,74.744,94.2578
128921,67.754,94.1479
128941,60.777,94.0083
128961,53.816,93.8418
128981,46.875,93.6514
129001,39.956,93.4407
129021,33.062,93.2132
129041,26.194,92.9727
129061,19.354,92.7231
129081,12.543,92.4686
129101,5.7619,92.2129
129121,359.01,91.9603
129141,352.29,91.7145
129161,345.6,91.4795
129181,338.94,91.2589
129201,332.3,91.0562
129221,325.69,90.8746
129241,319.11,90.71715
129261,312.54,90.58649
129281,306,90.48497
129301,299.47,90.41456
129321,292.95,90.37685
129341,286.45,90.37304
129361,279.95,90.40388
129381,273.45,90.46971
129401,266.96,90.57043
129421,260.46,90.7055
129441,253.95,90.87394
129461,247.44,91.0744
129481,240.91,91.3049
129501,234.36,91.5635
129521,227.8,91.8474
129541,221.21,92.1538
129561,214.61,92.4794
129581,207.97,92.8207
129601,201.31,93.174
129621,194.62,93.5352
129641,187.9,93.9004
129661,181.15,94.2652
129681,174.37,94.6254
129701,167.56,94.9766
129721,160.73,95.3147
129741,153.86,95.6355
129761,146.97,95.9351
129781,140.05,96.2097
129801,133.11,96.4558
129821,126.16,96.6704
129841,119.18,96.8506
129861,112.19,96.9942
129881,105.19,97.0994
129901,98.178,97.1648
129921,91.165,97.1898
129941,84.151,97.1739
129961,77.14,97.1177
129981,70.136,97.0219
130001,63.141,96.8879
130021,56.16,96.7176
130041,49.196,96.5135
130061,42.25,96.2783
130081,35.326,96.0152
130101,28.426,95.7277
130121,21.552,95.4194
130141,14.705,95.0946
130161,7.8867,94.7571
130181,1.0975,94.4114
130201,354.34,94.0616
130221,347.61,93.712
130241,340.91,93.3669
130261,334.23,93.0302
130281,327.59,92.706
130301,320.97,92.398
130321,314.37,92.1095
130341,307.8,91.844
130361,301.24,91.6041
130381,294.7,91.3926
130401,288.18,91.2115
130421,281.66,91.0626
130441,275.16,90.94726
130461,268.65,90.86649
130481,262.15,90.82077
130501,255.64,90.81016
130521,249.13,90.8343
130541,242.61,90.8924
130561,236.08,90.98322
130581,229.53,91.1052
130601,222.96,91.2562
130621,216.37,91.4339
130641,209.76,91.6356
130661,203.12,91.8584
130681,196.45,92.0987
130701,189.76,92.3533
130721,183.04,92.6182
130741,176.29,92.8897
130761,169.5,93.1638
130781,162.69,93.4363
130801,155.85,93.7032
130821,148.99,93.9604
130841,142.09,94.204
130861,135.17,94.43
130881,128.23,94.6349
130901,121.27,94.8151
130921,114.29,94.9676
130941,107.3,95.0893
130961,100.3,95.1779
130981,93.297,95.2312
131001,86.288,95.2477
131021,79.279,95.2262
131041,72.275,95.1659
131061,65.279,95.0669
131081,58.295,94.9294
131101,51.327,94.7543
131121,44.377,94.5432
131141,37.449,94.2978
131161,30.546,94.0205
131181,23.669,93.7141
131201,16.82,93.3817
131221,10.002,93.0269
131241,3.2146,92.6533
131261,356.46,92.2649
131281,349.74,91.8658
131301,343.05,91.4601
131321,336.39,91.0522
131341,329.76,90.64622
131361,323.16,90.24625
131381,316.59,89.8563
131401,310.05,89.48018
131421,303.53,89.12149
131441,297.03,88.7835
131461,290.55,88.4693
131481,284.09,88.1815
131501,277.64,87.9225
131521,271.2,87.6941
131541,264.76,87.4978
131561,258.33,87.3348
131581,251.9,87.2057
131601,245.46,87.1107
131621,239.01,87.0496
131641,232.55,87.0217
131661,226.07,87.0259
131681,219.58,87.0609
131701,213.06,87.1247
131721,206.52,87.2151
131741,199.96,87.3296
131761,193.36,87.4654
131781,186.74,87.6194
131801,180.08,87.7884
131821,173.4,87.9688
131841,166.68,88.157
131861,159.93,88.3494
131881,153.14,88.5422
131901,146.33,88.7317
131921,139.48,88.9141
131941,132.61,89.08579
131961,125.71,89.24326
131981,118.79,89.38316
132001,111.84,89.50236
132021,104.88,89.59794
132041,97.907,89.66731
132061,90.921,89.70816
132081,83.929,89.71854
132101,76.934,89.69688
132121,69.941,89.642
132141,62.954,89.55317
132161,55.977,89.43006
132181,49.013,89.27282
132201,42.067,89.08203
132221,35.142,88.8587
132241,28.243,88.6044
132261,21.37,88.3209
132281,14.528,88.0106
132301,7.7191,87.676
132321,0.94416,87.3203
132341,354.2,86.9466
132361,347.5,86.5585
132381,340.84,86.1597
132401,334.21,85.754
132421,327.61,85.3454
132441,321.06,84.9376
132461,314.53,84.5348
132481,308.04,84.1406
132501,301.58,83.7588
132521,295.15,83.3928
132541,288.74,83.0459
132561,282.35,82.721
132581,275.98,82.4208
132601,269.62,82.1476
132621,263.27,81.9033
132641,256.93,81.6895
132661,250.59,81.5072
132681,244.25,81.3571
132701,237.91,81.2394
132721,231.55,81.1541
132741,225.18,81.1003
132761,218.8,81.0773
132781,212.39,81.0834
132801,205.96,81.1169
132821,199.51,81.1757
132841,193.02,81.2574
132861,186.5,81.3591
132881,179.95,81.478
132901,173.37,81.6108
132921,166.75,81.7543
132941,160.09,81.9051
132961,153.4,82.0595
132981,146.67,82.2142
133001,139.91,82.3655
133021,133.11,82.5102
133041,126.29,82.6447
133061,119.43,82.7659
133081,112.54,82.8707
133101,105.63,82.9565
133121,98.702,83.0205
133141,91.753,83.0605
133161,84.791,83.0746
133181,77.819,83.061
133201,70.841,83.0184
133221,63.862,82.946
133241,56.887,82.8431
133261,49.919,82.7096
133281,42.963,82.5457
133301,36.024,82.352
133321,29.105,82.1295
133341,22.21,81.8795
133361,15.344,81.6039
133381,8.5091,81.3047
133401,1.7084,80.9842
133421,354.94,80.6454
133441,348.22,80.291
133461,341.53,79.924
133481,334.89,79.549
133501,328.29,79.168
133521,321.72,78.785
133541,315.2,78.404
133561,308.72,78.028
133581,302.27,77.662
133601,295.86,77.308
133621,289.48,76.969
133641,283.13,76.649
133661,276.81,76.351
133681,270.51,76.077
133701,264.22,75.829
133721,257.95,75.609
133741,251.69,75.418
133761,245.43,75.258
133781,239.17,75.128
133801,232.91,75.03
133821,226.63,74.962
133841,220.35,74.924
133861,214.04,74.915
133881,207.71,74.933
133901,201.36,74.977
133921,194.98,75.044
133941,188.57,75.132
133961,182.13,75.238
133981,175.65,75.359
134001,169.13,75.492
134021,162.57,75.633
134041,155.98,75.78
134061,149.34,75.928
134081,142.67,76.075
134101,135.96,76.216
134121,129.21,76.349
134141,122.42,76.471
134161,115.6,76.577
134181,108.75,76.667
134201,101.87,76.737
134221,94.966,76.784
134241,88.041,76.807
134261,81.097,76.804
134281,74.14,76.774
134301,67.173,76.716
134321,60.201,76.628
134341,53.229,76.512
134361,46.261,76.366
134381,39.301,76.191
134401,32.356,75.989
134421,25.428,75.759
134441,18.522,75.505
134461,11.644,75.227
134481,4.7957,74.929
134501,357.98,74.611
134521,351.2,74.278
134541,344.47,73.932
134561,337.77,73.575
134581,331.12,73.213
134601,324.52,72.847
134621,317.95,72.481
134641,311.44,72.119
134661,304.96,71.765
134681,298.53,71.421
134701,292.14,71.091
134721,285.79,70.777
134741,279.47,70.484
134761,273.18,70.213
134781,266.92,69.966
134801,260.68,69.746
134821,254.46,69.555
134841,248.25,69.392
134861,242.05,69.26
134881,235.85,69.158
134901,229.65,69.086
134921,223.44,69.044
134941,217.22,69.031
134961,210.98,69.046
134981,204.71,69.086
135001,198.43,69.15
135021,192.11,69.235
135041,185.76,69.339
135061,179.38,69.458
135081,172.96,69.59
135101,166.49,69.731
135121,159.99,69.878
135141,153.45,70.028
135161,146.86,70.176
135181,140.23,70.32
135201,133.56,70.456
135221,126.85,70.58
135241,120.1,70.691
135261,113.32,70.784
135281,106.5,70.858
135301,99.647,70.909
135321,92.767,70.935
135341,85.861,70.936
135361,78.934,70.909
135381,71.99,70.853
135401,65.032,70.767
135421,58.065,70.652
135441,51.094,70.506
135461,44.123,70.331
135481,37.158,70.127
135501,30.202,69.896
135521,23.261,69.638
135541,16.34,69.356
135561,9.4424,69.051
135581,2.5734,68.727
135601,355.74,68.385
135621,348.94,68.03
135641,342.18,67.663
135661,335.46,67.289
135681,328.79,66.911
135701,322.16,66.531
135721,315.58,66.155
135741,309.06,65.785
135761,302.58,65.425
135781,296.14,65.079
135801,289.76,64.749
135821,283.41,64.438
135841,277.11,64.15
135861,270.84,63.886
135881,264.61,63.649
135901,258.4,63.441
135921,252.22,63.263
135941,246.06,63.115
135961,239.91,62.999
135981,233.76,62.914
136001,227.61,62.86
136021,221.46,62.837
136041,215.3,62.842
136061,209.13,62.874
136081,202.93,62.932
136101,196.71,63.012
136121,190.46,63.112
136141,184.17,63.229
136161,177.85,63.359
136181,171.49,63.5
136201,165.09,63.648
136221,158.65,63.798
136241,152.16,63.949
136261,145.63,64.094
136281,139.06,64.233
136301,132.44,64.359
136321,125.78,64.472
136341,119.08,64.566
136361,112.34,64.64
136381,105.56,64.69
136401,98.747,64.715
136421,91.902,64.712
136441,85.03,64.679
136461,78.132,64.616
136481,71.214,64.52
136501,64.279,64.393
136521,57.332,64.233
136541,50.376,64.04
136561,43.417,63.816
136581,36.459,63.561
136601,29.507,63.277
136621,22.566,62.966
136641,15.64,62.629
136661,8.7352,62.27
136681,1.8553,61.89
136701,355.01,61.494
136721,348.19,61.085
136741,341.41,60.666
136761,334.68,60.24
136781,327.99,59.813
136801,321.34,59.387
136821,314.75,58.967
136841,308.21,58.557
136861,301.72,58.161
136881,295.29,57.781
136901,288.91,57.423
136921,282.58,57.088
136941,276.29,56.781
136961,270.05,56.503
136981,263.85,56.256
137001,257.69,56.043
137021,251.56,55.864
137041,245.45,55.721
137061,239.36,55.613
137081,233.29,55.54
137101,227.22,55.502
137121,221.15,55.497
137141,215.07,55.523
137161,208.98,55.578
137181,202.87,55.66
137201,196.74,55.766
137221,190.58,55.891
137241,184.38,56.033
137261,178.15,56.189
137281,171.88,56.353
137301,165.57,56.522
137321,159.21,56.692
137341,152.81,56.859
137361,146.37,57.018
137381,139.87,57.167
137401,133.34,57.3
137421,126.75,57.415
137441,120.13,57.509
137461,113.46,57.577
137481,106.76,57.618
137501,100.02,57.628
137521,93.245,57.606
137541,86.441,57.551
137561,79.611,57.459
137581,72.757,57.332
137601,65.885,57.168
137621,58.998,56.967
137641,52.1,56.729
137661,45.196,56.456
137681,38.291,56.148
137701,31.388,55.808
137721,24.492,55.436
137741,17.609,55.037
137761,10.743,54.612
137781,3.8992,54.165
137801,357.08,53.7
137821,350.3,53.22
137841,343.54,52.73
137861,336.83,52.235
137881,330.17,51.738
137901,323.55,51.244
137921,316.98,50.759
137941,310.47,50.287
137961,304.01,49.833
137981,297.61,49.401
138001,291.27,48.996
138021,284.98,48.622
138041,278.75,48.283
138061,272.57,47.981
138081,266.44,47.719
138101,260.35,47.499
138121,254.31,47.324
138141,248.29,47.192
138161,242.3,47.105
138181,236.33,47.063
138201,230.37,47.062
138221,224.41,47.103
138241,218.45,47.182
138261,212.48,47.296
138281,206.49,47.442
138301,200.47,47.615
138321,194.43,47.813
138341,188.35,48.029
138361,182.23,48.26
138381,176.07,48.501
138401,169.87,48.746
138421,163.62,48.992
138441,157.32,49.232
138461,150.98,49.463
138481,144.59,49.68
138501,138.16,49.879
138521,131.68,50.056
138541,125.15,50.206
138561,118.59,50.327
138581,111.99,50.416
138601,105.36,50.47
138621,98.693,50.487
138641,92,50.464
138661,85.282,50.401
138681,78.545,50.296
138701,71.791,50.149
138721,65.026,49.96
138741,58.252,49.729
138761,51.475,49.457
138781,44.7,49.146
138801,37.929,48.797
138821,31.169,48.412
138841,24.423,47.994
138861,17.696,47.547
138881,10.993,47.073
138901,4.3173,46.578
138921,357.67,46.065
138941,351.07,45.539
138961,344.5,45.005
138981,337.98,44.469
139001,331.5,43.936
139021,325.08,43.413
139041,318.71,42.905
139061,312.39,42.417
139081,306.13,41.956
139101,299.93,41.528
139121,293.78,41.138
139141,287.69,40.79
139161,281.65,40.489
139181,275.65,40.239
139201,269.7,40.043
139221,263.78,39.902
139241,257.88,39.818
139261,252.01,39.791
139281,246.15,39.821
139301,240.29,39.905
139321,234.42,40.041
139341,228.54,40.227
139361,222.64,40.457
139381,216.71,40.727
139401,210.75,41.032
139421,204.75,41.366
139441,198.71,41.724
139461,192.62,42.1
139481,186.49,42.488
139501,180.3,42.882
139521,174.07,43.276
139541,167.79,43.665
139561,161.47,44.043
139581,155.09,44.405
139601,148.68,44.747
139621,142.23,45.063
139641,135.73,45.351
139661,129.21,45.606
139681,122.65,45.825
139701,116.07,46.005
139721,109.47,46.145
139741,102.84,46.241
139761,96.208,46.294
139781,89.563,46.302
139801,82.913,46.263
139821,76.263,46.18
139841,69.617,46.051
139861,62.979,45.879
139881,56.355,45.663
139901,49.748,45.407
139921,43.163,45.113
139941,36.604,44.784
139961,30.075,44.422
139981,23.579,44.032
140001,17.12,43.619
140021,10.702,43.185
140041,4.3274,42.737
140061,358,42.279
140081,351.72,41.818
140101,345.48,41.36
140121,339.3,40.909
140141,333.17,40.473
140161,327.09,40.058
140181,321.05,39.669
140201,315.06,39.314
140221,309.1,38.998
140241,303.18,38.725
140261,297.3,38.502
140281,291.43,38.332
140301,285.58,38.218
140321,279.73,38.163
140341,273.88,38.168
140361,268.02,38.234
140381,262.14,38.36
140401,256.24,38.545
140421,250.3,38.785
140441,244.32,39.078
140461,238.3,39.419
140481,232.23,39.803
140501,226.1,40.224
140521,219.93,40.678
140541,213.7,41.157
140561,207.42,41.656
140581,201.09,42.168
140601,194.7,42.687
140621,188.27,43.207
140641,181.79,43.722
140661,175.28,44.228
140681,168.72,44.717
140701,162.13,45.187
140721,155.51,45.631
140741,148.87,46.047
140761,142.2,46.431
140781,135.51,46.78
140801,128.82,47.09
140821,122.11,47.361
140841,115.4,47.589
140861,108.69,47.774
140881,101.99,47.916
140901,95.292,48.013
140921,88.61,48.066
140941,81.946,48.076
140961,75.303,48.043
140981,68.686,47.97
141001,62.099,47.859
141021,55.544,47.711
141041,49.026,47.53
141061,42.547,47.319
141081,36.109,47.081
141101,29.716,46.821
141121,23.368,46.543
141141,17.067,46.251
141161,10.813,45.95
141181,4.6069,45.646
141201,358.45,45.343
141221,352.33,45.046
141241,346.26,44.762
141261,340.23,44.495
141281,334.23,44.251
141301,328.27,44.035
141321,322.33,43.85
141341,316.4,43.702
141361,310.49,43.594
141381,304.58,43.53
141401,298.67,43.513
141421,292.75,43.543
141441,286.8,43.624
141461,280.83,43.754
141481,274.82,43.934
141501,268.77,44.162
141521,262.68,44.437
141541,256.53,44.757
141561,250.33,45.117
141581,244.07,45.514
141601,237.75,45.945
141621,231.38,46.403
141641,224.94,46.884
141661,218.46,47.384
141681,211.92,47.896
141701,205.32,48.416
141721,198.69,48.937
141741,192.01,49.456
141761,185.29,49.967
141781,178.54,50.466
141801,171.76,50.947
141821,164.95,51.407
141841,158.12,51.843
141861,151.28,52.251
141881,144.43,52.627
141901,137.57,52.97
141921,130.71,53.278
141941,123.85,53.548
141961,117,53.78
141981,110.17,53.974
142001,103.34,54.127
142021,96.542,54.242
142041,89.763,54.319
142061,83.012,54.358
142081,76.292,54.361
142101,69.605,54.33
142121,62.956,54.268
142141,56.346,54.177
142161,49.777,54.059
142181,43.253,53.919
142201,36.773,53.76
142221,30.339,53.585
142241,23.952,53.4
142261,17.61,53.207
142281,11.314,53.011
142301,5.0621,52.816
142321,358.85,52.628
142341,352.68,52.45
142361,346.55,52.286
142381,340.44,52.141
142401,334.37,52.018
142421,328.31,51.921
142441,322.28,51.853
142461,316.25,51.817
142481,310.23,51.816
142501,304.2,51.851
142521,298.16,51.923
142541,292.1,52.034
142561,286.02,52.184
142581,279.91,52.373
142601,273.77,52.599
142621,267.58,52.861
142641,261.34,53.158
142661,255.06,53.487
142681,248.73,53.845
142701,242.34,54.228
142721,235.89,54.634
142741,229.39,55.059
142761,222.84,55.497
142781,216.24,55.946
142801,209.58,56.4
142821,202.88,56.856
142841,196.13,57.309
142861,189.34,57.756
142881,182.52,58.191
142901,175.67,58.612
142921,168.78,59.014
142941,161.88,59.395
142961,154.96,59.752
142981,148.03,60.082
143001,141.09,60.382
143021,134.14,60.652
143041,127.2,60.889
143061,120.27,61.092
143081,113.34,61.262
143101,106.43,61.397
143121,99.544,61.498
143141,92.678,61.565
143161,85.838,61.601
143181,79.029,61.605
143201,72.253,61.58
143221,65.514,61.529
143241,58.814,61.452
143261,52.154,61.355
143281,45.537,61.238
143301,38.964,61.106
143321,32.435,60.963
143341,25.951,60.811
143361,19.512,60.654
143381,13.118,60.497
143401,6.7653,60.343
143421,0.454,60.196
143441,354.18,60.059
143461,347.94,59.936
143481,341.74,59.831
143501,335.56,59.747
143521,329.41,59.686
143541,323.27,59.651
143561,317.15,59.645
143581,311.03,59.669
143601,304.92,59.724
143621,298.8,59.811
143641,292.67,59.931
143661,286.52,60.084
143681,280.35,60.269
143701,274.15,60.485
143721,267.92,60.731
143741,261.66,61.005
143761,255.35,61.305
143781,248.99,61.629
143801,242.59,61.973
143821,236.14,62.334
143841,229.64,62.709
143861,223.09,63.094
143881,216.49,63.487
143901,209.84,63.882
143921,203.15,64.277
143941,196.4,64.668
143961,189.62,65.05
143981,182.8,65.422
144001,175.95,65.779
144021,169.06,66.118
144041,162.15,66.437
144061,155.22,66.733
144081,148.27,67.004
144101,141.31,67.248
144121,134.34,67.464
144141,127.37,67.649
144161,120.41,67.804
144181,113.45,67.928
144201,106.5,68.022
144221,99.572,68.085
144241,92.662,68.118
144261,85.776,68.122
144281,78.919,68.1
144301,72.092,68.052
144321,65.299,67.981
144341,58.543,67.89
144361,51.825,67.781
144381,45.148,67.657
144401,38.513,67.521
144421,31.92,67.376
144441,25.371,67.227
144461,18.865,67.077
144481,12.401,66.928
144501,5.9783,66.785
144521,359.6,66.651
144541,353.25,66.53
144561,346.94,66.424
144581,340.66,66.336
144601,334.41,66.27
144621,328.19,66.228
144641,321.98,66.212
144661,315.79,66.223
144681,309.61,66.264
144701,303.44,66.334
144721,297.26,66.435
144741,291.08,66.567
144761,284.89,66.729
144781,278.68,66.92
144801,272.45,67.14
144821,266.19,67.387
144841,259.91,67.658
144861,253.59,67.952
144881,247.23,68.266
144901,240.83,68.597
144921,234.38,68.942
144941,227.89,69.298
144961,221.36,69.661
144981,214.78,70.029
145001,208.15,70.396
145021,201.48,70.761
145041,194.76,71.119
145061,188,71.468
145081,181.2,71.803
145101,174.36,72.123
145121,167.5,72.425
145141,160.6,72.705
145161,153.68,72.962
145181,146.74,73.194
145201,139.79,73.399
145221,132.82,73.576
145241,125.85,73.725
145261,118.88,73.844
145281,111.91,73.934
145301,104.95,73.995
145321,98.003,74.028
145341,91.072,74.033
145361,84.162,74.012
145381,77.276,73.966
145401,70.418,73.898
145421,63.592,73.81
145441,56.798,73.705
145461,50.041,73.584
145481,43.321,73.452
145501,36.64,73.311
145521,30,73.165
145541,23.4,73.017
145561,16.841,72.87
145581,10.322,72.729
145601,3.8427,72.596
145621,357.4,72.474
145641,351,72.367
145661,344.62,72.278
145681,338.28,72.21
145701,331.97,72.165
145721,325.68,72.145
145741,319.42,72.152
145761,313.17,72.187
145781,306.93,72.252
145801,300.7,72.348
145821,294.47,72.474
145841,288.23,72.631
145861,282,72.818
145881,275.74,73.033
145901,269.48,73.276
145921,263.19,73.545
145941,256.88,73.837
145961,250.54,74.15
145981,244.16,74.481
146001,237.75,74.827
146021,231.3,75.186
146041,224.82,75.553
146061,218.29,75.925
146081,211.71,76.299
146101,205.1,76.671
146121,198.44,77.037
146141,191.74,77.395
146161,185,77.741
146181,178.22,78.071
146201,171.4,78.383
146221,164.55,78.675
146241,157.67,78.944
146261,150.77,79.188
146281,143.84,79.405
146301,136.89,79.594
146321,129.93,79.755
146341,122.96,79.885
146361,115.99,79.986
146381,109.01,80.058
146401,102.04,80.1006
146421,95.078,80.1151
146441,88.128,80.1028
146461,81.196,80.0653
146481,74.284,80.0046
146501,67.396,79.923
146521,60.535,79.823
146541,53.704,79.707
146561,46.906,79.578
146581,40.141,79.44
146601,33.412,79.295
146621,26.72,79.147
146641,20.066,79
146661,13.449,78.857
146681,6.8696,78.722
146701,0.32687,78.597
146721,353.82,78.486
146741,347.35,78.392
146761,340.9,78.319
146781,334.49,78.268
146801,328.11,78.242
146821,321.74,78.243
146841,315.4,78.273
146861,309.08,78.333
146881,302.76,78.425
146901,296.46,78.548
146921,290.16,78.703
146941,283.86,78.889
146961,277.55,79.106
146981,271.24,79.352
147001,264.91,79.626
147021,258.57,79.926
147041,252.21,80.2492
147061,245.82,80.5935
147081,239.4,80.9555
147101,232.96,81.3322
147121,226.48,81.7201
147141,219.97,82.1154
147161,213.42,82.5147
147181,206.83,82.9139
147201,200.21,83.3094
147221,193.54,83.6975
147241,186.84,84.0744
147261,180.1,84.4368
147281,173.32,84.7812
147301,166.51,85.1048
147321,159.66,85.4048
147341,152.78,85.6787
147361,145.88,85.9245
147381,138.95,86.1405
147401,132.01,86.3254
147421,125.04,86.4785
147441,118.06,86.5992
147461,111.08,86.6876
147481,104.09,86.7439
147501,97.106,86.7691
147521,90.124,86.7644
147541,83.15,86.7312
147561,76.19,86.6716
147581,69.246,86.5877
147601,62.322,86.4822
147621,55.421,86.3578
147641,48.546,86.2177
147661,41.699,86.065
147681,34.883,85.9031
147701,28.098,85.7356
147721,21.347,85.5661
147741,14.629,85.3982
147761,7.9451,85.2356
147781,1.2951,85.0817
147801,354.68,84.9402
147821,348.09,84.8143
147841,341.54,84.7072
147861,335.02,84.6218
147881,328.52,84.5609
147901,322.05,84.5267
147921,315.59,84.5214
147941,309.16,84.5466
147961,302.74,84.6038
147981,296.34,84.6937
148001,289.94,84.8169
148021,283.55,84.9735
148041,277.15,85.1631
148061,270.76,85.3848
148081,264.35,85.6375
148101,257.94,85.9195
148121,251.51,86.2287
148141,245.07,86.5627
148161,238.61,86.9187
148181,232.12,87.2937
148201,225.6,87.6842
148221,219.06,88.0866
148241,212.49,88.4971
148261,205.88,88.9117
148281,199.25,89.32634
148301,192.58,89.7369
148321,185.87,90.1393
148341,179.13,90.5295
148361,172.36,90.90362
148381,165.55,91.258
148401,158.71,91.589
148421,151.85,91.8937
148441,144.95,92.1692
148461,138.03,92.413
148481,131.08,92.6231
148501,124.12,92.7981
148521,117.14,92.9368
148541,110.15,93.0386
148561,103.15,93.1036
148581,96.145,93.132
148601,89.14,93.1247
148621,82.138,93.0832
148641,75.143,93.0091
148661,68.158,92.9046
148681,61.189,92.7723
148701,54.236,92.615
148721,47.304,92.4359
148741,40.395,92.2384
148761,33.512,92.0261
148781,26.655,91.8028
148801,19.828,91.5722
148821,13.03,91.3384
148841,6.2627,91.1053
148861,359.53,90.87675
148881,352.82,90.65663
148901,346.14,90.44864
148921,339.5,90.25636
148941,332.88,90.083126
148961,326.29,89.932065
148981,319.72,89.80602
149001,313.17,89.70751
149021,306.64,89.63874
149041,300.13,89.60152
149061,293.63,89.5973
149081,287.14,89.62709
149101,280.65,89.69151
149121,274.17,89.79071
149141,267.69,89.924438
149161,261.21,90.09198
149181,254.71,90.2922
149201,248.21,90.52354
149221,241.69,90.78403
149241,235.16,91.0713
149261,228.61,91.3827
149281,222.03,91.7151
149301,215.43,92.0652
149321,208.81,92.4293
149341,202.15,92.8036
149361,195.47,93.184
149381,188.76,93.5665
149401,182.02,93.9466
149421,175.25,94.3202
149441,168.44,94.683
149461,161.61,95.0307
149481,154.75,95.3594
149501,147.86,95.665
149521,140.95,95.9442
149541,134.02,96.1934
149561,127.06,96.4099
149581,120.09,96.591
149601,113.1,96.7348
149621,106.1,96.8397
149641,99.089,96.9046
149661,92.076,96.9291
149681,85.063,96.9132
149701,78.052,96.8575
149721,71.047,96.7631
149741,64.052,96.6317
149761,57.07,96.4655
149781,50.104,96.2668
149801,43.157,96.0388
149821,36.231,95.7847
149841,29.329,95.5082
149861,22.453,95.2129
149881,15.604,94.9031
149901,8.7832,94.5827
149921,1.9915,94.256
149941,355.23,93.9273
149961,348.5,93.6008
149981,341.79,93.2806
150001,335.12,92.9706
150021,328.47,92.6747
150041,321.84,92.3966
150061,315.24,92.1395
150081,308.66,91.9065
150101,302.1,91.7004
150121,295.56,91.5236
150141,289.03,91.378
150161,282.51,91.2654
150181,276,91.1868
150201,269.49,91.1431
150221,262.98,91.1346
150241,256.47,91.1612
150261,249.95,91.2224
150281,243.42,91.3172
150301,236.88,91.4442
150321,230.32,91.6017
150341,223.74,91.7874
150361,217.15,91.9988
150381,210.52,92.2332
150401,203.88,92.4872
150421,197.21,92.7575
150441,190.51,93.0405
150461,183.78,93.3322
150481,177.02,93.6287
150501,170.23,93.9259
150521,163.41,94.2197
150541,156.57,94.5058
150561,149.69,94.7803
150581,142.79,95.039
150601,135.87,95.2781
150621,128.93,95.4939
150641,121.96,95.683
150661,114.98,95.8424
150681,107.99,95.9691
150701,100.98,96.061
150721,93.976,96.116
150741,86.964,96.1327
150761,79.953,96.1102
150781,72.947,96.048
150801,65.95,95.9462
150821,58.964,95.8056
150841,51.994,95.6272
150861,45.042,95.4127
150881,38.111,95.1644
150901,31.204,94.8848
150921,24.323,94.5769
150941,17.47,94.244
150961,10.646,93.89
150981,3.853,93.5185
151001,357.09,93.1338
151021,350.36,92.74
151041,343.66,92.3413
151061,336.99,91.9421
151081,330.35,91.5465
151101,323.74,91.1586
151121,317.16,90.78247
151141,310.6,90.42175
151161,304.07,90.079984
151181,297.56,89.76038
151201,291.06,89.46584
151221,284.58,89.19891
151241,278.11,88.9618
151261,271.65,88.7562
151281,265.19,88.5836
151301,258.74,88.4448
151321,252.28,88.3403
151341,245.82,88.2703
151361,239.35,88.2343
151381,232.86,88.2316
151401,226.36,88.2608
151421,219.84,88.3204
151441,213.3,88.4085
151461,206.74,88.5226
151481,200.15,88.6601
151501,193.53,88.8182
151521,186.89,88.9935
151541,180.21,89.18267
151561,173.5,89.38219
151581,166.76,89.58833
151601,159.98,89.79731
151621,153.18,90.005297
151641,146.35,90.20846
151661,139.48,90.40303
151681,132.59,90.5853
151701,125.68,90.75173
151721,118.74,90.89893
151741,111.79,91.0237
151761,104.82,91.1233
151781,97.834,91.1949
151801,90.841,91.2364
151821,83.843,91.2459
151841,76.844,91.2218
151861,69.848,91.1632
151881,62.859,91.0692
151901,55.881,90.93994
151921,48.919,90.77552
151941,41.974,90.57676
151961,35.052,90.3449
151981,28.155,90.081607
152001,21.286,89.78899
152021,14.447,89.46954
152041,7.6409,89.12614
152061,0.86843,88.762
152081,354.13,88.3805
152101,347.43,87.9853
152121,340.76,87.5804
152141,334.13,87.1696
152161,327.54,86.757
152181,320.98,86.3466
152201,314.45,85.9422
152221,307.95,85.5479
152241,301.48,85.1671
152261,295.03,84.8035
152281,288.61,84.4601
152301,282.2,84.1398
152321,275.82,83.8454
152341,269.44,83.5789
152361,263.07,83.3421
152381,256.71,83.1366
152401,250.35,82.9632
152421,243.99,82.8226
152441,237.62,82.7148
152461,231.24,82.6396
152481,224.84,82.5962
152501,218.43,82.5834
152521,211.99,82.5998
152541,205.53,82.6435
152561,199.05,82.7121
152581,192.53,82.8032
152601,185.99,82.914
152621,179.41,83.0414
152641,172.8,83.1821
152661,166.15,83.3329
152681,159.47,83.4902
152701,152.75,83.6504
152721,146,83.81
152741,139.21,83.9655
152761,132.4,84.1134
152781,125.55,84.2502
152801,118.67,84.3729
152821,111.77,84.4783
152841,104.85,84.5636
152861,97.903,84.6263
152881,90.944,84.6641
152901,83.973,84.675
152921,76.995,84.6573
152941,70.013,84.6099
152961,63.032,84.5318
152981,56.057,84.4225
153001,49.091,84.2819
153021,42.139,84.1103
153041,35.205,83.9084
153061,28.293,83.6773
153081,21.407,83.4184
153101,14.55,83.1337
153121,7.7257,82.8253
153141,0.93583,82.4957
153161,354.18,82.1479
153181,347.47,81.7848
153201,340.79,81.4099
153221,334.16,81.0265
153241,327.56,80.6383
153261,321.01,80.249
153281,314.49,79.862
153301,308.02,79.482
153321,301.57,79.111
153341,295.16,78.753
153361,288.78,78.413
153381,282.43,78.091
153401,276.1,77.792
153421,269.78,77.518
153441,263.49,77.27
153461,257.2,77.051
153481,250.93,76.862
153501,244.65,76.703
153521,238.37,76.576
153541,232.09,76.48
153561,225.79,76.415
153581,219.49,76.381
153601,213.16,76.375
153621,206.81,76.396
153641,200.43,76.443
153661,194.02,76.512
153681,187.59,76.603
153701,181.12,76.711
153721,174.61,76.833
153741,168.07,76.967
153761,161.48,77.11
153781,154.86,77.257
153801,148.2,77.405
153821,141.51,77.551
153841,134.77,77.692
153861,128,77.824
153881,121.2,77.944
153901,114.36,78.049
153921,107.49,78.136
153941,100.6,78.203
153961,93.682,78.247
153981,86.746,78.267
154001,79.795,78.26
154021,72.831,78.226
154041,65.861,78.164
154061,58.888,78.072
154081,51.916,77.951
154101,44.951,77.801
154121,37.997,77.622
154141,31.058,77.415
154161,24.14,77.181
154181,17.245,76.923
154201,10.379,76.641
154221,3.5454,76.338
154241,356.75,76.017
154261,349.99,75.68
154281,343.27,75.331
154301,336.59,74.972
154321,329.95,74.607
154341,323.36,74.239
154361,316.81,73.872
154381,310.31,73.509
154401,303.85,73.154
154421,297.43,72.81
154441,291.05,72.48
154461,284.7,72.168
154481,278.38,71.875
154501,272.1,71.606
154521,265.83,71.362
154541,259.59,71.144
154561,253.36,70.955
154581,247.14,70.795
154601,240.93,70.666
154621,234.72,70.566
154641,228.5,70.498
154661,222.27,70.459
154681,216.03,70.448
154701,209.77,70.465
154721,203.49,70.508
154741,197.18,70.574
154761,190.84,70.661
154781,184.46,70.766
154801,178.06,70.886
154821,171.61,71.019
154841,165.12,71.161
154861,158.59,71.308
154881,152.03,71.457
154901,145.42,71.605
154921,138.76,71.748
154941,132.07,71.883
154961,125.34,72.007
154981,118.57,72.116
155001,111.77,72.208
155021,104.93,72.28
155041,98.065,72.329
155061,91.171,72.355
155081,84.254,72.354
155101,77.317,72.326
155121,70.365,72.269
155141,63.402,72.183
155161,56.432,72.068
155181,49.46,71.922
155201,42.49,71.748
155221,35.529,71.545
155241,28.579,71.315
155261,21.646,71.059
155281,14.735,70.779
155301,7.8504,70.478
155321,0.99572,70.157
155341,354.18,69.82
155361,347.39,69.469
155381,340.65,69.108
155401,333.95,68.739
155421,327.3,68.367
155441,320.69,67.994
155461,314.13,67.625
155481,307.62,67.263
155501,301.16,66.91
155521,294.74,66.571
155541,288.36,66.249
155561,282.03,65.946
155581,275.74,65.666
155601,269.47,65.41
155621,263.24,65.18
155641,257.04,64.98
155661,250.85,64.808
155681,244.68,64.668
155701,238.51,64.558
155721,232.36,64.479
155741,226.19,64.43
155761,220.03,64.411
155781,213.85,64.421
155801,207.65,64.457
155821,201.43,64.517
155841,195.18,64.6
155861,188.9,64.701
155881,182.59,64.819
155901,176.24,64.951
155921,169.85,65.092
155941,163.43,65.239
155961,156.95,65.389
155981,150.44,65.538
156001,143.88,65.682
156021,137.28,65.819
156041,130.63,65.944
156061,123.95,66.054
156081,117.22,66.147
156101,110.46,66.219
156121,103.65,66.268
156141,96.821,66.292
156161,89.957,66.288
156181,83.067,66.255
156201,76.153,66.192
156221,69.221,66.098
156241,62.274,65.972
156261,55.317,65.814
156281,48.354,65.625
156301,41.389,65.405
156321,34.428,65.156
156341,27.476,64.878
156361,20.536,64.573
156381,13.615,64.245
156401,6.7166,63.895
156421,359.85,63.526
156441,353.01,63.141
156461,346.2,62.744
156481,339.44,62.338
156501,332.72,61.927
156521,326.04,61.514
156541,319.42,61.103
156561,312.84,60.699
156581,306.32,60.305
156601,299.85,59.924
156621,293.43,59.56
156641,287.06,59.217
156661,280.74,58.898
156681,274.46,58.605
156701,268.22,58.34
156721,262.02,58.107
156741,255.86,57.905
156761,249.72,57.737
156781,243.6,57.603
156801,237.5,57.503
156821,231.4,57.436
156841,225.31,57.403
156861,219.22,57.401
156881,213.12,57.429
156901,207,57.485
156921,200.86,57.566
156941,194.69,57.668
156961,188.5,57.79
156981,182.27,57.928
157001,176,58.077
157021,169.69,58.234
157041,163.34,58.396
157061,156.95,58.557
157081,150.51,58.715
157101,144.03,58.865
157121,137.5,59.004
157141,130.93,59.127
157161,124.31,59.233
157181,117.65,59.316
157201,110.95,59.375
157221,104.22,59.406
157241,97.444,59.408
157261,90.64,59.378
157281,83.807,59.315
157301,76.949,59.217
157321,70.069,59.084
157341,63.172,58.916
157361,56.262,58.712
157381,49.342,58.473
157401,42.418,58.199
157421,35.494,57.893
157441,28.574,57.555
157461,21.664,57.188
157481,14.769,56.795
157501,7.8919,56.378
157521,1.0392,55.941
157541,354.21,55.488
157561,347.42,55.021
157581,340.67,54.546
157601,333.96,54.066
157621,327.29,53.586
157641,320.68,53.111
157661,314.11,52.645
157681,307.6,52.193
157701,301.14,51.759
157721,294.75,51.347
157741,288.4,50.962
157761,282.12,50.606
157781,275.88,50.284
157801,269.7,49.999
157821,263.56,49.751
157841,257.46,49.544
157861,251.4,49.378
157881,245.36,49.253
157901,239.35,49.171
157921,233.36,49.13
157941,227.37,49.128
157961,221.38,49.164
157981,215.39,49.235
158001,209.38,49.339
158021,203.35,49.472
158041,197.3,49.63
158061,191.22,49.81
158081,185.1,50.006
158101,178.95,50.215
158121,172.75,50.432
158141,166.51,50.653
158161,160.22,50.872
158181,153.89,51.085
158201,147.51,51.288
158221,141.08,51.476
158241,134.61,51.645
158261,128.09,51.792
158281,121.54,51.913
158301,114.94,52.005
158321,108.3,52.065
158341,101.63,52.09
158361,94.931,52.079
158381,88.201,52.029
158401,81.448,51.94
158421,74.674,51.809
158441,67.883,51.638
158461,61.081,51.426
158481,54.27,51.174
158501,47.456,50.883
158521,40.642,50.553
158541,33.834,50.187
158561,27.036,49.788
158581,20.251,49.358
158601,13.486,48.9
158621,6.7447,48.419
158641,0.031151,47.917
158661,353.35,47.4
158681,346.71,46.872
158701,340.1,46.339
158721,333.54,45.805
158741,327.03,45.277
158761,320.58,44.759
158781,314.17,44.258
158801,307.83,43.779
158821,301.54,43.327
158841,295.3,42.909
158861,289.13,42.528
158881,283.01,42.189
158901,276.94,41.896
158921,270.92,41.653
158941,264.94,41.461
158961,258.99,41.323
158981,253.08,41.239
159001,247.19,41.209
159021,241.31,41.232
159041,235.43,41.307
159061,229.55,41.43
159081,223.66,41.598
159101,217.75,41.808
159121,211.81,42.054
159141,205.85,42.332
159161,199.84,42.637
159181,193.8,42.963
159201,187.71,43.304
159221,181.57,43.655
159241,175.39,44.01
159261,169.16,44.363
159281,162.88,44.709
159301,156.55,45.044
159321,150.18,45.361
159341,143.77,45.657
159361,137.31,45.928
159381,130.82,46.169
159401,124.29,46.376
159421,117.73,46.548
159441,111.14,46.681
159461,104.53,46.773
159481,97.893,46.822
159501,91.245,46.827
159521,84.585,46.788
159541,77.919,46.703
159561,71.25,46.574
159581,64.583,46.399
159601,57.923,46.182
159621,51.273,45.923
159641,44.639,45.624
159661,38.024,45.287
159681,31.434,44.917
159701,24.871,44.516
159721,18.34,44.087
159741,11.846,43.636
159761,5.3899,43.167
159781,358.98,42.685
159801,352.61,42.195
159821,346.29,41.704
159841,340.02,41.217
159861,333.8,40.74
159881,327.63,40.28
159901,321.51,39.843
159921,315.44,39.435
159941,309.42,39.063
159961,303.44,38.731
159981,297.5,38.446
160001,291.59,38.212
160021,285.71,38.033
160041,279.86,37.912
160061,274.01,37.851
160081,268.16,37.851
160101,262.31,37.913
160121,256.45,38.035
160141,250.57,38.215
160161,244.65,38.451
160181,238.71,38.738
160201,232.72,39.072
160221,226.68,39.449
160241,220.6,39.861
160261,214.47,40.303
160281,208.29,40.77
160301,202.05,41.253
160321,195.76,41.748
160341,189.43,42.249
160361,183.05,42.748
160381,176.62,43.24
160401,170.15,43.72
160421,163.64,44.183
160441,157.09,44.624
160461,150.52,45.039
160481,143.91,45.423
160501,137.28,45.773
160521,130.64,46.087
160541,123.98,46.361
160561,117.31,46.594
160581,110.63,46.784
160601,103.95,46.93
160621,97.275,47.031
160641,90.607,47.087
160661,83.951,47.098
160681,77.311,47.066
160701,70.691,46.991
160721,64.096,46.875
160741,57.529,46.72
160761,50.995,46.529
160781,44.495,46.304
160801,38.034,46.05
160821,31.614,45.77
160841,25.238,45.468
160861,18.907,45.148
160881,12.623,44.816
160901,6.3867,44.477
160921,0.19833,44.135
160941,354.06,43.797
160961,347.96,43.467
160981,341.91,43.151
161001,335.9,42.856
161021,329.92,42.586
161041,323.98,42.346
161061,318.06,42.142
161081,312.16,41.978
161101,306.28,41.858
161121,300.39,41.785
161141,294.5,41.762
161161,288.6,41.791
161181,282.68,41.873
161201,276.73,42.008
161221,270.74,42.196
161241,264.71,42.434
161261,258.64,42.721
161281,252.51,43.054
161301,246.32,43.429
161321,240.08,43.842
161341,233.78,44.288
161361,227.43,44.761
161381,221.02,45.257
161401,214.55,45.77
161421,208.03,46.295
161441,201.46,46.825
161461,194.85,47.356
161481,188.19,47.882
161501,181.5,48.398
161521,174.78,48.9
161541,168.02,49.382
161561,161.24,49.841
161581,154.45,50.274
161601,147.64,50.676
161621,140.82,51.046
161641,133.99,51.38
161661,127.16,51.676
161681,120.34,51.934
161701,113.52,52.152
161721,106.72,52.33
161741,99.931,52.467
161761,93.164,52.564
161781,86.42,52.621
161801,79.705,52.641
161821,73.021,52.623
161841,66.371,52.571
161861,59.758,52.487
161881,53.186,52.374
161901,46.656,52.235
161921,40.169,52.073
161941,33.728,51.892
161961,27.333,51.696
161981,20.985,51.49
162001,14.683,51.277
162021,8.4265,51.062
162041,2.2141,50.85
162061,356.04,50.646
162081,349.91,50.453
162101,343.82,50.276
162121,337.75,50.12
162141,331.71,49.988
162161,325.69,49.884
162181,319.68,49.812
162201,313.69,49.774
162221,307.69,49.773
162241,301.68,49.811
162261,295.67,49.888
162281,289.63,50.007
162301,283.56,50.167
162321,277.46,50.367
162341,271.32,50.608
162361,265.13,50.885
162381,258.9,51.199
162401,252.61,51.546
162421,246.27,51.923
162441,239.88,52.326
162461,233.42,52.751
162481,226.92,53.195
162501,220.35,53.653
162521,213.74,54.12
162541,207.08,54.593
162561,200.37,55.065
162581,193.61,55.535
162601,186.82,55.996
162621,180,56.444
162641,173.14,56.877
162661,166.26,57.29
162681,159.37,57.68
162701,152.45,58.044
162721,145.53,58.379
162741,138.6,58.684
162761,131.67,58.957
162781,124.74,59.195
162801,117.83,59.399
162821,110.92,59.568
162841,104.03,59.701
162861,97.166,59.8
162881,90.324,59.864
162901,83.51,59.895
162921,76.728,59.894
162941,69.981,59.864
162961,63.271,59.806
162981,56.6,59.724
163001,49.972,59.62
163021,43.387,59.497
163041,36.847,59.36
163061,30.351,59.21
163081,23.901,59.052
163101,17.496,58.891
163121,11.135,58.729
163141,4.8165,58.571
163161,358.54,58.42
163181,352.3,58.281
163201,346.09,58.157
163221,339.92,58.051
163241,333.77,57.968
163261,327.64,57.908
163281,321.53,57.876
163301,315.43,57.874
163321,309.33,57.902
163341,303.23,57.963
163361,297.13,58.058
163381,291.01,58.186
163401,284.87,58.348
163421,278.7,58.543
163441,272.5,58.77
163461,266.27,59.028
163481,260,59.315
163501,253.68,59.627
163521,247.31,59.964
163541,240.9,60.321
163561,234.43,60.695
163581,227.92,61.083
163601,221.35,61.482
163621,214.73,61.887
163641,208.06,62.294
163661,201.35,62.701
163681,194.59,63.102
163701,187.79,63.495
163721,180.96,63.877
163741,174.09,64.242
163761,167.19,64.59
163781,160.27,64.915
163801,153.34,65.218
163821,146.38,65.494
163841,139.42,65.742
163861,132.46,65.961
163881,125.49,66.149
163901,118.53,66.307
163921,111.58,66.432
163941,104.65,66.526
163961,97.729,66.589
163981,90.833,66.622
164001,83.964,66.626
164021,77.124,66.603
164041,70.317,66.554
164061,63.545,66.482
164081,56.811,66.389
164101,50.117,66.278
164121,43.464,66.153
164141,36.854,66.016
164161,30.287,65.87
164181,23.764,65.72
164201,17.284,65.569
164221,10.847,65.42
164241,4.4516,65.277
164261,358.1,65.144
164281,351.78,65.023
164301,345.49,64.919
164321,339.24,64.834
164341,333.01,64.77
164361,326.81,64.731
164381,320.62,64.718
164401,314.45,64.733
164421,308.28,64.778
164441,302.12,64.853
164461,295.96,64.958
164481,289.79,65.095
164501,283.6,65.262
164521,277.39,65.459
164541,271.16,65.684
164561,264.91,65.936
164581,258.61,66.213
164601,252.29,66.513
164621,245.92,66.832
164641,239.5,67.168
164661,233.04,67.517
164681,226.54,67.878
164701,219.99,68.245
164721,213.39,68.616
164741,206.74,68.987
164761,200.05,69.354
164781,193.31,69.715
164801,186.53,70.065
164821,179.72,70.402
164841,172.87,70.723
164861,165.99,71.025
164881,159.08,71.306
164901,152.15,71.563
164921,145.2,71.794
164941,138.24,71.998
164961,131.28,72.174
164981,124.3,72.322
165001,117.33,72.439
165021,110.37,72.527
165041,103.41,72.586
165061,96.475,72.616
165081,89.554,72.619
165101,82.657,72.595
165121,75.785,72.548
165141,68.943,72.477
165161,62.133,72.387
165181,55.359,72.279
165201,48.622,72.157
165221,41.923,72.023
165241,35.265,71.881
165261,28.648,71.734
165281,22.072,71.585
165301,15.538,71.438
165321,9.044,71.296
165341,2.5898,71.163
165361,356.17,71.042
165381,349.79,70.936
165401,343.45,70.848
165421,337.13,70.781
165441,330.84,70.738
165461,324.58,70.719
165481,318.33,70.728
165501,312.1,70.766
165521,305.87,70.833
165541,299.66,70.93
165561,293.44,71.058
165581,287.22,71.217
165601,280.99,71.405
165621,274.75,71.621
165641,268.49,71.865
165661,262.2,72.133
165681,255.89,72.425
165701,249.54,72.737
165721,243.16,73.067
165741,236.75,73.412
165761,230.29,73.768
165781,223.79,74.132
165801,217.25,74.501
165821,210.66,74.87
165841,204.03,75.238
165861,197.36,75.599
165881,190.65,75.951
165901,183.89,76.291
165921,177.1,76.616
165941,170.27,76.922
165961,163.4,77.208
165981,156.51,77.47
166001,149.6,77.708
166021,142.66,77.919
166041,135.71,78.102
166061,128.74,78.257
166081,121.77,78.382
166101,114.8,78.478
166121,107.83,78.544
166141,100.86,78.582
166161,93.906,78.593
166181,86.967,78.576
166201,80.046,78.536
166221,73.148,78.472
166241,66.276,78.388
166261,59.433,78.286
166281,52.621,78.169
166301,45.843,78.039
166321,39.1,77.901
166341,32.395,77.756
166361,25.728,77.61
166381,19.099,77.464
166401,12.508,77.323
166421,5.9554,77.189
166441,359.44,77.067
166461,352.96,76.959
166481,346.51,76.869
166501,340.1,76.799
166521,333.72,76.752
166541,327.36,76.731
166561,321.02,76.736
166581,314.7,76.77
166601,308.4,76.835
166621,302.11,76.93
166641,295.83,77.057
166661,289.55,77.215
166681,283.26,77.404
166701,276.97,77.623
166721,270.68,77.871
166741,264.36,78.146
166761,258.03,78.445
166781,251.67,78.768
166801,245.29,79.111
166821,238.88,79.47
166841,232.44,79.843
166861,225.96,80.2262
166881,219.45,80.616
166901,212.89,81.0088
166921,206.3,81.4009
166941,199.67,81.7885
166961,193,82.1679
166981,186.29,82.5358
167001,179.54,82.8886
167021,172.75,83.2234
167041,165.93,83.5372
167061,159.07,83.8273
167081,152.19,84.0917
167101,145.28,84.3283
167121,138.35,84.5356
167141,131.4,84.7124
167161,124.43,84.8581
167181,117.45,84.9722
167201,110.47,85.0549
167221,103.49,85.1067
167241,96.505,85.1283
167261,89.531,85.1211
167281,82.567,85.0866
167301,75.618,85.0268
167321,68.688,84.9439
167341,61.78,84.8406
167361,54.897,84.7195
167381,48.041,84.5838
167401,41.214,84.4367
167421,34.42,84.2815
167441,27.659,84.1218
167461,20.932,83.961
167481,14.239,83.8028
167501,7.5821,83.6507
167521,0.95934,83.5082
167541,354.37,83.3788
167561,347.81,83.2657
167581,341.29,83.172
167601,334.79,83.1004
167621,328.32,83.0537
167641,321.88,83.0341
167661,315.46,83.0435
167681,309.05,83.0835
167701,302.66,83.1553
167721,296.28,83.2596
167741,289.91,83.397
167761,283.54,83.5672
167781,277.17,83.7697
167801,270.79,84.0038
167821,264.41,84.2679
167841,258.02,84.5603
167861,251.61,84.8788
167881,245.18,85.221
167901,238.73,85.5839
167921,232.25,85.9644
167941,225.75,86.3591
167961,219.22,86.7642
167981,212.66,87.176
168001,206.06,87.5905
168021,199.43,88.0036
168041,192.76,88.4114
168061,186.06,88.8099
168081,179.32,89.1951
168101,172.55,89.56333
168121,165.74,89.91105
168141,158.9,90.23501
168161,152.03,90.53227
168181,145.14,90.80024
168201,138.21,91.0367
168221,131.27,91.24
168241,124.31,91.4086
168261,117.33,91.5419
168281,110.34,91.6394
168301,103.34,91.7012
168321,96.338,91.7279
168341,89.337,91.7205
168361,82.34,91.6805
168381,75.352,91.6097
168401,68.376,91.5103
168421,61.416,91.385
168441,54.474,91.2365
168461,47.553,91.0682
168481,40.657,90.88324
168501,33.788,90.68534
168521,26.946,90.47815
168541,20.135,90.26549
168561,13.354,90.05119
168581,6.6041,89.83912
168601,359.89,89.63308
168621,353.2,89.43683
168641,346.54,89.25396
168661,339.92,89.08792
168681,333.32,88.9419
168701,326.74,88.819
168721,320.19,88.7218
168741,313.67,88.6528
168761,307.16,88.614
168781,300.66,88.6071
168801,294.18,88.6333
168821,287.71,88.6935
168841,281.25,88.7881
168861,274.79,88.9173
168881,268.32,89.08045
168901,261.85,89.2768
168921,255.38,89.50503
168941,248.89,89.76341
168961,242.39,90.049847
168981,235.87,90.36183
169001,229.33,90.69652
169021,222.77,91.0507
169041,216.18,91.421
169061,209.57,91.8037
169081,202.92,92.1947
169101,196.25,92.5901
169121,189.55,92.9857
169141,182.81,93.3771
169161,176.05,93.7601
169181,169.25,94.1305
169201,162.43,94.4841
169221,155.57,94.817
169241,148.69,95.1256
169261,141.78,95.4063
169281,134.85,95.656
169301,127.9,95.8721
169321,120.93,96.0523
169341,113.94,96.1949
169361,106.94,96.2984
169381,99.933,96.3622
169401,92.921,96.3861
169421,85.908,96.3703
169441,78.898,96.3158
169461,71.894,96.2239
169481,64.899,96.0964
169501,57.917,95.9356
169521,50.952,95.7443
169541,44.005,95.5256
169561,37.08,95.2827
169581,30.179,95.0194
169601,23.304,94.7396
169621,16.455,94.4472
169641,9.6356,94.1463
169661,2.8449,93.8412
169681,356.08,93.536
169701,349.35,93.2349
169721,342.65,92.9418
169741,335.97,92.6607
169761,329.33,92.3953
169781,322.7,92.149
169801,316.1,91.9251
169821,309.53,91.7265
169841,302.97,91.5558
169861,296.42,91.4151
169881,289.89,91.3065
169901,283.37,91.2312
169921,276.86,91.1905
169941,270.35,91.1848
169961,263.84,91.2143
169981,257.32,91.2788
170001,250.8,91.3775
170021,244.27,91.5094
170041,237.73,91.6728
170061,231.17,91.8659
170081,224.59,92.0862
170101,217.99,92.3312
170121,211.36,92.5978
170141,204.72,92.8827
170161,198.04,93.1824
170181,191.34,93.493
170201,184.61,93.8106
170221,177.84,94.1312
170241,171.05,94.4506
170261,164.23,94.7644
170281,157.38,95.0686
170301,150.51,95.359
170321,143.61,95.6316
170341,136.68,95.8825
170361,129.74,96.1081
170381,122.77,96.305
170401,115.79,96.4702
170421,108.79,96.6012
170441,101.79,96.6957
170461,94.78,96.752
170481,87.767,96.7688
170501,80.755,96.7455
170521,73.748,96.6819
170541,66.748,96.5783
170561,59.761,96.4357
170581,52.788,96.2556
170601,45.833,96.0399
170621,38.899,95.791
170641,31.987,95.5117
170661,25.102,95.2054
170681,18.243,94.8755
170701,11.413,94.5258
170721,4.6133,94.1603
170741,357.84,93.7833
170761,351.1,93.399
170781,344.4,93.0117
170801,337.72,92.6256
170821,331.07,92.245
170841,324.45,91.8738
170861,317.85,91.5161
170881,311.28,91.1754
170901,304.73,90.85512
170921,298.2,90.55842
170941,291.69,90.28805
170961,285.19,90.046434
170981,278.71,89.83559
171001,272.23,89.65714
171021,265.75,89.5123
171041,259.28,89.40184
171061,252.8,89.32608
171081,246.32,89.28494
171101,239.83,89.27787
171121,233.32,89.30391
171141,226.8,89.3617
171161,220.26,89.44947
171181,213.7,89.56509
171201,207.12,89.70608
171221,200.5,89.86966
171241,193.87,90.052764
171261,187.2,90.25208
171281,180.5,90.4641
171301,173.77,90.68514
171321,167.01,90.91141
171341,160.22,91.139
171361,153.4,91.3641
171381,146.55,91.5827
171401,139.67,91.7909
171421,132.77,91.9851
171441,125.84,92.1617
171461,118.89,92.3172
171481,111.93,92.4485
171501,104.95,92.5527
171521,97.957,92.6273
171541,90.958,92.6699
171561,83.955,92.6789
171581,76.953,92.6528
171601,69.954,92.5906
171621,62.964,92.492
171641,55.986,92.3569
171661,49.023,92.1857
171681,42.08,91.9796
171701,35.159,91.7398
171721,28.263,91.4684
171741,21.395,91.1677
171761,14.558,90.84039
171781,7.7517,90.48955
171801,0.97912,90.11856
171821,354.24,89.73107
171841,347.54,89.33093
171861,340.87,88.9221
171881,334.23,88.5087
171901,327.63,88.0947
171921,321.06,87.6843
171941,314.52,87.2813
171961,308.01,86.8897
171981,301.53,86.5131
172001,295.07,86.1549
172021,288.63,85.8183
172041,282.21,85.506
172061,275.81,85.2205
172081,269.41,84.964
172101,263.02,84.7381
172121,256.64,84.5442
172141,250.26,84.3831
172161,243.87,84.2552
172181,237.47,84.1605
172201,231.06,84.0986
172221,224.64,84.0686
172241,218.2,84.0692
172261,211.74,84.0989
172281,205.25,84.1556
172301,198.74,84.2369
172321,192.19,84.3402
172341,185.62,84.4626
172361,179.01,84.6011
172381,172.38,84.7522
172401,165.7,84.9125
172421,158.99,85.0785
172441,152.25,85.2466
172461,145.48,85.4131
172481,138.67,85.5745
172501,131.83,85.7272
172521,124.96,85.8679
172541,118.07,85.9932
172561,111.15,86.1003
172581,104.21,86.1861
172601,97.258,86.2482
172621,90.289,86.2843
172641,83.311,86.2924
172661,76.326,86.271
172681,69.341,86.2188
172701,62.358,86.1349
172721,55.383,86.019
172741,48.419,85.871
172761,41.47,85.6913
172781,34.542,85.4807
172801,27.637,85.2404
172821,20.758,84.972
172841,13.91,84.6775
172861,7.0943,84.3594
172881,0.31375,84.0201
172901,353.57,83.6628
172921,346.86,83.2907
172941,340.2,82.9071
172961,333.57,82.5158
172981,326.98,82.1203
173001,320.43,81.7245
173021,313.92,81.332
173041,307.44,80.9467
173061,301,80.5722
173081,294.58,80.2118
173101,288.2,79.869
173121,281.84,79.546
173141,275.5,79.247
173161,269.18,78.973
173181,262.87,78.727
173201,256.57,78.51
173221,250.27,78.323
173241,243.98,78.168
173261,237.68,78.044
173281,231.37,77.952
173301,225.06,77.89
173321,218.72,77.859
173341,212.37,77.857
173361,205.99,77.883
173381,199.59,77.933
173401,193.16,78.006
173421,186.69,78.1
173441,180.2,78.211
173461,173.66,78.336
173481,167.09,78.472
173501,160.48,78.616
173521,153.84,78.764
173541,147.15,78.913
173561,140.43,79.06
173581,133.68,79.2
173601,126.89,79.331
173621,120.06,79.45
173641,113.21,79.553
173661,106.33,79.638
173681,99.419,79.702
173701,92.49,79.744
173721,85.545,79.76
173741,78.586,79.749
173761,71.617,79.711
173781,64.643,79.644
173801,57.669,79.547
173821,50.699,79.421
173841,43.737,79.265
173861,36.789,79.081
173881,29.858,78.868
173901,22.949,78.629
173921,16.066,78.364
173941,9.2127,78.077
173961,2.3924,77.769
173981,355.61,77.442
174001,348.86,77.1
174021,342.16,76.746
174041,335.49,76.383
174061,328.87,76.014
174081,322.3,75.642
174101,315.76,75.272
174121,309.27,74.907
174141,302.82,74.55
174161,296.41,74.204
174181,290.03,73.874
174201,283.69,73.561
174221,277.37,73.269
174241,271.09,73.001
174261,264.82,72.757
174281,258.57,72.541
174301,252.33,72.354
174321,246.1,72.196
174341,239.88,72.069
174361,233.65,71.972
174381,227.41,71.906
174401,221.17,71.869
174421,214.91,71.861
174441,208.63,71.881
174461,202.32,71.925
174481,195.99,71.993
174501,189.62,72.081
174521,183.22,72.188
174541,176.79,72.309
174561,170.32,72.442
174581,163.81,72.584
174601,157.26,72.732
174621,150.66,72.88
174641,144.03,73.028
174661,137.36,73.17
174681,130.64,73.304
174701,123.89,73.426
174721,117.1,73.534
174741,110.28,73.624
174761,103.43,73.694
174781,96.548,73.742
174801,89.642,73.766
174821,82.714,73.763
174841,75.769,73.733
174861,68.81,73.675
174881,61.843,73.588
174901,54.871,73.471
174921,47.9,73.325
174941,40.933,73.149
174961,33.976,72.946
174981,27.034,72.716
175001,20.111,72.461
175021,13.212,72.182
175041,6.34,71.882
175061,359.5,71.564
175081,352.7,71.229
175101,345.93,70.881
175121,339.21,70.522
175141,332.53,70.158
175161,325.89,69.789
175181,319.3,69.421
175201,312.76,69.057
175221,306.27,68.699
175241,299.82,68.352
175261,293.41,68.019
175281,287.05,67.703
175301,280.73,67.406
175321,274.44,67.132
175341,268.18,66.882
175361,261.95,66.659
175381,255.74,66.464
175401,249.55,66.299
175421,243.37,66.164
175441,237.19,66.06
175461,231.02,65.986
175481,224.84,65.942
175501,218.66,65.927
175521,212.46,65.941
175541,206.24,65.98
175561,199.99,66.043
175581,193.72,66.128
175601,187.42,66.232
175621,181.08,66.351
175641,174.7,66.483
175661,168.29,66.625
175681,161.83,66.772
175701,155.33,66.922
175721,148.79,67.07
175741,142.21,67.214
175761,135.58,67.349
175781,128.91,67.473
175801,122.2,67.583
175821,115.45,67.674
175841,108.66,67.745
175861,101.84,67.793
175881,94.99,67.816
175901,88.109,67.812
175921,81.204,67.78
175941,74.277,67.717
175961,67.334,67.624
175981,60.378,67.5
176001,53.413,67.345
176021,46.445,67.159
176041,39.478,66.943
176061,32.518,66.698
176081,25.567,66.426
176101,18.633,66.128
176121,11.719,65.808
176141,4.8294,65.466
176161,357.97,65.106
176181,351.14,64.732
176201,344.36,64.346
176221,337.61,63.951
176241,330.91,63.552
176261,324.25,63.152
176281,317.64,62.755
176301,311.08,62.365
176321,304.58,61.984
176341,298.12,61.617
176361,291.72,61.268
176381,285.36,60.939
176401,279.04,60.632
176421,272.77,60.352
176441,266.54,60.1
176461,260.34,59.878
176481,254.17,59.687
176501,248.03,59.528
176521,241.9,59.403
176541,235.78,59.31
176561,229.67,59.25
176581,223.56,59.222
176601,217.44,59.224
176621,211.31,59.254
176641,205.17,59.311
176661,199,59.392
176681,192.8,59.494
176701,186.57,59.614
176721,180.31,59.749
176741,174.01,59.894
176761,167.67,60.047
176781,161.28,60.203
176801,154.86,60.359
176821,148.38,60.511
176841,141.87,60.654
176861,135.3,60.786
176881,128.7,60.903
176901,122.05,61.001
176921,115.36,61.078
176941,108.63,61.13
176961,101.86,61.155
176981,95.061,61.151
177001,88.23,61.116
177021,81.371,61.049
177041,74.489,60.948
177061,67.587,60.812
177081,60.669,60.643
177101,53.739,60.438
177121,46.802,60.2
177141,39.863,59.929
177161,32.926,59.627
177181,25.995,59.294
177201,19.076,58.934
177221,12.174,58.55
177241,5.2929,58.143
177261,358.44,57.717
177281,351.61,57.277
177301,344.82,56.825
177321,338.07,56.365
177341,331.37,55.902
177361,324.71,55.441
177381,318.1,54.984
177401,311.54,54.538
177421,305.04,54.106
177441,298.59,53.691
177461,292.2,53.299
177481,285.86,52.933
177501,279.57,52.596
177521,273.34,52.291
177541,267.15,52.021
177561,261,51.787
177581,254.9,51.592
177601,248.82,51.436
177621,242.77,51.319
177641,236.74,51.241
177661,230.72,51.202
177681,224.7,51.2
177701,218.68,51.234
177721,212.66,51.3
177741,206.62,51.396
177761,200.55,51.519
177781,194.46,51.665
177801,188.34,51.83
177821,182.19,52.01
177841,175.99,52.201
177861,169.75,52.399
177881,163.47,52.598
177901,157.15,52.796
177921,150.77,52.986
177941,144.35,53.166
177961,137.89,53.331
177981,131.38,53.476
178001,124.83,53.599
178021,118.23,53.696
178041,111.59,53.765
178061,104.92,53.801
178081,98.215,53.804
178101,91.477,53.77
178121,84.712,53.699
178141,77.923,53.589
178161,71.113,53.44
178181,64.287,53.251
178201,57.45,53.023
178221,50.605,52.756
178241,43.756,52.451
178261,36.908,52.11
178281,30.067,51.735
178301,23.235,51.328
178321,16.419,50.893
178341,9.6219,50.432
178361,2.8493,49.949
178381,356.11,49.448
178401,349.4,48.934
178421,342.72,48.411
178441,336.09,47.885
178461,329.51,47.36
178481,322.97,46.842
178501,316.49,46.336
178521,310.06,45.848
178541,303.69,45.382
178561,297.38,44.945
178581,291.13,44.54
178601,284.93,44.172
178621,278.79,43.846
178641,272.7,43.565
178661,266.66,43.33
178681,260.66,43.146
178701,254.69,43.011
178721,248.76,42.928
178741,242.84,42.896
178761,236.94,42.913
178781,231.04,42.978
178801,225.14,43.088
178821,219.23,43.24
178841,213.29,43.429
178861,207.34,43.652
178881,201.35,43.904
178901,195.33,44.179
178921,189.27,44.473
178941,183.17,44.779
178961,177.02,45.093
178981,170.82,45.41
179001,164.57,45.723
179021,158.28,46.028
179041,151.94,46.321
179061,145.56,46.595
179081,139.13,46.847
179101,132.66,47.073
179121,126.15,47.269
179141,119.61,47.432
179161,113.03,47.559
179181,106.42,47.647
179201,99.792,47.694
179221,93.139,47.699
179241,86.468,47.661
179261,79.784,47.578
179281,73.091,47.451
179301,66.394,47.279
179321,59.697,47.064
179341,53.005,46.807
179361,46.321,46.509
179381,39.651,46.173
179401,32.999,45.801
179421,26.369,45.395
179441,19.765,44.961
179461,13.191,44.501
179481,6.6521,44.02
179501,0.15123,43.523
179521,353.69,43.014
179541,347.28,42.501
179561,340.91,41.987
179581,334.59,41.48
179601,328.33,40.985
179621,322.12,40.509
179641,315.95,40.057
179661,309.85,39.637
179681,303.79,39.254
179701,297.78,38.914
179721,291.81,38.621
179741,285.88,38.381
179761,279.98,38.196
179781,274.11,38.07
179801,268.26,38.004
179821,262.41,37.999
179841,256.56,38.055
179861,250.71,38.17
179881,244.84,38.343
179901,238.95,38.57
179921,233.02,38.846
179941,227.06,39.167
179961,221.06,39.529
179981,215.02,39.924
180001,208.92,40.347
180021,202.78,40.792
180041,196.58,41.253
180061,190.34,41.722
180081,184.05,42.195
180101,177.71,42.665
180121,171.32,43.126
180141,164.89,43.573
180161,158.42,44.001
180181,151.91,44.406
180201,145.37,44.783
180221,138.81,45.128
180241,132.21,45.439
180261,125.6,45.711
180281,118.96,45.944
180301,112.32,46.133
180321,105.67,46.279
180341,99.012,46.381
180361,92.357,46.437
180381,85.707,46.447
180401,79.068,46.412
180421,72.443,46.333
180441,65.836,46.212
180461,59.252,46.049
180481,52.695,45.848
180501,46.168,45.61
180521,39.676,45.34
180541,33.221,45.04
180561,26.806,44.715
180581,20.435,44.369
180601,14.108,44.006
180621,7.829,43.632
180641,1.5975,43.252
180661,355.41,42.872
180681,349.28,42.496
180701,343.19,42.132
180721,337.15,41.784
180741,331.15,41.459
180761,325.18,41.162
180781,319.25,40.899
180801,313.35,40.675
180821,307.46,40.494
180841,301.59,40.361
180861,295.73,40.279
180881,289.86,40.25
180901,283.98,40.276
180921,278.07,40.358
180941,272.15,40.497
180961,266.18,40.69
180981,260.18,40.936
181001,254.12,41.233
181021,248.02,41.577
181041,241.86,41.963
181061,235.65,42.387
181081,229.38,42.844
181101,223.05,43.328
181121,216.67,43.834
181141,210.23,44.355
181161,203.74,44.887
181181,197.21,45.422
181201,190.63,45.956
181221,184.01,46.483
181241,177.35,46.998
181261,170.66,47.496
181281,163.94,47.973
181301,157.2,48.425
181321,150.44,48.848
181341,143.67,49.238
181361,136.88,49.594
181381,130.09,49.913
181401,123.3,50.192
181421,116.51,50.432
181441,109.73,50.629
181461,102.97,50.785
181481,96.215,50.9
181501,89.484,50.973
181521,82.777,51.005
181541,76.098,50.999
181561,69.45,50.955
181581,62.836,50.877
181601,56.26,50.766
181621,49.724,50.625
181641,43.231,50.459
181661,36.782,50.269
181681,30.378,50.062
181701,24.021,49.84
181721,17.711,49.608
181741,11.447,49.371
181761,5.2292,49.133
181781,359.06,48.899
181801,352.92,48.674
181821,346.83,48.463
181841,340.77,48.27
181861,334.74,48.099
181881,328.74,47.956
181901,322.75,47.843
181921,316.78,47.764
181941,310.81,47.722
181961,304.84,47.721
181981,298.86,47.76
182001,292.86,47.843
182021,286.84,47.969
182041,280.79,48.139
182061,274.7,48.352
182081,268.57,48.606
182101,262.39,48.9
182121,256.15,49.231
182141,249.87,49.597
182161,243.52,49.993
182181,237.12,50.416
182201,230.67,50.862
182221,224.15,51.325
182241,217.59,51.803
182261,210.97,52.289
182281,204.3,52.779
182301,197.59,53.268
182321,190.84,53.752
182341,184.05,54.227
182361,177.23,54.688
182381,170.38,55.131
182401,163.51,55.553
182421,156.62,55.95
182441,149.72,56.319
182461,142.81,56.659
182481,135.9,56.966
182501,128.99,57.239
182521,122.08,57.477
182541,115.19,57.679
182561,108.31,57.844
182581,101.44,57.973
182601,94.603,58.066
182621,87.788,58.124
182641,81.003,58.148
182661,74.251,58.14
182681,67.535,58.101
182701,60.857,58.035
182721,54.22,57.944
182741,47.625,57.831
182761,41.075,57.7
182781,34.569,57.553
182801,28.109,57.395
182821,21.695,57.229
182841,15.326,57.06
182861,9.0007,56.891
182881,2.7176,56.727
182901,356.47,56.571
182921,350.27,56.428
182941,344.1,56.301
182961,337.95,56.194
182981,331.83,56.109
183001,325.73,56.051
183021,319.65,56.021
183041,313.57,56.021
183061,307.49,56.055
183081,301.41,56.122
183101,295.32,56.224
183121,289.21,56.362
183141,283.08,56.534
183161,276.92,56.74
183181,270.72,56.979
183201,264.48,57.25
183221,258.2,57.551
183241,251.87,57.878
183261,245.5,58.229
183281,239.07,58.601
183301,232.59,58.99
183321,226.05,59.394
183341,219.47,59.807
183361,212.83,60.226
183381,206.15,60.648
183401,199.42,61.068
183421,192.64,61.482
183441,185.83,61.887
183461,178.98,62.279
183481,172.11,62.654
183501,165.2,63.01
183521,158.28,63.344
183541,151.34,63.653
183561,144.39,63.935
183581,137.43,64.188
183601,130.47,64.411
183621,123.51,64.603
183641,116.56,64.762
183661,109.62,64.889
183681,102.69,64.984
183701,95.792,65.047
183721,88.913,65.08
183741,82.063,65.083
183761,75.243,65.058
183781,68.457,65.008
183801,61.708,64.934
183821,54.998,64.839
183841,48.329,64.727
183861,41.702,64.599
183881,35.119,64.461
183901,28.58,64.314
183921,22.084,64.162
183941,15.633,64.01
183961,9.2237,63.861
183981,2.8559,63.718
184001,356.53,63.585
184021,350.23,63.465
184041,343.98,63.362
184061,337.75,63.279
184081,331.54,63.218
184101,325.36,63.182
184121,319.2,63.173
184141,313.04,63.192
184161,306.89,63.242
184181,300.74,63.322
184201,294.59,63.434
184221,288.43,63.576
184241,282.24,63.75
184261,276.04,63.954
184281,269.81,64.186
184301,263.55,64.445
184321,257.25,64.729
184341,250.91,65.035
184361,244.53,65.361
184381,238.1,65.704
184401,231.63,66.061
184421,225.1,66.427
184441,218.53,66.801
184461,211.91,67.177
184481,205.25,67.553
184501,198.54,67.926
184521,191.78,68.291
184541,184.99,68.645
184561,178.16,68.985
184581,171.29,69.309
184601,164.4,69.614
184621,157.48,69.896
184641,150.54,70.154
184661,143.59,70.386
184681,136.63,70.591
184701,129.66,70.767
184721,122.68,70.914
184741,115.72,71.03
184761,108.76,71.117
184781,101.81,71.175
184801,94.879,71.203
184821,87.97,71.204
184841,81.086,71.179
184861,74.229,71.129
184881,67.404,71.057
184901,60.612,70.965
184921,53.858,70.855
184941,47.141,70.732
184961,40.465,70.596
184981,33.829,70.453
185001,27.236,70.305
185021,20.685,70.155
185041,14.175,70.008
185061,7.7061,69.866
185081,1.277,69.733
185101,354.89,69.613
185121,348.53,69.508
185141,342.21,69.421
185161,335.91,69.356
185181,329.65,69.314
185201,323.4,69.297
185221,317.18,69.308
185241,310.96,69.348
185261,304.76,69.418
185281,298.55,69.518
185301,292.35,69.648
185321,286.14,69.808
185341,279.92,69.998
185361,273.68,70.217
185381,267.42,70.461
185401,261.13,70.731
185421,254.82,71.024
185441,248.47,71.336
185461,242.08,71.666
185481,235.65,72.01
185501,229.19,72.365
185521,222.67,72.727
185541,216.12,73.093
185561,209.52,73.46
185581,202.87,73.825
185601,196.18,74.183
185621,189.45,74.531
185641,182.68,74.867
185661,175.87,75.187
185681,169.03,75.489
185701,162.15,75.769
185721,155.25,76.027
185741,148.32,76.26
185761,141.38,76.466
185781,134.42,76.644
185801,127.46,76.794
185821,120.48,76.914
185841,113.51,77.005
185861,106.54,77.067
185881,99.583,77.101
185901,92.636,77.108
185921,85.707,77.088
185941,78.798,77.044
185961,71.914,76.977
185981,65.058,76.891
186001,58.233,76.787
186021,51.441,76.668
186041,44.684,76.537
186061,37.963,76.397
186081,31.281,76.253
186101,24.638,76.106
186121,18.035,75.961
186141,11.47,75.82
186161,4.9437,75.688
186181,358.45,75.568
186201,352,75.462
186221,345.58,75.374
186241,339.2,75.307
186261,332.84,75.263
186281,326.5,75.244
186301,320.19,75.252
186321,313.9,75.29
186341,307.62,75.357
186361,301.35,75.455
186381,295.08,75.584
186401,288.82,75.744
186421,282.55,75.935
186441,276.28,76.155
186461,269.99,76.403
186481,263.69,76.678
186501,257.36,76.977
186521,251.01,77.298
186541,244.63,77.638
186561,238.22,77.994
186581,231.78,78.363
186601,225.3,78.741
186621,218.78,79.125
186641,212.22,79.511
186661,205.62,79.896
186681,198.98,80.2754
186701,192.3,80.6465
186721,185.58,81.0054
186741,178.82,81.3492
186761,172.02,81.6746
186781,165.19,81.979
186801,158.32,82.2598
186821,151.43,82.5151
186841,144.51,82.7429
186861,137.58,82.9419
186881,130.62,83.1109
186901,123.65,83.2494
186921,116.68,83.3572
186941,109.7,83.4342
186961,102.72,83.4812
186981,95.742,83.4989
187001,88.776,83.4887
187021,81.823,83.4522
187041,74.887,83.3914
187061,67.971,83.3085
187081,61.079,83.2061
187101,54.214,83.087
187121,47.378,82.9542
187141,40.573,82.8109
187161,33.802,82.6605
187181,27.065,82.5064
187201,20.363,82.3521
187221,13.697,82.2012
187241,7.0667,82.0572
187261,0.4718,81.9235
187281,353.91,81.8035
187301,347.38,81.7003
187321,340.89,81.617
187341,334.42,81.5563
187361,327.98,81.5207
187381,321.56,81.5124
187401,315.17,81.5332
187421,308.79,81.5846
187441,302.43,81.6676
187461,296.07,81.783
187481,289.72,81.9309
187501,283.38,82.1112
187521,277.03,82.3233
187541,270.68,82.566
187561,264.31,82.838
187581,257.94,83.1373
187601,251.54,83.4617
187621,245.13,83.8085
187641,238.69,84.1749
187661,232.23,84.5576
187681,225.73,84.9531
187701,219.21,85.3578
187721,212.65,85.7678
187741,206.06,86.1793
187761,199.43,86.5883
187781,192.76,86.9908
187801,186.06,87.383
187821,179.32,87.7611
187841,172.55,88.1215
187861,165.74,88.461
187881,158.9,88.7764
187901,152.02,89.06497
187921,145.13,89.32442
187941,138.2,89.55273
187961,131.25,89.74837
187981,124.29,89.910211
188001,117.31,90.037608
188021,110.32,90.13036
188041,103.33,90.18871
188061,96.331,90.21336
188081,89.336,90.20544
188101,82.346,90.16649
188121,75.366,90.098426
188141,68.4,90.0035228
188161,61.451,89.88438
188181,54.522,89.74389
188201,47.616,89.5852
188221,40.735,89.41165
188241,33.882,89.22676
188261,27.059,89.03419
188281,20.266,88.8377
188301,13.505,88.641
188321,6.7759,88.4479
188341,0.079209,88.2621
188361,353.41,88.0873
188381,346.78,87.927
188401,340.18,87.7845
188421,333.6,87.6629
188441,327.05,87.5651
188461,320.53,87.4937
188481,314.02,87.4509
188501,307.54,87.4386
188521,301.07,87.4584
188541,294.61,87.5113
188561,288.16,87.5982
188581,281.72,87.7192
188601,275.27,87.8743
188621,268.83,88.0629
188641,262.38,88.2838
188661,255.92,88.5358
188681,249.45,88.8169
188701,242.97,89.12485
188721,236.46,89.45705
188741,229.94,89.81054
188761,223.39,90.18204
188781,216.82,90.56798
188801,210.22,90.96459
188821,203.58,91.3679
188841,196.92,91.7738
188861,190.23,92.178
188881,183.5,92.5764
188901,176.74,92.9647
188921,169.96,93.3388
188941,163.14,93.6947
188961,156.29,94.0285
188981,149.41,94.3368
189001,142.5,94.6162
189021,135.57,94.864
189041,128.62,95.0777
189061,121.65,95.2553
189081,114.67,95.3952
189101,107.67,95.4965
189121,100.66,95.5587
189141,93.655,95.5818
189161,86.643,95.5664
189181,79.635,95.5136
189201,72.632,95.4249
189221,65.64,95.3023
189241,58.661,95.1483
189261,51.698,94.9657
189281,44.754,94.7577
189301,37.833,94.5277
189321,30.935,94.2793
189341,24.064,94.0164
189361,17.22,93.743
189381,10.405,93.4633
189401,3.6192,93.1812
189421,356.86,92.9009
189441,350.14,92.6265
189461,343.44,92.3618
189481,336.77,92.1107
189501,330.13,91.8767
189521,323.51,91.6631
189541,316.92,91.4731
189561,310.35,91.3093
189581,303.79,91.1744
189601,297.25,91.0702
189621,290.73,90.99864
189641,284.21,90.96084
189661,277.7,90.95773
189681,271.2,90.98973
189701,264.69,91.0568
189721,258.18,91.1586
189741,251.66,91.2942
189761,245.14,91.4623
189781,238.59,91.6612
189801,232.04,91.8888
189821,225.46,92.1425
189841,218.86,92.4196
189861,212.24,92.717
189881,205.59,93.0312
189901,198.92,93.3584
189921,192.22,93.6949
189941,185.49,94.0366
189961,178.73,94.3792
189981,171.94,94.7186
190001,165.12,95.0506
190021,158.27,95.3707
190041,151.4,95.675
190061,144.5,95.9595
190081,137.57,96.2202
190101,130.63,96.4537
190121,123.66,96.6568
190141,116.68,96.8266
190161,109.69,96.9606
190181,102.68,97.0568
190201,95.67,97.1138
190221,88.657,97.1306
190241,81.644,97.1067
190261,74.635,97.0423
190281,67.634,96.9379
190301,60.644,96.7949
190321,53.668,96.6149
190341,46.71,96.4002
190361,39.773,96.1533
190381,32.857,95.8774
190401,25.967,95.5759
190421,19.103,95.2524
190441,12.267,94.9109
190461,5.4606,94.5554
190481,358.68,94.1903
190501,351.94,93.8197
190521,345.22,93.4481
190541,338.53,93.0795
190561,331.87,92.7183
190581,325.24,92.3683
190601,318.64,92.0333
190621,312.05,91.717
190641,305.49,91.4226
190661,298.95,91.1531
190681,292.43,90.91106
190701,285.91,90.69884
190721,279.41,90.5183
190741,272.92,90.37088
190761,266.43,90.25764
190781,259.94,90.17919
190801,253.45,90.13568
190821,246.95,90.12687
190841,240.44,90.15205
190861,233.91,90.21011
190881,227.38,90.2995
190901,220.82,90.41833
190921,214.24,90.5643
190941,207.64,90.73481
190961,201.01,90.92693
190981,194.35,91.1375
191001,187.67,91.363
191021,180.95,91.5998
191041,174.21,91.8443
191061,167.43,92.0924
191081,160.63,92.3401
191101,153.79,92.5836
191121,146.93,92.8188
191141,140.04,93.0419
191161,133.13,93.2489
191181,126.19,93.4364
191201,119.23,93.6008
191221,112.26,93.7391
191241,105.27,93.8484
191261,98.274,93.9262
191281,91.27,93.9703
191301,84.263,93.979
191321,77.258,93.9512
191341,70.257,93.8859
191361,63.266,93.783
191381,56.287,93.6426
191401,49.323,93.4655
191421,42.38,93.2529
191441,35.458,93.0064
191461,28.562,92.7282
191481,21.694,92.421
191501,14.855,92.0876
191521,8.0476,91.7314
191541,1.2725,91.3559
191561,354.53,90.96495
191581,347.82,90.56254
191601,341.15,90.15278
191621,334.51,89.73979
191641,327.9,89.32775
191661,321.32,88.9207
191681,314.77,88.5227
191701,308.25,88.1376
191721,301.75,87.7688
191741,295.27,87.4198
191761,288.82,87.0937
191781,282.38,86.7932
191801,275.95,86.5205
191821,269.54,86.2778
191841,263.13,86.0666
191861,256.72,85.8881
191881,250.31,85.7429
191901,243.9,85.6314
191921,237.48,85.5535
191941,231.04,85.5084
191961,224.59,85.4954
191981,218.13,85.5128
192001,211.64,85.5591
192021,205.12,85.632
192041,198.58,85.7292
192061,192.01,85.8478
192081,185.41,85.9848
192101,178.77,86.1371
192121,172.11,86.3012
192141,165.41,86.4737
192161,158.68,86.6508
192181,151.91,86.8289
192201,145.11,87.0044
192221,138.29,87.1736
192241,131.43,87.333
192261,124.54,87.479
192281,117.63,87.6085
192301,110.7,87.7184
192321,103.75,87.8058
192341,96.782,87.8681
192361,89.804,87.9032
192381,82.818,87.909
192401,75.829,87.8841
192421,68.84,87.8272
192441,61.856,87.7377
192461,54.88,87.615
192481,47.918,87.4594
192501,40.973,87.2714
192521,34.049,87.0517
192541,27.15,86.802
192561,20.278,86.5238
192581,13.437,86.2194
192601,6.6286,85.8912
192621,359.86,85.5422
192641,353.12,85.1754
192661,346.42,84.7942
192681,339.76,84.4022
192701,333.14,84.0032
192721,326.55,83.6008
192741,320,83.1991
192761,313.49,82.8017
192781,307.01,82.4124
192801,300.56,82.0349
192821,294.14,81.6727
192841,287.75,81.3289
192861,281.38,81.0065
192881,275.03,80.7081
192901,268.69,80.4362
192921,262.37,80.1926
192941,256.05,79.979
192961,249.74,79.796
192981,243.42,79.645
193001,237.1,79.526
193021,230.77,79.439
193041,224.43,79.383
193061,218.07,79.358
193081,211.69,79.361
193101,205.29,79.392
193121,198.86,79.447
193141,192.4,79.525
193161,185.9,79.623
193181,179.38,79.738
193201,172.82,79.867
193221,166.22,80.0071
193241,159.59,80.1539
193261,152.92,80.3044
193281,146.21,80.4551
193301,139.47,80.6027
193321,132.69,80.7436
193341,125.88,80.8746
193361,119.03,80.9925
193381,112.16,81.0944
193401,105.26,81.1774
193421,98.343,81.239
193441,91.404,81.2771
193461,84.449,81.2897
193481,77.483,81.2751
193501,70.509,81.232
193521,63.533,81.1597
193541,56.558,81.0575
193561,49.59,80.9253
193581,42.633,80.7632
193601,35.69,80.572
193621,28.767,80.3526
193641,21.868,80.1064
193661,14.996,79.835
193681,8.1546,79.541
193701,1.3475,79.225
193721,354.58,78.892
193741,347.85,78.544
193761,341.15,78.183
193781,334.51,77.814
193801,327.9,77.44
193821,321.33,77.064
193841,314.81,76.689
193861,308.33,76.32
193881,301.88,75.96
193901,295.48,75.613
193921,289.1,75.28
193941,282.76,74.967
193961,276.45,74.674
193981,270.15,74.406
194001,263.88,74.163
194021,257.62,73.948
194041,251.38,73.762
194061,245.14,73.606
194081,238.89,73.48
194101,232.65,73.386
194121,226.4,73.322
194141,220.13,73.287
194161,213.85,73.281
194181,207.54,73.303
194201,201.22,73.349
194221,194.86,73.419
194241,188.47,73.508
194261,182.05,73.616
194281,175.59,73.739
194301,169.09,73.873
194321,162.55,74.015
194341,155.98,74.162
194361,149.36,74.31
194381,142.71,74.457
194401,136.01,74.598
194421,129.28,74.73
194441,122.5,74.851
194461,115.7,74.957
194481,108.86,75.045
194501,101.99,75.113
194521,95.097,75.159
194541,88.18,75.18
194561,81.243,75.175
194581,74.29,75.143
194601,67.327,75.082
194621,60.356,74.992
194641,53.384,74.873
194661,46.414,74.725
194681,39.452,74.548
194701,32.501,74.344
194721,25.567,74.112
194741,18.655,73.856
194761,11.767,73.577
194781,4.9099,73.276
194801,358.09,72.958
194821,351.3,72.623
194841,344.55,72.276
194861,337.84,71.919
194881,331.18,71.556
194901,324.57,71.189
194921,318,70.824
194941,311.47,70.462
194961,304.99,70.108
194981,298.56,69.765
195001,292.16,69.435
195021,285.81,69.123
195041,279.49,68.831
195061,273.2,68.561
195081,266.95,68.316
195101,260.72,68.098
195121,254.5,67.908
195141,248.31,67.748
195161,242.12,67.617
195181,235.93,67.518
195201,229.74,67.448
195221,223.55,67.408
195241,217.35,67.398
195261,211.13,67.414
195281,204.88,67.456
195301,198.62,67.522
195321,192.32,67.609
195341,185.99,67.715
195361,179.63,67.836
195381,173.23,67.969
195401,166.79,68.111
195421,160.31,68.259
195441,153.78,68.408
195461,147.21,68.556
195481,140.6,68.699
195501,133.95,68.834
195521,127.26,68.957
195541,120.53,69.065
195561,113.76,69.156
195581,106.95,69.226
195601,100.11,69.274
195621,93.241,69.296
195641,86.346,69.292
195661,79.427,69.259
195681,72.489,69.197
195701,65.537,69.105
195721,58.574,68.982
195741,51.605,68.829
195761,44.635,68.646
195781,37.669,68.433
195801,30.71,68.193
195821,23.765,67.925
195841,16.838,67.633
195861,9.933,67.319
195881,3.0553,66.985
195901,356.21,66.633
195921,349.4,66.267
195941,342.63,65.89
195961,335.9,65.506
195981,329.21,65.117
196001,322.58,64.729
196021,315.99,64.343
196041,309.45,63.964
196061,302.96,63.596
196081,296.52,63.241
196101,290.13,62.903
196121,283.78,62.586
196141,277.47,62.291
196161,271.21,62.022
196181,264.98,61.781
196201,258.78,61.569
196221,252.61,61.387
196241,246.45,61.237
196261,240.32,61.12
196281,234.19,61.034
196301,228.06,60.98
196321,221.93,60.957
196341,215.79,60.963
196361,209.64,60.997
196381,203.46,61.056
196401,197.26,61.138
196421,191.04,61.241
196441,184.78,61.36
196461,178.49,61.494
196481,172.15,61.637
196501,165.78,61.787
196521,159.36,61.94
196541,152.9,62.092
196561,146.4,62.239
196581,139.85,62.378
196601,133.25,62.506
196621,126.62,62.618
196641,119.94,62.711
196661,113.22,62.784
196681,106.46,62.832
196701,99.666,62.853
196721,92.841,62.846
196741,85.986,62.808
196761,79.106,62.739
196781,72.203,62.637
196801,65.282,62.501
196821,58.347,62.332
196841,51.403,62.129
196861,44.453,61.894
196881,37.503,61.627
196901,30.557,61.33
196921,23.621,61.005
196941,16.698,60.653
196961,9.7942,60.278
196981,2.9139,59.882
197001,356.06,59.469
197021,349.24,59.042
197041,342.46,58.605
197061,335.72,58.161
197081,329.02,57.715
197101,322.37,57.272
197121,315.78,56.834
197141,309.23,56.406
197161,302.74,55.993
197181,296.3,55.598
197201,289.92,55.224
197221,283.59,54.876
197241,277.3,54.556
197261,271.07,54.268
197281,264.88,54.012
197301,258.73,53.792
197321,252.61,53.608
197341,246.52,53.461
197361,240.46,53.352
197381,234.4,53.28
197401,228.36,53.244
197421,222.32,53.244
197441,216.27,53.276
197461,210.21,53.338
197481,204.14,53.429
197501,198.04,53.544
197521,191.91,53.681
197541,185.75,53.835
197561,179.56,54.003
197581,173.32,54.18
197601,167.05,54.362
197621,160.72,54.546
197641,154.36,54.726
197661,147.95,54.899
197681,141.49,55.06
197701,134.98,55.206
197721,128.43,55.333
197741,121.84,55.437
197761,115.21,55.515
197781,108.54,55.565
197801,101.83,55.584
197821,95.086,55.569
197841,88.313,55.519
197861,81.513,55.432
197881,74.69,55.308
197901,67.848,55.145
197921,60.99,54.945
197941,54.121,54.706
197961,47.245,54.43
197981,40.367,54.117
198001,33.491,53.771
198021,26.621,53.392
198041,19.763,52.984
198061,12.921,52.548
198081,6.1003,52.09
198101,359.3,51.611
198121,352.54,51.117
198141,345.81,50.611
198161,339.12,50.098
198181,332.47,49.584
198201,325.87,49.073
198221,319.32,48.57
198241,312.82,48.08
198261,306.38,47.608
198281,300,47.16
198301,293.67,46.739
198321,287.41,46.351
198341,281.2,46
198361,275.04,45.688
198381,268.93,45.419
198401,262.87,45.196
198421,256.85,45.019
198441,250.87,44.89
198461,244.91,44.809
198481,238.97,44.775
198501,233.04,44.788
198521,227.11,44.844
198541,221.19,44.942
198561,215.25,45.078
198581,209.29,45.249
198601,203.3,45.45
198621,197.29,45.677
198641,191.24,45.924
198661,185.15,46.188
198681,179.02,46.462
198701,172.85,46.742
198721,166.63,47.023
198741,160.36,47.299
198761,154.04,47.566
198781,147.68,47.819
198801,141.27,48.053
198821,134.82,48.265
198841,128.33,48.45
198861,121.79,48.605
198881,115.22,48.727
198901,108.62,48.813
198921,101.99,48.861
198941,95.326,48.869
198961,88.643,48.834
198981,81.942,48.757
199001,75.226,48.637
199021,68.501,48.473
199041,61.769,48.266
199061,55.036,48.016
199081,48.306,47.726
199101,41.583,47.396
199121,34.872,47.029
199141,28.178,46.628
199161,21.504,46.196
199181,14.856,45.736
199201,8.2363,45.253
199221,1.6505,44.75
199241,355.1,44.234
199261,348.59,43.708
199281,342.13,43.179
199301,335.72,42.652
199321,329.35,42.134
199341,323.04,41.629
199361,316.78,41.146
199381,310.58,40.688
199401,304.43,40.264
199421,298.33,39.878
199441,292.29,39.535
199461,286.29,39.24
199481,280.33,38.998
199501,274.41,38.811
199521,268.52,38.682
199541,262.65,38.613
199561,256.8,38.603
199581,250.95,38.652
199601,245.1,38.759
199621,239.24,38.921
199641,233.35,39.134
199661,227.44,39.395
199681,221.5,39.698
199701,215.52,40.038
199721,209.5,40.41
199741,203.44,40.807
199761,197.32,41.224
199781,191.16,41.654
199801,184.95,42.091
199821,178.69,42.529
199841,172.38,42.963
199861,166.02,43.386
199881,159.63,43.794
199901,153.19,44.182
199921,146.71,44.544
199941,140.19,44.878
199961,133.65,45.179
199981,127.08,45.445
200001,120.48,45.672
200021,113.87,45.857
200041,107.24,46
200061,100.6,46.099
200081,93.958,46.152
200101,87.313,46.16
200121,80.67,46.122
200141,74.035,46.039
200161,67.413,45.912
200181,60.807,45.742
200201,54.221,45.532
200221,47.661,45.282
200241,41.13,44.998
200261,34.631,44.681
200281,28.168,44.335
200301,21.745,43.965
200321,15.364,43.575
200341,9.0274,43.169
200361,2.7377,42.754
200381,356.5,42.334
200401,350.3,41.915
200421,344.16,41.504
200441,338.06,41.106
200461,332.01,40.727
200481,326.01,40.373
200501,320.04,40.051
200521,314.11,39.765
200541,308.21,39.522
200561,302.33,39.325
200581,296.47,39.179
200601,290.62,39.087
200621,284.76,39.052
200641,278.9,39.074
200661,273.02,39.156
200681,267.11,39.296
200701,261.17,39.492
200721,255.19,39.743
200741,249.17,40.046
200761,243.1,40.396
200781,236.97,40.788
200801,230.79,41.219
200821,224.56,41.681
200841,218.27,42.169
200861,211.92,42.678
200881,205.53,43.201
200901,199.08,43.731
200921,192.58,44.264
200941,186.05,44.794
200961,179.47,45.314
200981,172.85,45.82
201001,166.2,46.308
201021,159.53,46.772
201041,152.83,47.208
201061,146.11,47.614
201081,139.37,47.986
201101,132.63,48.321
201121,125.88,48.617
201141,119.13,48.873
201161,112.38,49.086
201181,105.63,49.257
201201,98.902,49.385
201221,92.187,49.47
201241,85.491,49.513
201261,78.819,49.515
201281,72.174,49.477
201301,65.56,49.401
201321,58.98,49.29
201341,52.438,49.146
201361,45.936,48.972
201381,39.476,48.773
201401,33.061,48.552
201421,26.692,48.312
201441,20.369,48.059
201461,14.093,47.797
201481,7.8647,47.531
201501,1.6819,47.265
201521,355.54,47.005
201541,349.45,46.756
201561,343.39,46.523
201581,337.36,46.31
201601,331.37,46.122
201621,325.4,45.964
201641,319.45,45.84
201661,313.5,45.753
201681,307.56,45.706
201701,301.62,45.702
201721,295.67,45.743
201741,289.69,45.829
201761,283.69,45.963
201781,277.65,46.142
201801,271.58,46.367
201821,265.45,46.636
201841,259.28,46.946
201861,253.05,47.295
201881,246.77,47.68
201901,240.43,48.095
201921,234.03,48.538
201941,227.58,49.003
201961,221.07,49.486
201981,214.5,49.982
202001,207.89,50.486
202021,201.23,50.992
202041,194.52,51.496
202061,187.78,51.994
202081,181,52.48
202101,174.19,52.951
202121,167.35,53.402
202141,160.5,53.83
202161,153.63,54.231
202181,146.74,54.603
202201,139.85,54.943
202221,132.96,55.249
202241,126.08,55.52
202261,119.19,55.754
202281,112.32,55.951
202301,105.47,56.109
202321,98.635,56.23
202341,91.824,56.314
202361,85.041,56.362
202381,78.288,56.376
202401,71.569,56.356
202421,64.886,56.306
202441,58.243,56.228
202461,51.641,56.125
202481,45.082,56
202501,38.569,55.856
202521,32.1,55.697
202541,25.678,55.527
202561,19.301,55.351
202581,12.97,55.171
202601,6.6825,54.993
202621,0.43679,54.82
202641,354.23,54.656
202661,348.06,54.507
202681,341.92,54.374
202701,335.81,54.263
202721,329.72,54.177
202741,323.65,54.118
202761,317.6,54.089
202781,311.54,54.093
202801,305.49,54.131
202821,299.43,54.204
202841,293.35,54.314
202861,287.25,54.461
202881,281.12,54.644
202901,274.96,54.863
202921,268.77,55.116
202941,262.53,55.401
202961,256.24,55.717
202981,249.9,56.06
203001,243.51,56.428
203021,237.07,56.817
203041,230.57,57.223
203061,224.02,57.643
203081,217.42,58.073
203101,210.77,58.509
203121,204.07,58.946
203141,197.33,59.38
203161,190.54,59.808
203181,183.72,60.225
203201,176.87,60.629
203221,169.98,61.015
203241,163.07,61.381
203261,156.15,61.723
203281,149.21,62.039
203301,142.26,62.327
203321,135.3,62.585
203341,128.35,62.812
203361,121.4,63.006
203381,114.46,63.167
203401,107.54,63.296
203421,100.63,63.391
203441,93.746,63.453
203461,86.887,63.485
203481,80.057,63.486
203501,73.26,63.46
203521,66.498,63.407
203541,59.774,63.331
203561,53.09,63.233
203581,46.448,63.118
203601,39.85,62.988
203621,33.295,62.847
203641,26.785,62.698
203661,20.319,62.544
203681,13.897,62.391
203701,7.518,62.24
203721,1.1795,62.097
203741,354.88,61.964
203761,348.62,61.845
203781,342.38,61.743
203801,336.18,61.662
203821,330,61.603
203841,323.84,61.57
203861,317.7,61.565
203881,311.56,61.59
203901,305.43,61.644
203921,299.29,61.731
203941,293.15,61.849
203961,286.99,61.999
203981,280.81,62.18
204001,274.61,62.392
204021,268.37,62.633
204041,262.11,62.9
204061,255.8,63.193
204081,249.45,63.509
204101,243.05,63.844
204121,236.61,64.195
204141,230.12,64.56
204161,223.58,64.935
204181,216.99,65.317
204201,210.35,65.701
204221,203.67,66.085
204241,196.94,66.464
204261,190.17,66.835
204281,183.36,67.195
204301,176.51,67.541
204321,169.63,67.869
204341,162.73,68.177
204361,155.8,68.463
204381,148.86,68.724
204401,141.9,68.958
204421,134.93,69.165
204441,127.96,69.342
204461,120.99,69.489
204481,114.03,69.606
204501,107.07,69.692
204521,100.14,69.749
204541,93.216,69.777
204561,86.319,69.776
204581,79.449,69.75
204601,72.609,69.698
204621,65.801,69.625
204641,59.029,69.531
204661,52.295,69.42
204681,45.6,69.295
204701,38.947,69.158
204721,32.335,69.014
204741,25.766,68.865
204761,19.239,68.715
204781,12.755,68.567
204801,6.3113,68.425
204821,359.91,68.293
204841,353.54,68.174
204861,347.21,68.07
204881,340.91,67.984
204901,334.64,67.921
204921,328.4,67.881
204941,322.17,67.867
204961,315.96,67.881
204981,309.77,67.923
205001,303.57,67.996
205021,297.39,68.099
205041,291.19,68.232
205061,284.99,68.395
205081,278.77,68.588
205101,272.54,68.809
205121,266.28,69.057
205141,259.99,69.329
205161,253.67,69.623
205181,247.31,69.937
205201,240.92,70.268
205221,234.48,70.613
205241,228,70.968
205261,221.47,71.33
205281,214.9,71.696
205301,208.28,72.062
205321,201.62,72.425
205341,194.91,72.781
205361,188.16,73.128
205381,181.38,73.461
205401,174.55,73.778
205421,167.69,74.077
205441,160.81,74.354
205461,153.89,74.608
205481,146.96,74.837
205501,140.01,75.04
205521,133.05,75.214
205541,126.08,75.36
205561,119.1,75.476
205581,112.13,75.564
205601,105.17,75.622
205621,98.216,75.652
205641,91.279,75.655
205661,84.36,75.632
205681,77.465,75.585
205701,70.596,75.516
205721,63.756,75.426
205741,56.949,75.32
205761,50.176,75.199
205781,43.44,75.067
205801,36.742,74.926
205821,30.084,74.78
205841,23.465,74.633
205861,16.886,74.488
205881,10.347,74.348
205901,3.8464,74.216
205921,357.38,74.097
205941,350.96,73.992
205961,344.56,73.906
205981,338.2,73.841
206001,331.87,73.799
206021,325.56,73.782
206041,319.27,73.793
206061,313,73.832
206081,306.74,73.901
206101,300.49,74.001
206121,294.24,74.132
206141,287.99,74.294
206161,281.74,74.485
206181,275.48,74.706
206201,269.2,74.954
206221,262.9,75.229
206241,256.58,75.526
206261,250.23,75.845
206281,243.85,76.183
206301,237.44,76.535
206321,230.99,76.9
206341,224.51,77.273
206361,217.98,77.652
206381,211.41,78.031
206401,204.8,78.409
206421,198.15,78.782
206441,191.46,79.145
206461,184.72,79.496
206481,177.95,79.831
206501,171.14,80.1476
206521,164.3,80.4434
206541,157.43,80.7157
206561,150.53,80.9625
206581,143.6,81.1822
206601,136.66,81.3735
206621,129.7,81.5352
206641,122.73,81.667
206661,115.75,81.7685
206681,108.78,81.84
206701,101.8,81.8821
206721,94.832,81.8958
206741,87.875,81.8822
206761,80.933,81.8431
206781,74.01,81.7806
206801,67.11,81.6967
206821,60.235,81.5942
206841,53.388,81.4758
206861,46.573,81.3445
206881,39.79,81.2035
206901,33.042,81.0562
206921,26.33,80.9059
206941,19.654,80.7562
206961,13.014,80.6105
206981,6.4115,80.4723
207001,359.84,80.3451
207021,353.31,80.2321
207041,346.81,80.1364
207061,340.35,80.0609
207081,333.91,80.0084
207101,327.5,79.981
207121,321.11,79.981
207141,314.74,80.0107
207161,308.39,80.0706
207181,302.05,80.162
207201,295.72,80.2853
207221,289.39,80.4409
207241,283.07,80.6283
207261,276.74,80.8468
207281,270.41,81.0953
207301,264.06,81.3721
207321,257.7,81.6754
207341,251.32,82.0027
207361,244.92,82.3513
207381,238.49,82.7184
207401,232.03,83.1006
207421,225.55,83.4944
207441,219.02,83.8962
207461,212.47,84.3022
207481,205.88,84.7086
207501,199.25,85.1114
207521,192.58,85.5068
207541,185.87,85.8911
207561,179.13,86.2606
207581,172.35,86.6121
207601,165.54,86.9422
207621,158.7,87.2481
207641,151.82,87.5273
207661,144.92,87.7777
207681,137.99,87.9973
207701,131.04,88.185
207721,124.08,88.3397
207741,117.1,88.4609
207761,110.11,88.5486
207781,103.12,88.6031
207801,96.126,88.6253
207821,89.137,88.6164
207841,82.155,88.5779
207861,75.185,88.5119
207881,68.231,88.4205
207901,61.295,88.3066
207921,54.38,88.1728
207941,47.49,88.0223
207961,40.627,87.8585
207981,33.794,87.6849
208001,26.99,87.505
208021,20.219,87.3224
208041,13.481,87.141
208061,6.7749,86.9644
208081,0.10222,86.7963
208101,353.46,86.6401
208121,346.85,86.4994
208141,340.27,86.3773
208161,333.72,86.2769
208181,327.2,86.2008
208201,320.7,86.1516
208221,314.22,86.1314
208241,307.76,86.1419
208261,301.32,86.1845
208281,294.88,86.2603
208301,288.46,86.3697
208321,282.04,86.5129
208341,275.62,86.6897
208361,269.2,86.8993
208381,262.77,87.1405
208401,256.33,87.4117
208421,249.88,87.711
208441,243.41,88.0359
208461,236.93,88.3837
208481,230.42,88.7514
208501,223.88,89.13554
208521,217.32,89.53256
208541,210.73,89.938618
208561,204.11,90.34971
208581,197.46,90.76171
208601,190.77,91.1705
208621,184.05,91.5718
208641,177.3,91.9615
208661,170.52,92.3356
208681,163.7,92.6903
208701,156.85,93.0219
208721,149.98,93.3271
208741,143.08,93.6028
208761,136.15,93.8465
208781,129.2,94.056
208801,122.23,94.2295
208821,115.25,94.3658
208841,108.25,94.4641
208861,101.25,94.5243
208881,94.241,94.5465
208901,87.232,94.5315
208921,80.226,94.4807
208941,73.227,94.3957
208961,66.239,94.2787
208981,59.264,94.1322
209001,52.307,93.9591
209021,45.369,93.7627
209041,38.454,93.5462
209061,31.564,93.3135
209081,24.7,93.0684
209101,17.864,92.8148
209121,11.058,92.5566
209141,4.2817,92.2981
209161,357.54,92.0431
209181,350.82,91.7956
209201,344.13,91.5594
209221,337.47,91.3381
209241,330.84,91.1353
209261,324.24,90.9541
209281,317.65,90.79747
209301,311.09,90.66804
209321,304.55,90.5681
209341,298.02,90.49956
209361,291.51,90.46396
209381,285,90.46242
209401,278.5,90.49564
209421,272,90.56389
209441,265.51,90.667
209461,259.01,90.80436
209481,252.5,90.97493
209501,245.98,91.1772
209521,239.44,91.4094
209541,232.89,91.6692
209561,226.32,91.954
209581,219.73,92.2608
209601,213.12,92.5863
209621,206.48,92.9271
209641,199.81,93.2792
209661,193.11,93.6387
209681,186.38,94.0014
209701,179.63,94.3633
209721,172.84,94.7198
209741,166.03,95.0669
209761,159.18,95.4002
209781,152.31,95.7156
209801,145.41,96.0093
209821,138.49,96.2775
209841,131.55,96.5167
209861,124.59,96.724
209881,117.61,96.8965
209901,110.61,97.0322
209921,103.61,97.1293
209941,96.599,97.1864
209961,89.585,97.2029
209981,82.572,97.1787
210001,75.562,97.1141
210021,68.56,97.0101
210041,61.568,96.8682
210061,54.59,96.6903
210081,47.63,96.4789
210101,40.689,96.2368
210121,33.77,95.9672
210141,26.875,95.6737
210161,20.007,95.3601
210181,13.167,95.0304
210201,6.3549,94.6887
210221,359.57,94.3393
210241,352.82,93.9865
210261,346.1,93.6345
210281,339.4,93.2875
210301,332.74,92.9497
210321,326.1,92.6248
210341,319.48,92.3165
210361,312.89,92.0284
210381,306.32,91.7636
210401,299.77,91.525
210421,293.24,91.3149
210441,286.71,91.1355
210461,280.2,90.98864
210481,273.7,90.87549
210501,267.2,90.79696
210521,260.69,90.7535
210541,254.19,90.74511
210561,247.68,90.77136
210581,241.15,90.83139
210601,234.62,90.9239
210621,228.07,91.0472
210641,221.49,91.1993
210661,214.9,91.3776
210681,208.29,91.5795
210701,201.64,91.8019
210721,194.97,92.0415
210741,188.28,92.2946
210761,181.55,92.5576
210781,174.79,92.8265
210801,168.01,93.0974
210821,161.19,93.3662
210841,154.35,93.6288
210861,147.47,93.8811
210881,140.58,94.1193
210901,133.65,94.3395
210921,126.71,94.538
210941,119.75,94.7115
210961,112.77,94.8569
210981,105.77,94.9713
211001,98.773,95.0523
211021,91.766,95.0979
211041,84.756,95.1066
211061,77.748,95.0773
211081,70.746,95.0093
211101,63.752,94.9027
211121,56.772,94.7579
211141,49.807,94.5758
211161,42.862,94.358
211181,35.939,94.1064
211201,29.041,93.8233
211221,22.171,93.5117
211241,15.329,93.1747
211261,8.5174,92.8158
211281,1.7376,92.4387
211301,354.99,92.0475
211321,348.28,91.6462
211341,341.59,91.2391
211361,334.94,90.83035
211381,328.32,90.42413
211401,321.73,90.02454
211421,315.17,89.63556
211441,308.63,89.26095
211461,302.12,88.9043
211481,295.63,88.5688
211501,289.16,88.2574
211521,282.7,87.9729
211541,276.26,87.7173
211561,269.82,87.4926
211581,263.39,87.3003
211601,256.96,87.1412
211621,250.52,87.0161
211641,244.09,86.925
211661,237.64,86.8676
211681,231.18,86.8433
211701,224.7,86.8509
211721,218.21,86.8888
211741,211.69,86.9553
211761,205.15,87.0479
211781,198.58,87.1642
211801,191.99,87.3012
211821,185.36,87.4559
211841,178.7,87.625
211861,172.01,87.8049
211881,165.29,87.9921
211901,158.53,88.1828
211921,151.74,88.3734
211941,144.92,88.56
211961,138.08,88.7389
211981,131.2,88.9067
212001,124.3,89.0597
212021,117.37,89.19471
212041,110.43,89.3086
212061,103.46,89.39854
212081,96.488,89.46197
212101,89.502,89.49666
212121,82.51,89.50074
212141,75.515,89.47269
212161,68.524,89.41142
212181,61.538,89.31626
212201,54.563,89.18697
212221,47.603,89.02376
212241,40.661,88.8273
212261,33.74,88.5987
212281,26.845,88.3394
212301,19.979,88.0515
212321,13.143,87.7372
212341,6.3399,87.3993
212361,359.57,87.0409
212381,352.84,86.6651
212401,346.14,86.2755
212421,339.49,85.8759
212441,332.86,85.4701
212461,326.28,85.062
212481,319.73,84.6555
212501,313.21,84.2545
212521,306.73,83.8628
212541,300.28,83.4839
212561,293.85,83.1215
212581,287.44,82.7786
212601,281.06,82.4582
212621,274.69,82.1628
212641,268.34,81.8947
212661,262,81.6558
212681,255.66,81.4474
212701,249.33,81.2707
212721,242.99,81.1262
212741,236.65,81.0142
212761,230.29,80.9342
212781,223.92,80.8857
212801,217.54,80.8676
212821,211.13,80.8784
212841,204.7,80.9161
212861,198.24,80.9787
212881,191.75,81.0636
212901,185.23,81.1681
212921,178.68,81.2892
212941,172.09,81.4236
212961,165.47,81.5681
212981,158.81,81.7192
213001,152.11,81.8733
213021,145.38,82.0271
213041,138.61,82.1769
213061,131.81,82.3194
213081,124.98,82.4512
213101,118.12,82.5691
213121,111.23,82.6703
213141,104.32,82.7519
213161,97.387,82.8114
213181,90.437,82.8466
213201,83.473,82.8555
213221,76.501,82.8366
213241,69.523,82.7887
213261,62.545,82.7108
213281,55.57,82.6024
213301,48.604,82.4636
213321,41.651,82.2945
213341,34.714,82.0958
213361,27.799,81.8686
213381,20.909,81.6143
213401,14.048,81.3348
213421,7.218,81.0322
213441,0.42317,80.7089
213461,353.67,80.3678
213481,346.95,80.0117
213501,340.27,79.644
213521,333.63,79.268
213541,327.04,78.887
213561,320.48,78.505
213581,313.97,78.126
213601,307.49,77.753
213621,301.05,77.389
213641,294.65,77.038
213661,288.27,76.704
213681,281.93,76.388
213701,275.61,76.095
213721,269.31,75.826
213741,263.03,75.584
213761,256.77,75.369
213781,250.51,75.185
213801,244.25,75.03
213821,237.99,74.907
213841,231.73,74.814
213861,225.46,74.753
213881,219.17,74.721
213901,212.86,74.717
213921,206.54,74.741
213941,200.18,74.789
213961,193.8,74.86
213981,187.39,74.952
214001,180.94,75.061
214021,174.45,75.185
214041,167.93,75.319
214061,161.37,75.462
214081,154.77,75.609
214101,148.13,75.757
214121,141.45,75.903
214141,134.73,76.043
214161,127.98,76.174
214181,121.19,76.293
214201,114.36,76.397
214221,107.51,76.483
214241,100.63,76.548
214261,93.719,76.591
214281,86.791,76.61
214301,79.845,76.602
214321,72.886,76.566
214341,65.919,76.502
214361,58.947,76.409
214381,51.975,76.287
214401,45.007,76.136
214421,38.05,75.956
214441,31.106,75.748
214461,24.182,75.514
214481,17.28,75.255
214501,10.405,74.974
214521,3.5622,74.671
214541,356.75,74.351
214561,349.98,74.015
214581,343.25,73.666
214601,336.56,73.309
214621,329.92,72.945
214641,323.32,72.579
214661,316.76,72.214
214681,310.26,71.854
214701,303.79,71.501
214721,297.37,71.159
214741,290.98,70.832
214761,284.64,70.523
214781,278.32,70.233
214801,272.04,69.967
214821,265.78,69.725
214841,259.55,69.511
214861,253.33,69.325
214881,247.13,69.168
214901,240.93,69.041
214921,234.73,68.945
214941,228.53,68.879
214961,222.32,68.843
214981,216.09,68.835
215001,209.85,68.855
215021,203.59,68.9
215041,197.3,68.968
215061,190.98,69.057
215081,184.63,69.164
215101,178.24,69.286
215121,171.81,69.42
215141,165.35,69.563
215161,158.84,69.711
215181,152.29,69.86
215201,145.7,70.008
215221,139.06,70.151
215241,132.39,70.284
215261,125.67,70.407
215281,118.92,70.514
215301,112.13,70.603
215321,105.31,70.673
215341,98.45,70.719
215361,91.566,70.741
215381,84.657,70.736
215401,77.727,70.703
215421,70.781,70.641
215441,63.822,70.549
215461,56.854,70.427
215481,49.883,70.275
215501,42.913,70.094
215521,35.948,69.884
215541,28.995,69.647
215561,22.056,69.383
215581,15.138,69.096
215601,8.2446,68.786
215621,1.3801,68.457
215641,354.55,68.112
215661,347.75,67.753
215681,341,67.384
215701,334.29,67.008
215721,327.62,66.628
215741,321.01,66.248
215761,314.44,65.871
215781,307.91,65.502
215801,301.44,65.144
215821,295.02,64.799
215841,288.64,64.471
215861,282.3,64.164
215881,276.01,63.879
215901,269.75,63.62
215921,263.52,63.387
215941,257.32,63.184
215961,251.14,63.011
215981,244.98,62.869
216001,238.83,62.758
216021,232.69,62.679
216041,226.54,62.631
216061,220.4,62.613
216081,214.23,62.623
216101,208.06,62.66
216121,201.86,62.722
216141,195.64,62.807
216161,189.38,62.91
216181,183.09,63.03
216201,176.77,63.163
216221,170.41,63.306
216241,164,63.454
216261,157.55,63.605
216281,151.06,63.755
216301,144.53,63.9
216321,137.95,64.036
216341,131.32,64.161
216361,124.66,64.27
216381,117.95,64.36
216401,111.21,64.43
216421,104.42,64.475
216441,97.607,64.495
216461,90.76,64.486
216481,83.884,64.447
216501,76.985,64.377
216521,70.065,64.275
216541,63.129,64.14
216561,56.181,63.973
216581,49.226,63.774
216601,42.267,63.542
216621,35.311,63.281
216641,28.361,62.99
216661,21.422,62.672
216681,14.5,62.329
216701,7.5993,61.964
216721,0.72417,61.579
216741,353.88,61.179
216761,347.07,60.765
216781,340.3,60.342
216801,333.57,59.914
216821,326.89,59.485
216841,320.25,59.058
216861,313.67,58.637
216881,307.14,58.227
216901,300.66,57.832
216921,294.23,57.454
216941,287.86,57.098
216961,281.54,56.767
216981,275.26,56.463
217001,269.03,56.189
217021,262.84,55.948
217041,256.69,55.74
217061,250.56,55.567
217081,244.46,55.43
217101,238.38,55.328
217121,232.3,55.262
217141,226.24,55.23
217161,220.17,55.231
217181,214.09,55.263
217201,208.01,55.325
217221,201.9,55.412
217241,195.76,55.522
217261,189.6,55.652
217281,183.4,55.798
217301,177.17,55.957
217321,170.9,56.123
217341,164.58,56.294
217361,158.22,56.465
217381,151.82,56.632
217401,145.36,56.792
217421,138.87,56.939
217441,132.33,57.071
217461,125.74,57.183
217481,119.11,57.273
217501,112.44,57.338
217521,105.74,57.374
217541,98.992,57.379
217561,92.216,57.352
217581,85.411,57.29
217601,78.58,57.193
217621,71.726,57.059
217641,64.854,56.888
217661,57.968,56.68
217681,51.072,56.435
217701,44.171,56.155
217721,37.268,55.84
217741,30.369,55.493
217761,23.478,55.115
217781,16.601,54.71
217801,9.7406,54.279
217821,2.9033,53.827
217841,356.09,53.357
217861,349.32,52.873
217881,342.57,52.38
217901,335.87,51.881
217921,329.22,51.382
217941,322.61,50.887
217961,316.05,50.402
217981,309.55,49.931
218001,303.11,49.478
218021,296.72,49.049
218041,290.39,48.647
218061,284.11,48.278
218081,277.89,47.943
218101,271.72,47.647
218121,265.61,47.392
218141,259.53,47.18
218161,253.49,47.012
218181,247.49,46.889
218201,241.5,46.811
218221,235.54,46.777
218241,229.58,46.786
218261,223.63,46.835
218281,217.67,46.923
218301,211.7,47.045
218321,205.71,47.2
218341,199.69,47.381
218361,193.64,47.585
218381,187.56,47.808
218401,181.44,48.045
218421,175.28,48.291
218441,169.07,48.541
218461,162.82,48.789
218481,156.52,49.032
218501,150.17,49.265
218521,143.77,49.483
218541,137.33,49.682
218561,130.85,49.858
218581,124.33,50.008
218601,117.76,50.127
218621,111.16,50.213
218641,104.52,50.264
218661,97.855,50.277
218681,91.161,50.25
218701,84.445,50.183
218721,77.708,50.073
218741,70.957,49.921
218761,64.195,49.727
218781,57.425,49.491
218801,50.654,49.214
218821,43.884,48.898
218841,37.121,48.544
218861,30.369,48.154
218881,23.632,47.732
218901,16.916,47.281
218921,10.223,46.805
218941,3.5597,46.306
218961,356.93,45.791
218981,350.34,45.264
219001,343.78,44.73
219021,337.28,44.195
219041,330.82,43.663
219061,324.41,43.142
219081,318.06,42.637
219101,311.76,42.154
219121,305.52,41.699
219141,299.33,41.277
219161,293.2,40.894
219181,287.12,40.555
219201,281.09,40.263
219221,275.11,40.024
219241,269.16,39.838
219261,263.25,39.709
219281,257.36,39.637
219301,251.5,39.623
219321,245.64,39.665
219341,239.78,39.762
219361,233.91,39.91
219381,228.03,40.107
219401,222.12,40.349
219421,216.19,40.63
219441,210.22,40.945
219461,204.21,41.289
219481,198.16,41.656
219501,192.06,42.04
219521,185.92,42.434
219541,179.72,42.834
219561,173.48,43.233
219581,167.19,43.626
219601,160.85,44.007
219621,154.47,44.371
219641,148.04,44.715
219661,141.58,45.032
219681,135.08,45.319
219701,128.55,45.574
219721,121.99,45.792
219741,115.4,45.97
219761,108.79,46.108
219781,102.17,46.202
219801,95.529,46.252
219821,88.884,46.257
219841,82.235,46.216
219861,75.587,46.13
219881,68.944,45.998
219901,62.311,45.823
219921,55.693,45.606
219941,49.093,45.348
219961,42.516,45.052
219981,35.967,44.722
220001,29.448,44.36
220021,22.963,43.971
220041,16.517,43.558
220061,10.112,43.126
220081,3.7511,42.681
220101,357.44,42.227
220121,351.17,41.771
220141,344.95,41.318
220161,338.78,40.874
220181,332.67,40.445
220201,326.6,40.038
220221,320.57,39.659
220241,314.59,39.314
220261,308.65,39.009
220281,302.74,38.749
220301,296.86,38.538
220321,290.99,38.38
220341,285.14,38.28
220361,279.3,38.238
220381,273.44,38.256
220401,267.58,38.335
220421,261.69,38.474
220441,255.78,38.671
220461,249.83,38.923
220481,243.84,39.226
220501,237.8,39.576
220521,231.71,39.969
220541,225.57,40.399
220561,219.38,40.859
220581,213.13,41.344
220601,206.84,41.847
220621,200.49,42.363
220641,194.08,42.885
220661,187.64,43.406
220681,181.15,43.923
220701,174.61,44.428
220721,168.04,44.917
220741,161.44,45.385
220761,154.81,45.827
220781,148.15,46.241
220801,141.48,46.622
220821,134.78,46.967
220841,128.08,47.274
220861,121.37,47.54
220881,114.65,47.765
220901,107.94,47.946
220921,101.23,48.083
220941,94.533,48.176
220961,87.851,48.226
220981,81.187,48.232
221001,74.545,48.197
221021,67.931,48.121
221041,61.346,48.008
221061,54.796,47.859
221081,48.282,47.677
221101,41.808,47.465
221121,35.376,47.228
221141,28.988,46.969
221161,22.647,46.693
221181,16.352,46.404
221201,10.105,46.107
221221,3.9054,45.808
221241,357.75,45.51
221261,351.64,45.221
221281,345.58,44.944
221301,339.55,44.685
221321,333.55,44.449
221341,327.59,44.242
221361,321.65,44.067
221381,315.73,43.929
221401,309.81,43.832
221421,303.9,43.778
221441,297.98,43.771
221461,292.05,43.812
221481,286.1,43.902
221501,280.12,44.042
221521,274.1,44.231
221541,268.04,44.467
221561,261.93,44.75
221581,255.77,45.076
221601,249.55,45.442
221621,243.28,45.844
221641,236.95,46.278
221661,230.56,46.739
221681,224.11,47.223
221701,217.61,47.723
221721,211.06,48.235
221741,204.46,48.754
221761,197.81,49.274
221781,191.12,49.79
221801,184.39,50.298
221821,177.63,50.792
221841,170.84,51.269
221861,164.02,51.725
221881,157.19,52.155
221901,150.34,52.557
221921,143.48,52.927
221941,136.62,53.264
221961,129.76,53.565
221981,122.9,53.829
222001,116.04,54.054
222021,109.21,54.241
222041,102.38,54.389
222061,95.58,54.498
222081,88.802,54.568
222101,82.052,54.602
222121,75.333,54.601
222141,68.649,54.566
222161,62.003,54.5
222181,55.396,54.406
222201,48.831,54.286
222221,42.311,54.144
222241,35.835,53.984
222261,29.405,53.809
222281,23.022,53.624
222301,16.684,53.433
222321,10.392,53.239
222341,4.1437,53.047
222361,357.94,52.863
222381,351.77,52.689
222401,345.64,52.53
222421,339.53,52.39
222441,333.46,52.274
222461,327.4,52.183
222481,321.36,52.122
222501,315.33,52.093
222521,309.31,52.099
222541,303.27,52.141
222561,297.23,52.221
222581,291.17,52.339
222601,285.08,52.495
222621,278.96,52.69
222641,272.81,52.922
222661,266.61,53.19
222681,260.37,53.491
222701,254.07,53.824
222721,247.73,54.185
222741,241.33,54.57
222761,234.87,54.978
222781,228.36,55.403
222801,221.8,55.841
222821,215.19,56.289
222841,208.52,56.741
222861,201.81,57.195
222881,195.06,57.645
222901,188.26,58.087
222921,181.43,58.518
222941,174.57,58.934
222961,167.69,59.33
222981,160.78,59.705
223001,153.86,60.056
223021,146.92,60.379
223041,139.98,60.672
223061,133.03,60.935
223081,126.09,61.164
223101,119.16,61.361
223121,112.23,61.523
223141,105.32,61.651
223161,98.436,61.745
223181,91.572,61.807
223201,84.735,61.836
223221,77.929,61.834
223241,71.157,61.805
223261,64.421,61.748
223281,57.725,61.668
223301,51.07,61.567
223321,44.458,61.447
223341,37.889,61.314
223361,31.365,61.168
223381,24.887,61.016
223401,18.452,60.859
223421,12.062,60.703
223441,5.7139,60.55
223461,359.41,60.405
223481,353.14,60.272
223501,346.9,60.152
223521,340.7,60.051
223541,334.52,59.972
223561,328.37,59.916
223581,322.23,59.886
223601,316.11,59.885
223621,309.99,59.914
223641,303.87,59.975
223661,297.75,60.068
223681,291.61,60.194
223701,285.46,60.352
223721,279.29,60.543
223741,273.08,60.764
223761,266.85,61.014
223781,260.57,61.292
223801,254.26,61.596
223821,247.9,61.922
223841,241.49,62.268
223861,235.03,62.631
223881,228.52,63.007
223901,221.96,63.392
223921,215.35,63.784
223941,208.7,64.178
223961,201.99,64.571
223981,195.25,64.959
224001,188.46,65.338
224021,181.63,65.706
224041,174.77,66.059
224061,167.88,66.393
224081,160.97,66.707
224101,154.03,66.997
224121,147.08,67.262
224141,140.12,67.499
224161,133.15,67.708
224181,126.18,67.887
224201,119.22,68.036
224221,112.26,68.153
224241,105.32,68.24
224261,98.387,68.297
224281,91.481,68.324
224301,84.598,68.323
224321,77.744,68.295
224341,70.922,68.243
224361,64.134,68.168
224381,57.382,68.072
224401,50.67,67.96
224421,43.998,67.833
224441,37.368,67.696
224461,30.781,67.55
224481,24.237,67.401
224501,17.736,67.25
224521,11.277,67.103
224541,4.8594,66.961
224561,358.48,66.829
224581,352.14,66.711
224601,345.83,66.608
224621,339.56,66.525
224641,333.31,66.463
224661,327.09,66.426
224681,320.88,66.415
224701,314.69,66.432
224721,308.51,66.478
224741,302.33,66.554
224761,296.16,66.661
224781,289.97,66.798
224801,283.78,66.965
224821,277.56,67.162
224841,271.33,67.387
224861,265.07,67.638
224881,258.78,67.914
224901,252.45,68.212
224921,246.08,68.529
224941,239.67,68.863
224961,233.22,69.21
224981,226.73,69.567
225001,220.18,69.931
225021,213.6,70.298
225041,206.96,70.665
225061,200.28,71.029
225081,193.56,71.385
225101,186.79,71.731
225121,179.99,72.064
225141,173.15,72.38
225161,166.28,72.677
225181,159.38,72.953
225201,152.45,73.205
225221,145.51,73.432
225241,138.55,73.632
225261,131.59,73.803
225281,124.62,73.946
225301,117.64,74.06
225321,110.68,74.144
225341,103.72,74.199
225361,96.772,74.227
225381,89.844,74.226
225401,82.937,74.2
225421,76.055,74.15
225441,69.201,74.078
225461,62.379,73.987
225481,55.59,73.878
225501,48.837,73.755
225521,42.122,73.621
225541,35.447,73.479
225561,28.812,73.333
225581,22.217,73.185
225601,15.663,73.039
225621,9.1489,72.899
225641,2.674,72.768
225661,356.24,72.649
225681,349.84,72.546
225701,343.47,72.46
225721,337.13,72.396
225741,330.82,72.356
225761,324.53,72.341
225781,318.27,72.354
225801,312.02,72.395
225821,305.78,72.466
225841,299.54,72.568
225861,293.31,72.7
225881,287.08,72.863
225901,280.84,73.056
225921,274.58,73.277
225941,268.31,73.525
225961,262.02,73.799
225981,255.7,74.096
226001,249.35,74.413
226021,242.97,74.748
226041,236.55,75.097
226061,230.1,75.458
226081,223.6,75.827
226101,217.06,76.201
226121,210.48,76.575
226141,203.86,76.947
226161,197.2,77.313
226181,190.49,77.669
226201,183.74,78.013
226221,176.96,78.34
226241,170.14,78.65
226261,163.28,78.938
226281,156.4,79.203
226301,149.49,79.442
226321,142.56,79.654
226341,135.61,79.839
226361,128.64,79.994
226381,121.67,80.1192
226401,114.7,80.215
226421,107.72,80.2812
226441,100.75,80.3185
226461,93.792,80.3279
226481,86.844,80.3108
226501,79.914,80.2687
226521,73.005,80.2038
226541,66.12,80.1183
226561,59.263,80.0148
226581,52.436,79.896
226601,45.641,79.765
226621,38.881,79.625
226641,32.156,79.479
226661,25.468,79.332
226681,18.818,79.185
226701,12.205,79.042
226721,5.6299,78.908
226741,359.09,78.786
226761,352.59,78.678
226781,346.12,78.587
226801,339.68,78.517
226821,333.27,78.471
226841,326.88,78.45
226861,320.52,78.456
226881,314.18,78.492
226901,307.85,78.558
226921,301.54,78.655
226941,295.23,78.784
226961,288.93,78.945
226981,282.63,79.137
227001,276.32,79.359
227021,270,79.611
227041,263.67,79.891
227061,257.32,80.1954
227081,250.95,80.5234
227101,244.56,80.8718
227121,238.13,81.2375
227141,231.68,81.6172
227161,225.2,82.0075
227181,218.68,82.4047
227201,212.12,82.8051
227221,205.53,83.2049
227241,198.89,83.6002
227261,192.22,83.9875
227281,185.51,84.3629
227301,178.76,84.7231
227321,171.98,85.0649
227341,165.16,85.3852
227361,158.31,85.6813
227381,151.43,85.9508
227401,144.52,86.1919
227421,137.59,86.4028
227441,130.64,86.5823
227461,123.67,86.7297
227481,116.69,86.8446
227501,109.71,86.927
227521,102.72,86.9774
227541,95.73,86.9968
227561,88.748,86.9862
227581,81.776,86.9475
227601,74.817,86.8826
227621,67.875,86.7938
227641,60.953,86.6837
227661,54.055,86.5552
227681,47.183,86.4114
227701,40.34,86.2555
227721,33.527,86.0911
227741,26.746,85.9217
227761,19.998,85.7508
227781,13.284,85.5821
227801,6.6032,85.4193
227821,359.96,85.2659
227841,353.34,85.1254
227861,346.76,85.0011
227881,340.21,84.8962
227901,333.69,84.8135
227921,327.19,84.7556
227941,320.72,84.725
227961,314.27,84.7236
227981,307.83,84.753
228001,301.42,84.8146
228021,295.01,84.9091
228041,288.61,85.037
228061,282.21,85.1983
228081,275.82,85.3925
228101,269.42,85.6188
228121,263.01,85.8758
228141,256.59,86.1619
228161,250.16,86.4749
228181,243.71,86.8123
228201,237.23,87.1713
228221,230.74,87.5488
228241,224.22,87.9412
228261,217.67,88.345
228281,211.09,88.7562
228301,204.48,89.17097
228321,197.83,89.5851
228341,191.15,89.9944889
228361,184.44,90.39505
228381,177.69,90.78275
228401,170.91,91.1537
228421,164.1,91.5043
228441,157.25,91.831
228461,150.38,92.1308
228481,143.48,92.4008
228501,136.55,92.6387
228521,129.6,92.8425
228541,122.64,93.0109
228561,115.65,93.1426
228581,108.66,93.2374
228601,101.66,93.2951
228621,94.653,93.3162
228641,87.648,93.3017
228661,80.646,93.2529
228681,73.652,93.1718
228701,66.67,93.0606
228721,59.702,92.9218
228741,52.753,92.7584
228761,45.824,92.5737
228781,38.918,92.3709
228801,32.038,92.1539
228821,25.186,91.9264
228841,18.363,91.6922
228861,11.569,91.4554
228881,4.8061,91.2198
228901,358.07,90.9894
228921,351.37,90.768
228941,344.7,90.55931
228961,338.06,90.36687
228981,331.44,90.19399
229001,324.85,90.043774
229021,318.28,89.919006
229041,311.74,89.82217
229061,305.21,89.75541
229081,298.7,89.72049
229101,292.2,89.71878
229121,285.71,89.75124
229141,279.22,89.81841
229161,272.74,89.920385
229181,266.25,90.056838
229201,259.77,90.22699
229221,253.27,90.42964
229241,246.76,90.66317
229261,240.24,90.92554
229281,233.7,91.2143
229301,227.14,91.5268
229321,220.56,91.8598
229341,213.95,92.21
229361,207.32,92.5737
229381,200.66,92.947
229401,193.97,93.3259
229421,187.25,93.7061
229441,180.5,94.0835
229461,173.72,94.4536
229481,166.91,94.8123
229501,160.08,95.1554
229521,153.21,95.4787
229541,146.32,95.7786
229561,139.4,96.0514
229581,132.46,96.2938
229601,125.5,96.5031
229621,118.52,96.6766
229641,111.53,96.8126
229661,104.53,96.9094
229681,97.516,96.9661
229701,90.502,96.9822
229721,83.489,96.958
229741,76.479,96.894
229761,69.476,96.7916
229781,62.483,96.6523
229801,55.504,96.4784
229821,48.542,96.2725
229841,41.599,96.0376
229861,34.679,95.7772
229881,27.782,95.4947
229901,20.912,95.1941
229921,14.068,94.8794
229941,7.2537,94.5548
229961,0.46823,94.2245
229981,353.71,93.8928
230001,346.99,93.5638
230021,340.29,93.2417
230041,333.62,92.9305
230061,326.97,92.6339
230081,320.36,92.3555
230101,313.76,92.0987
230121,307.19,91.8664
230141,300.63,91.6614
230161,294.09,91.4859
230181,287.56,91.342
230201,281.04,91.2312
230221,274.53,91.1547
230241,268.02,91.113
230261,261.51,91.1066
230281,255,91.1352
230301,248.48,91.1983
230321,241.95,91.2948
230341,235.41,91.4233
230361,228.85,91.5819
230381,222.27,91.7683
230401,215.67,91.9801
230421,209.04,92.2144
230441,202.39,92.4678
230461,195.71,92.7369
230481,189.01,93.0182
230501,182.27,93.3076
230521,175.51,93.6013
230541,168.71,93.895
230561,161.89,94.1847
230581,155.04,94.4662
230601,148.16,94.7354
230621,141.26,94.9884
230641,134.33,95.2213
230661,127.38,95.4305
230681,120.42,95.6126
230701,113.43,95.7645
230721,106.44,95.8837
230741,99.433,95.9677
230761,92.423,96.0147
230781,85.412,96.0234
230801,78.402,95.9928
230821,71.398,95.9227
230841,64.403,95.8131
230861,57.42,95.6649
230881,50.454,95.4793
230901,43.506,95.2579
230921,36.581,95.0032
230941,29.679,94.7176
230961,22.805,94.4042
230981,15.958,94.0665
231001,9.1415,93.7082
231021,2.3555,93.3331
231041,355.6,92.9453
231061,348.88,92.5491
231081,342.19,92.1487
231101,335.53,91.7484
231121,328.89,91.3523
231141,322.29,90.96456
231161,315.72,90.58907
231181,309.17,90.22956
231201,302.64,89.88947
231221,296.13,89.57198
231241,289.64,89.27993
231261,283.17,89.01583
231281,276.7,88.7818
231301,270.24,88.5795
231321,263.79,88.4103
231341,257.34,88.275
231361,250.88,88.174
231381,244.42,88.1074
231401,237.95,88.0746
231421,231.47,88.0749
231441,224.97,88.1069
231461,218.45,88.169
231481,211.91,88.2591
231501,205.34,88.3749
231521,198.75,88.5135
231541,192.13,88.6722
231561,185.48,88.8476
231581,178.8,89.03629
231601,172.08,89.23474
231621,165.34,89.43921
231641,158.56,89.64592
231661,151.75,89.85105
231681,144.92,90.050788
231701,138.05,90.24138
231721,131.16,90.41916
231741,124.24,90.58061
231761,117.3,90.72241
231781,110.34,90.84144
231801,103.37,90.93486
231821,96.386,91.0001
231841,89.393,91.0351
231861,82.395,91.0379
231881,75.397,91.0071
231901,68.402,90.94168
231921,61.416,90.84116
231941,54.441,90.70541
231961,47.481,90.5348
231981,40.541,90.33017
232001,33.624,90.092812
232021,26.732,89.82447
232041,19.869,89.52729
232061,13.036,89.20383
232081,6.2364,88.857
232101,359.47,88.49
232121,352.74,88.1063
232141,346.05,87.7097
232161,339.39,87.3039
232181,332.77,86.893
232201,326.18,86.4809
232221,319.62,86.0716
232241,313.1,85.669
232261,306.61,85.277
232281,300.15,84.8991
232301,293.71,84.5389
232321,287.29,84.1994
232341,280.89,83.8834
232361,274.51,83.5936
232381,268.14,83.3319
232401,261.78,83.1003
232421,255.42,82.9
232441,249.06,82.732
232461,242.7,82.5966
232481,236.33,82.4941
232501,229.95,82.4239
232521,223.55,82.3854
232541,217.14,82.3772
232561,210.71,82.3978
232581,204.25,82.4453
232601,197.76,82.5173
232621,191.24,82.6112
232641,184.69,82.7243
232661,178.11,82.8534
232681,171.5,82.9953
232701,164.85,83.1466
232721,158.16,83.3038
232741,151.44,83.4633
232761,144.68,83.6216
232781,137.89,83.7751
232801,131.07,83.9205
232821,124.22,84.0543
232841,117.34,84.1734
232861,110.44,84.2747
232881,103.51,84.3556
232901,96.566,84.4135
232921,89.606,84.4461
232941,82.634,84.4517
232961,75.656,84.4286
232981,68.674,84.3756
233001,61.694,84.2919
233021,54.72,84.177
233041,47.756,84.031
233061,40.807,83.8542
233081,33.877,83.6473
233101,26.969,83.4115
233121,20.088,83.1484
233141,13.236,82.8599
233161,6.417,82.5482
233181,359.63,82.2159
233201,352.89,81.8659
233221,346.18,81.5013
233241,339.51,81.1255
233261,332.88,80.7419
233281,326.3,80.3542
233301,319.75,79.966
233321,313.24,79.581
233341,306.77,79.203
233361,300.33,78.835
233381,293.93,78.481
233401,287.55,78.144
233421,281.21,77.828
233441,274.88,77.533
233461,268.57,77.264
233481,262.28,77.023
233501,256,76.809
233521,249.73,76.626
233541,243.45,76.474
233561,237.18,76.353
233581,230.9,76.263
233601,224.6,76.204
233621,218.29,76.175
233641,211.96,76.174
233661,205.61,76.2
233681,199.23,76.251
233701,192.82,76.325
233721,186.38,76.419
233741,179.91,76.53
233761,173.4,76.655
233781,166.85,76.791
233801,160.26,76.934
233821,153.64,77.082
233841,146.97,77.23
233861,140.27,77.375
233881,133.53,77.515
233901,126.76,77.644
233921,119.95,77.762
233941,113.11,77.863
233961,106.24,77.947
233981,99.34,78.01
234001,92.421,78.05
234021,85.483,78.065
234041,78.529,78.053
234061,71.565,78.014
234081,64.594,77.946
234101,57.621,77.849
234121,50.65,77.722
234141,43.686,77.567
234161,36.734,77.383
234181,29.798,77.171
234201,22.883,76.932
234221,15.993,76.669
234241,9.1312,76.384
234261,2.3022,76.078
234281,355.51,75.754
234301,348.75,75.415
234321,342.04,75.063
234341,335.37,74.703
234361,328.74,74.338
234381,322.16,73.97
234401,315.62,73.604
234421,309.12,73.243
234441,302.67,72.89
234461,296.25,72.548
234481,289.88,72.222
234501,283.54,71.914
234521,277.23,71.626
234541,270.94,71.361
234561,264.69,71.122
234581,258.45,70.91
234601,252.22,70.726
234621,246.01,70.573
234641,239.8,70.449
234661,233.59,70.356
234681,227.37,70.293
234701,221.14,70.259
234721,214.9,70.255
234741,208.64,70.277
234761,202.35,70.324
234781,196.04,70.394
234801,189.69,70.485
234821,183.32,70.593
234841,176.9,70.716
234861,170.45,70.851
234881,163.96,70.994
234901,157.43,71.142
234921,150.86,71.291
234941,144.24,71.439
234961,137.58,71.58
234981,130.89,71.713
235001,124.15,71.834
235021,117.38,71.941
235041,110.57,72.029
235061,103.73,72.097
235081,96.856,72.142
235101,89.958,72.162
235121,83.038,72.156
235141,76.099,72.122
235161,69.145,72.06
235181,62.181,71.967
235201,55.21,71.846
235221,48.238,71.694
235241,41.27,71.514
235261,34.309,71.305
235281,27.362,71.07
235301,20.432,70.808
235321,13.525,70.524
235341,6.6439,70.218
235361,359.79,69.893
235381,352.98,69.552
235401,346.2,69.198
235421,339.47,68.835
235441,332.77,68.464
235461,326.13,68.091
235481,319.53,67.718
235501,312.98,67.349
235521,306.47,66.987
235541,300.02,66.637
235561,293.61,66.3
235581,287.24,65.98
235601,280.91,65.681
235621,274.62,65.404
235641,268.37,65.153
235661,262.14,64.929
235681,255.94,64.733
235701,249.76,64.567
235721,243.59,64.432
235741,237.43,64.327
235761,231.27,64.254
235781,225.11,64.211
235801,218.94,64.198
235821,212.76,64.212
235841,206.56,64.253
235861,200.34,64.317
235881,194.09,64.404
235901,187.81,64.509
235921,181.49,64.63
235941,175.14,64.763
235961,168.75,64.906
235981,162.32,65.054
236001,155.84,65.204
236021,149.32,65.353
236041,142.76,65.496
236061,136.15,65.631
236081,129.5,65.753
236101,122.81,65.86
236121,116.08,65.949
236141,109.31,66.017
236161,102.5,66.061
236181,95.663,66.079
236201,88.796,66.069
236221,81.903,66.03
236241,74.988,65.961
236261,68.054,65.86
236281,61.106,65.727
236301,54.148,65.563
236321,47.185,65.366
236341,40.221,65.14
236361,33.262,64.883
236381,26.311,64.599
236401,19.375,64.289
236421,12.457,63.954
236441,5.5625,63.599
236461,358.7,63.225
236481,351.86,62.836
236501,345.06,62.435
236521,338.31,62.026
236541,331.59,61.612
236561,324.93,61.197
236581,318.31,60.786
236601,311.74,60.381
236621,305.23,59.987
236641,298.77,59.608
236661,292.35,59.246
236681,285.99,58.906
236701,279.68,58.589
236721,273.41,58.3
236741,267.18,58.04
236761,260.99,57.811
236781,254.83,57.615
236801,248.7,57.453
236821,242.58,57.324
236841,236.48,57.23
236861,230.39,57.17
236881,224.31,57.143
236901,218.21,57.147
236921,212.11,57.18
236941,205.99,57.241
236961,199.85,57.327
236981,193.68,57.434
237001,187.49,57.56
237021,181.26,57.701
237041,174.99,57.853
237061,168.67,58.012
237081,162.32,58.175
237101,155.92,58.337
237121,149.48,58.494
237141,142.99,58.644
237161,136.46,58.781
237181,129.88,58.902
237201,123.26,59.004
237221,116.6,59.084
237241,109.9,59.138
237261,103.16,59.164
237281,96.383,59.161
237301,89.576,59.125
237321,82.742,59.056
237341,75.882,58.952
237361,69.002,58.812
237381,62.105,58.636
237401,55.195,58.425
237421,48.277,58.179
237441,41.355,57.898
237461,34.433,57.585
237481,27.517,57.24
237501,20.612,56.867
237521,13.721,56.468
237541,6.8497,56.045
237561,0.0032347,55.603
237581,353.19,55.144
237601,346.4,54.673
237621,339.66,54.195
237641,332.95,53.712
237661,326.3,53.231
237681,319.69,52.755
237701,313.14,52.288
237721,306.64,51.837
237741,300.19,51.404
237761,293.8,50.995
237781,287.47,50.613
237801,281.2,50.262
237821,274.97,49.944
237841,268.8,49.664
237861,262.67,49.423
237881,256.58,49.222
237901,250.53,49.064
237921,244.5,48.947
237941,238.5,48.873
237961,232.51,48.84
237981,226.52,48.846
238001,220.54,48.89
238021,214.55,48.97
238041,208.54,49.081
238061,202.52,49.221
238081,196.46,49.386
238101,190.38,49.572
238121,184.26,49.774
238141,178.1,49.988
238161,171.9,50.209
238181,165.65,50.433
238201,159.36,50.654
238221,153.03,50.869
238241,146.64,51.073
238261,140.21,51.261
238281,133.74,51.43
238301,127.22,51.576
238321,120.65,51.695
238341,114.05,51.784
238361,107.42,51.84
238381,100.74,51.862
238401,94.042,51.846
238421,87.312,51.791
238441,80.559,51.697
238461,73.786,51.561
238481,66.998,51.385
238501,60.198,51.167
238521,53.392,50.909
238541,46.582,50.612
238561,39.775,50.276
238581,32.973,49.906
238601,26.182,49.501
238621,19.406,49.066
238641,12.651,48.604
238661,5.9194,48.119
238681,359.22,47.614
238701,352.55,47.094
238721,345.92,46.565
238741,339.33,46.031
238761,332.78,45.497
238781,326.29,44.969
238801,319.84,44.453
238821,313.46,43.954
238841,307.12,43.479
238861,300.85,43.032
238881,294.63,42.619
238901,288.47,42.245
238921,282.37,41.914
238941,276.31,41.63
238961,270.3,41.396
238981,264.33,41.215
239001,258.4,41.088
239021,252.5,41.015
239041,246.61,40.996
239061,240.73,41.031
239081,234.86,41.118
239101,228.98,41.252
239121,223.09,41.432
239141,217.17,41.652
239161,211.23,41.909
239181,205.26,42.197
239201,199.25,42.511
239221,193.2,42.845
239241,187.1,43.193
239261,180.95,43.551
239281,174.76,43.911
239301,168.52,44.269
239321,162.23,44.619
239341,155.9,44.957
239361,149.52,45.276
239381,143.1,45.574
239401,136.63,45.845
239421,130.13,46.085
239441,123.6,46.292
239461,117.03,46.462
239481,110.44,46.593
239501,103.83,46.683
239521,97.192,46.73
239541,90.543,46.732
239561,83.885,46.69
239581,77.221,46.602
239601,70.555,46.469
239621,63.893,46.292
239641,57.238,46.071
239661,50.595,45.81
239681,43.969,45.508
239701,37.364,45.17
239721,30.784,44.798
239741,24.233,44.396
239761,17.715,43.967
239781,11.233,43.517
239801,4.7917,43.049
239821,358.39,42.569
239841,352.04,42.083
239861,345.74,41.595
239881,339.48,41.113
239901,333.28,40.643
239921,327.12,40.19
239941,321.02,39.761
239961,314.97,39.362
239981,308.96,39
240001,302.99,38.679
240021,297.06,38.405
240041,291.17,38.184
240061,285.29,38.017
240081,279.44,37.909
240101,273.59,37.861
240121,267.75,37.875
240141,261.9,37.95
240161,256.03,38.085
240181,250.14,38.278
240201,244.21,38.526
240221,238.25,38.824
240241,232.25,39.169
240261,226.2,39.555
240281,220.1,39.976
240301,213.95,40.425
240321,207.75,40.898
240341,201.5,41.388
240361,195.2,41.887
240381,188.85,42.391
240401,182.45,42.892
240421,176,43.387
240441,169.52,43.868
240461,163,44.331
240481,156.44,44.771
240501,149.85,45.184
240521,143.24,45.566
240541,136.6,45.915
240561,129.94,46.225
240581,123.28,46.497
240601,116.6,46.727
240621,109.92,46.913
240641,103.24,47.055
240661,96.558,47.153
240681,89.888,47.206
240701,83.232,47.214
240721,76.594,47.179
240741,69.976,47.101
240761,63.384,46.983
240781,56.821,46.827
240801,50.291,46.635
240821,43.798,46.41
240841,37.343,46.156
240861,30.93,45.877
240881,24.561,45.577
240901,18.239,45.26
240921,11.963,44.932
240941,5.7349,44.597
240961,359.55,44.261
240981,353.42,43.929
241001,347.33,43.606
241021,341.29,43.299
241041,335.28,43.012
241061,329.31,42.751
241081,323.37,42.522
241101,317.46,42.328
241121,311.56,42.175
241141,305.67,42.066
241161,299.78,42.005
241181,293.89,41.993
241201,287.98,42.033
241221,282.05,42.126
241241,276.09,42.271
241261,270.09,42.468
241281,264.05,42.716
241301,257.96,43.011
241321,251.81,43.351
241341,245.62,43.732
241361,239.36,44.15
241381,233.05,44.6
241401,226.68,45.077
241421,220.25,45.575
241441,213.77,46.09
241461,207.23,46.615
241481,200.65,47.144
241501,194.03,47.674
241521,187.36,48.198
241541,180.65,48.711
241561,173.92,49.209
241581,167.16,49.687
241601,160.37,50.141
241621,153.57,50.569
241641,146.75,50.966
241661,139.92,51.329
241681,133.09,51.658
241701,126.26,51.948
241721,119.43,52.2
241741,112.61,52.412
241761,105.81,52.584
241781,99.016,52.715
241801,92.249,52.807
241821,85.506,52.859
241841,78.792,52.874
241861,72.109,52.852
241881,65.462,52.797
241901,58.853,52.71
241921,52.283,52.594
241941,45.757,52.454
241961,39.274,52.291
241981,32.837,52.11
242001,26.447,51.915
242021,20.103,51.709
242041,13.805,51.499
242061,7.5523,51.287
242081,1.3433,51.079
242101,355.18,50.879
242121,349.05,50.691
242141,342.95,50.52
242161,336.89,50.37
242181,330.85,50.245
242201,324.83,50.149
242221,318.82,50.084
242241,312.82,50.054
242261,306.81,50.061
242281,300.8,50.106
242301,294.78,50.192
242321,288.73,50.318
242341,282.66,50.485
242361,276.55,50.692
242381,270.4,50.938
242401,264.2,51.221
242421,257.96,51.539
242441,251.66,51.89
242461,245.31,52.27
242481,238.9,52.675
242501,232.44,53.102
242521,225.92,53.546
242541,219.35,54.004
242561,212.72,54.47
242581,206.05,54.94
242601,199.33,55.411
242621,192.57,55.876
242641,185.77,56.333
242661,178.94,56.777
242681,172.08,57.204
242701,165.2,57.611
242721,158.3,57.995
242741,151.38,58.353
242761,144.45,58.681
242781,137.52,58.979
242801,130.59,59.244
242821,123.66,59.476
242841,116.74,59.673
242861,109.84,59.834
242881,102.95,59.961
242901,96.086,60.052
242921,89.246,60.11
242941,82.435,60.135
242961,75.655,60.129
242981,68.911,60.094
243001,62.205,60.032
243021,55.539,59.946
243041,48.915,59.839
243061,42.335,59.714
243081,35.799,59.574
243101,29.308,59.424
243121,22.863,59.266
243141,16.462,59.105
243161,10.105,58.944
243181,3.7904,58.788
243201,357.52,58.64
243221,351.28,58.504
243241,345.07,58.384
243261,338.9,58.282
243281,332.75,58.203
243301,326.62,58.149
243321,320.51,58.123
243341,314.41,58.126
243361,308.31,58.161
243381,302.21,58.228
243401,296.1,58.328
243421,289.97,58.462
243441,283.83,58.63
243461,277.66,58.83
243481,271.45,59.062
243501,265.21,59.324
243521,258.93,59.614
243541,252.6,59.93
243561,246.23,60.269
243581,239.81,60.628
243601,233.33,61.004
243621,226.81,61.393
243641,220.23,61.791
243661,213.6,62.195
243681,206.93,62.601
243701,200.21,63.005
243721,193.44,63.403
243741,186.64,63.793
243761,179.8,64.17
243781,172.93,64.53
243801,166.03,64.872
243821,159.1,65.193
243841,152.16,65.489
243861,145.21,65.758
243881,138.25,66
243901,131.28,66.212
243921,124.32,66.394
243941,117.36,66.544
243961,110.41,66.663
243981,103.47,66.751
244001,96.559,66.807
244021,89.667,66.834
244041,82.801,66.832
244061,75.965,66.804
244081,69.162,66.75
244101,62.394,66.674
244121,55.665,66.577
244141,48.976,66.463
244161,42.329,66.335
244181,35.724,66.196
244201,29.163,66.05
244221,22.645,65.899
244241,16.17,65.748
244261,9.7382,65.601
244281,3.347,65.459
244301,356.99,65.328
244321,350.68,65.211
244341,344.4,65.11
244361,338.15,65.029
244381,331.92,64.969
244401,325.72,64.935
244421,319.53,64.927
244441,313.36,64.948
244461,307.2,64.998
244481,301.03,65.079
244501,294.87,65.19
244521,288.69,65.332
244541,282.5,65.505
244561,276.29,65.707
244581,270.05,65.937
244601,263.79,66.194
244621,257.49,66.475
244641,251.15,66.777
244661,244.78,67.1
244681,238.36,67.438
244701,231.89,67.789
244721,225.38,68.151
244741,218.82,68.518
244761,212.21,68.889
244781,205.56,69.259
244801,198.86,69.624
244821,192.12,69.983
244841,185.34,70.33
244861,178.51,70.664
244881,171.66,70.981
244901,164.78,71.279
244921,157.86,71.554
244941,150.93,71.806
244961,143.98,72.032
244981,137.02,72.231
245001,130.05,72.401
245021,123.08,72.542
245041,116.11,72.654
245061,109.15,72.736
245081,102.19,72.789
245101,95.256,72.814
245121,88.338,72.811
245141,81.444,72.783
245161,74.576,72.73
245181,67.738,72.656
245201,60.933,72.562
245221,54.164,72.451
245241,47.431,72.327
245261,40.738,72.191
245281,34.085,72.048
245301,27.473,71.9
245321,20.903,71.751
245341,14.374,71.605
245361,7.8846,71.465
245381,1.435,71.334
245401,355.02,71.216
245421,348.65,71.113
245441,342.3,71.03
245461,335.99,70.967
245481,329.7,70.928
245501,323.44,70.915
245521,317.19,70.929
245541,310.96,70.973
245561,304.74,71.046
245581,298.52,71.149
245601,292.3,71.283
245621,286.08,71.448
245641,279.85,71.641
245661,273.6,71.863
245681,267.33,72.112
245701,261.04,72.386
245721,254.72,72.682
245741,248.37,72.998
245761,241.98,73.332
245781,235.56,73.679
245801,229.1,74.037
245821,222.59,74.403
245841,216.04,74.772
245861,209.45,75.143
245881,202.81,75.509
245901,196.13,75.87
245921,189.41,76.221
245941,182.65,76.558
245961,175.85,76.88
245981,169.01,77.183
246001,162.15,77.465
246021,155.25,77.723
246041,148.33,77.956
246061,141.39,78.162
246081,134.44,78.34
246101,127.47,78.49
246121,120.5,78.609
246141,113.53,78.7
246161,106.55,78.761
246181,99.59,78.794
246201,92.637,78.799
246221,85.699,78.778
246241,78.781,78.733
246261,71.886,78.666
246281,65.018,78.578
246301,58.178,78.473
246321,51.371,78.353
246341,44.597,78.221
246361,37.859,78.081
246381,31.158,77.936
246401,24.495,77.789
246421,17.871,77.644
246441,11.284,77.504
246461,4.7358,77.372
246481,358.22,77.253
246501,351.75,77.148
246521,345.3,77.061
246541,338.89,76.996
246561,332.51,76.953
246581,326.15,76.936
246601,319.82,76.947
246621,313.5,76.987
246641,307.2,77.058
246661,300.91,77.159
246681,294.62,77.292
246701,288.34,77.456
246721,282.05,77.651
246741,275.76,77.876
246761,269.45,78.129
246781,263.14,78.409
246801,256.8,78.714
246821,250.44,79.041
246841,244.05,79.388
246861,237.63,79.751
246881,231.18,80.1268
246901,224.7,80.5124
246921,218.17,80.904
246941,211.61,81.2979
246961,205.01,81.6903
246981,198.38,82.0776
247001,191.7,82.4562
247021,184.98,82.8224
247041,178.22,83.1731
247061,171.43,83.5051
247081,164.6,83.8155
247101,157.74,84.1019
247121,150.85,84.3619
247141,143.94,84.5938
247161,137,84.796
247181,130.05,84.9675
247201,123.08,85.1077
247221,116.1,85.2162
247241,109.12,85.2932
247261,102.14,85.3392
247281,95.154,85.3553
247301,88.18,85.3426
247321,81.218,85.3029
247341,74.271,85.2382
247361,67.343,85.1507
247381,60.438,85.0432
247401,53.557,84.9185
247421,46.705,84.7796
247441,39.882,84.6299
247461,33.091,84.4726
247481,26.334,84.3114
247501,19.61,84.1497
247521,12.922,83.9913
247541,6.2677,83.8396
247561,359.65,83.6981
247581,353.06,83.5703
247601,346.51,83.4593
247621,339.99,83.3683
247641,333.49,83.3
247661,327.02,83.2569
247681,320.58,83.2413
247701,314.16,83.2551
247721,307.75,83.2998
247741,301.36,83.3764
247761,294.98,83.4858
247781,288.6,83.6283
247801,282.23,83.8036
247821,275.86,84.0112
247841,269.48,84.2501
247861,263.09,84.5189
247881,256.69,84.8158
247901,250.28,85.1384
247921,243.84,85.4842
247941,237.38,85.8504
247961,230.9,86.2336
247981,224.39,86.6304
248001,217.85,87.0371
248021,211.28,87.4498
248041,204.68,87.8646
248061,198.04,88.2774
248081,191.36,88.6841
248101,184.65,89.08089
248121,177.91,89.46374
248141,171.13,89.82897
248161,164.31,90.17307
248181,157.47,90.49283
248201,150.59,90.78534
248221,143.69,91.0481
248241,136.76,91.2789
248261,129.82,91.476
248281,122.85,91.6383
248301,115.87,91.765
248321,108.88,91.8556
248341,101.88,91.9105
248361,94.874,91.9303
248381,87.873,91.916
248401,80.877,91.8692
248421,73.89,91.7918
248441,66.916,91.6861
248461,59.957,91.5547
248481,53.018,91.4007
248501,46.101,91.2271
248521,39.208,91.0375
248541,32.342,90.83543
248561,25.504,90.6246
248581,18.697,90.40886
248601,11.92,90.19207
248621,5.1738,89.978102
248641,358.46,89.77077
248661,351.78,89.57379
248681,345.12,89.39077
248701,338.5,89.22513
248721,331.9,89.08006
248741,325.33,88.9585
248761,318.78,88.8632
248781,312.26,88.7963
248801,305.75,88.76
248821,299.26,88.7559
248841,292.78,88.7851
248861,286.3,88.8484
248881,279.84,88.9463
248901,273.37,89.07862
248921,266.9,89.24494
248941,260.43,89.44429
248961,253.95,89.67532
248981,247.46,89.936244
249001,240.95,90.22489
249021,234.43,90.53871
249041,227.88,90.8748
249061,221.31,91.2299
249081,214.72,91.6006
249101,208.09,91.9831
249121,201.44,92.3734
249141,194.76,92.7674
249161,188.05,93.161
249181,181.31,93.5497
249201,174.54,93.9295
249221,167.74,94.296
249241,160.91,94.6451
249261,154.04,94.9729
249281,147.15,95.2758
249301,140.24,95.5503
249321,133.3,95.7934
249341,126.35,96.0025
249361,119.37,96.1753
249381,112.38,96.31
249401,105.38,96.4056
249421,98.372,96.4614
249441,91.359,96.4771
249461,84.346,96.4531
249481,77.337,96.3905
249501,70.334,96.2906
249521,63.342,96.1554
249541,56.363,95.9872
249561,49.401,95.7888
249581,42.459,95.5633
249601,35.538,95.3142
249621,28.642,95.0452
249641,21.772,94.7601
249661,14.929,94.463
249681,8.1147,94.1581
249701,1.3297,93.8495
249721,354.57,93.5414
249741,347.85,93.2379
249761,341.15,92.9431
249781,334.48,92.6609
249801,327.84,92.3948
249821,321.22,92.1484
249841,314.62,91.9248
249861,308.05,91.7269
249881,301.49,91.5573
249901,294.95,91.4181
249921,288.42,91.3111
249941,281.9,91.2377
249961,275.39,91.1989
249981,268.88,91.1953
250001,262.37,91.2268
250021,255.85,91.2932
250041,249.33,91.3938
250061,242.8,91.5272
250081,236.25,91.692
250101,229.69,91.8861
250121,223.11,92.1071
250141,216.5,92.3523
250161,209.87,92.6186
250181,203.22,92.9027
250201,196.54,93.201
250221,189.83,93.5097
250241,183.09,93.8249
250261,176.32,94.1424
250281,169.53,94.4581
250301,162.7,94.7677
250321,155.85,95.067
250341,148.97,95.352
250361,142.06,95.6187
250381,135.13,95.8631
250401,128.18,96.0818
250421,121.21,96.2715
250441,114.23,96.4292
250461,107.23,96.5523
250481,100.22,96.6387
250501,93.212,96.6868
250521,86.199,96.6954
250541,79.188,96.6638
250561,72.182,96.5921
250581,65.185,96.4805
250601,58.201,96.3302
250621,51.232,96.1427
250641,44.281,95.9199
250661,37.352,95.6644
250681,30.447,95.379
250701,23.567,95.067
250721,16.715,94.732
250741,9.8924,94.3779
250761,3.0995,94.0086
250781,356.34,93.6284
250801,349.61,93.2415
250821,342.9,92.8522
250841,336.23,92.4647
250861,329.59,92.0833
250881,322.98,91.712
250901,316.39,91.3547
250921,309.82,91.0148
250941,303.28,90.69594
250961,296.76,90.40102
250981,290.25,90.13279
251001,283.76,89.89361
251021,277.28,89.68545
251041,270.8,89.50986
251061,264.33,89.368
251081,257.86,89.26055
251101,251.38,89.18779
251121,244.9,89.14955
251141,238.41,89.14523
251161,231.9,89.1738
251181,225.38,89.23382
251201,218.84,89.32349
251221,212.28,89.44061
251241,205.69,89.58266
251261,199.08,89.74681
251281,192.43,89.929964
251301,185.76,90.12878
251321,179.06,90.33973
251341,172.33,90.55912
251361,165.56,90.78313
251381,158.77,91.0079
251401,151.94,91.2295
251421,145.09,91.4441
251441,138.21,91.6479
251461,131.3,91.8371
251481,124.37,92.0082
251501,117.42,92.1578
251521,110.46,92.2828
251541,103.47,92.3805
251561,96.481,92.4482
251581,89.481,92.4839
251601,82.479,92.4858
251621,75.477,92.4526
251641,68.481,92.3834
251661,61.493,92.2779
251681,54.518,92.136
251701,47.559,91.9585
251721,40.62,91.7462
251741,33.704,91.5008
251761,26.813,91.2242
251781,19.952,90.91875
251801,13.12,90.58727
251821,6.3213,90.23287
251841,359.56,89.85896
251861,352.82,89.46919
251881,346.13,89.06743
251901,339.47,88.6577
251921,332.84,88.2439
251941,326.25,87.8303
251961,319.69,87.4209
251981,313.15,87.0196
252001,306.65,86.6302
252021,300.18,86.2563
252041,293.72,85.9013
252061,287.29,85.5683
252081,280.88,85.26
252101,274.48,84.9789
252121,268.09,84.727
252141,261.7,84.5059
252161,255.32,84.3168
252181,248.94,84.1606
252201,242.55,84.0376
252221,236.16,83.9478
252241,229.75,83.8905
252261,223.33,83.8649
252281,216.89,83.8697
252301,210.42,83.9031
252321,203.94,83.9631
252341,197.42,84.0472
252361,190.88,84.1529
252381,184.3,84.2772
252401,177.69,84.4168
252421,171.05,84.5686
252441,164.37,84.7289
252461,157.66,84.8943
252481,150.91,85.0612
252501,144.13,85.2259
252521,137.32,85.3849
252541,130.48,85.5347
252561,123.61,85.6718
252581,116.71,85.7932
252601,109.79,85.8958
252621,102.85,85.9769
252641,95.897,86.0338
252661,88.927,86.0645
252681,81.948,86.067
252701,74.964,86.0399
252721,67.979,85.9818
252741,60.997,85.8922
252761,54.024,85.7706
252781,47.062,85.617
252801,40.117,85.432
252821,33.193,85.2164
252841,26.292,84.9714
252861,19.418,84.6988
252881,12.575,84.4006
252901,5.7658,84.0792
252921,358.99,83.7373
252941,352.25,83.378
252961,345.56,83.0045
252981,338.9,82.6202
253001,332.28,82.2287
253021,325.7,81.8338
253041,319.15,81.4392
253061,312.65,81.0487
253081,306.18,80.6659
253101,299.74,80.2945
253121,293.33,79.938
253141,286.95,79.599
253161,280.6,79.281
253181,274.26,78.987
253201,267.95,78.718
253221,261.64,78.478
253241,255.35,78.267
253261,249.05,78.086
253281,242.76,77.936
253301,236.47,77.819
253321,230.16,77.732
253341,223.84,77.677
253361,217.51,77.651
253381,211.15,77.654
253401,204.78,77.684
253421,198.37,77.739
253441,191.94,77.816
253461,185.47,77.913
253481,178.97,78.027
253501,172.43,78.154
253521,165.86,78.292
253541,159.24,78.437
253561,152.59,78.585
253581,145.91,78.734
253601,139.18,78.879
253621,132.42,79.018
253641,125.63,79.147
253661,118.8,79.263
253681,111.94,79.363
253701,105.05,79.444
253721,98.144,79.504
253741,91.213,79.541
253761,84.266,79.552
253781,77.305,79.536
253801,70.336,79.493
253821,63.362,79.42
253841,56.388,79.318
253861,49.419,79.187
253881,42.46,79.026
253901,35.514,78.836
253921,28.586,78.619
253941,21.68,78.375
253961,14.802,78.106
253981,7.9532,77.815
254001,1.1382,77.504
254021,354.36,77.175
254041,347.62,76.831
254061,340.92,76.475
254081,334.27,76.111
254101,327.65,75.742
254121,321.08,75.371
254141,314.56,75.002
254161,308.07,74.639
254181,301.63,74.284
254201,295.22,73.942
254221,288.85,73.615
254241,282.51,73.306
254261,276.2,73.019
254281,269.92,72.755
254301,263.66,72.517
254321,257.41,72.307
254341,251.18,72.126
254361,244.95,71.974
254381,238.73,71.853
254401,232.5,71.762
254421,226.27,71.702
254441,220.02,71.671
254461,213.76,71.668
254481,207.48,71.692
254501,201.17,71.742
254521,194.83,71.814
254541,188.47,71.906
254561,182.06,72.015
254581,175.63,72.139
254601,169.15,72.275
254621,162.63,72.418
254641,156.08,72.566
254661,149.48,72.715
254681,142.84,72.861
254701,136.16,73.002
254721,129.44,73.134
254741,122.69,73.254
254761,115.89,73.358
254781,109.07,73.445
254801,102.21,73.511
254821,95.327,73.554
254841,88.417,73.573
254861,81.487,73.565
254881,74.54,73.53
254901,67.58,73.466
254921,60.612,73.372
254941,53.64,73.25
254961,46.668,73.098
254981,39.703,72.917
255001,32.748,72.708
255021,25.808,72.473
255041,18.888,72.213
255061,11.993,71.929
255081,5.1253,71.625
255101,358.29,71.303
255121,351.49,70.964
255141,344.73,70.614
255161,338.01,70.254
255181,331.34,69.887
255201,324.71,69.518
255221,318.13,69.15
255241,311.6,68.786
255261,305.11,68.43
255281,298.67,68.085
255301,292.27,67.755
255321,285.92,67.441
255341,279.6,67.148
255361,273.31,66.878
255381,267.06,66.633
255401,260.84,66.415
255421,254.63,66.226
255441,248.44,66.066
255461,242.27,65.936
255481,236.09,65.838
255501,229.92,65.769
255521,223.75,65.731
255541,217.56,65.722
255561,211.36,65.74
255581,205.14,65.784
255601,198.89,65.852
255621,192.62,65.94
255641,186.31,66.047
255661,179.97,66.169
255681,173.59,66.304
255701,167.17,66.446
255721,160.71,66.595
255741,154.2,66.744
255761,147.66,66.892
255781,141.07,67.035
255801,134.43,67.168
255821,127.76,67.289
255841,121.04,67.395
255861,114.29,67.483
255881,107.5,67.55
255901,100.67,67.593
255921,93.816,67.61
255941,86.932,67.601
255961,80.024,67.562
255981,73.095,67.493
256001,66.15,67.393
256021,59.193,67.262
256041,52.228,67.1
256061,45.261,66.908
256081,38.295,66.685
256101,31.336,66.434
256121,24.388,66.156
256141,17.456,65.852
256161,10.545,65.526
256181,3.6605,65.179
256201,356.81,64.815
256221,349.99,64.436
256241,343.2,64.047
256261,336.46,63.65
256281,329.77,63.249
256301,323.12,62.847
256321,316.52,62.449
256341,309.97,62.059
256361,303.47,61.679
256381,297.02,61.314
256401,290.62,60.966
256421,284.27,60.64
256441,277.97,60.337
256461,271.71,60.061
256481,265.48,59.813
256501,259.29,59.596
256521,253.12,59.41
256541,246.98,59.257
256561,240.86,59.137
256581,234.75,59.05
256601,228.64,58.996
256621,222.53,58.974
256641,216.41,58.981
256661,210.28,59.017
256681,204.14,59.079
256701,197.97,59.165
256721,191.77,59.271
256741,185.54,59.394
256761,179.27,59.532
256781,172.97,59.679
256801,166.62,59.834
256821,160.23,59.991
256841,153.8,60.147
256861,147.32,60.298
256881,140.8,60.44
256901,134.23,60.569
256921,127.62,60.683
256941,120.97,60.778
256961,114.28,60.851
256981,107.54,60.898
257001,100.77,60.918
257021,93.969,60.909
257041,87.135,60.868
257061,80.275,60.794
257081,73.391,60.686
257101,66.489,60.544
257121,59.57,60.367
257141,52.641,60.155
257161,45.706,59.91
257181,38.768,59.632
257201,31.833,59.322
257221,24.906,58.983
257241,17.991,58.617
257261,11.093,58.226
257281,4.217,57.814
257301,357.37,57.383
257321,350.55,56.938
257341,343.77,56.482
257361,337.03,56.019
257381,330.33,55.554
257401,323.68,55.09
257421,317.08,54.633
257441,310.53,54.186
257461,304.04,53.755
257481,297.6,53.342
257501,291.22,52.952
257521,284.89,52.589
257541,278.61,52.256
257561,272.39,51.956
257581,266.21,51.691
257601,260.07,51.464
257621,253.97,51.275
257641,247.9,51.125
257661,241.86,51.016
257681,235.83,50.946
257701,229.82,50.914
257721,223.81,50.92
257741,217.79,50.96
257761,211.77,51.034
257781,205.73,51.136
257801,199.67,51.266
257821,193.57,51.417
257841,187.45,51.588
257861,181.29,51.773
257881,175.1,51.968
257901,168.85,52.169
257921,162.57,52.371
257941,156.24,52.57
257961,149.86,52.761
257981,143.44,52.941
258001,136.97,53.105
258021,130.46,53.249
258041,123.9,53.37
258061,117.3,53.465
258081,110.66,53.529
258101,103.99,53.562
258121,97.278,53.56
258141,90.539,53.521
258161,83.774,53.445
258181,76.985,53.33
258201,70.176,53.174
258221,63.352,52.98
258241,56.517,52.745
258261,49.676,52.472
258281,42.831,52.161
258301,35.989,51.814
258321,29.153,51.433
258341,22.329,51.02
258361,15.52,50.579
258381,8.7317,50.114
258401,1.9685,49.626
258421,355.23,49.122
258441,348.54,48.605
258461,341.87,48.08
258481,335.26,47.552
258501,328.69,47.027
258521,322.16,46.509
258541,315.7,46.004
258561,309.28,45.518
258581,302.93,45.056
258601,296.63,44.622
258621,290.39,44.223
258641,284.21,43.862
258661,278.08,43.543
258681,272,43.269
258701,265.97,43.044
258721,259.98,42.868
258741,254.03,42.744
258761,248.1,42.671
258781,242.19,42.65
258801,236.29,42.678
258821,230.4,42.754
258841,224.5,42.875
258861,218.59,43.037
258881,212.65,43.236
258901,206.7,43.469
258921,200.7,43.729
258941,194.68,44.013
258961,188.61,44.314
258981,182.5,44.627
259001,176.34,44.948
259021,170.14,45.269
259041,163.89,45.587
259061,157.59,45.895
259081,151.24,46.19
259101,144.85,46.465
259121,138.42,46.718
259141,131.94,46.944
259161,125.43,47.14
259181,118.88,47.301
259201,112.3,47.426
259221,105.69,47.512
259241,99.056,47.557
259261,92.402,47.559
259281,85.732,47.517
259301,79.05,47.431
259321,72.36,47.3
259341,65.667,47.125
259361,58.975,46.906
259381,52.289,46.645
259401,45.613,46.344
259421,38.952,46.005
259441,32.309,45.63
259461,25.69,45.223
259481,19.098,44.787
259501,12.538,44.326
259521,6.0124,43.845
259541,359.53,43.348
259561,353.08,42.841
259581,346.68,42.33
259601,340.33,41.819
259621,334.03,41.316
259641,327.79,40.827
259661,321.59,40.357
259681,315.45,39.913
259701,309.35,39.501
259721,303.31,39.128
259741,297.31,38.798
259761,291.36,38.516
259781,285.44,38.288
259801,279.55,38.115
259821,273.69,38.002
259841,267.83,37.949
259861,261.99,37.958
259881,256.14,38.027
259901,250.28,38.156
259921,244.41,38.341
259941,238.51,38.58
259961,232.57,38.868
259981,226.6,39.2
260001,220.59,39.571
260021,214.53,39.976
260041,208.42,40.407
260061,202.26,40.859
260081,196.05,41.326
260101,189.79,41.801
260121,183.48,42.278
260141,177.13,42.751
260161,170.73,43.214
260181,164.28,43.663
260201,157.8,44.092
260221,151.28,44.497
260241,144.73,44.873
260261,138.15,45.217
260281,131.55,45.526
260301,124.93,45.796
260321,118.29,46.026
260341,111.64,46.213
260361,104.98,46.356
260381,98.324,46.454
260401,91.668,46.507
260421,85.018,46.515
260441,78.38,46.478
260461,71.757,46.396
260481,65.153,46.273
260501,58.574,46.108
260521,52.022,45.906
260541,45.502,45.667
260561,39.017,45.397
260581,32.57,45.098
260601,26.164,44.774
260621,19.802,44.431
260641,13.486,44.071
260661,7.2162,43.701
260681,0.99491,43.326
260701,354.82,42.952
260721,348.7,42.583
260741,342.62,42.226
260761,336.58,41.887
260781,330.59,41.572
260801,324.63,41.285
260821,318.7,41.033
260841,312.8,40.82
260861,306.92,40.651
260881,301.05,40.53
260901,295.18,40.459
260921,289.31,40.443
260941,283.42,40.481
260961,277.51,40.575
260981,271.57,40.724
261001,265.6,40.928
261021,259.58,41.184
261041,253.51,41.489
261061,247.4,41.841
261081,241.22,42.234
261101,234.99,42.664
261121,228.71,43.126
261141,222.36,43.614
261161,215.96,44.122
261181,209.51,44.646
261201,203.01,45.178
261221,196.46,45.713
261241,189.86,46.246
261261,183.23,46.771
261281,176.56,47.284
261301,169.86,47.779
261321,163.13,48.252
261341,156.38,48.7
261361,149.61,49.118
261381,142.83,49.504
261401,136.04,49.854
261421,129.24,50.168
261441,122.45,50.442
261461,115.66,50.675
261481,108.87,50.868
261501,102.1,51.019
261521,95.351,51.128
261541,88.619,51.196
261561,81.913,51.224
261581,75.235,51.214
261601,68.589,51.167
261621,61.978,51.085
261641,55.405,50.972
261661,48.873,50.83
261681,42.383,50.663
261701,35.938,50.473
261721,29.539,50.267
261741,23.187,50.046
261761,16.881,49.816
261781,10.622,49.582
261801,4.4081,49.348
261821,358.24,49.119
261841,352.11,48.9
261861,346.02,48.694
261881,339.96,48.508
261901,333.93,48.345
261921,327.93,48.209
261941,321.94,48.104
261961,315.96,48.034
261981,309.99,48.001
262001,304.02,48.007
262021,298.03,48.056
262041,292.03,48.147
262061,286,48.281
262081,279.93,48.458
262101,273.83,48.678
262121,267.69,48.938
262141,261.5,49.238
262161,255.26,49.574
262181,248.96,49.944
262201,242.6,50.343
262221,236.19,50.768
262241,229.72,51.215
262261,223.2,51.68
262281,216.62,52.156
262301,209.99,52.641
262321,203.32,53.129
262341,196.6,53.616
262361,189.84,54.096
262381,183.04,54.567
262401,176.21,55.023
262421,169.36,55.46
262441,162.48,55.876
262461,155.59,56.267
262481,148.68,56.63
262501,141.77,56.962
262521,134.86,57.263
262541,127.94,57.529
262561,121.04,57.76
262581,114.14,57.954
262601,107.26,58.113
262621,100.39,58.235
262641,93.555,58.322
262661,86.742,58.374
262681,79.96,58.392
262701,73.211,58.378
262721,66.498,58.336
262741,59.823,58.265
262761,53.19,58.171
262781,46.6,58.055
262801,40.054,57.922
262821,33.553,57.774
262841,27.097,57.615
262861,20.687,57.45
262881,14.322,57.281
262901,8.0009,57.114
262921,1.7213,56.953
262941,355.48,56.8
262961,349.28,56.66
262981,343.11,56.538
263001,336.96,56.435
263021,330.85,56.356
263041,324.75,56.303
263061,318.66,56.279
263081,312.58,56.286
263101,306.5,56.325
263121,300.41,56.399
263141,294.32,56.507
263161,288.2,56.65
263181,282.06,56.828
263201,275.89,57.04
263221,269.69,57.284
263241,263.44,57.559
263261,257.15,57.863
263281,250.82,58.194
263301,244.43,58.547
263321,237.99,58.921
263341,231.5,59.311
263361,224.96,59.715
263381,218.37,60.128
263401,211.72,60.546
263421,205.03,60.965
263441,198.29,61.382
263461,191.51,61.793
263481,184.7,62.194
263501,177.84,62.581
263521,170.96,62.952
263541,164.05,63.302
263561,157.13,63.63
263581,150.18,63.933
263601,143.23,64.208
263621,136.27,64.454
263641,129.31,64.67
263661,122.35,64.855
263681,115.4,65.007
263701,108.46,65.127
263721,101.54,65.215
263741,94.639,65.272
263761,87.764,65.299
263781,80.916,65.296
263801,74.1,65.266
263821,67.319,65.211
263841,60.574,65.133
263861,53.869,65.034
263881,47.205,64.919
263901,40.584,64.789
263921,34.006,64.649
263941,27.472,64.501
263961,20.982,64.349
263981,14.535,64.197
264001,8.1306,64.049
264021,1.7671,63.908
264041,355.44,63.777
264061,349.15,63.661
264081,342.9,63.562
264101,336.67,63.482
264121,330.47,63.426
264141,324.29,63.395
264161,318.12,63.391
264181,311.97,63.416
264201,305.82,63.471
264221,299.67,63.557
264241,293.51,63.674
264261,287.34,63.822
264281,281.15,64.001
264301,274.94,64.21
264321,268.71,64.447
264341,262.44,64.71
264361,256.13,64.998
264381,249.79,65.308
264401,243.4,65.636
264421,236.96,65.981
264441,230.48,66.339
264461,223.95,66.706
264481,217.37,67.08
264501,210.75,67.455
264521,204.08,67.83
264541,197.36,68.2
264561,190.6,68.563
264581,183.8,68.914
264601,176.96,69.251
264621,170.09,69.57
264641,163.2,69.87
264661,156.27,70.147
264681,149.33,70.399
264701,142.38,70.626
264721,135.41,70.825
264741,128.44,70.995
264761,121.47,71.135
264781,114.5,71.246
264801,107.54,71.327
264821,100.6,71.378
264841,93.672,71.401
264861,86.766,71.397
264881,79.885,71.367
264901,73.032,71.312
264921,66.211,71.236
264941,59.425,71.14
264961,52.675,71.028
264981,45.964,70.901
265001,39.293,70.764
265021,32.663,70.62
265041,26.075,70.471
265061,19.528,70.322
265081,13.024,70.176
265101,6.56,70.035
265121,0.13537,69.905
265141,353.75,69.787
265161,347.4,69.686
265181,341.08,69.603
265201,334.79,69.542
265221,328.52,69.505
265241,322.28,69.494
265261,316.05,69.51
265281,309.84,69.556
265301,303.63,69.631
265321,297.43,69.737
265341,291.22,69.873
265361,285.01,70.039
265381,278.78,70.235
265401,272.54,70.459
265421,266.27,70.709
265441,259.98,70.983
265461,253.66,71.28
265481,247.3,71.596
265501,240.91,71.929
265521,234.48,72.275
265541,228,72.632
265561,221.48,72.996
265581,214.92,73.363
265601,208.31,73.73
265621,201.66,74.093
265641,194.96,74.45
265661,188.22,74.797
265681,181.45,75.13
265701,174.63,75.447
265721,167.78,75.745
265741,160.9,76.022
265761,154,76.275
265781,147.07,76.503
265801,140.12,76.704
265821,133.17,76.877
265841,126.2,77.021
265861,119.22,77.136
265881,112.25,77.222
265901,105.28,77.279
265921,98.326,77.307
265941,91.381,77.309
265961,84.454,77.284
265981,77.549,77.236
266001,70.669,77.165
266021,63.816,77.075
266041,56.995,76.968
266061,50.207,76.847
266081,43.455,76.714
266101,36.739,76.573
266121,30.062,76.428
266141,23.424,76.281
266161,16.825,76.137
266181,10.264,75.998
266201,3.7423,75.867
266221,357.26,75.75
266241,350.81,75.647
266261,344.39,75.563
266281,338.01,75.5
266301,331.65,75.461
266321,325.32,75.447
266341,319.01,75.461
266361,312.71,75.504
266381,306.43,75.577
266401,300.16,75.681
266421,293.9,75.817
266441,287.63,75.983
266461,281.36,76.179
266481,275.08,76.405
266501,268.79,76.659
266521,262.48,76.939
266541,256.15,77.243
266561,249.79,77.569
266581,243.41,77.913
266601,236.99,78.272
266621,230.54,78.644
266641,224.05,79.024
266661,217.53,79.41
266681,210.96,79.797
266701,204.35,80.1818
266721,197.7,80.561
266741,191.02,80.931
266761,184.29,81.2882
266781,177.52,81.6296
266801,170.72,81.9522
266821,163.88,82.2532
266841,157.01,82.5301
266861,150.12,82.7811
266881,143.2,83.0042
266901,136.25,83.1981
266921,129.3,83.3619
266941,122.33,83.495
266961,115.35,83.5972
266981,108.37,83.6688
267001,101.39,83.7102
267021,94.414,83.7226
267041,87.449,83.7072
267061,80.497,83.6658
267081,73.564,83.6004
267101,66.65,83.5133
267121,59.761,83.4071
267141,52.9,83.2847
267161,46.067,83.1491
267181,39.266,83.0036
267201,32.498,82.8516
267221,25.765,82.6965
267241,19.067,82.5418
267261,12.405,82.3911
267281,5.7783,82.248
267301,359.19,82.1158
267321,352.63,81.9978
267341,346.1,81.8973
267361,339.61,81.8172
267381,333.15,81.7601
267401,326.71,81.7287
267421,320.29,81.7248
267441,313.9,81.7505
267461,307.52,81.8069
267481,301.15,81.8953
267501,294.79,82.016
267521,288.44,82.1694
267541,282.1,82.3552
267561,275.74,82.5726
267581,269.39,82.8205
267601,263.02,83.0975
267621,256.64,83.4014
267641,250.24,83.7301
267661,243.81,84.0808
267681,237.37,84.4506
267701,230.9,84.8361
267721,224.4,85.2339
267741,217.86,85.6403
267761,211.3,86.0514
267781,204.7,86.4633
267801,198.06,86.872
267821,191.39,87.2735
267841,184.68,87.6641
267861,177.93,88.0399
267881,171.15,88.3975
267901,164.34,88.7334
267921,157.49,89.04471
267941,150.61,89.32871
267961,143.71,89.58307
267981,136.78,89.80588
268001,129.83,89.9956592
268021,122.86,90.15136
268041,115.88,90.27239
268061,108.89,90.35862
268081,101.89,90.41039
268101,94.896,90.42846
268121,87.901,90.41404
268141,80.912,90.36873
268161,73.933,90.29453
268181,66.969,90.19377
268201,60.022,90.069121
268221,53.095,89.923524
268241,46.192,89.76017
268261,39.315,89.58245
268281,32.465,89.39393
268301,25.645,89.19829
268321,18.856,88.9993
268341,12.099,88.8007
268361,5.3737,88.6063
268381,358.68,88.4198
268401,352.02,88.2449
268421,345.39,88.085
268441,338.79,87.9435
268461,332.21,87.8234
268481,325.66,87.7276
268501,319.14,87.6586
268521,312.64,87.6185
268541,306.15,87.6093
268561,299.68,87.6324
268581,293.22,87.6889
268601,286.77,87.7794
268621,280.33,87.9041
268641,273.88,88.0629
268661,267.43,88.255
268681,260.98,88.4794
268701,254.52,88.7346
268721,248.04,89.01858
268741,241.55,89.32912
268761,235.04,89.66351
268781,228.51,90.018728
268801,221.95,90.39145
268821,215.37,90.77808
268841,208.76,91.1748
268861,202.12,91.5776
268881,195.45,91.9824
268901,188.75,92.3849
268921,182.02,92.7808
268941,175.25,93.1661
268961,168.46,93.5365
268981,161.63,93.888
269001,154.77,94.217
269021,147.89,94.5198
269041,140.98,94.7932
269061,134.04,95.0346
269081,127.09,95.2414
269101,120.12,95.4118
269121,113.13,95.5442
269141,106.13,95.6378
269161,99.122,95.6921
269181,92.111,95.7072
269201,85.1,95.6839
269221,78.092,95.6232
269241,71.091,95.5267
269261,64.1,95.3967
269281,57.124,95.2355
269301,50.164,95.046
269321,43.224,94.8315
269341,36.307,94.5955
269361,29.414,94.3416
269381,22.547,94.0738
269401,15.708,93.796
269421,8.8985,93.5124
269441,2.118,93.2271
269461,355.37,92.9442
269481,348.65,92.6677
269501,341.95,92.4015
269521,335.29,92.1494
269541,328.65,91.915
269561,322.04,91.7015
269581,315.45,91.512
269601,308.88,91.3492
269621,302.33,91.2155
269641,295.79,91.113
269661,289.27,91.0432
269681,282.75,91.0074
269701,276.24,91.0064
269721,269.74,91.0405
269741,263.23,91.1097
269761,256.72,91.2136
269781,250.2,91.351
269801,243.66,91.5207
269821,237.12,91.721
269841,230.56,91.9496
269861,223.98,92.204
269881,217.37,92.4813
269901,210.75,92.7783
269921,204.09,93.0916
269941,197.41,93.4175
269961,190.7,93.752
269981,183.97,94.0912
270001,177.2,94.4307
270021,170.4,94.7663
270041,163.58,95.0939
270061,156.73,95.4091
270081,149.85,95.7079
270101,142.94,95.9863
270121,136.01,96.2405
270141,129.06,96.4671
270161,122.09,96.6628
270181,115.11,96.8249
270201,108.11,96.9509
270221,101.1,97.039
270241,94.093,97.0877
270261,87.079,97.0961
270281,80.067,97.0639
270301,73.06,96.9911
270321,66.061,96.8787
270341,59.074,96.7278
270361,52.102,96.5403
270381,45.149,96.3184
270401,38.216,96.0648
270421,31.306,95.7826
270441,24.422,95.4753
270461,17.564,95.1466
270481,10.735,94.8004
270501,3.9356,94.441
270521,357.17,94.0724
270541,350.43,93.6991
270561,343.72,93.3253
270581,337.04,92.9552
270601,330.38,92.593
270621,323.76,92.2426
270641,317.16,91.9078
270661,310.58,91.5921
270681,304.03,91.2987
270701,297.49,91.0307
270721,290.97,90.79048
270741,284.46,90.58037
270761,277.97,90.40215
270781,271.48,90.25723
270801,264.99,90.14657
270821,258.5,90.070733
270841,252.01,90.029806
270861,245.51,90.02346
270881,239,90.050932
270901,232.47,90.11104
270921,225.93,90.20219
270941,219.37,90.32242
270961,212.79,90.46939
270981,206.19,90.64045
271001,199.56,90.83262
271021,192.9,91.0427
271041,186.21,91.2672
271061,179.49,91.5024
271081,172.74,91.7447
271101,165.96,91.99
271121,159.15,92.2344
271141,152.31,92.474
271161,145.44,92.7047
271181,138.55,92.9227
271201,131.63,93.1242
271221,124.69,93.3057
271241,117.73,93.4638
271261,110.76,93.5954
271281,103.77,93.6977
271301,96.77,93.7683
271321,89.766,93.805
271341,82.76,93.8064
271361,75.756,93.7711
271381,68.757,93.6985
271401,61.768,93.5884
271421,54.792,93.441
271441,47.832,93.2572
271461,40.893,93.0382
271481,33.977,92.7859
271501,27.087,92.5023
271521,20.225,92.1902
271541,13.392,91.8525
271561,6.5918,91.4925
271581,359.82,91.1139
271601,353.09,90.72057
271621,346.39,90.31638
271641,339.72,89.905499
271661,333.09,89.49206
271681,326.49,89.08019
271701,319.92,88.674
271721,313.37,88.2774
271741,306.86,87.8941
271761,300.37,87.5279
271781,293.9,87.1818
271801,287.45,86.859
271821,281.02,86.5622
271841,274.6,86.2935
271861,268.19,86.0551
271881,261.78,85.8483
271901,255.38,85.6742
271921,248.97,85.5335
271941,242.56,85.4265
271961,236.14,85.3529
271981,229.7,85.312
272001,223.25,85.3028
272021,216.79,85.3239
272041,210.29,85.3734
272061,203.78,85.4491
272081,197.24,85.5485
272101,190.66,85.6689
272121,184.06,85.8072
272141,177.42,85.9602
272161,170.75,86.1244
272181,164.05,86.2963
272201,157.31,86.4723
272221,150.55,86.6487
272241,143.74,86.8219
272261,136.91,86.9881
272281,130.05,87.144
272301,123.16,87.2861
272321,116.25,87.4112
272341,109.32,87.5162
272361,102.36,87.5984
272381,95.395,87.6552
272401,88.416,87.6845
272421,81.43,87.6844
272441,74.441,87.6535
272461,67.453,87.5905
272481,60.47,87.495
272501,53.497,87.3664
272521,46.538,87.2051
272541,39.597,87.0116
272561,32.677,86.7869
272581,25.782,86.5324
272601,18.916,86.25
272621,12.08,85.9418
272641,5.2781,85.6105
272661,358.51,85.2588
272681,351.78,84.8901
272701,345.09,84.5076
272721,338.44,84.1149
272741,331.82,83.7159
272761,325.24,83.3142
272781,318.7,82.9137
272801,312.2,82.5183
272821,305.72,82.1317
272841,299.28,81.7573
272861,292.87,81.3988
272881,286.48,81.0592
272901,280.12,80.7414
272921,273.77,80.4481
272941,267.44,80.1815
272961,261.12,79.943
272981,254.81,79.735
273001,248.5,79.559
273021,242.18,79.413
273041,235.87,79.3
273061,229.54,79.219
273081,223.19,79.169
273101,216.84,79.148
273121,210.45,79.157
273141,204.05,79.192
273161,197.62,79.251
273181,191.15,79.333
273201,184.66,79.434
273221,178.13,79.552
273241,171.57,79.683
273261,164.97,79.823
273281,158.33,79.971
273301,151.65,80.1213
273321,144.94,80.2714
273341,138.19,80.4177
273361,131.41,80.5567
273381,124.6,80.6853
273401,117.75,80.8002
273421,110.87,80.8985
273441,103.97,80.9775
273461,97.051,81.0349
273481,90.109,81.0682
273501,83.153,81.0758
273521,76.186,81.056
273541,69.212,81.0077
273561,62.236,80.9299
273581,55.262,80.8224
273601,48.295,80.6848
273621,41.34,80.5176
273641,34.4,80.3215
273661,27.481,80.0974
273681,20.585,79.847
273701,13.718,79.571
273721,6.882,79.274
273741,0.080456,78.955
273761,353.32,78.62
273781,346.59,78.27
273801,339.91,77.908
273821,333.26,77.538
273841,326.66,77.164
273861,320.11,76.789
273881,313.59,76.416
273901,307.12,76.049
273921,300.68,75.692
273941,294.28,75.347
273961,287.91,75.019
273981,281.57,74.71
274001,275.27,74.422
274021,268.98,74.159
274041,262.71,73.921
274061,256.46,73.712
274081,250.21,73.532
274101,243.97,73.382
274121,237.73,73.263
274141,231.49,73.174
274161,225.24,73.116
274181,218.97,73.087
274201,212.69,73.087
274221,206.38,73.113
274241,200.05,73.164
274261,193.69,73.238
274281,187.3,73.332
274301,180.87,73.443
274321,174.41,73.567
274341,167.91,73.703
274361,161.37,73.847
274381,154.79,73.994
274401,148.16,74.143
274421,141.5,74.289
274441,134.8,74.428
274461,128.06,74.559
274481,121.29,74.677
274501,114.48,74.78
274521,107.63,74.864
274541,100.76,74.928
274561,93.864,74.969
274581,86.944,74.986
274601,80.004,74.975
274621,73.05,74.938
274641,66.085,74.871
274661,59.115,74.776
274681,52.142,74.651
274701,45.173,74.497
274721,38.212,74.315
274741,31.264,74.105
274761,24.333,73.869
274781,17.423,73.608
274801,10.54,73.324
274821,3.6871,73.02
274841,356.87,72.698
274861,350.09,72.36
274881,343.34,72.011
274901,336.65,71.652
274921,329.99,71.288
274941,323.38,70.921
274961,316.82,70.556
274981,310.3,70.195
275001,303.83,69.843
275021,297.4,69.502
275041,291.01,69.175
275061,284.66,68.867
275081,278.35,68.578
275101,272.07,68.313
275121,265.82,68.073
275141,259.6,67.86
275161,253.39,67.675
275181,247.19,67.52
275201,241.01,67.396
275221,234.82,67.302
275241,228.64,67.238
275261,222.44,67.204
275281,216.24,67.198
275301,210.02,67.22
275321,203.77,67.267
275341,197.5,67.337
275361,191.21,67.428
275381,184.87,67.536
275401,178.51,67.66
275421,172.1,67.795
275441,165.65,67.938
275461,159.17,68.087
275481,152.64,68.236
275501,146.06,68.384
275521,139.45,68.525
275541,132.79,68.658
275561,126.09,68.779
275581,119.36,68.884
275601,112.58,68.97
275621,105.77,69.036
275641,98.926,69.078
275661,92.054,69.096
275681,85.155,69.085
275701,78.234,69.047
275721,71.294,68.978
275741,64.34,68.88
275761,57.376,68.751
275781,50.407,68.591
275801,43.438,68.401
275821,36.472,68.183
275841,29.516,67.936
275861,22.573,67.663
275881,15.649,67.365
275901,8.7476,67.046
275921,1.8743,66.706
275941,355.03,66.351
275961,348.23,65.981
275981,341.46,65.601
276001,334.74,65.214
276021,328.06,64.824
276041,321.43,64.434
276061,314.85,64.048
276081,308.32,63.67
276101,301.84,63.302
276121,295.41,62.949
276141,289.02,62.614
276161,282.68,62.3
276181,276.38,62.009
276201,270.13,61.744
276221,263.9,61.507
276241,257.71,61.3
276261,251.54,61.123
276281,245.39,60.979
276301,239.26,60.867
276321,233.13,60.787
276341,227.01,60.739
276361,220.88,60.721
276381,214.74,60.733
276401,208.59,60.771
276421,202.41,60.835
276441,196.21,60.922
276461,189.98,61.028
276481,183.72,61.151
276501,177.42,61.286
276521,171.09,61.432
276541,164.71,61.583
276561,158.29,61.736
276581,151.82,61.888
276601,145.31,62.035
276621,138.76,62.172
276641,132.16,62.297
276661,125.52,62.406
276681,118.83,62.496
276701,112.11,62.564
276721,105.35,62.607
276741,98.552,62.623
276761,91.723,62.61
276781,84.866,62.566
276801,77.983,62.49
276821,71.079,62.381
276841,64.157,62.239
276861,57.222,62.062
276881,50.278,61.852
276901,43.329,61.61
276921,36.381,61.336
276941,29.437,61.032
276961,22.504,60.7
276981,15.585,60.342
277001,8.6851,59.961
277021,1.8098,59.56
277041,354.96,59.142
277061,348.15,58.711
277081,341.38,58.27
277101,334.64,57.823
277121,327.95,57.375
277141,321.31,56.93
277161,314.72,56.491
277181,308.19,56.063
277201,301.7,55.651
277221,295.28,55.257
277241,288.9,54.887
277261,282.58,54.542
277281,276.31,54.226
277301,270.09,53.942
277321,263.9,53.691
277341,257.76,53.477
277361,251.65,53.299
277381,245.57,53.159
277401,239.51,53.057
277421,233.46,52.991
277441,227.42,52.963
277461,221.38,52.969
277481,215.34,53.007
277501,209.28,53.076
277521,203.21,53.173
277541,197.11,53.294
277561,190.98,53.436
277581,184.82,53.594
277601,178.62,53.766
277621,172.38,53.946
277641,166.1,54.131
277661,159.78,54.316
277681,153.41,54.497
277701,146.99,54.67
277721,140.53,54.831
277741,134.02,54.976
277761,127.47,55.1
277781,120.87,55.202
277801,114.23,55.277
277821,107.56,55.323
277841,100.85,55.337
277861,94.104,55.317
277881,87.33,55.261
277901,80.529,55.169
277921,73.706,55.038
277941,66.865,54.869
277961,60.008,54.662
277981,53.142,54.416
278001,46.269,54.133
278021,39.394,53.815
278041,32.523,53.462
278061,25.659,53.077
278081,18.807,52.662
278101,11.972,52.221
278121,5.1585,51.757
278141,358.37,51.274
278161,351.62,50.776
278181,344.9,50.267
278201,338.21,49.752
278221,331.58,49.236
278241,324.99,48.724
278261,318.45,48.221
278281,311.97,47.732
278301,305.54,47.262
278321,299.17,46.817
278341,292.86,46.4
278361,286.61,46.017
278381,280.41,45.671
278401,274.26,45.366
278421,268.17,45.105
278441,262.12,44.889
278461,256.11,44.721
278481,250.13,44.602
278501,244.18,44.53
278521,238.25,44.506
278541,232.32,44.529
278561,226.4,44.595
278581,220.48,44.703
278601,214.54,44.849
278621,208.58,45.029
278641,202.59,45.238
278661,196.58,45.473
278681,190.53,45.728
278701,184.43,45.998
278721,178.3,46.279
278741,172.12,46.564
278761,165.89,46.849
278781,159.62,47.128
278801,153.3,47.398
278821,146.93,47.652
278841,140.51,47.888
278861,134.06,48.099
278881,127.56,48.284
278901,121.02,48.438
278921,114.45,48.558
278941,107.84,48.642
278961,101.21,48.686
278981,94.544,48.691
279001,87.862,48.653
279021,81.162,48.571
279041,74.449,48.447
279061,67.726,48.279
279081,60.999,48.067
279101,54.271,47.813
279121,47.548,47.519
279141,40.833,47.185
279161,34.131,46.815
279181,27.447,46.41
279201,20.784,45.975
279221,14.147,45.513
279241,7.5407,45.028
279261,0.96867,44.525
279281,354.43,44.008
279301,347.94,43.483
279321,341.5,42.955
279341,335.1,42.431
279361,328.75,41.916
279381,322.46,41.416
279401,316.22,40.938
279421,310.03,40.487
279441,303.9,40.07
279461,297.82,39.692
279481,291.79,39.359
279501,285.8,39.075
279521,279.86,38.844
279541,273.95,38.669
279561,268.06,38.553
279581,262.2,38.496
279601,256.35,38.499
279621,250.5,38.562
279641,244.65,38.681
279661,238.78,38.856
279681,232.89,39.081
279701,226.98,39.354
279721,221.02,39.668
279741,215.03,40.018
279761,209,40.4
279781,202.92,40.806
279801,196.8,41.23
279821,190.62,41.666
279841,184.39,42.109
279861,178.12,42.552
279881,171.8,42.989
279901,165.43,43.415
279921,159.02,43.825
279941,152.57,44.214
279961,146.08,44.577
279981,139.55,44.911
280001,133,45.211
280021,126.42,45.475
280041,119.82,45.7
280061,113.2,45.884
280081,106.57,46.024
280101,99.929,46.12
280121,93.284,46.171
280141,86.638,46.176
280161,79.996,46.136
280181,73.364,46.05
280201,66.745,45.921
280221,60.143,45.749
280241,53.564,45.536
280261,47.011,45.286
280281,40.487,45.001
280301,33.997,44.684
280321,27.544,44.339
280341,21.132,43.971
280361,14.762,43.583
280381,8.4374,43.181
280401,2.1599,42.769
280421,355.93,42.355
280441,349.75,41.942
280461,343.62,41.538
280481,337.53,41.147
280501,331.5,40.777
280521,325.5,40.433
280541,319.54,40.122
280561,313.62,39.847
280581,307.72,39.615
280601,301.85,39.431
280621,295.99,39.297
280641,290.13,39.218
280661,284.28,39.196
280681,278.41,39.231
280701,272.52,39.325
280721,266.6,39.476
280741,260.65,39.684
280761,254.66,39.946
280781,248.62,40.258
280801,242.54,40.616
280821,236.39,41.017
280841,230.2,41.453
280861,223.95,41.921
280881,217.64,42.414
280901,211.28,42.927
280921,204.87,43.452
280941,198.4,43.984
280961,191.89,44.518
280981,185.34,45.047
281001,178.75,45.566
281021,172.12,46.07
281041,165.46,46.555
281061,158.77,47.016
281081,152.06,47.449
281101,145.33,47.851
281121,138.59,48.219
281141,131.84,48.549
281161,125.08,48.841
281181,118.32,49.092
281201,111.57,49.3
281221,104.82,49.467
281241,98.089,49.59
281261,91.373,49.671
281281,84.677,49.709
281301,78.005,49.707
281321,71.362,49.666
281341,64.751,49.587
281361,58.174,49.474
281381,51.636,49.329
281401,45.138,49.155
281421,38.683,48.955
281441,32.272,48.734
281461,25.908,48.497
281481,19.591,48.246
281501,13.32,47.987
281521,7.0968,47.724
281541,0.91877,47.464
281561,354.78,47.209
281581,348.69,46.966
281601,342.64,46.74
281621,336.61,46.535
281641,330.62,46.356
281661,324.65,46.206
281681,318.69,46.091
281701,312.75,46.013
281721,306.81,45.976
281741,300.86,45.981
281761,294.9,46.031
281781,288.91,46.127
281801,282.9,46.269
281821,276.85,46.456
281841,270.77,46.689
281861,264.63,46.964
281881,258.45,47.281
281901,252.21,47.635
281921,245.91,48.023
281941,239.56,48.442
281961,233.15,48.887
281981,226.68,49.354
282001,220.16,49.838
282021,213.58,50.333
282041,206.96,50.835
282061,200.29,51.34
282081,193.57,51.841
282101,186.82,52.335
282121,180.03,52.817
282141,173.21,53.283
282161,166.37,53.728
282181,159.51,54.151
282201,152.63,54.546
282221,145.75,54.911
282241,138.85,55.245
282261,131.96,55.544
282281,125.07,55.808
282301,118.18,56.035
282321,111.31,56.225
282341,104.46,56.377
282361,97.625,56.491
282381,90.815,56.569
282401,84.033,56.612
282421,77.282,56.62
282441,70.565,56.596
282461,63.886,56.542
282481,57.246,56.46
282501,50.648,56.354
282521,44.094,56.226
282541,37.584,56.081
282561,31.12,55.922
282581,24.702,55.752
282601,18.329,55.576
282621,12.002,55.398
282641,5.7178,55.222
282661,359.48,55.052
282681,353.27,54.892
282701,347.1,54.747
282721,340.97,54.619
282741,334.86,54.514
282761,328.77,54.433
282781,322.7,54.38
282801,316.64,54.358
282821,310.58,54.368
282841,304.52,54.412
282861,298.45,54.493
282881,292.37,54.609
282901,286.27,54.762
282921,280.13,54.951
282941,273.97,55.175
282961,267.76,55.433
282981,261.51,55.723
283001,255.21,56.042
283021,248.87,56.388
283041,242.47,56.758
283061,236.02,57.149
283081,229.51,57.556
283101,222.95,57.976
283121,216.34,58.405
283141,209.68,58.839
283161,202.98,59.273
283181,196.23,59.705
283201,189.43,60.129
283221,182.61,60.542
283241,175.75,60.941
283261,168.86,61.321
283281,161.95,61.681
283301,155.02,62.017
283321,148.07,62.326
283341,141.12,62.608
283361,134.17,62.859
283381,127.21,63.078
283401,120.26,63.265
283421,113.33,63.42
283441,106.4,63.541
283461,99.496,63.629
283481,92.613,63.686
283501,85.757,63.711
283521,78.931,63.707
283541,72.137,63.675
283561,65.38,63.617
283581,58.66,63.537
283601,51.981,63.436
283621,45.344,63.318
283641,38.751,63.186
283661,32.201,63.043
283681,25.696,62.893
283701,19.235,62.74
283721,12.818,62.586
283741,6.4432,62.437
283761,0.1087,62.296
283781,353.81,62.165
283801,347.55,62.05
283821,341.32,61.952
283841,335.12,61.875
283861,328.94,61.821
283881,322.78,61.793
283901,316.64,61.794
283921,310.5,61.823
283941,304.36,61.884
283961,298.23,61.976
283981,292.08,62.1
284001,285.92,62.255
284021,279.73,62.442
284041,273.52,62.658
284061,267.28,62.903
284081,261.01,63.175
284101,254.69,63.472
284121,248.34,63.79
284141,241.93,64.127
284161,235.48,64.481
284181,228.99,64.847
284201,222.44,65.222
284221,215.84,65.603
284241,209.2,65.987
284261,202.5,66.368
284281,195.77,66.745
284301,188.99,67.114
284321,182.17,67.47
284341,175.32,67.812
284361,168.44,68.135
284381,161.53,68.438
284401,154.6,68.718
284421,147.65,68.974
284441,140.69,69.202
284461,133.73,69.402
284481,126.76,69.573
284501,119.79,69.713
284521,112.82,69.824
284541,105.87,69.904
284561,98.937,69.955
284581,92.02,69.977
284601,85.127,69.971
284621,78.261,69.939
284641,71.424,69.884
284661,64.622,69.806
284681,57.854,69.708
284701,51.125,69.594
284721,44.436,69.467
284741,37.788,69.328
284761,31.181,69.183
284781,24.618,69.033
284801,18.096,68.884
284821,11.617,68.737
284841,5.1782,68.597
284861,358.78,68.467
284881,352.42,68.35
284901,346.09,68.25
284921,339.79,68.169
284941,333.52,68.109
284961,327.28,68.074
284981,321.06,68.066
285001,314.85,68.085
285021,308.65,68.133
285041,302.46,68.211
285061,296.27,68.32
285081,290.07,68.459
285101,283.87,68.628
285121,277.65,68.827
285141,271.41,69.053
285161,265.14,69.305
285181,258.85,69.582
285201,252.52,69.88
285221,246.16,70.197
285241,239.75,70.531
285261,233.31,70.878
285281,226.82,71.235
285301,220.29,71.598
285321,213.71,71.964
285341,207.08,72.33
285361,200.41,72.692
285381,193.7,73.047
285401,186.95,73.391
285421,180.15,73.721
285441,173.32,74.035
285461,166.46,74.33
285481,159.57,74.603
285501,152.65,74.853
285521,145.72,75.077
285541,138.76,75.274
285561,131.8,75.443
285581,124.83,75.583
285601,117.86,75.694
285621,110.89,75.776
285641,103.92,75.829
285661,96.973,75.853
285681,90.037,75.851
285701,83.122,75.823
285721,76.229,75.772
285741,69.364,75.699
285761,62.529,75.606
285781,55.726,75.497
285801,48.958,75.373
285821,42.227,75.239
285841,35.534,75.097
285861,28.88,74.951
285881,22.266,74.804
285901,15.692,74.66
285921,9.1575,74.521
285941,2.6615,74.392
285961,356.2,74.275
285981,349.78,74.174
286001,343.39,74.092
286021,337.03,74.031
286041,330.7,73.993
286061,324.39,73.982
286081,318.1,73.998
286101,311.83,74.044
286121,305.57,74.119
286141,299.32,74.225
286161,293.07,74.362
286181,286.82,74.53
286201,280.56,74.727
286221,274.3,74.954
286241,268.01,75.208
286261,261.71,75.487
286281,255.38,75.79
286301,249.03,76.113
286321,242.65,76.454
286341,236.23,76.81
286361,229.77,77.177
286381,223.28,77.552
286401,216.74,77.932
286421,210.17,78.313
286441,203.55,78.691
286461,196.89,79.062
286481,190.19,79.424
286501,183.45,79.773
286521,176.67,80.106
286541,169.86,80.4198
286561,163.01,80.7121
286581,156.13,80.9804
286601,149.23,81.2229
286621,142.3,81.4378
286641,135.35,81.624
286661,128.39,81.7806
286681,121.42,81.907
286701,114.45,82.0031
286721,107.47,82.0692
286741,100.49,82.106
286761,93.525,82.1144
286781,86.569,82.0959
286801,79.629,82.0521
286821,72.709,81.9852
286841,65.811,81.8975
286861,58.94,81.7915
286881,52.097,81.6701
286901,45.285,81.5364
286921,38.506,81.3936
286941,31.762,81.245
286961,25.054,81.0941
286981,18.382,80.9444
287001,11.746,80.7993
287021,5.1473,80.6624
287041,358.58,80.5371
287061,352.05,80.4265
287081,345.56,80.3339
287101,339.09,80.262
287121,332.66,80.2135
287141,326.25,80.1908
287161,319.86,80.1959
287181,313.49,80.2305
287201,307.14,80.2958
287221,300.8,80.3927
287241,294.47,80.5218
287261,288.14,80.6831
287281,281.81,80.8762
287301,275.48,81.1004
287321,269.14,81.3542
287341,262.79,81.6362
287361,256.42,81.9443
287381,250.04,82.276
287401,243.63,82.6287
287421,237.19,82.9992
287441,230.73,83.3843
287461,224.23,83.7805
287481,217.71,84.184
287501,211.14,84.5911
287521,204.54,84.9979
287541,197.91,85.4005
287561,191.23,85.795
287581,184.52,86.1777
287601,177.77,86.545
287621,170.98,86.8935
287641,164.17,87.2202
287661,157.31,87.5222
287681,150.43,87.7969
287701,143.53,88.0423
287721,136.59,88.2566
287741,129.64,88.4386
287761,122.67,88.5873
287781,115.69,88.7024
287801,108.71,88.7839
287821,101.71,88.8322
287841,94.719,88.8482
287861,87.73,88.8331
287881,80.75,88.7887
287901,73.781,88.717
287921,66.828,88.6202
287941,59.894,88.5012
287961,52.983,88.3629
287981,46.096,88.2083
288001,39.236,88.0409
288021,32.406,87.8642
288041,25.606,87.6817
288061,18.839,87.4973
288081,12.103,87.3146
288101,5.4013,87.1373
288121,358.73,86.9691
288141,352.09,86.8134
288161,345.49,86.6737
288181,338.91,86.5532
288201,332.36,86.4549
288221,325.84,86.3814
288241,319.34,86.3352
288261,312.87,86.3183
288281,306.41,86.3324
288301,299.96,86.3789
288321,293.52,86.4587
288341,287.1,86.5723
288361,280.67,86.7197
288381,274.25,86.9006
288401,267.83,87.1142
288421,261.39,87.3593
288441,254.95,87.6341
288461,248.49,87.9367
288481,242.02,88.2645
288501,235.52,88.6149
288521,229.01,88.9846
288541,222.47,89.3703
288561,215.9,89.7683
288581,209.3,90.17473
288601,202.67,90.58558
288621,196.01,90.9967
288641,189.32,91.4039
288661,182.59,91.803
288681,175.83,92.1899
288701,169.04,92.5605
288721,162.22,92.9111
288741,155.36,93.238
288761,148.48,93.5379
288781,141.57,93.8079
288801,134.64,94.0454
288821,127.69,94.2482
288841,120.72,94.4147
288861,113.73,94.5438
288881,106.73,94.6346
288901,99.729,94.6871
288921,92.72,94.7017
288941,85.711,94.6791
288961,78.706,94.6207
288981,71.708,94.5283
289001,64.721,94.4041
289021,57.749,94.2508
289041,50.795,94.0712
289061,43.86,93.8686
289081,36.949,93.6465
289101,30.063,93.4087
289121,23.204,93.159
289141,16.373,92.9013
289161,9.5712,92.6397
289181,2.7994,92.3783
289201,356.06,92.121
289221,349.35,91.8718
289241,342.66,91.6345
289261,336.01,91.4126
289281,329.38,91.2097
289301,322.78,91.029
289321,316.2,90.8732
289341,309.64,90.74502
289361,303.1,90.64667
289381,296.57,90.58001
289401,290.06,90.54651
289421,283.55,90.54722
289441,277.05,90.58279
289461,270.55,90.65342
289481,264.05,90.75886
289501,257.55,90.89844
289521,251.04,91.0711
289541,244.51,91.2752
289561,237.97,91.5089
289581,231.42,91.7699
289601,224.84,92.0554
289621,218.25,92.3625
289641,211.63,92.6878
289661,204.98,93.0278
289681,198.3,93.3785
289701,191.6,93.7361
289721,184.87,94.0964
289741,178.1,94.4551
289761,171.31,94.808
289781,164.49,95.1507
289801,157.64,95.4791
289821,150.76,95.789
289841,143.86,96.0767
289861,136.93,96.3383
289881,129.98,96.5705
289901,123.02,96.7704
289921,116.03,96.9353
289941,109.04,97.063
289961,102.03,97.1518
289981,95.019,97.2006
290001,88.005,97.2088
290021,80.992,97.1761
290041,73.984,97.1033
290061,66.984,96.9912
290081,59.995,96.8413
290101,53.021,96.6559
290121,46.064,96.4372
290141,39.128,96.1883
290161,32.215,95.9124
290181,25.326,95.613
290201,18.464,95.2941
290221,11.63,94.9597
290241,4.8248,94.6139
290261,358.05,94.261
290281,351.3,93.9053
290301,344.59,93.551
290321,337.9,93.2024
290341,331.24,92.8634
290361,324.61,92.5379
290381,318,92.2296
290401,311.41,91.942
290421,304.85,91.6781
290441,298.3,91.4406
290461,291.77,91.2321
290481,285.25,91.0546
290501,278.74,90.90981
290521,272.24,90.79886
290541,265.74,90.72262
290561,259.24,90.68146
290581,252.73,90.6753
290601,246.22,90.70367
290621,239.7,90.76561
290641,233.16,90.8598
290661,226.61,90.98449
290681,220.03,91.1375
290701,213.44,91.3165
290721,206.82,91.5185
290741,200.17,91.7405
290761,193.5,91.9792
290781,186.8,92.2308
290801,180.06,92.4918
290821,173.3,92.7581
290841,166.51,93.0257
290861,159.69,93.2907
290881,152.84,93.5489
290901,145.96,93.7963
290921,139.06,94.0291
290941,132.14,94.2433
290961,125.19,94.4355
290981,118.22,94.6022
291001,111.24,94.7405
291021,104.25,94.8475
291041,97.245,94.921
291061,90.237,94.9589
291081,83.228,94.9599
291101,76.221,94.9228
291121,69.22,94.8472
291141,62.23,94.7332
291161,55.252,94.5811
291181,48.292,94.3921
291201,41.351,94.1677
291221,34.434,93.91
291241,27.542,93.6213
291261,20.677,93.3046
291281,13.842,92.9631
291301,7.0377,92.6002
291321,0.26536,92.2199
291341,353.53,91.8261
291361,346.82,91.4228
291381,340.14,91.0144
291401,333.5,90.6049
291421,326.89,90.19861
291441,320.31,89.79957
291461,313.75,89.41171
291481,307.22,89.03877
291501,300.72,88.6842
291521,294.23,88.3514
291541,287.77,88.043
291561,281.31,87.7618
291581,274.87,87.5098
291601,268.44,87.2889
291621,262.01,87.1005
291641,255.58,86.9455
291661,249.16,86.8244
291681,242.72,86.7372
291701,236.27,86.6837
291721,229.81,86.663
291741,223.34,86.674
291761,216.84,86.7149
291781,210.32,86.784
291801,203.78,86.8788
291821,197.21,86.9968
291841,190.61,87.1351
291861,183.98,87.2904
291881,177.32,87.4596
291901,170.63,87.639
291921,163.9,87.8251
291941,157.14,88.0141
291961,150.35,88.2023
291981,143.53,88.386
292001,136.67,88.5615
292021,129.8,88.7253
292041,122.89,88.8738
292061,115.96,89.00393
292081,109.01,89.11251
292101,102.05,89.1968
292121,95.073,89.2543
292141,88.086,89.28286
292161,81.094,89.28065
292181,74.1,89.24625
292201,67.11,89.17864
292221,60.126,89.07722
292241,53.154,88.9418
292261,46.197,88.7727
292281,39.259,88.5707
292301,32.343,88.3368
292321,25.453,88.0728
292341,18.592,87.7805
292361,11.762,87.4625
292381,4.9656,87.1214
292401,358.2,86.7603
292421,351.48,86.3825
292441,344.79,85.9916
292461,338.14,85.5914
292481,331.53,85.1856
292501,324.95,84.7782
292521,318.41,84.373
292541,311.9,83.974
292561,305.42,83.5848
292581,298.97,83.2091
292601,292.55,82.8503
292621,286.16,82.5116
292641,279.78,82.1957
292661,273.42,81.9052
292681,267.07,81.6423
292701,260.73,81.4088
292721,254.4,81.206
292741,248.07,81.035
292761,241.73,80.8961
292781,235.39,80.7896
292801,229.04,80.7151
292821,222.67,80.6719
292841,216.28,80.6587
292861,209.87,80.6741
292881,203.44,80.716
292901,196.98,80.7824
292921,190.49,80.8705
292941,183.97,80.9777
292961,177.41,81.1009
292981,170.82,81.2368
293001,164.19,81.3822
293021,157.53,81.5335
293041,150.83,81.6873
293061,144.09,81.84
293081,137.32,81.9882
293101,130.52,82.1285
293121,123.68,82.2575
293141,116.82,82.3722
293161,109.93,82.4696
293181,103.01,82.547
293201,96.075,82.602
293221,89.123,82.6323
293241,82.158,82.6361
293261,75.185,82.6119
293281,68.207,82.5585
293301,61.23,82.4751
293321,54.256,82.3614
293341,47.292,82.2172
293361,40.341,82.0429
293381,33.408,81.8393
293401,26.497,81.6075
293421,19.611,81.3491
293441,12.755,81.0658
293461,5.9304,80.7598
293481,359.14,80.4338
293501,352.39,80.0904
293521,345.68,79.733
293541,339.01,79.364
293561,332.38,78.988
293581,325.79,78.607
293601,319.24,78.227
293621,312.73,77.849
293641,306.26,77.478
293661,299.83,77.117
293681,293.43,76.77
293701,287.07,76.439
293721,280.73,76.129
293741,274.42,75.84
293761,268.12,75.577
293781,261.85,75.34
293801,255.58,75.132
293821,249.33,74.953
293841,243.07,74.805
293861,236.82,74.687
293881,230.55,74.601
293901,224.28,74.545
293921,217.99,74.519
293941,211.69,74.52
293961,205.36,74.549
293981,199,74.602
294001,192.62,74.678
294021,186.2,74.773
294041,179.75,74.885
294061,173.26,75.011
294081,166.73,75.147
294101,160.17,75.291
294121,153.56,75.439
294141,146.92,75.587
294161,140.23,75.732
294181,133.51,75.87
294201,126.75,75.999
294221,119.96,76.116
294241,113.13,76.216
294261,106.27,76.299
294281,99.383,76.36
294301,92.473,76.398
294321,85.542,76.412
294341,78.595,76.399
294361,71.635,76.358
294381,64.666,76.289
294401,57.694,76.19
294421,50.722,76.062
294441,43.756,75.905
294461,36.8,75.72
294481,29.859,75.508
294501,22.937,75.269
294521,16.039,75.005
294541,9.1694,74.72
294561,2.3309,74.414
294581,355.53,74.09
294601,348.76,73.751
294621,342.04,73.401
294641,335.36,73.042
294661,328.72,72.678
294681,322.13,72.312
294701,315.58,71.948
294721,309.08,71.588
294741,302.62,71.238
294761,296.2,70.899
294781,289.82,70.575
294801,283.48,70.269
294821,277.18,69.984
294841,270.9,69.722
294861,264.65,69.485
294881,258.42,69.276
294901,252.21,69.095
294921,246,68.944
294941,239.81,68.824
294961,233.61,68.733
294981,227.41,68.673
295001,221.2,68.643
295021,214.98,68.64
295041,208.73,68.665
295061,202.47,68.714
295081,196.17,68.787
295101,189.85,68.88
295121,183.5,68.99
295141,177.1,69.115
295161,170.67,69.251
295181,164.2,69.394
295201,157.69,69.543
295221,151.13,69.692
295241,144.54,69.839
295261,137.9,69.98
295281,131.22,70.112
295301,124.5,70.232
295321,117.74,70.336
295341,110.94,70.422
295361,104.11,70.486
295381,97.253,70.528
295401,90.366,70.544
295421,83.454,70.534
295441,76.522,70.495
295461,69.573,70.427
295481,62.613,70.329
295501,55.645,70.201
295521,48.673,70.043
295541,41.704,69.855
295561,34.741,69.639
295581,27.789,69.396
295601,20.853,69.126
295621,13.938,68.834
295641,7.0489,68.519
295661,0.18908,68.186
295681,353.36,67.837
295701,346.57,67.475
295721,339.83,67.103
295741,333.12,66.725
295761,326.46,66.343
295781,319.85,65.963
295801,313.29,65.587
295821,306.78,65.218
295841,300.31,64.861
295861,293.89,64.518
295881,287.52,64.193
295901,281.19,63.889
295921,274.9,63.608
295941,268.65,63.353
295961,262.43,63.125
295981,256.24,62.927
296001,250.06,62.759
296021,243.91,62.623
296041,237.76,62.518
296061,231.62,62.444
296081,225.48,62.401
296101,219.33,62.389
296121,213.17,62.404
296141,206.99,62.446
296161,200.79,62.513
296181,194.56,62.601
296201,188.31,62.708
296221,182.02,62.831
296241,175.69,62.966
296261,169.32,63.11
296281,162.91,63.26
296301,156.46,63.411
296321,149.96,63.56
296341,143.42,63.704
296361,136.84,63.838
296381,130.21,63.96
296401,123.54,64.066
296421,116.83,64.153
296441,110.08,64.218
296461,103.29,64.258
296481,96.471,64.272
296501,89.62,64.257
296521,82.742,64.212
296541,75.84,64.136
296561,68.919,64.027
296581,61.981,63.885
296601,55.033,63.711
296621,48.078,63.504
296641,41.12,63.266
296661,34.165,62.998
296681,27.218,62.7
296701,20.282,62.376
296721,13.364,62.027
296741,6.4672,61.656
296761,359.6,61.266
296781,352.76,60.861
296801,345.95,60.443
296821,339.19,60.017
296841,332.47,59.586
296861,325.79,59.155
296881,319.17,58.726
296901,312.59,58.305
296921,306.07,57.896
296941,299.6,57.501
296961,293.18,57.126
296981,286.82,56.772
297001,280.51,56.444
297021,274.24,56.144
297041,268.02,55.875
297061,261.83,55.638
297081,255.69,55.436
297101,249.57,55.269
297121,243.47,55.138
297141,237.39,55.043
297161,231.33,54.983
297181,225.26,54.958
297201,219.2,54.965
297221,213.12,55.004
297241,207.04,55.07
297261,200.93,55.163
297281,194.79,55.278
297301,188.63,55.413
297321,182.43,55.563
297341,176.19,55.724
297361,169.92,55.894
297381,163.6,56.066
297401,157.23,56.238
297421,150.82,56.406
297441,144.37,56.564
297461,137.87,56.711
297481,131.32,56.84
297501,124.73,56.95
297521,118.1,57.037
297541,111.43,57.097
297561,104.72,57.129
297581,97.971,57.129
297601,91.193,57.096
297621,84.386,57.029
297641,77.554,56.925
297661,70.701,56.784
297681,63.829,56.607
297701,56.944,56.392
297721,50.05,56.14
297741,43.151,55.853
297761,36.252,55.531
297781,29.357,55.177
297801,22.471,54.793
297821,15.599,54.382
297841,8.7452,53.945
297861,1.9148,53.488
297881,355.11,53.013
297901,348.34,52.525
297921,341.61,52.029
297941,334.92,51.527
297961,328.27,51.027
297981,321.68,50.531
298001,315.13,50.046
298021,308.64,49.575
298041,302.21,49.124
298061,295.83,48.698
298081,289.51,48.3
298101,283.25,47.935
298121,277.04,47.606
298141,270.89,47.316
298161,264.78,47.067
298181,258.71,46.863
298201,252.69,46.703
298221,246.69,46.589
298241,240.71,46.519
298261,234.75,46.494
298281,228.8,46.512
298301,222.85,46.571
298321,216.9,46.667
298341,210.93,46.799
298361,204.94,46.961
298381,198.92,47.15
298401,192.87,47.362
298421,186.78,47.591
298441,180.66,47.834
298461,174.49,48.084
298481,168.28,48.338
298501,162.02,48.59
298521,155.72,48.836
298541,149.36,49.071
298561,142.96,49.29
298581,136.52,49.489
298601,130.03,49.664
298621,123.5,49.812
298641,116.93,49.93
298661,110.33,50.013
298681,103.69,50.061
298701,97.024,50.07
298721,90.33,50.039
298741,83.614,49.967
298761,76.879,49.853
298781,70.13,49.697
298801,63.371,49.497
298821,56.607,49.256
298841,49.84,48.974
298861,43.077,48.653
298881,36.322,48.294
298901,29.578,47.9
298921,22.851,47.475
298941,16.145,47.02
298961,9.4636,46.54
298981,2.8124,46.04
299001,356.2,45.523
299021,349.62,44.995
299041,343.08,44.461
299061,336.59,43.926
299081,330.14,43.396
299101,323.75,42.878
299121,317.42,42.376
299141,311.13,41.898
299161,304.91,41.448
299181,298.74,41.033
299201,292.62,40.658
299221,286.56,40.328
299241,280.54,40.046
299261,274.57,39.817
299281,268.64,39.643
299301,262.74,39.525
299321,256.86,39.466
299341,250.99,39.464
299361,245.14,39.518
299381,239.28,39.628
299401,233.41,39.789
299421,227.52,39.998
299441,221.61,40.251
299461,215.67,40.542
299481,209.69,40.868
299501,203.68,41.221
299521,197.61,41.596
299541,191.5,41.988
299561,185.35,42.389
299581,179.14,42.795
299601,172.89,43.198
299621,166.58,43.595
299641,160.24,43.979
299661,153.84,44.346
299681,147.41,44.69
299701,140.94,45.008
299721,134.43,45.295
299741,127.89,45.549
299761,121.32,45.766
299781,114.73,45.943
299801,108.12,46.078
299821,101.49,46.17
299841,94.852,46.217
299861,88.206,46.219
299881,81.558,46.176
299901,74.912,46.087
299921,68.273,45.953
299941,61.645,45.775
299961,55.033,45.556
299981,48.441,45.296
300001,41.872,44.999
300021,35.332,44.668
300041,28.823,44.306
300061,22.35,43.917
300081,15.916,43.506
300101,9.5244,43.076
300121,3.177,42.634
300141,356.88,42.184
300161,350.62,41.733
300181,344.42,41.285
300201,338.27,40.848
300221,332.16,40.427
300241,326.11,40.029
300261,320.09,39.66
300281,314.12,39.326
300301,308.19,39.032
300321,302.29,38.783
300341,296.41,38.585
300361,290.55,38.44
300381,284.7,38.353
300401,278.86,38.324
300421,273,38.356
300441,267.13,38.447
300461,261.24,38.599
300481,255.31,38.807
300501,249.35,39.07
300521,243.34,39.384
300541,237.29,39.744
300561,231.19,40.145
300581,225.03,40.582
300601,218.82,41.049
300621,212.56,41.539
300641,206.24,42.047
300661,199.88,42.566
300681,193.46,43.09
300701,187,43.613
300721,180.49,44.13
300741,173.94,44.635
300761,167.36,45.123
300781,160.74,45.589
300801,154.1,46.03
300821,147.43,46.44
300841,140.75,46.818
300861,134.05,47.159
300881,127.33,47.462
300901,120.62,47.725
300921,113.9,47.945
300941,107.18,48.122
300961,100.47,48.255
300981,93.768,48.345
301001,87.085,48.391
301021,80.421,48.394
301041,73.781,48.355
301061,67.169,48.277
301081,60.587,48.162
301101,54.041,48.011
301121,47.531,47.828
301141,41.062,47.617
301161,34.636,47.38
301181,28.255,47.123
301201,21.92,46.849
301221,15.632,46.563
301241,9.3908,46.27
301261,3.1971,45.975
301281,357.05,45.684
301301,350.95,45.4
301321,344.88,45.131
301341,338.86,44.88
301361,332.87,44.653
301381,326.91,44.455
301401,320.97,44.29
301421,315.04,44.162
301441,309.12,44.074
301461,303.21,44.031
301481,297.29,44.034
301501,291.35,44.085
301521,285.39,44.185
301541,279.39,44.334
301561,273.36,44.532
301581,267.29,44.777
301601,261.17,45.067
301621,255,45.399
301641,248.77,45.771
301661,242.48,46.177
301681,236.14,46.615
301701,229.73,47.079
301721,223.27,47.564
301741,216.76,48.065
301761,210.19,48.577
301781,203.58,49.094
301801,196.92,49.612
301821,190.22,50.126
301841,183.48,50.63
301861,176.71,51.12
301881,169.91,51.592
301901,163.09,52.043
301921,156.25,52.467
301941,149.39,52.863
301961,142.53,53.227
301981,135.66,53.557
302001,128.8,53.852
302021,121.93,54.109
302041,115.08,54.328
302061,108.24,54.509
302081,101.41,54.65
302101,94.612,54.753
302121,87.834,54.818
302141,81.086,54.847
302161,74.369,54.841
302181,67.688,54.802
302201,61.044,54.732
302221,54.441,54.635
302241,47.88,54.513
302261,41.363,54.369
302281,34.892,54.208
302301,28.466,54.034
302321,22.087,53.849
302341,15.753,53.659
302361,9.465,53.468
302381,3.2198,53.279
302401,357.02,53.098
302421,350.85,52.929
302441,344.72,52.775
302461,338.62,52.641
302481,332.54,52.53
302501,326.49,52.446
302521,320.45,52.392
302541,314.41,52.37
302561,308.38,52.383
302581,302.34,52.432
302601,296.29,52.519
302621,290.22,52.644
302641,284.13,52.807
302661,278,53.007
302681,271.84,53.245
302701,265.63,53.518
302721,259.38,53.823
302741,253.08,54.16
302761,246.72,54.523
302781,240.31,54.911
302801,233.85,55.32
302821,227.33,55.746
302841,220.76,56.184
302861,214.13,56.63
302881,207.46,57.081
302901,200.74,57.532
302921,193.98,57.978
302941,187.18,58.417
302961,180.34,58.843
302981,173.48,59.253
303001,166.59,59.644
303021,159.68,60.013
303041,152.75,60.357
303061,145.81,60.673
303081,138.87,60.96
303101,131.92,61.215
303121,124.98,61.438
303141,118.04,61.627
303161,111.12,61.782
303181,104.21,61.903
303201,97.324,61.991
303221,90.462,62.045
303241,83.628,62.069
303261,76.826,62.062
303281,70.057,62.027
303301,63.326,61.966
303321,56.634,61.882
303341,49.984,61.777
303361,43.376,61.655
303381,36.812,61.519
303401,30.294,61.373
303421,23.82,61.22
303441,17.39,61.064
303461,11.004,60.908
303481,4.6602,60.757
303501,358.36,60.614
303521,352.09,60.483
303541,345.86,60.368
303561,339.66,60.271
303581,333.48,60.196
303601,327.33,60.145
303621,321.19,60.12
303641,315.07,60.125
303661,308.95,60.16
303681,302.83,60.226
303701,296.7,60.325
303721,290.56,60.457
303741,284.4,60.62
303761,278.22,60.816
303781,272.01,61.042
303801,265.77,61.297
303821,259.49,61.579
303841,253.16,61.886
303861,246.79,62.215
303881,240.38,62.563
303901,233.91,62.927
303921,227.4,63.303
303941,220.83,63.689
303961,214.21,64.08
303981,207.55,64.473
304001,200.84,64.863
304021,194.09,65.248
304041,187.29,65.625
304061,180.46,65.988
304081,173.59,66.336
304101,166.7,66.666
304121,159.78,66.974
304141,152.84,67.258
304161,145.89,67.517
304181,138.93,67.748
304201,131.96,67.951
304221,124.99,68.123
304241,118.03,68.265
304261,111.07,68.376
304281,104.13,68.457
304301,97.202,68.507
304321,90.298,68.528
304341,83.419,68.522
304361,76.569,68.489
304381,69.751,68.432
304401,62.967,68.352
304421,56.221,68.254
304441,49.513,68.138
304461,42.847,68.009
304481,36.223,67.87
304501,29.641,67.723
304521,23.102,67.573
304541,16.606,67.423
304561,10.153,67.277
304581,3.7396,67.137
304601,357.37,67.007
304621,351.03,66.892
304641,344.73,66.793
304661,338.45,66.713
304681,332.21,66.656
304701,325.98,66.624
304721,319.78,66.618
304741,313.59,66.64
304761,307.41,66.692
304781,301.23,66.774
304801,295.05,66.886
304821,288.86,67.029
304841,282.66,67.202
304861,276.45,67.404
304881,270.21,67.634
304901,263.94,67.89
304921,257.64,68.17
304941,251.31,68.471
304961,244.93,68.792
304981,238.52,69.128
305001,232.06,69.477
305021,225.56,69.836
305041,219.01,70.2
305061,212.41,70.567
305081,205.77,70.934
305101,199.08,71.296
305121,192.35,71.65
305141,185.58,71.994
305161,178.77,72.323
305181,171.93,72.636
305201,165.05,72.929
305221,158.15,73.2
305241,151.22,73.447
305261,144.28,73.669
305281,137.32,73.863
305301,130.35,74.029
305321,123.38,74.166
305341,116.41,74.274
305361,109.44,74.353
305381,102.48,74.403
305401,95.54,74.424
305421,88.615,74.419
305441,81.711,74.388
305461,74.833,74.334
305481,67.983,74.258
305501,61.165,74.163
305521,54.381,74.052
305541,47.633,73.926
305561,40.923,73.791
305581,34.253,73.648
305601,27.623,73.501
305621,21.033,73.353
305641,14.484,73.208
305661,7.9747,73.07
305681,1.5043,72.941
305701,355.07,72.825
305721,348.67,72.725
305741,342.31,72.644
305761,335.97,72.584
305781,329.67,72.549
305801,323.38,72.539
305821,317.11,72.557
305841,310.86,72.604
305861,304.62,72.682
305881,298.39,72.79
305901,292.16,72.928
305921,285.92,73.097
305941,279.67,73.295
305961,273.41,73.522
305981,267.14,73.776
306001,260.84,74.055
306021,254.51,74.356
306041,248.16,74.677
306061,241.77,75.016
306081,235.35,75.368
306101,228.89,75.732
306121,222.38,76.103
306141,215.84,76.477
306161,209.25,76.852
306181,202.62,77.224
306201,195.95,77.589
306221,189.24,77.943
306241,182.49,78.285
306261,175.69,78.61
306281,168.87,78.916
306301,162.01,79.201
306321,155.12,79.461
306341,148.21,79.696
306361,141.27,79.904
306381,134.32,80.0829
306401,127.36,80.2327
306421,120.38,80.3529
306441,113.41,80.4432
306461,106.43,80.5041
306481,99.463,80.5362
306501,92.503,80.5406
306521,85.558,80.5186
306541,78.63,80.4721
306561,71.724,80.4031
306581,64.842,80.3139
306601,57.988,80.2071
306621,51.165,80.0857
306641,44.374,79.953
306661,37.618,79.811
306681,30.898,79.664
306701,24.214,79.516
306721,17.568,79.37
306741,10.96,79.228
306761,4.3881,79.096
306781,357.85,78.975
306801,351.35,78.87
306821,344.88,78.783
306841,338.45,78.717
306861,332.04,78.675
306881,325.66,78.659
306901,319.3,78.67
306921,312.95,78.712
306941,306.63,78.783
306961,300.31,78.886
306981,294,79.021
307001,287.7,79.188
307021,281.39,79.386
307041,275.08,79.614
307061,268.75,79.872
307081,262.42,80.1562
307101,256.06,80.466
307121,249.69,80.7985
307141,243.29,81.1509
307161,236.86,81.5201
307181,230.4,81.9027
307201,223.91,82.2953
307221,217.38,82.6943
307241,210.82,83.0957
307261,204.22,83.4959
307281,197.58,83.891
307301,190.9,84.2772
307321,184.18,84.6511
307341,177.42,85.0091
307361,170.63,85.3479
307381,163.81,85.6648
307401,156.95,85.9569
307421,150.06,86.2221
307441,143.15,86.4583
307461,136.22,86.664
307481,129.26,86.838
307501,122.29,86.9797
307521,115.31,87.0887
307541,108.33,87.1651
307561,101.34,87.2096
307581,94.35,87.223
307601,87.369,87.2067
307621,80.398,87.1625
307641,73.44,87.0923
307661,66.5,86.9985
307681,59.581,86.8839
307701,52.686,86.7513
307721,45.817,86.6038
307741,38.977,86.4449
307761,32.168,86.278
307781,25.39,86.1066
307801,18.646,85.9343
307821,11.935,85.765
307841,5.2581,85.6021
307861,358.61,85.4492
307881,352,85.3098
307901,345.42,85.1871
307921,338.88,85.0843
307941,332.36,85.0043
307961,325.86,84.9496
307981,319.39,84.9225
308001,312.94,84.925
308021,306.5,84.9586
308041,300.08,85.0245
308061,293.67,85.1236
308081,287.27,85.2561
308101,280.87,85.422
308121,274.47,85.6208
308141,268.07,85.8516
308161,261.66,86.1129
308181,255.23,86.4029
308201,248.79,86.7196
308221,242.34,87.0603
308241,235.86,87.4221
308261,229.36,87.8019
308281,222.83,88.1961
308301,216.27,88.6012
308321,209.68,89.01302
308341,203.06,89.42773
308361,196.41,89.84118
308381,189.72,90.24924
308401,183,90.6478
308421,176.25,91.0328
308441,169.46,91.4005
308461,162.64,91.7472
308481,155.79,92.0694
308501,148.91,92.3641
308521,142,92.6285
308541,135.07,92.8604
308561,128.12,93.0578
308581,121.15,93.2194
308601,114.16,93.3442
308621,107.17,93.4318
308641,100.16,93.4821
308661,93.158,93.4959
308681,86.152,93.4741
308701,79.151,93.4182
308721,72.159,93.33
308741,65.178,93.212
308761,58.213,93.0668
308781,51.266,92.8973
308801,44.34,92.7069
308821,37.438,92.499
308841,30.562,92.2773
308861,23.714,92.0456
308881,16.895,91.8079
308901,10.106,91.5681
308921,3.3469,91.3301
308941,356.62,91.0979
308961,349.92,90.87526
308981,343.25,90.6659
309001,336.61,90.47334
309021,330,90.30086
309041,323.41,90.15151
309061,316.85,90.028039
309081,310.3,89.932887
309101,303.78,89.86814
309121,297.26,89.83549
309141,290.76,89.83627
309161,284.27,89.87136
309181,277.79,89.941237
309201,271.3,90.045932
309221,264.81,90.18504
309241,258.32,90.35773
309261,251.82,90.56272
309281,245.31,90.79833
309301,238.78,91.0625
309321,232.24,91.3527
309341,225.67,91.6661
309361,219.08,91.9996
309381,212.47,92.3498
309401,205.83,92.7129
309421,199.16,93.0851
309441,192.47,93.4622
309461,185.74,93.8401
309481,178.99,94.2144
309501,172.2,94.581
309521,165.38,94.9354
309541,158.54,95.2737
309561,151.66,95.5916
309581,144.76,95.8855
309601,137.84,96.1519
309621,130.9,96.3874
309641,123.93,96.5894
309661,116.95,96.7553
309681,109.96,96.8833
309701,102.95,96.9719
309721,95.941,97.0204
309741,88.927,97.0282
309761,81.914,96.9956
309781,74.905,96.9234
309801,67.904,96.8129
309821,60.914,96.6657
309841,53.939,96.4843
309861,46.98,96.2712
309881,40.042,96.0296
309901,33.126,95.7628
309921,26.235,95.4745
309941,19.37,95.1686
309961,12.533,94.8492
309981,5.7248,94.5205
310001,358.95,94.1867
310021,352.2,93.8521
310041,345.48,93.5208
310061,338.78,93.197
310081,332.12,92.8846
310101,325.48,92.5874
310121,318.87,92.3089
310141,312.28,92.0524
310161,305.71,91.8209
310181,299.16,91.617
310201,292.62,91.4431
310221,286.09,91.3009
310241,279.58,91.192
310261,273.07,91.1174
310281,266.56,91.0779
310301,260.05,91.0736
310321,253.54,91.1042
310341,247.02,91.1692
310361,240.48,91.2673
310381,233.94,91.3972
310401,227.37,91.5569
310421,220.79,91.7441
310441,214.19,91.9561
310461,207.56,92.1902
310481,200.9,92.4429
310501,194.22,92.7108
310521,187.51,92.9903
310541,180.77,93.2773
310561,174,93.568
310581,167.2,93.8582
310601,160.37,94.1437
310621,153.52,94.4205
310641,146.63,94.6845
310661,139.73,94.9317
310681,132.79,95.1583
310701,125.84,95.3608
310721,118.87,95.5358
310741,111.89,95.6804
310761,104.89,95.7919
310781,97.884,95.868
310801,90.873,95.9071
310821,83.862,95.9077
310841,76.853,95.8691
310861,69.851,95.7911
310881,62.858,95.6739
310901,55.879,95.5182
310921,48.917,95.3254
310941,41.974,95.0973
310961,35.054,94.8362
310981,28.158,94.5448
311001,21.29,94.2261
311021,14.45,93.8837
311041,7.6408,93.5212
311061,0.86226,93.1426
311081,354.12,92.752
311101,347.4,92.3536
311121,340.72,91.9516
311141,334.06,91.5504
311161,327.44,91.154
311181,320.85,90.7665
311201,314.28,90.39184
311221,307.73,90.033663
311241,301.21,89.69539
311261,294.71,89.38015
311281,288.23,89.09073
311301,281.76,88.8296
311321,275.3,88.5987
311341,268.84,88.3998
311361,262.39,88.2341
311381,255.94,88.1023
311401,249.49,88.0049
311421,243.03,87.9417
311441,236.56,87.9122
311461,230.08,87.9156
311481,223.58,87.9504
311501,217.06,88.0149
311521,210.51,88.1071
311541,203.94,88.2244
311561,197.35,88.3642
311581,190.73,88.5235
311601,184.07,88.6989
311621,177.39,88.8871
311641,170.67,89.08445
311661,163.92,89.2872
311681,157.14,89.49161
311701,150.33,89.69384
311721,143.49,89.89011
311741,136.62,90.076693
311761,129.72,90.24995
311781,122.8,90.40641
311801,115.86,90.54279
311821,108.9,90.65603
311841,101.93,90.74334
311861,94.942,90.80227
311881,87.949,90.83068
311901,80.951,90.82681
311921,73.954,90.78931
311941,66.961,90.71728
311961,59.977,90.61022
311981,53.004,90.46811
312001,46.049,90.2914
312021,39.113,90.080997
312041,32.2,89.83826
312061,25.314,89.56497
312081,18.456,89.26337
312101,11.63,88.936
312121,4.8368,88.5859
312141,358.08,88.2162
312161,351.36,87.8306
312181,344.67,87.4326
312201,338.02,87.0261
312221,331.4,86.6151
312241,324.82,86.2037
312261,318.28,85.7956
312281,311.76,85.395
312301,305.28,85.0055
312321,298.82,84.6306
312341,292.39,84.2739
312361,285.98,83.9384
312381,279.58,83.6268
312401,273.21,83.3417
312421,266.84,83.085
312441,260.48,82.8586
312461,254.13,82.6636
312481,247.77,82.5009
312501,241.41,82.3709
312521,235.05,82.2736
312541,228.67,82.2085
312561,222.27,82.1748
312581,215.86,82.1712
312601,209.42,82.196
312621,202.96,82.2473
312641,196.47,82.3226
312661,189.95,82.4194
312681,183.4,82.5347
312701,176.82,82.6655
312721,170.2,82.8085
312741,163.54,82.9602
312761,156.85,83.1173
312781,150.13,83.276
312801,143.37,83.4329
312821,136.58,83.5844
312841,129.75,83.7272
312861,122.9,83.8579
312881,116.02,83.9733
312901,109.11,84.0706
312921,102.18,84.147
312941,95.232,84.2
312961,88.27,84.2276
312981,81.298,84.2278
313001,74.319,84.1992
313021,67.338,84.1406
313041,60.359,84.0513
313061,53.387,83.931
313081,46.425,83.7795
313101,39.479,83.5975
313121,32.552,83.3857
313141,25.648,83.1454
313161,18.772,82.8781
313181,11.925,82.5859
313201,5.1121,82.271
313221,358.33,81.9361
313241,351.59,81.5841
313261,344.89,81.2181
313281,338.23,80.8415
313301,331.61,80.4579
313321,325.03,80.0707
313341,318.49,79.684
313361,311.99,79.301
313381,305.53,78.925
313401,299.1,78.56
313421,292.7,78.21
313441,286.33,77.877
313461,279.99,77.565
313481,273.67,77.276
313501,267.37,77.013
313521,261.08,76.776
313541,254.8,76.569
313561,248.53,76.392
313581,242.26,76.246
313601,235.99,76.131
313621,229.7,76.047
313641,223.41,75.994
313661,217.1,75.97
313681,210.77,75.975
313701,204.42,76.006
313721,198.03,76.062
313741,191.62,76.14
313761,185.18,76.237
313781,178.7,76.351
313801,172.19,76.478
313821,165.63,76.615
313841,159.04,76.76
313861,152.41,76.908
313881,145.75,77.055
313901,139.04,77.2
313921,132.29,77.338
313941,125.51,77.465
313961,118.7,77.58
313981,111.86,77.678
314001,104.98,77.758
314021,98.083,77.817
314041,91.161,77.852
314061,84.221,77.862
314081,77.266,77.845
314101,70.3,77.801
314121,63.329,77.728
314141,56.356,77.625
314161,49.386,77.493
314181,42.423,77.332
314201,35.473,77.143
314221,28.54,76.926
314241,21.629,76.683
314261,14.742,76.416
314281,7.8854,76.127
314301,1.0615,75.817
314321,354.27,75.49
314341,347.52,75.149
314361,340.82,74.796
314381,334.15,74.435
314401,327.53,74.069
314421,320.95,73.702
314441,314.42,73.337
314461,307.93,72.977
314481,301.49,72.626
314501,295.08,72.288
314521,288.71,71.965
314541,282.38,71.661
314561,276.07,71.377
314581,269.8,71.117
314601,263.54,70.883
314621,257.31,70.677
314641,251.09,70.499
314661,244.87,70.351
314681,238.66,70.233
314701,232.45,70.146
314721,226.24,70.089
314741,220.01,70.061
314761,213.77,70.062
314781,207.5,70.089
314801,201.22,70.141
314821,194.9,70.215
314841,188.55,70.31
314861,182.17,70.421
314881,175.75,70.547
314901,169.3,70.684
314921,162.8,70.828
314941,156.26,70.976
314961,149.68,71.126
314981,143.06,71.272
315001,136.4,71.412
315021,129.7,71.543
315041,122.96,71.662
315061,116.18,71.764
315081,109.37,71.849
315101,102.52,71.912
315121,95.647,71.953
315141,88.746,71.968
315161,81.824,71.956
315181,74.882,71.917
315201,67.927,71.848
315221,60.961,71.75
315241,53.99,71.622
315261,47.018,71.465
315281,40.051,71.278
315301,33.092,71.064
315321,26.147,70.823
315341,19.22,70.556
315361,12.316,70.267
315381,5.4394,69.956
315401,358.59,69.627
315421,351.78,69.283
315441,345.01,68.926
315461,338.28,68.56
315481,331.6,68.189
315501,324.96,67.814
315521,318.37,67.441
315541,311.82,67.072
315561,305.33,66.712
315581,298.88,66.362
315601,292.47,66.028
315621,286.11,65.711
315641,279.79,65.416
315661,273.51,65.143
315681,267.26,64.896
315701,261.04,64.676
315721,254.84,64.486
315741,248.67,64.325
315761,242.5,64.196
315781,236.34,64.097
315801,230.19,64.029
315821,224.03,63.992
315841,217.86,63.983
315861,211.68,64.003
315881,205.48,64.048
315901,199.26,64.117
315921,193,64.208
315941,186.72,64.316
315961,180.4,64.44
315981,174.04,64.575
316001,167.65,64.719
316021,161.21,64.868
316041,154.73,65.018
316061,148.2,65.166
316081,141.63,65.308
316101,135.02,65.441
316121,128.36,65.561
316141,121.67,65.664
316161,114.93,65.749
316181,108.16,65.813
316201,101.35,65.852
316221,94.507,65.864
316241,87.637,65.849
316261,80.741,65.803
316281,73.824,65.727
316301,66.888,65.62
316321,59.939,65.48
316341,52.981,65.308
316361,46.018,65.105
316381,39.055,64.872
316401,32.098,64.609
316421,25.15,64.318
316441,18.216,64.001
316461,11.302,63.661
316481,4.4116,63.3
316501,357.55,62.922
316521,350.72,62.528
316541,343.93,62.124
316561,337.18,61.711
316581,330.47,61.295
316601,323.82,60.879
316621,317.21,60.466
316641,310.65,60.061
316661,304.14,59.668
316681,297.69,59.29
316701,291.28,58.93
316721,284.93,58.593
316741,278.62,58.28
316761,272.36,57.995
316781,266.14,57.739
316801,259.96,57.515
316821,253.8,57.324
316841,247.68,57.168
316861,241.57,57.045
316881,235.48,56.957
316901,229.39,56.903
316921,223.3,56.882
316941,217.21,56.892
316961,211.11,56.931
316981,204.99,56.997
317001,198.85,57.088
317021,192.68,57.2
317041,186.48,57.329
317061,180.25,57.473
317081,173.97,57.628
317101,167.66,57.789
317121,161.3,57.953
317141,154.9,58.115
317161,148.45,58.273
317181,141.96,58.421
317201,135.43,58.556
317221,128.84,58.675
317241,122.22,58.774
317261,115.55,58.85
317281,108.85,58.9
317301,102.1,58.921
317321,95.325,58.912
317341,88.517,58.871
317361,81.681,58.795
317381,74.82,58.684
317401,67.94,58.538
317421,61.043,58.355
317441,54.134,58.137
317461,47.217,57.883
317481,40.297,57.595
317501,33.379,57.275
317521,26.466,56.924
317541,19.565,56.544
317561,12.679,56.139
317581,5.8139,55.71
317601,358.97,55.263
317621,352.16,54.8
317641,345.39,54.325
317661,338.65,53.843
317681,331.96,53.358
317701,325.31,52.875
317721,318.71,52.397
317741,312.17,51.931
317761,305.68,51.48
317781,299.25,51.05
317801,292.87,50.643
317821,286.55,50.264
317841,280.29,49.917
317861,274.07,49.605
317881,267.91,49.331
317901,261.79,49.096
317921,255.71,48.903
317941,249.67,48.751
317961,243.65,48.643
317981,237.65,48.577
318001,231.67,48.552
318021,225.69,48.566
318041,219.71,48.619
318061,213.72,48.706
318081,207.71,48.825
318101,201.69,48.973
318121,195.63,49.145
318141,189.55,49.336
318161,183.42,49.544
318181,177.26,49.763
318201,171.06,49.988
318221,164.81,50.215
318241,158.51,50.439
318261,152.17,50.655
318281,145.78,50.86
318301,139.35,51.048
318321,132.87,51.217
318341,126.35,51.361
318361,119.78,51.478
318381,113.18,51.564
318401,106.54,51.618
318421,99.863,51.635
318441,93.16,51.615
318461,86.43,51.556
318481,79.677,51.456
318501,72.906,51.315
318521,66.12,51.133
318541,59.324,50.91
318561,52.521,50.646
318581,45.717,50.343
318601,38.915,50.002
318621,32.121,49.626
318641,25.338,49.217
318661,18.571,48.777
318681,11.825,48.311
318701,5.1042,47.822
318721,358.41,47.314
318741,351.76,46.792
318761,345.14,46.261
318781,338.56,45.726
318801,332.03,45.192
318821,325.55,44.665
318841,319.13,44.151
318861,312.75,43.656
318881,306.44,43.185
318901,300.18,42.743
318921,293.98,42.336
318941,287.83,41.969
318961,281.74,41.646
318981,275.7,41.371
319001,269.7,41.147
319021,263.74,40.976
319041,257.82,40.86
319061,251.92,40.798
319081,246.04,40.792
319101,240.17,40.838
319121,234.3,40.936
319141,228.42,41.083
319161,222.52,41.274
319181,216.61,41.505
319201,210.66,41.772
319221,204.68,42.07
319241,198.66,42.393
319261,192.6,42.735
319281,186.49,43.091
319301,180.34,43.454
319321,174.14,43.82
319341,167.89,44.183
319361,161.59,44.537
319381,155.25,44.877
319401,148.86,45.198
319421,142.43,45.497
319441,135.96,45.768
319461,129.45,46.008
319481,122.91,46.215
319501,116.34,46.383
319521,109.75,46.512
319541,103.13,46.6
319561,96.495,46.644
319581,89.846,46.643
319601,83.188,46.598
319621,76.526,46.507
319641,69.864,46.371
319661,63.207,46.191
319681,56.558,45.968
319701,49.922,45.703
319721,43.304,45.4
319741,36.709,45.06
319761,30.139,44.687
319781,23.599,44.284
319801,17.094,43.856
319821,10.626,43.406
319841,4.1989,42.94
319861,357.82,42.462
319881,351.48,41.979
319901,345.19,41.496
319921,338.95,41.02
319941,332.76,40.555
319961,326.63,40.11
319981,320.54,39.689
320001,314.5,39.3
320021,308.5,38.947
320041,302.55,38.638
320061,296.63,38.376
320081,290.74,38.167
320101,284.88,38.013
320121,279.02,37.918
320141,273.18,37.884
320161,267.33,37.911
320181,261.48,37.999
320201,255.6,38.147
320221,249.7,38.352
320241,243.77,38.612
320261,237.79,38.922
320281,231.78,39.276
320301,225.71,39.671
320321,219.6,40.1
320341,213.43,40.558
320361,207.22,41.036
320381,200.95,41.531
320401,194.63,42.035
320421,188.26,42.541
320441,181.84,43.045
320461,175.38,43.541
320481,168.88,44.022
320501,162.35,44.485
320521,155.78,44.925
320541,149.18,45.336
320561,142.55,45.717
320581,135.91,46.062
320601,129.24,46.37
320621,122.57,46.639
320641,115.89,46.865
320661,109.2,47.048
320681,102.51,47.187
320701,95.835,47.281
320721,89.165,47.331
320741,82.509,47.336
320761,75.871,47.298
320781,69.256,47.218
320801,62.667,47.097
320821,56.109,46.94
320841,49.584,46.747
320861,43.096,46.522
320881,36.647,46.268
320901,30.242,45.991
320921,23.88,45.693
320941,17.565,45.379
320961,11.297,45.054
320981,5.0773,44.724
321001,358.9,44.393
321021,352.78,44.067
321041,346.7,43.752
321061,340.66,43.453
321081,334.66,43.175
321101,328.69,42.924
321121,322.75,42.705
321141,316.84,42.522
321161,310.94,42.379
321181,305.05,42.282
321201,299.16,42.231
321221,293.26,42.231
321241,287.34,42.282
321261,281.4,42.385
321281,275.43,42.54
321301,269.42,42.747
321321,263.37,43.003
321341,257.26,43.306
321361,251.11,43.653
321381,244.9,44.04
321401,238.62,44.463
321421,232.3,44.917
321441,225.91,45.397
321461,219.47,45.897
321481,212.97,46.413
321501,206.43,46.938
321521,199.83,47.467
321541,193.19,47.994
321561,186.51,48.516
321581,179.8,49.026
321601,173.05,49.52
321621,166.28,49.994
321641,159.49,50.443
321661,152.67,50.866
321681,145.85,51.257
321701,139.02,51.615
321721,132.18,51.937
321741,125.34,52.221
321761,118.51,52.467
321781,111.69,52.673
321801,104.88,52.839
321821,98.095,52.965
321841,91.327,53.051
321861,84.585,53.098
321881,77.872,53.108
321901,71.192,53.083
321921,64.547,53.024
321941,57.94,52.934
321961,51.375,52.816
321981,44.852,52.673
322001,38.373,52.51
322021,31.941,52.328
322041,25.554,52.134
322061,19.215,51.93
322081,12.921,51.722
322101,6.6719,51.514
322121,0.46617,51.309
322141,354.3,51.113
322161,348.17,50.931
322181,342.08,50.766
322201,336.02,50.622
322221,329.98,50.504
322241,323.95,50.415
322261,317.94,50.357
322281,311.94,50.335
322301,305.93,50.349
322321,299.92,50.403
322341,293.89,50.496
322361,287.83,50.629
322381,281.75,50.803
322401,275.63,51.016
322421,269.47,51.268
322441,263.26,51.557
322461,257.01,51.88
322481,250.7,52.234
322501,244.34,52.617
322521,237.92,53.024
322541,231.45,53.452
322561,224.92,53.897
322581,218.34,54.354
322601,211.7,54.819
322621,205.02,55.287
322641,198.29,55.754
322661,191.53,56.216
322681,184.72,56.669
322701,177.88,57.108
322721,171.02,57.53
322741,164.13,57.931
322761,157.22,58.309
322781,150.3,58.659
322801,143.37,58.981
322821,136.44,59.272
322841,129.5,59.53
322861,122.57,59.754
322881,115.66,59.944
322901,108.75,60.099
322921,101.87,60.218
322941,95.002,60.303
322961,88.164,60.355
322981,81.355,60.374
323001,74.579,60.363
323021,67.839,60.323
323041,61.137,60.256
323061,54.475,60.167
323081,47.855,60.057
323101,41.279,59.929
323121,34.748,59.788
323141,28.262,59.636
323161,21.821,59.478
323181,15.425,59.317
323201,9.0723,59.158
323221,2.7613,59.004
323241,356.49,58.859
323261,350.26,58.726
323281,344.05,58.61
323301,337.88,58.513
323321,331.73,58.439
323341,325.61,58.39
323361,319.49,58.369
323381,313.39,58.378
323401,307.29,58.418
323421,301.18,58.491
323441,295.07,58.598
323461,288.94,58.737
323481,282.79,58.91
323501,276.61,59.116
323521,270.4,59.353
323541,264.15,59.619
323561,257.86,59.913
323581,251.52,60.232
323601,245.14,60.574
323621,238.71,60.934
323641,232.23,61.311
323661,225.69,61.7
323681,219.11,62.098
323701,212.48,62.501
323721,205.79,62.905
323741,199.07,63.307
323761,192.29,63.702
323781,185.48,64.088
323801,178.64,64.46
323821,171.76,64.816
323841,164.86,65.153
323861,157.93,65.467
323881,150.99,65.757
323901,144.03,66.021
323921,137.07,66.256
323941,130.1,66.461
323961,123.14,66.636
323981,116.18,66.78
324001,109.23,66.892
324021,102.3,66.973
324041,95.388,67.023
324061,88.499,67.044
324081,81.636,67.037
324101,74.804,67.003
324121,68.005,66.944
324141,61.243,66.864
324161,54.519,66.764
324181,47.835,66.647
324201,41.192,66.517
324221,34.593,66.376
324241,28.037,66.229
324261,21.525,66.078
324281,15.055,65.927
324301,8.6279,65.781
324321,2.2413,65.641
324341,355.89,65.513
324361,349.58,65.398
324381,343.3,65.301
324401,337.05,65.223
324421,330.83,65.169
324441,324.63,65.139
324461,318.44,65.137
324481,312.27,65.163
324501,306.11,65.219
324521,299.94,65.305
324541,293.77,65.422
324561,287.59,65.57
324581,281.4,65.748
324601,275.18,65.955
324621,268.94,66.19
324641,262.67,66.451
324661,256.36,66.736
324681,250.02,67.042
324701,243.64,67.367
324721,237.21,67.708
324741,230.74,68.061
324761,224.22,68.423
324781,217.65,68.791
324801,211.04,69.161
324821,204.38,69.53
324841,197.67,69.894
324861,190.92,70.25
324881,184.13,70.594
324901,177.31,70.925
324921,170.45,71.238
324941,163.56,71.531
324961,156.65,71.802
324981,149.71,72.048
325001,142.76,72.268
325021,135.8,72.461
325041,128.83,72.626
325061,121.85,72.761
325081,114.88,72.867
325101,107.92,72.943
325121,100.97,72.991
325141,94.036,73.01
325161,87.121,73.002
325181,80.23,72.969
325201,73.366,72.912
325221,66.533,72.834
325241,59.732,72.737
325261,52.968,72.623
325281,46.24,72.496
325301,39.552,72.359
325321,32.905,72.214
325341,26.298,72.066
325361,19.733,71.918
325381,13.209,71.773
325401,6.7244,71.634
325421,0.27925,71.506
325441,353.87,71.391
325461,347.5,71.291
325481,341.16,71.212
325501,334.85,71.153
325521,328.56,71.119
325541,322.3,71.112
325561,316.05,71.132
325581,309.82,71.181
325601,303.6,71.26
325621,297.38,71.37
325641,291.16,71.51
325661,284.93,71.68
325681,278.7,71.879
325701,272.44,72.107
325721,266.17,72.361
325741,259.87,72.64
325761,253.55,72.94
325781,247.19,73.26
325801,240.8,73.597
325821,234.37,73.947
325841,227.9,74.307
325861,221.38,74.675
325881,214.83,75.045
325901,208.23,75.415
325921,201.58,75.782
325941,194.9,76.141
325961,188.17,76.49
325981,181.4,76.825
326001,174.6,77.144
326021,167.76,77.444
326041,160.88,77.722
326061,153.99,77.976
326081,147.06,78.204
326101,140.12,78.405
326121,133.17,78.578
326141,126.2,78.722
326161,119.23,78.837
326181,112.25,78.922
326201,105.28,78.978
326221,98.317,79.005
326241,91.365,79.006
326261,84.43,78.98
326281,77.515,78.93
326301,70.623,78.859
326321,63.758,78.768
326341,56.922,78.66
326361,50.119,78.537
326381,43.349,78.404
326401,36.616,78.263
326421,29.92,78.117
326441,23.261,77.97
326461,16.641,77.825
326481,10.059,77.686
326501,3.5143,77.557
326521,357.01,77.439
326541,350.53,77.338
326561,344.09,77.255
326581,337.68,77.193
326601,331.3,77.155
326621,324.95,77.144
326641,318.61,77.16
326661,312.3,77.206
326681,305.99,77.282
326701,299.7,77.389
326721,293.41,77.528
326741,287.13,77.698
326761,280.84,77.899
326781,274.54,78.13
326801,268.23,78.389
326821,261.91,78.674
326841,255.56,78.984
326861,249.2,79.316
326881,242.8,79.666
326901,236.38,80.0325
326921,229.92,80.4114
326941,223.43,80.7993
326961,216.9,81.1925
326981,210.33,81.5873
327001,203.72,81.9801
327021,197.08,82.367
327041,190.39,82.7445
327061,183.67,83.1091
327081,176.9,83.4575
327101,170.11,83.7866
327121,163.27,84.0936
327141,156.41,84.3759
327161,149.51,84.6316
327181,142.6,84.8587
327201,135.66,85.0558
327221,128.7,85.2219
327241,121.73,85.3565
327261,114.75,85.4593
327281,107.77,85.5306
327301,100.78,85.5709
327321,93.8,85.5813
327341,86.827,85.5632
327361,79.866,85.5183
327381,72.921,85.4487
327401,65.996,85.3567
327421,59.093,85.2451
327441,52.215,85.1167
327461,45.366,84.9747
327481,38.547,84.8224
327501,31.759,84.6631
327521,25.005,84.5005
327541,18.286,84.338
327561,11.601,84.1794
327581,4.9502,84.0281
327601,358.33,83.8877
327621,351.75,83.7615
327641,345.2,83.6528
327661,338.68,83.5645
327681,332.19,83.4994
327701,325.72,83.46
327721,319.28,83.4484
327741,312.85,83.4666
327761,306.45,83.5159
327781,300.05,83.5974
327801,293.67,83.7119
327821,287.29,83.8593
327841,280.92,84.0397
327861,274.54,84.2523
327881,268.16,84.496
327901,261.77,84.7694
327921,255.36,85.0706
327941,248.94,85.3972
327961,242.5,85.7466
327981,236.03,86.1158
328001,229.54,86.5015
328021,223.03,86.9003
328041,216.48,87.3085
328061,209.9,87.722
328081,203.29,88.1369
328101,196.64,88.5492
328121,189.96,88.9548
328141,183.24,89.34967
328161,176.49,89.73001
328181,169.7,90.092084
328201,162.88,90.43243
328221,156.03,90.74784
328241,149.15,91.0355
328261,142.24,91.2928
328281,135.31,91.5178
328301,128.36,91.7088
328321,121.39,91.8646
328341,114.4,91.9845
328361,107.41,92.0683
328381,100.41,92.1163
328401,93.407,92.129
328421,86.406,92.1078
328441,79.41,92.0542
328461,72.425,91.9702
328481,65.452,91.8582
328501,58.496,91.7209
328521,51.559,91.5612
328541,44.645,91.3825
328561,37.756,91.1882
328581,30.893,90.98194
328601,24.06,90.7675
328621,17.256,90.54873
328641,10.483,90.3295
328661,3.7406,90.11368
328681,357.03,89.905083
328701,350.35,89.70743
328721,343.7,89.5243
328741,337.08,89.35907
328761,330.48,89.21493
328781,323.92,89.09479
328801,317.37,89.00126
328821,310.85,88.9366
328841,304.34,88.9028
328861,297.84,88.9014
328881,291.36,88.9336
328901,284.89,89
328921,278.42,89.10102
328941,271.95,89.2365
328961,265.48,89.40587
328981,259.01,89.60813
329001,252.52,89.84186
329021,246.02,90.10522
329041,239.51,90.39596
329061,232.98,90.71148
329081,226.43,91.0488
329101,219.85,91.4047
329121,213.25,91.7757
329141,206.62,92.1578
329161,199.96,92.5472
329181,193.27,92.9397
329201,186.56,93.3311
329221,179.81,93.7171
329241,173.03,94.0934
329261,166.22,94.4558
329281,159.38,94.8002
329301,152.51,95.1228
329321,145.62,95.4199
329341,138.7,95.6881
329361,131.75,95.9245
329381,124.79,96.1264
329401,117.81,96.2916
329421,110.82,96.4186
329441,103.82,96.5062
329461,96.808,96.5538
329481,89.795,96.5613
329501,82.783,96.5292
329521,75.774,96.4584
329541,68.773,96.3506
329561,61.783,96.2077
329581,54.808,96.0321
329601,47.849,95.8266
329621,40.911,95.5945
329641,33.995,95.3392
329661,27.104,95.0645
329681,20.239,94.7743
329701,13.402,94.4726
329721,6.5934,94.1637
329741,359.81,93.8517
329761,353.06,93.5408
329781,346.34,93.2351
329801,339.65,92.9387
329821,332.99,92.6554
329841,326.35,92.3887
329861,319.74,92.1423
329881,313.14,91.9191
329901,306.57,91.722
329921,300.02,91.5535
329941,293.48,91.4158
329961,286.96,91.3105
329981,280.44,91.239
330001,273.93,91.2022
330021,267.42,91.2006
330041,260.9,91.2341
330061,254.39,91.3025
330081,247.86,91.4048
330101,241.33,91.5398
330121,234.78,91.7059
330141,228.21,91.9009
330161,221.62,92.1224
330181,215.01,92.3677
330201,208.38,92.6337
330221,201.72,92.9169
330241,195.03,93.2138
330261,188.32,93.5205
330281,181.58,93.8331
330301,174.8,94.1474
330321,168,94.4593
330341,161.17,94.7645
330361,154.31,95.0589
330381,147.42,95.3385
330401,140.51,95.5991
330421,133.58,95.8371
330441,126.62,96.0489
330461,119.65,96.2312
330481,112.66,96.3813
330501,105.66,96.4965
330521,98.658,96.5749
330541,91.646,96.6148
330561,84.633,96.6151
330581,77.623,96.5754
330601,70.619,96.4955
330621,63.625,96.3761
330641,56.643,96.2181
330661,49.678,96.0233
330681,42.732,95.7935
330701,35.809,95.5315
330721,28.909,95.2401
330741,22.036,94.9226
330761,15.191,94.5827
330781,8.3748,94.2242
330801,1.5891,93.8512
330821,354.83,93.4679
330841,348.11,93.0786
330861,341.42,92.6875
330881,334.75,92.2989
330901,328.12,91.9169
330921,321.51,91.5456
330941,314.93,91.1887
330961,308.37,90.84995
330981,301.84,90.53253
331001,295.32,90.23951
331021,288.82,89.973528
331041,282.33,89.7369
331061,275.85,89.53151
331081,269.38,89.35888
331101,262.91,89.22006
331121,256.44,89.1157
331141,249.97,89.04599
331161,243.49,89.01069
331181,236.99,89.00914
331201,230.49,89.04024
331221,223.97,89.10252
331241,217.42,89.19407
331261,210.86,89.31268
331281,204.27,89.45577
331301,197.65,89.62046
331321,191,89.80363
331341,184.33,90.0019136
331361,177.62,90.21175
331381,170.89,90.42943
331401,164.12,90.65115
331421,157.32,90.87304
331441,150.49,91.0912
331461,143.63,91.3018
331481,136.75,91.501
331501,129.84,91.6851
331521,122.91,91.8507
331541,115.95,91.9944
331561,108.99,92.1132
331581,102,92.2043
331601,95.008,92.2652
331621,88.009,92.294
331641,81.007,92.2889
331661,74.006,92.2486
331681,67.011,92.1725
331701,60.026,92.0601
331721,53.054,91.9116
331741,46.099,91.7277
331761,39.164,91.5095
331781,32.253,91.2585
331801,25.368,90.97681
331821,18.513,90.6668
331841,11.688,90.33132
331861,4.8959,89.973508
331881,358.14,89.59682
331901,351.41,89.20493
331921,344.73,88.8017
331941,338.07,88.3911
331961,331.45,87.9773
331981,324.87,87.5642
332001,318.31,87.1559
332021,311.79,86.7564
332041,305.3,86.3693
332061,298.83,85.9983
332081,292.38,85.6466
332101,285.95,85.3173
332121,279.54,85.0132
332141,273.15,84.7365
332161,266.76,84.4893
332181,260.38,84.273
332201,254.01,84.089
332221,247.63,83.9378
332241,241.24,83.8197
332261,234.85,83.7347
332281,228.44,83.6821
332301,222.02,83.6609
332321,215.58,83.6698
332341,209.11,83.7069
332361,202.63,83.7702
332381,196.11,83.8572
332401,189.56,83.9652
332421,182.98,84.0912
332441,176.37,84.2321
332461,169.72,84.3844
332481,163.04,84.5447
332501,156.33,84.7095
332521,149.58,84.8751
332541,142.79,85.0379
332561,135.98,85.1945
332581,129.13,85.3412
332601,122.26,85.4749
332621,115.36,85.5923
332641,108.44,85.6904
332661,101.5,85.7666
332681,94.539,85.8184
332701,87.568,85.8437
332721,80.588,85.8406
332741,73.604,85.8077
332761,66.62,85.7439
332781,59.64,85.6485
332801,52.669,85.5213
332821,45.71,85.3622
332841,38.768,85.1719
332861,31.847,84.9514
332881,24.951,84.7018
332901,18.082,84.4251
332921,11.245,84.1233
332941,4.4414,83.7988
332961,357.67,83.4544
332981,350.94,83.0931
333001,344.25,82.7183
333021,337.6,82.3334
333041,330.99,81.942
333061,324.41,81.5478
333081,317.88,81.1546
333101,311.38,80.766
333121,304.92,80.3859
333141,298.49,80.0177
333161,292.09,79.665
333181,285.71,79.33
333201,279.36,79.017
333221,273.03,78.728
333241,266.72,78.465
333261,260.42,78.23
333281,254.13,78.025
333301,247.84,77.85
333321,241.55,77.707
333341,235.25,77.595
333361,228.95,77.514
333381,222.63,77.465
333401,216.3,77.445
333421,209.94,77.453
333441,203.56,77.488
333461,197.16,77.547
333481,190.72,77.627
333501,184.25,77.728
333521,177.74,77.844
333541,171.2,77.973
333561,164.62,78.113
333581,158.01,78.258
333601,151.35,78.407
333621,144.66,78.555
333641,137.93,78.699
333661,131.17,78.836
333681,124.37,78.963
333701,117.53,79.076
333721,110.67,79.172
333741,103.78,79.25
333761,96.871,79.305
333781,89.938,79.337
333801,82.989,79.344
333821,76.027,79.323
333841,69.057,79.274
333861,62.083,79.196
333881,55.11,79.089
333901,48.142,78.952
333921,41.184,78.786
333941,34.241,78.591
333961,27.316,78.369
333981,20.414,78.121
334001,13.54,77.848
334021,6.6963,77.554
334041,359.89,77.239
334061,353.11,76.908
334081,346.38,76.562
334101,339.69,76.205
334121,333.04,75.84
334141,326.43,75.471
334161,319.87,75.1
334181,313.35,74.733
334201,306.87,74.371
334221,300.44,74.019
334241,294.04,73.68
334261,287.67,73.357
334281,281.34,73.053
334301,275.04,72.77
334321,268.76,72.511
334341,262.5,72.279
334361,256.26,72.074
334381,250.03,71.898
334401,243.81,71.753
334421,237.59,71.638
334441,231.36,71.553
334461,225.13,71.498
334481,218.88,71.473
334501,212.62,71.476
334521,206.33,71.505
334541,200.02,71.559
334561,193.68,71.635
334581,187.31,71.731
334601,180.91,71.844
334621,174.46,71.97
334641,167.98,72.107
334661,161.46,72.252
334681,154.9,72.4
334701,148.3,72.549
334721,141.65,72.695
334741,134.97,72.834
334761,128.24,72.964
334781,121.48,73.081
334801,114.69,73.182
334821,107.86,73.265
334841,100.99,73.327
334861,94.106,73.366
334881,87.194,73.379
334901,80.261,73.366
334921,73.312,73.325
334941,66.35,73.255
334961,59.381,73.156
334981,52.409,73.027
335001,45.439,72.87
335021,38.475,72.683
335041,31.522,72.469
335061,24.584,72.228
335081,17.667,71.963
335101,10.776,71.675
335121,3.9127,71.367
335141,357.08,71.04
335161,350.29,70.699
335181,343.54,70.346
335201,336.83,69.984
335221,330.16,69.616
335241,323.54,69.247
335261,316.96,68.879
335281,310.44,68.516
335301,303.96,68.161
335321,297.52,67.818
335341,291.13,67.49
335361,284.78,67.18
335381,278.47,66.891
335401,272.19,66.625
335421,265.95,66.384
335441,259.73,66.171
335461,253.53,65.987
335481,247.34,65.832
335501,241.17,65.709
335521,235,65.616
335541,228.83,65.553
335561,222.65,65.52
335581,216.47,65.516
335601,210.26,65.539
335621,204.04,65.588
335641,197.79,65.66
335661,191.52,65.752
335681,185.2,65.862
335701,178.86,65.987
335721,172.47,66.123
335741,166.05,66.267
335761,159.58,66.416
335781,153.08,66.566
335801,146.52,66.713
335821,139.93,66.854
335841,133.29,66.985
335861,126.61,67.104
335881,119.89,67.206
335901,113.13,67.29
335921,106.33,67.352
335941,99.504,67.39
335961,92.644,67.402
335981,85.757,67.387
336001,78.846,67.342
336021,71.915,67.266
336041,64.969,67.16
336061,58.011,67.022
336081,51.046,66.854
336101,44.078,66.654
336121,37.114,66.425
336141,30.156,66.168
336161,23.21,65.883
336181,16.282,65.574
336201,9.375,65.242
336221,2.4944,64.89
336241,355.64,64.521
336261,348.83,64.139
336281,342.05,63.746
336301,335.32,63.346
336321,328.63,62.943
336341,321.99,62.54
336361,315.4,62.142
336381,308.86,61.751
336401,302.37,61.373
336421,295.93,61.009
336441,289.54,60.664
336461,283.19,60.34
336481,276.9,60.041
336501,270.64,59.769
336521,264.42,59.526
336541,258.24,59.313
336561,252.08,59.133
336581,245.94,58.985
336601,239.82,58.871
336621,233.71,58.79
336641,227.61,58.742
336661,221.5,58.725
336681,215.39,58.738
336701,209.26,58.779
336721,203.11,58.846
336741,196.94,58.936
336761,190.74,59.046
336781,184.51,59.173
336801,178.24,59.314
336821,171.93,59.463
336841,165.58,59.619
336861,159.19,59.777
336881,152.75,59.933
336901,146.27,60.083
336921,139.74,60.224
336941,133.17,60.351
336961,126.55,60.463
336981,119.9,60.554
337001,113.2,60.622
337021,106.46,60.665
337041,99.687,60.68
337061,92.881,60.665
337081,86.045,60.617
337101,79.183,60.537
337121,72.298,60.422
337141,65.394,60.273
337161,58.476,60.089
337181,51.547,59.87
337201,44.613,59.618
337221,37.677,59.332
337241,30.745,59.016
337261,23.821,58.67
337281,16.91,58.297
337301,10.017,57.901
337321,3.1466,57.483
337341,356.3,57.047
337361,349.49,56.597
337381,342.72,56.137
337401,335.98,55.671
337421,329.29,55.204
337441,322.65,54.739
337461,316.06,54.281
337481,309.52,53.834
337501,303.04,53.403
337521,296.61,52.992
337541,290.24,52.605
337561,283.92,52.245
337581,277.66,51.917
337601,271.44,51.621
337621,265.28,51.362
337641,259.15,51.14
337661,253.06,50.958
337681,247,50.816
337701,240.96,50.714
337721,234.94,50.651
337741,228.93,50.627
337761,222.92,50.64
337781,216.91,50.688
337801,210.89,50.769
337821,204.85,50.878
337841,198.78,51.014
337861,192.69,51.172
337881,186.57,51.347
337901,180.41,51.537
337921,174.21,51.736
337941,167.96,51.94
337961,161.67,52.145
337981,155.34,52.345
338001,148.96,52.538
338021,142.53,52.717
338041,136.06,52.881
338061,129.54,53.023
338081,122.98,53.142
338101,116.38,53.234
338121,109.73,53.295
338141,103.06,53.324
338161,96.348,53.317
338181,89.608,53.274
338201,82.842,53.192
338221,76.053,53.071
338241,69.246,52.91
338261,62.425,52.709
338281,55.593,52.468
338301,48.754,52.188
338321,41.915,51.871
338341,35.078,51.518
338361,28.248,51.131
338381,21.431,50.713
338401,14.63,50.268
338421,7.8509,49.797
338441,1.0973,49.306
338461,354.37,48.798
338481,347.69,48.278
338501,341.04,47.751
338521,334.43,47.222
338541,327.87,46.696
338561,321.37,46.179
338581,314.91,45.676
338601,308.51,45.192
338621,302.17,44.733
338641,295.89,44.304
338661,289.67,43.91
338681,283.5,43.556
338701,277.38,43.244
338721,271.32,42.979
338741,265.3,42.762
338761,259.32,42.597
338781,253.37,42.483
338801,247.45,42.421
338821,241.55,42.41
338841,235.66,42.449
338861,229.77,42.536
338881,223.87,42.668
338901,217.95,42.84
338921,212.02,43.05
338941,206.06,43.292
338961,200.06,43.562
338981,194.03,43.853
339001,187.96,44.162
339021,181.84,44.482
339041,175.68,44.808
339061,169.47,45.134
339081,163.21,45.456
339101,156.9,45.768
339121,150.55,46.065
339141,144.15,46.342
339161,137.71,46.596
339181,131.23,46.822
339201,124.71,47.016
339221,118.16,47.177
339241,111.57,47.3
339261,104.96,47.383
339281,98.325,47.425
339301,91.671,47.424
339321,85.001,47.379
339341,78.321,47.289
339361,71.634,47.154
339381,64.946,46.976
339401,58.259,46.754
339421,51.58,46.49
339441,44.912,46.186
339461,38.259,45.843
339481,31.626,45.466
339501,25.018,45.057
339521,18.439,44.62
339541,11.891,44.158
339561,5.3805,43.677
339581,358.91,43.181
339601,352.48,42.676
339621,346.1,42.167
339641,339.77,41.661
339661,333.48,41.162
339681,327.25,40.678
339701,321.07,40.215
339721,314.95,39.779
339741,308.87,39.376
339761,302.84,39.012
339781,296.86,38.692
339801,290.91,38.422
339821,285.01,38.206
339841,279.12,38.046
339861,273.26,37.946
339881,267.42,37.906
339901,261.57,37.928
339921,255.72,38.011
339941,249.86,38.152
339961,243.98,38.35
339981,238.07,38.601
340001,232.12,38.901
340021,226.14,39.244
340041,220.11,39.625
340061,214.04,40.038
340081,207.91,40.478
340101,201.74,40.937
340121,195.51,41.409
340141,189.24,41.889
340161,182.91,42.369
340181,176.54,42.845
340201,170.13,43.311
340221,163.67,43.761
340241,157.17,44.19
340261,150.64,44.595
340281,144.08,44.97
340301,137.49,45.313
340321,130.88,45.62
340341,124.25,45.888
340361,117.61,46.115
340381,110.95,46.299
340401,104.29,46.44
340421,97.633,46.535
340441,90.976,46.585
340461,84.326,46.59
340481,77.689,46.55
340501,71.068,46.466
340521,64.468,46.34
340541,57.893,46.174
340561,51.347,45.97
340581,44.833,45.732
340601,38.355,45.462
340621,31.916,45.163
340641,25.519,44.841
340661,19.166,44.5
340681,12.859,44.144
340701,6.5997,43.778
340721,0.38821,43.409
340741,354.22,43.04
340761,348.11,42.678
340781,342.04,42.329
340801,336.01,41.999
340821,330.02,41.693
340841,324.07,41.416
340861,318.15,41.175
340881,312.25,40.973
340901,306.37,40.816
340921,300.5,40.707
340941,294.63,40.648
340961,288.75,40.644
340981,282.86,40.693
341001,276.94,40.799
341021,270.99,40.959
341041,265,41.173
341061,258.97,41.438
341081,252.89,41.752
341101,246.76,42.112
341121,240.57,42.511
341141,234.33,42.947
341161,228.02,43.413
341181,221.66,43.905
341201,215.25,44.416
341221,208.78,44.941
341241,202.26,45.473
341261,195.7,46.008
341281,189.09,46.54
341301,182.44,47.063
341321,175.76,47.573
341341,169.05,48.065
341361,162.31,48.534
341381,155.55,48.978
341401,148.77,49.391
341421,141.98,49.772
341441,135.19,50.117
341461,128.38,50.425
341481,121.58,50.694
341501,114.79,50.922
341521,108,51.109
341541,101.23,51.254
341561,94.479,51.358
341581,87.747,51.422
341601,81.042,51.446
341621,74.365,51.431
341641,67.721,51.381
341661,61.113,51.296
341681,54.543,51.181
341701,48.015,51.037
341721,41.529,50.869
341741,35.089,50.68
341761,28.694,50.474
341781,22.346,50.255
341801,16.045,50.027
341821,9.7902,49.796
341841,3.5803,49.566
341861,357.41,49.342
341881,351.29,49.128
341901,345.2,48.929
341921,339.14,48.749
341941,333.11,48.593
341961,327.11,48.465
341981,321.12,48.368
342001,315.14,48.306
342021,309.16,48.281
342041,303.18,48.297
342061,297.19,48.353
342081,291.18,48.452
342101,285.14,48.594
342121,279.07,48.779
342141,272.96,49.005
342161,266.81,49.272
342181,260.6,49.577
342201,254.35,49.918
342221,248.04,50.291
342241,241.67,50.694
342261,235.25,51.121
342281,228.77,51.569
342301,222.24,52.034
342321,215.65,52.51
342341,209.01,52.993
342361,202.32,53.479
342381,195.6,53.962
342401,188.83,54.439
342421,182.02,54.905
342441,175.19,55.356
342461,168.33,55.789
342481,161.45,56.198
342501,154.55,56.583
342521,147.64,56.939
342541,140.72,57.265
342561,133.81,57.558
342581,126.89,57.817
342601,119.98,58.041
342621,113.08,58.229
342641,106.2,58.38
342661,99.342,58.496
342681,92.503,58.576
342701,85.693,58.622
342721,78.912,58.634
342741,72.166,58.616
342761,65.457,58.568
342781,58.786,58.494
342801,52.157,58.397
342821,45.571,58.278
342841,39.029,58.143
342861,32.532,57.994
342881,26.081,57.835
342901,19.676,57.669
342921,13.315,57.502
342941,6.9974,57.337
342961,0.72121,57.178
342981,354.48,57.028
343001,348.28,56.892
343021,342.11,56.774
343041,335.97,56.676
343061,329.85,56.602
343081,323.75,56.555
343101,317.66,56.537
343121,311.58,56.55
343141,305.5,56.596
343161,299.41,56.675
343181,293.31,56.79
343201,287.19,56.939
343221,281.04,57.122
343241,274.86,57.339
343261,268.65,57.588
343281,262.4,57.867
343301,256.1,58.175
343321,249.76,58.508
343341,243.36,58.864
343361,236.91,59.239
343381,230.42,59.631
343401,223.86,60.034
343421,217.26,60.446
343441,210.61,60.863
343461,203.91,61.281
343481,197.17,61.695
343501,190.38,62.102
343521,183.56,62.499
343541,176.7,62.881
343561,169.81,63.246
343581,162.9,63.591
343601,155.97,63.913
343621,149.03,64.209
343641,142.07,64.478
343661,135.11,64.717
343681,128.15,64.926
343701,121.19,65.104
343721,114.24,65.249
343741,107.3,65.363
343761,100.38,65.444
343781,93.485,65.495
343801,86.612,65.515
343821,79.768,65.507
343841,72.956,65.472
343861,66.179,65.412
343881,59.439,65.33
343901,52.739,65.228
343921,46.08,65.109
343941,39.464,64.977
343961,32.891,64.835
343981,26.362,64.687
344001,19.877,64.535
344021,13.436,64.384
344041,7.0361,64.237
344061,0.67697,64.097
344081,354.36,63.969
344101,348.07,63.856
344121,341.82,63.76
344141,335.59,63.685
344161,329.39,63.634
344181,323.21,63.608
344201,317.05,63.609
344221,310.89,63.639
344241,304.74,63.7
344261,298.59,63.792
344281,292.42,63.914
344301,286.25,64.068
344321,280.06,64.252
344341,273.85,64.466
344361,267.6,64.707
344381,261.33,64.975
344401,255.02,65.266
344421,248.66,65.579
344441,242.27,65.91
344461,235.82,66.257
344481,229.33,66.616
344501,222.8,66.984
344521,216.21,67.357
344541,209.58,67.733
344561,202.9,68.106
344581,196.18,68.474
344601,189.41,68.834
344621,182.6,69.182
344641,175.76,69.514
344661,168.89,69.83
344681,161.99,70.124
344701,155.06,70.396
344721,148.12,70.643
344741,141.16,70.864
344761,134.2,71.057
344781,127.23,71.221
344801,120.25,71.355
344821,113.29,71.46
344841,106.33,71.535
344861,99.388,71.58
344881,92.463,71.598
344901,85.56,71.588
344921,78.683,71.553
344941,71.834,71.494
344961,65.018,71.414
344981,58.236,71.315
345001,51.492,71.199
345021,44.786,71.071
345041,38.12,70.932
345061,31.495,70.787
345081,24.913,70.638
345101,18.372,70.489
345121,11.872,70.343
345141,5.413,70.205
345161,358.99,70.077
345181,352.61,69.962
345201,346.26,69.864
345221,339.94,69.785
345241,333.66,69.729
345261,327.39,69.697
345281,321.15,69.691
345301,314.92,69.713
345321,308.71,69.764
345341,302.5,69.846
345361,296.3,69.957
345381,290.09,70.1
345401,283.87,70.272
345421,277.64,70.473
345441,271.39,70.702
345461,265.12,70.957
345481,258.83,71.236
345501,252.5,71.537
345521,246.13,71.857
345541,239.73,72.193
345561,233.29,72.541
345581,226.81,72.9
345601,220.29,73.265
345621,213.72,73.632
345641,207.1,73.999
345661,200.44,74.362
345681,193.74,74.718
345701,186.99,75.062
345721,180.21,75.393
345741,173.39,75.707
345761,166.54,76.001
345781,159.66,76.274
345801,152.75,76.522
345821,145.82,76.745
345841,138.87,76.941
345861,131.91,77.109
345881,124.94,77.248
345901,117.96,77.357
345921,110.99,77.438
345941,104.02,77.489
345961,97.067,77.513
345981,90.125,77.509
346001,83.201,77.48
346021,76.298,77.427
346041,69.421,77.353
346061,62.573,77.259
346081,55.756,77.149
346101,48.972,77.026
346121,42.225,76.891
346141,35.514,76.749
346161,28.841,76.604
346181,22.208,76.457
346201,15.613,76.313
346221,9.0571,76.176
346241,2.5393,76.048
346261,356.06,75.933
346281,349.61,75.833
346301,343.2,75.753
346321,336.82,75.694
346341,330.46,75.66
346361,324.13,75.651
346381,317.82,75.671
346401,311.53,75.72
346421,305.25,75.799
346441,298.97,75.909
346461,292.71,76.051
346481,286.44,76.223
346501,280.16,76.426
346521,273.88,76.657
346541,267.58,76.917
346561,261.27,77.202
346581,254.93,77.511
346601,248.57,77.841
346621,242.18,78.188
346641,235.76,78.551
346661,229.3,78.926
346681,222.8,79.308
346701,216.27,79.695
346721,209.69,80.0832
346741,203.08,80.4683
346761,196.43,80.847
346781,189.73,81.2158
346801,183,81.5712
346821,176.22,81.9102
346841,169.41,82.2298
346861,162.57,82.5273
346881,155.7,82.8003
346901,148.8,83.0468
346921,141.87,83.2651
346941,134.93,83.454
346961,127.97,83.6125
346981,121,83.7402
347001,114.02,83.8368
347021,107.04,83.9028
347041,100.06,83.9388
347061,93.083,83.9458
347081,86.119,83.9252
347101,79.17,83.8789
347121,72.238,83.8089
347141,65.327,83.7176
347161,58.441,83.6077
347181,51.583,83.482
347201,44.754,83.3438
347221,37.956,83.1961
347241,31.192,83.0425
347261,24.463,82.8865
347281,17.769,82.7315
347301,11.11,82.5811
347321,4.4871,82.4389
347341,357.9,82.3082
347361,351.34,82.1924
347381,344.82,82.0946
347401,338.33,82.0177
347421,331.87,81.9644
347441,325.43,81.937
347461,319.01,81.9377
347481,312.62,81.9682
347501,306.24,82.0297
347521,299.87,82.1233
347541,293.51,82.2495
347561,287.16,82.4083
347581,280.81,82.5994
347601,274.45,82.8221
347621,268.09,83.0752
347641,261.72,83.357
347661,255.33,83.6655
347681,248.92,83.9983
347701,242.5,84.3528
347721,236.04,84.7258
347741,229.57,85.1141
347761,223.06,85.5141
347781,216.52,85.922
347801,209.94,86.334
347821,203.33,86.7461
347841,196.69,87.1544
347861,190.01,87.5549
347881,183.29,87.9437
347901,176.54,88.3171
347921,169.75,88.6716
347941,162.93,89.00388
347961,156.08,89.31098
347981,149.19,89.59025
348001,142.29,89.83942
348021,135.35,90.056626
348041,128.4,90.24045
348061,121.43,90.38992
348081,114.45,90.50451
348101,107.45,90.58417
348121,100.46,90.6293
348141,93.457,90.64075
348161,86.462,90.61979
348181,79.474,90.56811
348201,72.497,90.48776
348221,65.534,90.38115
348241,58.589,90.251
348261,51.665,90.10031
348281,44.765,89.932325
348301,37.891,89.75048
348321,31.045,89.55836
348341,24.229,89.35968
348361,17.444,89.15821
348381,10.69,88.9578
348401,3.9683,88.7621
348421,357.28,88.575
348441,350.62,88.4
348461,343.99,88.2406
348481,337.39,88.1001
348501,330.82,87.9815
348521,324.28,87.8877
348541,317.75,87.821
348561,311.25,87.7837
348581,304.76,87.7776
348601,298.29,87.8039
348621,291.83,87.8639
348641,285.38,87.958
348661,278.93,88.0863
348681,272.48,88.2487
348701,266.03,88.4443
348721,259.58,88.672
348741,253.11,88.9303
348761,246.63,89.21713
348781,240.13,89.53012
348801,233.61,89.86655
348821,227.08,90.22335
348841,220.51,90.59715
348861,213.92,90.98431
348881,207.31,91.381
348901,200.66,91.7831
348921,193.98,92.1866
348941,187.27,92.5872
348961,180.53,92.9806
348981,173.76,93.3626
349001,166.96,93.7291
349021,160.12,94.0762
349041,153.26,94.4001
349061,146.37,94.6973
349081,139.45,94.9647
349101,132.51,95.1994
349121,125.55,95.3993
349141,118.58,95.5623
349161,111.59,95.6871
349181,104.58,95.7729
349201,97.576,95.8193
349221,90.564,95.8264
349241,83.553,95.7951
349261,76.546,95.7265
349281,69.546,95.6224
349301,62.558,95.4849
349321,55.584,95.3165
349341,48.628,95.1202
349361,41.692,94.8993
349381,34.779,94.6574
349401,27.891,94.398
349421,21.029,94.1253
349441,14.196,93.8432
349461,7.3908,93.5559
349481,0.61553,93.2674
349501,353.87,92.9819
349521,347.15,92.7034
349541,340.47,92.4358
349561,333.81,92.1829
349581,327.17,91.9481
349601,320.56,91.7347
349621,313.98,91.5458
349641,307.41,91.384
349661,300.86,91.2516
349681,294.33,91.1507
349701,287.8,91.0827
349721,281.29,91.0489
349741,274.78,91.05
349761,268.27,91.0862
349781,261.76,91.1576
349801,255.25,91.2634
349821,248.73,91.4026
349841,242.19,91.5739
349861,235.64,91.7754
349881,229.08,92.005
349901,222.49,92.2599
349921,215.88,92.5373
349941,209.25,92.8339
349961,202.59,93.1463
349981,195.91,93.4707
350001,189.19,93.8031
350021,182.45,94.1395
350041,175.67,94.4758
350061,168.87,94.8076
350081,162.04,95.1306
350101,155.18,95.4408
350121,148.29,95.734
350141,141.38,96.0063
350161,134.45,96.2539
350181,127.5,96.4734
350201,120.52,96.6617
350221,113.54,96.816
350241,106.54,96.9341
350261,99.529,97.014
350281,92.517,97.0543
350301,85.503,97.0544
350321,78.492,97.0138
350341,71.486,96.9329
350361,64.49,96.8124
350381,57.506,96.6538
350401,50.538,96.4588
350421,43.589,96.2298
350441,36.661,95.9695
350461,29.757,95.6812
350481,22.879,95.3682
350501,16.028,95.0344
350521,9.2059,94.6838
350541,2.4133,94.3205
350561,355.65,93.9487
350581,348.92,93.5727
350601,342.22,93.1969
350621,335.54,92.8254
350641,328.9,92.4624
350661,322.28,92.1117
350681,315.69,91.7771
350701,309.12,91.4622
350721,302.57,91.1701
350741,296.04,90.90358
350761,289.52,90.66532
350781,283.02,90.45741
350801,276.52,90.28161
350821,270.03,90.13925
350841,263.55,90.031248
350861,257.06,89.958069
350881,250.57,89.919753
350901,244.07,89.915899
350921,237.56,89.945677
350941,231.04,90.0078413
350961,224.5,90.10074
350981,217.93,90.22236
351001,211.35,90.37031
351021,204.74,90.54188
351041,198.11,90.73406
351061,191.44,90.9436
351081,184.75,91.167
351101,178.03,91.4006
351121,171.27,91.6406
351141,164.49,91.8831
351161,157.67,92.1241
351181,150.83,92.3597
351201,143.96,92.5859
351221,137.06,92.7988
351241,130.14,92.9948
351261,123.2,93.1704
351281,116.24,93.3221
351301,109.26,93.447
351321,102.27,93.5423
351341,95.271,93.6056
351361,88.266,93.6351
351381,81.26,93.629
351401,74.257,93.5864
351421,67.26,93.5065
351441,60.274,93.3893
351461,53.301,93.235
351481,46.346,93.0446
351501,39.411,92.8195
351521,32.5,92.5613
351541,25.616,92.2725
351561,18.76,91.9556
351581,11.934,91.6137
351601,5.1409,91.2502
351621,358.38,90.86869
351641,351.65,90.47303
351661,344.96,90.067235
351681,338.3,89.65539
351701,331.68,89.24165
351721,325.08,88.8301
351741,318.52,88.4249
351761,311.98,88.0298
351781,305.48,87.6487
351801,298.99,87.285
351821,292.53,86.942
351841,286.09,86.6227
351861,279.66,86.3297
351881,273.24,86.0651
351901,266.84,85.831
351921,260.44,85.6286
351941,254.03,85.4591
351961,247.63,85.323
351981,241.22,85.2205
352001,234.8,85.1512
352021,228.37,85.1145
352041,221.92,85.1093
352061,215.45,85.1339
352081,208.96,85.1866
352101,202.44,85.2651
352121,195.89,85.3668
352141,189.32,85.489
352161,182.71,85.6285
352181,176.07,85.7821
352201,169.4,85.9463
352221,162.7,86.1177
352241,155.96,86.2925
352261,149.18,86.4671
352281,142.38,86.6379
352301,135.54,86.8012
352321,128.68,86.9536
352341,121.79,87.0917
352361,114.87,87.2123
352381,107.93,87.3124
352401,100.98,87.3894
352421,94.01,87.4407
352441,87.031,87.4642
352461,80.045,87.4583
352481,73.056,87.4213
352501,66.069,87.3524
352521,59.089,87.2508
352541,52.118,87.1165
352561,45.162,86.9495
352581,38.224,86.7507
352601,31.309,86.521
352621,24.419,86.2619
352641,17.558,85.9753
352661,10.728,85.6635
352681,3.932,85.329
352701,357.17,84.9749
352721,350.45,84.6043
352741,343.76,84.2206
352761,337.12,83.8274
352781,330.51,83.4285
352801,323.94,83.0276
352821,317.41,82.6286
352841,310.91,82.2353
352861,304.44,81.8513
352881,298.01,81.4803
352901,291.6,81.1256
352921,285.22,80.7902
352941,278.86,80.4772
352961,272.52,80.189
352981,266.2,79.928
353001,259.88,79.695
353021,253.57,79.493
353041,247.26,79.322
353061,240.95,79.183
353081,234.63,79.076
353101,228.31,79
353121,221.96,78.955
353141,215.6,78.94
353161,209.22,78.953
353181,202.82,78.993
353201,196.38,79.056
353221,189.92,79.142
353241,183.42,79.246
353261,176.89,79.366
353281,170.32,79.498
353301,163.71,79.64
353321,157.07,79.788
353341,150.39,79.939
353361,143.68,80.0881
353381,136.92,80.233
353401,130.14,80.37
353421,123.32,80.496
353441,116.47,80.6078
353461,109.59,80.7026
353481,102.69,80.7776
353501,95.76,80.8305
353521,88.817,80.8591
353541,81.859,80.8617
353561,74.891,80.8367
353581,67.917,80.7831
353601,60.941,80.6999
353621,53.969,80.587
353641,47.003,80.4441
353661,40.05,80.2718
353681,33.113,80.0707
353701,26.197,79.842
353721,19.306,79.587
353741,12.443,79.308
353761,5.6124,79.007
353781,358.82,78.686
353801,352.06,78.348
353821,345.34,77.996
353841,338.66,77.633
353861,332.03,77.263
353881,325.43,76.889
353901,318.88,76.515
353921,312.37,76.143
353941,305.91,75.779
353961,299.48,75.424
353981,293.08,75.083
354001,286.72,74.759
354021,280.39,74.454
354041,274.09,74.171
354061,267.81,73.913
354081,261.54,73.681
354101,255.29,73.478
354121,249.05,73.304
354141,242.81,73.16
354161,236.58,73.047
354181,230.33,72.964
354201,224.08,72.912
354221,217.82,72.889
354241,211.53,72.894
354261,205.22,72.925
354281,198.89,72.981
354301,192.53,73.059
354321,186.13,73.156
354341,179.7,73.27
354361,173.23,73.397
354381,166.73,73.535
354401,160.18,73.679
354421,153.59,73.827
354441,146.97,73.976
354461,140.3,74.121
354481,133.59,74.259
354501,126.85,74.387
354521,120.07,74.503
354541,113.26,74.602
354561,106.41,74.683
354581,99.533,74.743
354601,92.632,74.779
354621,85.709,74.79
354641,78.767,74.775
354661,71.811,74.732
354681,64.845,74.66
354701,57.874,74.559
354721,50.902,74.428
354741,43.934,74.269
354761,36.974,74.081
354781,30.028,73.866
354801,23.1,73.624
354821,16.194,73.359
354841,9.3148,73.071
354861,2.4665,72.762
354881,355.65,72.437
354901,348.88,72.097
354921,342.14,71.745
354941,335.45,71.385
354961,328.8,71.02
354981,322.2,70.653
355001,315.64,70.288
355021,309.13,69.929
355041,302.67,69.578
355061,296.24,69.239
355081,289.86,68.915
355101,283.52,68.61
355121,277.22,68.326
355141,270.95,68.065
355161,264.7,67.83
355181,258.48,67.622
355201,252.27,67.443
355221,246.08,67.293
355241,239.9,67.175
355261,233.72,67.086
355281,227.53,67.028
355301,221.34,66.999
355321,215.13,66.999
355341,208.91,67.026
355361,202.66,67.077
355381,196.39,67.152
355401,190.09,67.246
355421,183.76,67.358
355441,177.38,67.484
355461,170.97,67.621
355481,164.52,67.766
355501,158.03,67.914
355521,151.49,68.064
355541,144.92,68.21
355561,138.3,68.351
355581,131.63,68.481
355601,124.93,68.599
355621,118.19,68.7
355641,111.41,68.783
355661,104.59,68.844
355681,97.744,68.882
355701,90.867,68.893
355721,83.965,68.877
355741,77.042,68.833
355761,70.1,68.758
355781,63.145,68.653
355801,56.18,68.517
355821,49.211,68.351
355841,42.242,68.155
355861,35.278,67.93
355881,28.323,67.677
355901,21.383,67.398
355921,14.462,67.095
355941,7.5646,66.77
355961,0.6958,66.426
355981,353.86,66.066
356001,347.06,65.693
356021,340.3,65.31
356041,333.58,64.921
356061,326.91,64.529
356081,320.29,64.138
356101,313.72,63.752
356121,307.19,63.374
356141,300.72,63.008
356161,294.3,62.657
356181,287.92,62.324
356201,281.59,62.013
356221,275.3,61.725
356241,269.05,61.464
356261,262.83,61.232
356281,256.64,61.03
356301,250.48,60.859
356321,244.34,60.72
356341,238.21,60.614
356361,232.08,60.54
356381,225.96,60.497
356401,219.83,60.485
356421,213.69,60.502
356441,207.54,60.545
356461,201.36,60.614
356481,195.16,60.705
356501,188.93,60.814
356521,182.67,60.94
356541,176.37,61.078
356561,170.02,61.225
356581,163.64,61.378
356601,157.22,61.532
356621,150.75,61.683
356641,144.23,61.829
356661,137.67,61.964
356681,131.07,62.087
356701,124.42,62.193
356721,117.73,62.279
356741,111,62.342
356761,104.24,62.38
356781,97.44,62.391
356801,90.608,62.372
356821,83.748,62.322
356841,76.864,62.239
356861,69.958,62.123
356881,63.035,61.974
356901,56.1,61.79
356921,49.156,61.573
356941,42.209,61.324
356961,35.262,61.043
356981,28.321,60.732
357001,21.391,60.393
357021,14.476,60.029
357041,7.5806,59.642
357061,0.71047,59.236
357081,353.87,58.813
357101,347.06,58.377
357121,340.3,57.933
357141,333.57,57.483
357161,326.89,57.033
357181,320.26,56.586
357201,313.68,56.147
357221,307.15,55.72
357241,300.68,55.308
357261,294.26,54.916
357281,287.89,54.548
357301,281.58,54.207
357321,275.32,53.895
357341,269.11,53.615
357361,262.93,53.37
357381,256.8,53.162
357401,250.7,52.99
357421,244.62,52.857
357441,238.57,52.761
357461,232.52,52.703
357481,226.49,52.681
357501,220.45,52.694
357521,214.41,52.739
357541,208.35,52.815
357561,202.28,52.918
357581,196.18,53.044
357601,190.05,53.191
357621,183.89,53.354
357641,177.69,53.53
357661,171.44,53.713
357681,165.16,53.9
357701,158.83,54.087
357721,152.46,54.269
357741,146.04,54.442
357761,139.57,54.602
357781,133.06,54.745
357801,126.5,54.868
357821,119.9,54.967
357841,113.26,55.038
357861,106.59,55.08
357881,99.873,55.089
357901,93.127,55.064
357921,86.352,55.003
357941,79.551,54.905
357961,72.728,54.768
357981,65.888,54.593
358001,59.033,54.379
358021,52.169,54.126
358041,45.299,53.837
358061,38.429,53.512
358081,31.562,53.152
358101,24.704,52.761
358121,17.858,52.341
358141,11.031,51.895
358161,4.2254,51.426
358181,357.45,50.938
358201,350.7,50.436
358221,343.99,49.924
358241,337.32,49.407
358261,330.7,48.889
358281,324.12,48.376
358301,317.59,47.874
358321,311.12,47.386
358341,304.71,46.918
358361,298.35,46.476
358381,292.06,46.064
358401,285.81,45.686
358421,279.63,45.346
358441,273.5,45.047
358461,267.42,44.794
358481,261.38,44.587
358501,255.38,44.428
358521,249.41,44.317
358541,243.46,44.256
358561,237.54,44.242
358581,231.62,44.275
358601,225.7,44.351
358621,219.78,44.469
358641,213.84,44.624
358661,207.88,44.813
358681,201.89,45.032
358701,195.87,45.274
358721,189.82,45.537
358741,183.72,45.814
358761,177.58,46.1
358781,171.39,46.39
358801,165.16,46.679
358821,158.88,46.962
358841,152.55,47.234
358861,146.18,47.49
358881,139.76,47.727
358901,133.3,47.939
358921,126.79,48.123
358941,120.25,48.275
358961,113.68,48.393
358981,107.07,48.474
359001,100.43,48.516
359021,93.77,48.517
359041,87.088,48.475
359061,80.389,48.39
359081,73.678,48.262
359101,66.959,48.089
359121,60.237,47.873
359141,53.515,47.615
359161,46.798,47.317
359181,40.091,46.979
359201,33.398,46.605
359221,26.724,46.198
359241,20.072,45.76
359261,13.447,45.296
359281,6.8543,44.81
359301,0.29641,44.306
359321,353.78,43.789
359341,347.3,43.265
359361,340.87,42.739
359381,334.49,42.217
359401,328.16,41.706
359421,321.88,41.211
359441,315.66,40.738
359461,309.49,40.295
359481,303.37,39.886
359501,297.31,39.517
359521,291.29,39.194
359541,285.32,38.92
359561,279.39,38.701
359581,273.49,38.538
359601,267.61,38.434
359621,261.75,38.39
359641,255.9,38.407
359661,250.06,38.482
359681,244.2,38.615
359701,238.33,38.802
359721,232.43,39.04
359741,226.51,39.323
359761,220.55,39.649
359781,214.55,40.009
359801,208.5,40.4
359821,202.41,40.814
359841,196.27,41.245
359861,190.08,41.688
359881,183.84,42.136
359901,177.55,42.584
359921,171.21,43.024
359941,164.83,43.453
359961,158.41,43.864
359981,151.95,44.254
360001,145.45,44.618
360021,138.91,44.951
360041,132.35,45.25
360061,125.77,45.513
360081,119.16,45.736
360101,112.54,45.917
360121,105.9,46.055
360141,99.255,46.149
360161,92.608,46.197
360181,85.962,46.199
360201,79.322,46.156
360221,72.692,46.068
360241,66.076,45.936
360261,59.479,45.762
360281,52.906,45.549
360301,46.359,45.298
360321,39.844,45.012
360341,33.363,44.695
360361,26.92,44.351
360381,20.518,43.984
360401,14.159,43.599
360421,7.8463,43.201
360441,1.5807,42.794
360461,355.36,42.384
360481,349.19,41.978
360501,343.07,41.581
360521,337,41.199
360541,330.97,40.838
360561,324.99,40.503
360581,319.04,40.202
360601,313.12,39.939
360621,307.23,39.719
360641,301.36,39.547
360661,295.5,39.426
360681,289.64,39.359
360701,283.78,39.349
360721,277.91,39.397
360741,272.01,39.503
360761,266.08,39.666
360781,260.12,39.885
360801,254.12,40.157
360821,248.07,40.478
360841,241.96,40.845
360861,235.81,41.253
360881,229.59,41.696
360901,223.33,42.169
360921,217,42.666
360941,210.62,43.182
360961,204.19,43.709
360981,197.72,44.243
361001,191.19,44.777
361021,184.62,45.305
361041,178.02,45.823
361061,171.37,46.326
361081,164.7,46.808
361101,158,47.266
361121,151.28,47.695
361141,144.55,48.093
361161,137.79,48.456
361181,131.04,48.782
361201,124.27,49.068
361221,117.51,49.314
361241,110.75,49.518
361261,104,49.679
361281,97.269,49.798
361301,90.552,49.874
361321,83.856,49.909
361341,77.185,49.903
361361,70.544,49.859
361381,63.935,49.778
361401,57.361,49.662
361421,50.827,49.515
361441,44.333,49.34
361461,37.883,49.141
361481,31.477,48.921
361501,25.118,48.685
361521,18.806,48.436
361541,12.541,48.18
361561,6.3218,47.922
361581,0.14832,47.666
361601,354.02,47.417
361621,347.93,47.181
361641,341.88,46.962
361661,335.85,46.764
361681,329.86,46.593
361701,323.89,46.452
361721,317.93,46.346
361741,311.99,46.277
361761,306.04,46.249
361781,300.08,46.264
361801,294.11,46.323
361821,288.12,46.428
361841,282.1,46.578
361861,276.05,46.773
361881,269.95,47.013
361901,263.8,47.295
361921,257.6,47.617
361941,251.35,47.976
361961,245.05,48.369
361981,238.68,48.791
362001,232.26,49.238
362021,225.78,49.706
362041,219.24,50.19
362061,212.66,50.685
362081,206.02,51.185
362101,199.34,51.687
362121,192.61,52.186
362141,185.85,52.676
362161,179.05,53.154
362181,172.23,53.614
362201,165.38,54.055
362221,158.51,54.471
362241,151.63,54.86
362261,144.74,55.219
362281,137.84,55.545
362301,130.95,55.838
362321,124.05,56.095
362341,117.17,56.315
362361,110.3,56.498
362381,103.44,56.643
362401,96.609,56.752
362421,89.8,56.824
362441,83.019,56.86
362461,76.271,56.863
362481,69.557,56.834
362501,62.881,56.776
362521,56.245,56.691
362541,49.651,56.582
362561,43.1,56.452
362581,36.595,56.306
362601,30.135,56.146
362621,23.721,55.976
362641,17.353,55.801
362661,11.029,55.624
362681,4.7487,55.45
362701,358.51,55.284
362721,352.31,55.128
362741,346.14,54.987
362761,340.01,54.864
362781,333.9,54.764
362801,327.81,54.689
362821,321.74,54.642
362841,315.67,54.626
362861,309.61,54.643
362881,303.55,54.694
362901,297.48,54.781
362921,291.39,54.904
362941,285.28,55.062
362961,279.14,55.257
362981,272.96,55.487
363001,266.75,55.749
363021,260.49,56.043
363041,254.18,56.366
363061,247.83,56.715
363081,241.42,57.087
363101,234.96,57.479
363121,228.45,57.887
363141,221.88,58.307
363161,215.26,58.735
363181,208.59,59.167
363201,201.88,59.599
363221,195.12,60.027
363241,188.32,60.448
363261,181.49,60.856
363281,174.62,61.25
363301,167.73,61.625
363321,160.81,61.979
363341,153.88,62.308
363361,146.94,62.611
363381,139.98,62.886
363401,133.03,63.13
363421,126.07,63.342
363441,119.12,63.522
363461,112.18,63.669
363481,105.26,63.784
363501,98.359,63.865
363521,91.478,63.915
363541,84.625,63.935
363561,77.802,63.925
363581,71.013,63.888
363601,64.259,63.826
363621,57.544,63.741
363641,50.87,63.637
363661,44.238,63.516
363681,37.65,63.382
363701,31.105,63.238
363721,24.605,63.087
363741,18.15,62.934
363761,11.737,62.781
363781,5.3665,62.634
363801,359.04,62.494
363821,352.74,62.367
363841,346.49,62.254
363861,340.26,62.16
363881,334.06,62.087
363901,327.88,62.038
363921,321.72,62.016
363941,315.58,62.022
363961,309.44,62.057
363981,303.3,62.123
364001,297.16,62.221
364021,291.01,62.35
364041,284.84,62.511
364061,278.65,62.703
364081,272.44,62.924
364101,266.19,63.174
364121,259.91,63.45
364141,253.59,63.749
364161,247.22,64.071
364181,240.81,64.41
364201,234.35,64.765
364221,227.85,65.132
364241,221.29,65.508
364261,214.69,65.889
364281,208.04,66.271
364301,201.34,66.651
364321,194.59,67.025
364341,187.81,67.39
364361,180.99,67.743
364381,174.13,68.08
364401,167.25,68.399
364421,160.34,68.697
364441,153.4,68.972
364461,146.45,69.221
364481,139.49,69.443
364501,132.52,69.637
364521,125.55,69.802
364541,118.58,69.936
364561,111.62,70.04
364581,104.67,70.115
364601,97.737,70.159
364621,90.823,70.176
364641,83.934,70.165
364661,77.071,70.128
364681,70.239,70.067
364701,63.441,69.985
364721,56.679,69.885
364741,49.955,69.768
364761,43.271,69.638
364781,36.628,69.498
364801,30.027,69.351
364821,23.469,69.202
364841,16.953,69.052
364861,10.478,68.907
364881,4.0442,68.769
364901,357.65,68.641
364921,351.29,68.527
364941,344.97,68.43
364961,338.67,68.353
364981,332.41,68.299
365001,326.17,68.268
365021,319.94,68.265
365041,313.74,68.29
365061,307.54,68.344
365081,301.34,68.428
365101,295.15,68.542
365121,288.95,68.687
365141,282.74,68.862
365161,276.52,69.066
365181,270.27,69.297
365201,264,69.554
365221,257.7,69.835
365241,251.37,70.137
365261,245,70.458
365281,238.59,70.795
365301,232.14,71.144
365321,225.64,71.502
365341,219.1,71.866
365361,212.51,72.233
365381,205.88,72.598
365401,199.2,72.959
365421,192.49,73.312
365441,185.73,73.654
365461,178.93,73.981
365481,172.09,74.292
365501,165.23,74.582
365521,158.33,74.851
365541,151.41,75.096
365561,144.47,75.315
365581,137.52,75.507
365601,130.55,75.67
365621,123.58,75.805
365641,116.61,75.911
365661,109.64,75.987
365681,102.68,76.034
365701,95.728,76.054
365721,88.795,76.047
365741,81.882,76.015
365761,74.993,75.959
365781,68.132,75.882
365801,61.3,75.786
365821,54.502,75.673
365841,47.739,75.548
365861,41.012,75.412
365881,34.324,75.269
365901,27.675,75.123
365921,21.066,74.976
365941,14.497,74.833
365961,7.9671,74.696
365981,1.4754,74.569
366001,355.02,74.455
366021,348.6,74.357
366041,342.21,74.279
366061,335.86,74.222
366081,329.53,74.19
366101,323.22,74.184
366121,316.93,74.206
366141,310.66,74.257
366161,304.4,74.338
366181,298.15,74.45
366201,291.9,74.594
366221,285.64,74.767
366241,279.38,74.971
366261,273.11,75.203
366281,266.82,75.463
366301,260.52,75.747
366321,254.18,76.054
366341,247.82,76.382
366361,241.43,76.727
366381,235.01,77.086
366401,228.54,77.456
366421,222.04,77.833
366441,215.5,78.214
366461,208.92,78.595
366481,202.3,78.973
366501,195.63,79.344
366521,188.92,79.704
366541,182.18,80.0512
366561,175.39,80.3815
366581,168.57,80.6922
366601,161.72,80.9808
366621,154.84,81.2451
366641,147.93,81.4831
366661,141,81.6932
366681,134.05,81.8744
366701,127.08,82.0257
366721,120.11,82.1467
366741,113.13,82.2374
366761,106.16,82.2981
366781,99.182,82.3295
366801,92.215,82.3328
366821,85.261,82.3093
366841,78.323,82.2609
366861,71.405,82.1897
366881,64.511,82.0981
366901,57.642,81.9887
366921,50.803,81.8644
366941,43.995,81.7283
366961,37.22,81.5837
366981,30.48,81.434
367001,23.776,81.2826
367021,17.108,81.1329
367041,10.476,80.9886
367061,3.8806,80.8531
367081,357.32,80.7297
367101,350.79,80.6217
367121,344.3,80.5322
367141,337.84,80.4639
367161,331.4,80.4196
367181,324.99,80.4014
367201,318.61,80.4114
367221,312.24,80.4511
367241,305.89,80.5218
367261,299.54,80.6244
367281,293.21,80.7592
367301,286.88,80.9262
367321,280.55,81.125
367341,274.21,81.3546
367361,267.87,81.6138
367381,261.51,81.9009
367401,255.14,82.2137
367421,248.75,82.5497
367441,242.33,82.9062
367461,235.89,83.2802
367481,229.42,83.6681
367501,222.92,84.0665
367521,216.38,84.4716
367541,209.81,84.8797
367561,203.2,85.2867
367581,196.56,85.6889
367601,189.88,86.0823
367621,183.16,86.4633
367641,176.4,86.8283
367661,169.61,87.1739
367681,162.79,87.497
367701,155.93,87.7948
367721,149.04,88.0649
367741,142.13,88.3052
367761,135.19,88.5141
367781,128.24,88.6904
367801,121.27,88.8331
367821,114.29,88.9421
367841,107.3,89.01725
367861,100.3,89.05923
367881,93.309,89.06895
367901,86.32,89.04775
367921,79.34,88.9974
367941,72.373,88.9199
367961,65.422,88.8178
367981,58.491,88.6938
368001,51.582,88.5509
368021,44.698,88.3922
368041,37.842,88.2212
368061,31.015,88.0415
368081,24.219,87.8566
368101,17.455,87.6703
368121,10.723,87.4863
368141,4.0245,87.3084
368161,357.36,87.1401
368181,350.72,86.985
368201,344.12,86.8464
368221,337.55,86.7275
368241,331,86.6313
368261,324.48,86.5603
368281,317.98,86.5171
368301,311.5,86.5035
368321,305.04,86.5212
368341,298.6,86.5716
368361,292.16,86.6554
368381,285.73,86.773
368401,279.31,86.9246
368421,272.88,87.1096
368441,266.45,87.3271
368461,260.01,87.5759
368481,253.56,87.8542
368501,247.1,88.16
368521,240.62,88.4907
368541,234.12,88.8434
368561,227.6,89.21504
368581,221.05,89.60211
368601,214.47,90.00092617
368621,207.87,90.40758
368641,201.23,90.81802
368661,194.56,91.2281
368681,187.86,91.6336
368701,181.13,92.0304
368721,174.36,92.4142
368741,167.56,92.7812
368761,160.73,93.1275
368781,153.87,93.4496
368801,146.98,93.7441
368821,140.07,94.0082
368841,133.13,94.2393
368861,126.18,94.4354
368881,119.2,94.5948
368901,112.21,94.7165
368921,105.21,94.7998
368941,98.205,94.8446
368961,91.195,94.8514
368981,84.186,94.8212
369001,77.182,94.7552
369021,70.186,94.6554
369041,63.201,94.5241
369061,56.231,94.3639
369081,49.28,94.1778
369101,42.349,93.9692
369121,35.442,93.7415
369141,28.56,93.4986
369161,21.705,93.2443
369181,14.879,92.9827
369201,8.0823,92.7177
369221,1.3152,92.4535
369241,354.58,92.194
369261,347.87,91.9431
369281,341.19,91.7047
369301,334.54,91.4824
369321,327.92,91.2794
369341,321.32,91.0991
369361,314.74,90.94425
369381,308.18,90.81735
369401,301.64,90.72061
369421,295.12,90.65583
369441,288.61,90.62442
369461,282.1,90.62737
369481,275.6,90.66526
369501,269.1,90.73822
369521,262.6,90.84594
369541,256.09,90.98769
369561,249.57,91.1623
369581,243.05,91.3681
369601,236.5,91.6033
369621,229.94,91.8653
369641,223.36,92.1514
369661,216.76,92.4587
369681,210.13,92.7837
369701,203.48,93.1227
369721,196.8,93.4721
369741,190.08,93.8277
369761,183.34,94.1853
369781,176.57,94.5407
369801,169.78,94.8897
369821,162.95,95.228
369841,156.09,95.5513
369861,149.21,95.8556
369881,142.3,96.1371
369901,135.37,96.3921
369921,128.41,96.6173
369941,121.44,96.8097
369961,114.46,96.9668
369981,107.46,97.0865
370001,100.45,97.1671
370021,93.44,97.2075
370041,86.426,97.2073
370061,79.413,97.1663
370081,72.407,97.0852
370101,65.409,96.965
370121,58.423,96.8073
370141,51.452,96.6143
370161,44.5,96.3885
370181,37.569,96.1328
370201,30.661,95.8507
370221,23.778,95.5456
370241,16.922,95.2216
370261,10.095,94.8826
370281,3.2963,94.5328
370301,356.53,94.1766
370321,349.79,93.8181
370341,343.08,93.4617
370361,336.4,93.1114
370381,329.74,92.7714
370401,323.12,92.4455
370421,316.52,92.1374
370441,309.94,91.8503
370461,303.38,91.5873
370481,296.83,91.3512
370501,290.31,91.1444
370521,283.79,90.96883
370541,277.29,90.82612
370561,270.79,90.71744
370581,264.29,90.64353
370601,257.79,90.60469
370621,251.28,90.60079
370641,244.77,90.63128
370661,238.24,90.69515
370681,231.71,90.791
370701,225.15,90.91702
370721,218.57,91.071
370741,211.97,91.2505
370761,205.35,91.4526
370781,198.7,91.6742
370801,192.02,91.9119
370821,185.32,92.162
370841,178.58,92.4208
370861,171.81,92.6845
370881,165.02,92.9488
370901,158.19,93.2099
370921,151.34,93.4637
370941,144.46,93.7062
370961,137.55,93.9334
370981,130.62,94.1417
371001,123.67,94.3274
371021,116.7,94.4874
371041,109.72,94.6186
371061,102.72,94.7182
371081,95.719,94.7842
371101,88.711,94.8144
371121,81.703,94.8077
371141,74.697,94.7629
371161,67.699,94.6798
371181,60.711,94.5583
371201,53.737,94.3991
371221,46.78,94.2033
371241,39.845,93.9725
371261,32.932,93.7087
371281,26.046,93.4146
371301,19.188,93.0929
371321,12.36,92.747
371341,5.5627,92.3804
371361,358.8,91.997
371381,352.07,91.6007
371401,345.37,91.1956
371421,338.7,90.78597
371441,332.06,90.376
371461,325.46,89.969817
371481,318.89,89.57149
371501,312.34,89.1849
371521,305.82,88.8138
371541,299.32,88.4615
371561,292.84,88.1314
371581,286.38,87.8262
371601,279.93,87.5484
371621,273.5,87.3001
371641,267.07,87.0832
371661,260.64,86.8988
371681,254.22,86.7479
371701,247.79,86.6308
371721,241.36,86.5477
371741,234.91,86.498
371761,228.45,86.481
371781,221.98,86.4953
371801,215.48,86.5393
371821,208.96,86.611
371841,202.41,86.708
371861,195.84,86.8277
371881,189.24,86.9671
371901,182.61,87.1231
371921,175.94,87.2923
371941,169.24,87.4711
371961,162.51,87.6561
371981,155.75,87.8433
372001,148.96,88.0292
372021,142.13,88.21
372041,135.28,88.382
372061,128.39,88.5417
372081,121.49,88.6858
372101,114.56,88.8109
372121,107.61,88.9142
372141,100.64,88.9928
372161,93.661,89.04441
372181,86.674,89.06685
372201,79.682,89.05839
372221,72.689,89.01768
372241,65.7,88.9438
372261,58.719,88.8362
372281,51.749,88.6947
372301,44.795,88.5198
372321,37.861,88.3123
372341,30.95,88.0733
372361,24.065,87.8045
372381,17.21,87.5081
372401,10.386,87.1864
372421,3.5959,86.8422
372441,356.84,86.4786
372461,350.12,86.099
372481,343.44,85.707
372501,336.8,85.3062
372521,330.19,84.9006
372541,323.62,84.494
372561,317.09,84.0903
372581,310.59,83.6934
372601,304.12,83.3069
372621,297.68,82.9345
372641,291.26,82.5795
372661,284.87,82.2449
372681,278.5,81.9337
372701,272.14,81.6482
372721,265.8,81.3906
372741,259.47,81.1625
372761,253.14,80.9654
372781,246.81,80.8
372801,240.47,80.6669
372821,234.13,80.566
372841,227.78,80.4969
372861,221.41,80.4589
372881,215.03,80.4506
372901,208.62,80.4705
372921,202.18,80.5167
372941,195.72,80.5867
372961,189.23,80.678
372981,182.7,80.7878
373001,176.14,80.913
373021,169.55,81.0504
373041,162.92,81.1966
373061,156.25,81.3481
373081,149.54,81.5014
373101,142.8,81.6531
373121,136.03,81.7996
373141,129.22,81.9376
373161,122.38,82.0638
373181,115.51,82.1752
373201,108.62,82.2688
373221,101.7,82.3419
373241,94.765,82.3922
373261,87.812,82.4176
373281,80.846,82.4163
373301,73.872,82.3868
373321,66.894,82.328
373341,59.918,82.2391
373361,52.946,82.12
373381,45.983,81.9705
373401,39.035,81.7911
373421,32.105,81.5827
373441,25.198,81.3463
373461,18.316,81.0837
373481,11.465,80.7967
373501,4.6461,80.4876
373521,357.86,80.1589
373541,351.12,79.813
373561,344.41,79.454
373581,337.75,79.085
373601,331.12,78.708
373621,324.54,78.328
373641,318,77.949
373661,311.5,77.573
373681,305.04,77.204
373701,298.62,76.846
373721,292.22,76.503
373741,285.86,76.176
373761,279.53,75.87
373781,273.22,75.587
373801,266.94,75.329
373821,260.66,75.098
373841,254.4,74.895
373861,248.15,74.723
373881,241.9,74.581
373901,235.64,74.469
373921,229.38,74.389
373941,223.11,74.339
373961,216.82,74.318
373981,210.51,74.325
374001,204.18,74.359
374021,197.83,74.417
374041,191.44,74.496
374061,185.02,74.595
374081,178.56,74.71
374101,172.07,74.838
374121,165.54,74.976
374141,158.97,75.121
374161,152.36,75.269
374181,145.71,75.417
374201,139.02,75.561
374221,132.29,75.698
374241,125.52,75.825
374261,118.73,75.938
374281,111.89,76.036
374301,105.03,76.114
374321,98.142,76.171
374341,91.229,76.205
374361,84.295,76.214
374381,77.346,76.195
374401,70.384,76.149
374421,63.415,76.074
374441,56.442,75.97
374461,49.471,75.837
374481,42.506,75.674
374501,35.552,75.484
374521,28.614,75.266
374541,21.695,75.023
374561,14.801,74.755
374581,7.9354,74.465
374601,1.1019,74.155
374621,354.3,73.829
374641,347.54,73.488
374661,340.83,73.136
374681,334.15,72.776
374701,327.52,72.411
374721,320.94,72.045
374741,314.4,71.681
374761,307.9,71.323
374781,301.45,70.975
374801,295.04,70.638
374821,288.67,70.318
374841,282.34,70.015
374861,276.03,69.735
374881,269.76,69.477
374901,263.52,69.246
374921,257.29,69.042
374941,251.08,68.867
374961,244.88,68.722
374981,238.69,68.607
375001,232.49,68.522
375021,226.29,68.468
375041,220.08,68.443
375061,213.86,68.446
375081,207.61,68.475
375101,201.35,68.53
375121,195.05,68.606
375141,188.72,68.702
375161,182.36,68.816
375181,175.97,68.943
375201,169.53,69.081
375221,163.05,69.226
375241,156.54,69.375
375261,149.98,69.524
375281,143.37,69.67
375301,136.73,69.81
375321,130.04,69.939
375341,123.32,70.056
375361,116.55,70.157
375381,109.75,70.238
375401,102.92,70.299
375421,96.057,70.335
375441,89.167,70.346
375461,82.252,70.33
375481,75.317,70.285
375501,68.367,70.211
375521,61.405,70.107
375541,54.437,69.972
375561,47.465,69.808
375581,40.497,69.614
375601,33.535,69.392
375621,26.585,69.143
375641,19.652,68.868
375661,12.741,68.57
375681,5.8555,68.251
375701,359,67.914
375721,352.18,67.561
375741,345.4,67.195
375761,338.66,66.821
375781,331.96,66.44
375801,325.31,66.058
375821,318.7,65.677
375841,312.15,65.3
375861,305.64,64.933
375881,299.18,64.577
375901,292.78,64.236
375921,286.41,63.914
375941,280.09,63.613
375961,273.81,63.336
375981,267.56,63.085
376001,261.34,62.863
376021,255.16,62.669
376041,248.99,62.507
376061,242.83,62.376
376081,236.69,62.276
376101,230.55,62.209
376121,224.41,62.171
376141,218.26,62.164
376161,212.1,62.185
376181,205.92,62.231
376201,199.72,62.302
376221,193.49,62.394
376241,187.23,62.505
376261,180.94,62.63
376281,174.61,62.768
376301,168.24,62.914
376321,161.82,63.064
376341,155.36,63.215
376361,148.86,63.364
376381,142.32,63.506
376401,135.73,63.639
376421,129.1,63.758
376441,122.42,63.861
376461,115.7,63.943
376481,108.95,64.004
376501,102.16,64.039
376521,95.336,64.047
376541,88.482,64.027
376561,81.601,63.975
376581,74.698,63.892
376601,67.775,63.776
376621,60.837,63.628
376641,53.888,63.446
376661,46.933,63.233
376681,39.977,62.987
376701,33.024,62.712
376721,26.078,62.408
376741,19.146,62.077
376761,12.231,61.722
376781,5.339,61.346
376801,358.47,60.951
376821,351.64,60.541
376841,344.84,60.119
376861,338.09,59.69
376881,331.37,59.256
376901,324.7,58.823
376921,318.09,58.393
376941,311.52,57.972
376961,305.01,57.563
376981,298.55,57.17
377001,292.14,56.796
377021,285.78,56.445
377041,279.48,56.12
377061,273.22,55.825
377081,267.01,55.56
377101,260.83,55.329
377121,254.69,55.132
377141,248.58,54.971
377161,242.49,54.846
377181,236.42,54.757
377201,230.36,54.704
377221,224.3,54.685
377241,218.23,54.699
377261,212.16,54.744
377281,206.07,54.816
377301,199.96,54.914
377321,193.83,55.035
377341,187.66,55.174
377361,181.46,55.327
377381,175.22,55.492
377401,168.94,55.664
377421,162.62,55.838
377441,156.25,56.011
377461,149.83,56.179
377481,143.38,56.337
377501,136.87,56.482
377521,130.32,56.609
377541,123.73,56.716
377561,117.09,56.8
377581,110.42,56.856
377601,103.7,56.883
377621,96.954,56.878
377641,90.175,56.84
377661,83.367,56.766
377681,76.534,56.656
377701,69.68,56.509
377721,62.81,56.324
377741,55.926,56.103
377761,49.034,55.844
377781,42.138,55.55
377801,35.242,55.222
377821,28.352,54.861
377841,21.471,54.471
377861,14.604,54.053
377881,7.7572,53.611
377901,0.93408,53.149
377921,354.14,52.669
377941,347.38,52.178
377961,340.66,51.678
377981,333.97,51.174
378001,327.34,50.672
378021,320.75,50.175
378041,314.22,49.69
378061,307.74,49.22
378081,301.32,48.772
378101,294.96,48.348
378121,288.65,47.954
378141,282.4,47.593
378161,276.21,47.27
378181,270.06,46.986
378201,263.96,46.745
378221,257.91,46.548
378241,251.89,46.397
378261,245.9,46.291
378281,239.93,46.231
378301,233.98,46.215
378321,228.03,46.242
378341,222.09,46.31
378361,216.13,46.416
378381,210.16,46.555
378401,204.17,46.726
378421,198.15,46.923
378441,192.1,47.142
378461,186.01,47.378
378481,179.89,47.626
378501,173.71,47.882
378521,167.5,48.14
378541,161.23,48.395
378561,154.92,48.643
378581,148.56,48.88
378601,142.16,49.099
378621,135.71,49.299
378641,129.22,49.473
378661,122.69,49.62
378681,116.12,49.735
378701,109.51,49.817
378721,102.87,49.861
378741,96.2,49.867
378761,89.506,49.832
378781,82.791,49.755
378801,76.058,49.637
378821,69.311,49.475
378841,62.556,49.271
378861,55.796,49.025
378881,49.035,48.738
378901,42.279,48.412
378921,35.531,48.049
378941,28.796,47.651
378961,22.079,47.221
378981,15.383,46.763
379001,8.7139,46.281
379021,2.0753,45.778
379041,355.47,45.26
379061,348.91,44.731
379081,342.38,44.197
379101,335.91,43.663
379121,329.48,43.135
379141,323.11,42.62
379161,316.79,42.122
379181,310.52,41.649
379201,304.31,41.206
379221,298.16,40.798
379241,292.06,40.431
379261,286.01,40.109
379281,280.01,39.838
379301,274.05,39.619
379321,268.12,39.456
379341,262.23,39.351
379361,256.36,39.304
379381,250.5,39.314
379401,244.64,39.382
379421,238.78,39.504
379441,232.91,39.677
379461,227.02,39.898
379481,221.11,40.162
379501,215.16,40.465
379521,209.17,40.8
379541,203.14,41.163
379561,197.07,41.546
379581,190.95,41.945
379601,184.78,42.353
379621,178.56,42.764
379641,172.3,43.172
379661,165.98,43.573
379681,159.62,43.959
379701,153.22,44.328
379721,146.78,44.673
379741,140.29,44.992
379761,133.78,45.279
379781,127.23,45.532
379801,120.66,45.747
379821,114.06,45.922
379841,107.45,46.055
379861,100.82,46.145
379881,94.175,46.19
379901,87.53,46.189
379921,80.883,46.143
379941,74.24,46.051
379961,67.604,45.914
379981,60.981,45.734
380001,54.375,45.513
380021,47.79,45.252
380041,41.23,44.954
380061,34.699,44.622
380081,28.201,44.26
380101,21.739,43.872
380121,15.318,43.462
380141,8.9385,43.035
380161,2.6046,42.596
380181,356.32,42.15
380201,350.08,41.704
380221,343.89,41.263
380241,337.75,40.833
380261,331.66,40.42
380281,325.62,40.031
380301,319.62,39.672
380321,313.66,39.348
380341,307.73,39.065
380361,301.84,38.829
380381,295.97,38.643
380401,290.11,38.511
380421,284.26,38.437
380441,278.41,38.421
380461,272.55,38.466
380481,266.68,38.571
380501,260.77,38.734
380521,254.84,38.954
380541,248.86,39.228
380561,242.84,39.552
380581,236.77,39.921
380601,230.65,40.33
380621,224.48,40.774
380641,218.26,41.247
380661,211.98,41.743
380681,205.64,42.254
380701,199.26,42.776
380721,192.82,43.302
380741,186.34,43.827
380761,179.82,44.344
380781,173.26,44.848
380801,166.66,45.335
380821,160.04,45.799
380841,153.38,46.237
380861,146.71,46.645
380881,140.01,47.019
380901,133.3,47.357
380921,126.58,47.656
380941,119.86,47.914
380961,113.13,48.131
380981,106.41,48.303
381001,99.698,48.433
381021,92.997,48.518
381041,86.313,48.56
381061,79.65,48.56
381081,73.011,48.518
381101,66.401,48.438
381121,59.823,48.32
381141,53.28,48.168
381161,46.775,47.984
381181,40.311,47.773
381201,33.891,47.537
381221,27.515,47.281
381241,21.186,47.01
381261,14.904,46.727
381281,8.6694,46.438
381301,2.4817,46.148
381321,356.34,45.862
381341,350.24,45.586
381361,344.18,45.323
381381,338.16,45.08
381401,332.17,44.862
381421,326.21,44.673
381441,320.27,44.517
381461,314.35,44.399
381481,308.43,44.322
381501,302.51,44.289
381521,296.58,44.302
381541,290.63,44.363
381561,284.66,44.473
381581,278.66,44.631
381601,272.62,44.837
381621,266.53,45.09
381641,260.4,45.387
381661,254.21,45.725
381681,247.97,46.102
381701,241.67,46.513
381721,235.31,46.954
381741,228.9,47.42
381761,222.42,47.907
381781,215.9,48.408
381801,209.32,48.919
381821,202.69,49.436
381841,196.02,49.951
381861,189.31,50.462
381881,182.56,50.963
381901,175.78,51.449
381921,168.97,51.916
381941,162.14,52.361
381961,155.3,52.78
381981,148.44,53.169
382001,141.57,53.527
382021,134.7,53.851
382041,127.83,54.139
382061,120.96,54.39
382081,114.11,54.602
382101,107.26,54.776
382121,100.44,54.911
382141,93.637,55.008
382161,86.861,55.068
382181,80.114,55.092
382201,73.4,55.081
382221,66.721,55.037
382241,60.08,54.964
382261,53.481,54.864
382281,46.924,54.74
382301,40.411,54.595
382321,33.943,54.433
382341,27.522,54.258
382361,21.147,54.075
382381,14.817,53.886
382401,8.5325,53.697
382421,2.2906,53.512
382441,356.09,53.334
382461,349.93,53.169
382481,343.8,53.02
382501,337.7,52.892
382521,331.62,52.787
382541,325.56,52.71
382561,319.52,52.662
382581,313.48,52.647
382601,307.45,52.667
382621,301.41,52.723
382641,295.35,52.817
382661,289.27,52.948
382681,283.17,53.118
382701,277.04,53.325
382721,270.86,53.568
382741,264.65,53.845
382761,258.39,54.155
382781,252.07,54.495
382801,245.71,54.862
382821,239.29,55.252
382841,232.82,55.661
382861,226.29,56.087
382881,219.71,56.525
382901,213.08,56.97
382921,206.39,57.419
382941,199.67,57.867
382961,192.9,58.31
382981,186.09,58.744
383001,179.25,59.166
383021,172.38,59.571
383041,165.48,59.956
383061,158.57,60.319
383081,151.64,60.656
383101,144.7,60.965
383121,137.75,61.245
383141,130.8,61.493
383161,123.86,61.708
383181,116.92,61.89
383201,110,62.039
383221,103.09,62.153
383241,96.21,62.234
383261,89.35,62.282
383281,82.519,62.299
383301,75.72,62.287
383321,68.955,62.247
383341,62.228,62.182
383361,55.541,62.094
383381,48.895,61.986
383401,42.292,61.861
383421,35.733,61.724
383441,29.22,61.576
383461,22.75,61.423
383481,16.325,61.267
383501,9.9439,61.112
383521,3.6041,60.963
383541,357.3,60.822
383561,351.04,60.695
383581,344.81,60.583
383601,338.61,60.49
383621,332.44,60.419
383641,326.29,60.373
383661,320.15,60.354
383681,314.02,60.364
383701,307.9,60.405
383721,301.78,60.477
383741,295.65,60.582
383761,289.5,60.719
383781,283.34,60.888
383801,277.16,61.088
383821,270.94,61.319
383841,264.69,61.578
383861,258.4,61.864
383881,252.07,62.174
383901,245.69,62.506
383921,239.27,62.856
383941,232.79,63.221
383961,226.27,63.598
383981,219.69,63.984
384001,213.07,64.374
384021,206.4,64.765
384041,199.68,65.154
384061,192.92,65.536
384081,186.12,65.909
384101,179.28,66.268
384121,172.41,66.612
384141,165.52,66.936
384161,158.6,67.239
384181,151.66,67.518
384201,144.7,67.77
384221,137.74,67.995
384241,130.77,68.191
384261,123.8,68.357
384281,116.83,68.492
384301,109.88,68.597
384321,102.94,68.671
384341,96.015,68.715
384361,89.114,68.731
384381,82.239,68.719
384401,75.393,68.681
384421,68.579,68.619
384441,61.8,68.536
384461,55.058,68.434
384481,48.356,68.315
384501,41.695,68.184
384521,35.076,68.043
384541,28.5,67.896
384561,21.967,67.745
384581,15.476,67.596
384601,9.0272,67.45
384621,2.6188,67.312
384641,356.25,67.185
384661,349.92,67.073
384681,343.62,66.977
384701,337.35,66.902
384721,331.1,66.85
384741,324.88,66.822
384761,318.68,66.821
384781,312.49,66.849
384801,306.3,66.907
384821,300.13,66.994
384841,293.94,67.112
384861,287.75,67.261
384881,281.55,67.44
384901,275.33,67.647
384921,269.08,67.882
384941,262.81,68.142
384961,256.5,68.426
384981,250.16,68.731
385001,243.78,69.055
385021,237.36,69.394
385041,230.9,69.744
385061,224.39,70.104
385081,217.83,70.469
385101,211.23,70.836
385121,204.58,71.202
385141,197.88,71.563
385161,191.15,71.915
385181,184.37,72.256
385201,177.55,72.582
385221,170.7,72.891
385241,163.82,73.18
385261,156.92,73.446
385281,149.99,73.688
385301,143.04,73.905
385321,136.08,74.094
385341,129.11,74.254
385361,122.14,74.386
385381,115.17,74.488
385401,108.2,74.561
385421,101.25,74.605
385441,94.308,74.622
385461,87.385,74.611
385481,80.484,74.576
385501,73.61,74.517
385521,66.764,74.438
385541,59.95,74.339
385561,53.171,74.225
385581,46.428,74.097
385601,39.723,73.96
385621,33.058,73.816
385641,26.433,73.669
385661,19.848,73.522
385681,13.304,73.378
385701,6.7995,73.241
385721,0.33342,73.115
385741,353.9,73.002
385761,347.51,72.905
385781,341.15,72.828
385801,334.82,72.773
385821,328.51,72.743
385841,322.23,72.738
385861,315.96,72.762
385881,309.71,72.815
385901,303.47,72.899
385921,297.23,73.013
385941,291,73.157
385961,284.76,73.332
385981,278.51,73.536
386001,272.24,73.769
386021,265.96,74.028
386041,259.66,74.312
386061,253.33,74.618
386081,246.97,74.943
386101,240.57,75.285
386121,234.14,75.641
386141,227.67,76.006
386161,221.16,76.379
386181,214.61,76.754
386201,208.02,77.129
386221,201.38,77.501
386241,194.7,77.865
386261,187.98,78.218
386281,181.22,78.557
386301,174.43,78.88
386321,167.6,79.183
386341,160.73,79.463
386361,153.84,79.72
386381,146.92,79.95
386401,139.98,80.1528
386421,133.03,80.3269
386441,126.06,80.4715
386461,119.09,80.5863
386481,112.11,80.6713
386501,105.14,80.7268
386521,98.171,80.7537
386541,91.213,80.7531
386561,84.269,80.7263
386581,77.344,80.6754
386601,70.44,80.6023
386621,63.562,80.5094
386641,56.712,80.3996
386661,49.892,80.2755
386681,43.106,80.1404
386701,36.354,79.997
386721,29.638,79.85
386741,22.958,79.701
386761,16.317,79.555
386781,9.7119,79.415
386801,3.144,79.284
386821,356.61,79.166
386841,350.11,79.064
386861,343.65,78.98
386881,337.21,78.918
386901,330.81,78.881
386921,324.43,78.869
386941,318.07,78.886
386961,311.72,78.933
386981,305.4,79.01
387001,299.08,79.119
387021,292.77,79.26
387041,286.46,79.432
387061,280.15,79.636
387081,273.83,79.87
387101,267.51,80.1331
387121,261.16,80.4229
387141,254.8,80.7375
387161,248.42,81.0744
387181,242.02,81.4306
387201,235.58,81.8032
387221,229.11,82.1887
387241,222.62,82.5835
387261,216.08,82.984
387281,209.51,83.3864
387301,202.9,83.7868
387321,196.25,84.1815
387341,189.57,84.5667
387361,182.84,84.9388
387381,176.08,85.2944
387401,169.28,85.6303
387421,162.45,85.9437
387441,155.59,86.2317
387461,148.7,86.4924
387481,141.78,86.7236
387501,134.84,86.924
387521,127.89,87.0925
387541,120.91,87.2283
387561,113.93,87.3314
387581,106.94,87.4018
387601,99.954,87.4403
387621,92.967,87.4478
387641,85.986,87.4257
387661,79.016,87.3759
387681,72.06,87.3005
387701,65.123,87.2018
387721,58.206,87.0826
387741,51.314,86.9459
387761,44.448,86.7949
387781,37.611,86.633
387801,30.805,86.4635
387821,24.032,86.2903
387841,17.291,86.1168
387861,10.583,85.9467
387881,3.9099,85.7837
387901,357.27,85.6314
387921,350.66,85.4931
387941,344.09,85.3721
387961,337.54,85.2716
387981,331.02,85.1943
388001,324.53,85.1427
388021,318.05,85.1191
388041,311.6,85.1255
388061,305.17,85.1632
388081,298.75,85.2335
388101,292.34,85.3371
388121,285.93,85.4742
388141,279.53,85.6447
388161,273.13,85.848
388181,266.72,86.0831
388201,260.3,86.3485
388221,253.87,86.6425
388241,247.43,86.9627
388261,240.96,87.3065
388281,234.48,87.671
388301,227.97,88.053
388321,221.43,88.4489
388341,214.87,88.855
388361,208.27,89.26731
388381,201.65,89.68184
388401,194.98,90.094454
388421,188.29,90.50101
388441,181.56,90.89741
388461,174.8,91.2796
388481,168,91.6439
388501,161.18,91.9864
388521,154.32,92.304
388541,147.43,92.5935
388561,140.52,92.8523
388581,133.59,93.078
388601,126.63,93.2689
388621,119.66,93.4237
388641,112.67,93.5414
388661,105.67,93.6217
388681,98.666,93.6647
388701,91.659,93.6711
388721,84.653,93.6419
388741,77.653,93.5787
388761,70.662,93.4836
388781,63.683,93.3588
388801,56.72,93.2072
388821,49.776,93.0316
388841,42.854,92.8356
388861,35.956,92.6225
388881,29.084,92.3962
388901,22.24,92.1604
388921,15.425,91.9192
388941,8.6397,91.6764
388961,1.8851,91.4361
388981,355.16,91.2021
389001,348.47,90.9783
389021,341.8,90.76833
389041,335.17,90.57568
389061,328.56,90.40363
389081,321.97,90.25517
389101,315.41,90.13302
389121,308.87,90.039558
389141,302.34,89.976814
389161,295.83,89.946439
389181,289.33,89.949679
389201,282.84,89.987367
389221,276.35,90.059904
389241,269.86,90.16726
389261,263.37,90.30895
389281,256.88,90.48409
389301,250.37,90.69133
389321,243.85,90.92892
389341,237.32,91.1947
389361,230.77,91.4862
389381,224.2,91.8005
389401,217.61,92.1343
389421,210.99,92.4844
389441,204.34,92.8468
389461,197.67,93.2176
389481,190.96,93.5929
389501,184.23,93.9682
389521,177.46,94.3394
389541,170.67,94.7022
389561,163.85,95.0523
389581,157,95.3856
389601,150.12,95.698
389621,143.21,95.9859
389641,136.28,96.2456
389661,129.33,96.4742
389681,122.36,96.6687
389701,115.38,96.8269
389721,108.38,96.9469
389741,101.38,97.0274
389761,94.365,97.0675
389781,87.351,97.0669
389801,80.339,97.0261
389821,73.331,96.9456
389841,66.332,96.827
389861,59.345,96.6721
389881,52.373,96.4832
389901,45.419,96.263
389921,38.485,96.0146
389941,31.574,95.7416
389961,24.689,95.4476
389981,17.83,95.1366
390001,10.999,94.8126
390021,4.1967,94.4799
390041,357.42,94.1427
390061,350.68,93.8053
390081,343.97,93.4718
390101,337.28,93.1464
390121,330.62,92.833
390141,323.99,92.5352
390161,317.38,92.2567
390181,310.8,92.0007
390201,304.23,91.7701
390221,297.68,91.5674
390241,291.15,91.3949
390261,284.63,91.2545
390281,278.11,91.1476
390301,271.6,91.0751
390321,265.1,91.0377
390341,258.59,91.0354
390361,252.07,91.0681
390381,245.55,91.1349
390401,239.02,91.2347
390421,232.47,91.366
390441,225.9,91.5267
390461,219.32,91.7146
390481,212.71,91.9269
390501,206.08,92.1606
390521,199.42,92.4126
390541,192.73,92.6792
390561,186.01,92.9568
390581,179.27,93.2414
390601,172.49,93.529
390621,165.69,93.8155
390641,158.86,94.0968
390661,151.99,94.3688
390681,145.11,94.6275
390701,138.19,94.8689
390721,131.26,95.0892
390741,124.3,95.2849
390761,117.33,95.4528
390781,110.34,95.59
390801,103.34,95.6938
390821,96.337,95.7621
390841,89.326,95.7932
390861,82.315,95.7858
390881,75.308,95.7393
390901,68.307,95.6535
390921,61.318,95.5286
390941,54.342,95.3655
390961,47.384,95.1657
390981,40.446,94.9309
391001,33.531,94.6636
391021,26.641,94.3665
391041,19.78,94.0427
391061,12.947,93.6957
391081,6.1443,93.3293
391101,359.37,92.9473
391121,352.63,92.554
391141,345.93,92.1536
391161,339.25,91.7502
391181,332.6,91.3482
391201,325.99,90.95161
391221,319.4,90.56456
391241,312.84,90.19088
391261,306.3,89.8342
391281,299.79,89.49789
391301,293.29,89.18503
391321,286.82,88.8984
391341,280.35,88.6402
391361,273.89,88.4127
391381,267.44,88.2172
391401,261,88.0551
391421,254.55,87.9269
391441,248.1,87.8331
391461,241.64,87.7734
391481,235.17,87.7472
391501,228.69,87.7537
391521,222.19,87.7913
391541,215.67,87.8583
391561,209.12,87.9525
391581,202.55,88.0714
391601,195.95,88.2123
391621,189.33,88.3722
391641,182.67,88.5476
391661,175.98,88.7352
391681,169.26,88.9314
391701,162.51,89.13242
391721,155.72,89.33448
391741,148.91,89.53378
391761,142.06,89.72655
391781,135.19,89.909083
391801,128.29,90.077793
391821,121.37,90.22924
391841,114.43,90.36018
391861,107.47,90.46762
391881,100.49,90.54884
391901,93.502,90.60143
391921,86.508,90.62332
391941,79.511,90.61284
391961,72.515,90.5687
391981,65.524,90.49007
392001,58.542,90.37654
392021,51.573,90.22816
392041,44.621,90.045445
392061,37.689,89.82937
392081,30.781,89.58135
392101,23.9,89.30326
392121,17.048,88.9973
392141,10.229,88.6663
392161,3.4422,88.313
392181,356.69,87.9408
392201,349.98,87.5532
392221,343.3,87.154
392241,336.65,86.747
392261,330.05,86.3362
392281,323.47,85.9255
392301,316.93,85.5189
392321,310.43,85.1203
392341,303.95,84.7334
392361,297.5,84.3617
392381,291.07,84.0087
392401,284.67,83.6772
392421,278.28,83.3701
392441,271.91,83.0898
392461,265.55,82.8382
392481,259.19,82.617
392501,252.84,82.4274
392521,246.49,82.2701
392541,240.13,82.1455
392561,233.77,82.0534
392581,227.39,81.9935
392601,220.99,81.9646
392621,214.58,81.9656
392641,208.14,81.9946
392661,201.68,82.0496
392681,195.19,82.1282
392701,188.67,82.2277
392721,182.11,82.3453
392741,175.53,82.4777
392761,168.9,82.6217
392781,162.25,82.7738
392801,155.55,82.9306
392821,148.82,83.0885
392841,142.06,83.2439
392861,135.26,83.3934
392881,128.43,83.5335
392901,121.58,83.661
392921,114.69,83.7728
392941,107.78,83.866
392961,100.85,83.9378
392981,93.901,83.986
393001,86.938,84.0084
393021,79.965,84.0033
393041,72.986,83.9692
393061,66.005,83.9051
393081,59.027,83.8102
393101,52.056,83.6844
393121,45.097,83.5276
393141,38.154,83.3405
393161,31.231,83.1239
393181,24.332,82.879
393201,17.46,82.6077
393221,10.618,82.3119
393241,3.8109,81.9939
393261,357.04,81.6565
393281,350.31,81.3025
393301,343.61,80.9352
393321,336.96,80.558
393341,330.34,80.1743
393361,323.77,79.788
393381,317.24,79.402
393401,310.75,79.021
393421,304.29,78.648
393441,297.86,78.287
393461,291.47,77.94
393481,285.11,77.612
393501,278.78,77.304
393521,272.46,77.02
393541,266.16,76.762
393561,259.88,76.532
393581,253.61,76.331
393601,247.34,76.16
393621,241.07,76.02
393641,234.8,75.911
393661,228.52,75.833
393681,222.22,75.785
393701,215.91,75.767
393721,209.58,75.777
393741,203.22,75.813
393761,196.84,75.873
393781,190.43,75.955
393801,183.98,76.056
393821,177.5,76.172
393841,170.98,76.302
393861,164.42,76.441
393881,157.83,76.586
393901,151.19,76.734
393921,144.52,76.881
393941,137.81,77.025
393961,131.06,77.161
393981,124.27,77.286
394001,117.46,77.398
394021,110.61,77.493
394041,103.73,77.569
394061,96.827,77.623
394081,89.903,77.654
394101,82.96,77.659
394121,76.004,77.637
394141,69.037,77.588
394161,62.065,77.509
394181,55.092,77.401
394201,48.123,77.264
394221,41.163,77.097
394241,34.215,76.903
394261,27.285,76.681
394281,20.376,76.434
394301,13.494,76.162
394321,6.642,75.869
394341,359.82,75.556
394361,353.04,75.227
394381,346.3,74.883
394401,339.6,74.529
394421,332.94,74.167
394441,326.32,73.801
394461,319.76,73.434
394481,313.23,73.07
394501,306.75,72.712
394521,300.31,72.364
394541,293.91,72.028
394561,287.55,71.709
394581,281.22,71.408
394601,274.92,71.129
394621,268.65,70.875
394641,262.4,70.646
394661,256.17,70.445
394681,249.95,70.273
394701,243.74,70.131
394721,237.53,70.019
394741,231.32,69.938
394761,225.11,69.886
394781,218.88,69.864
394801,212.64,69.87
394821,206.37,69.902
394841,200.08,69.958
394861,193.76,70.037
394881,187.41,70.135
394901,181.03,70.25
394921,174.61,70.378
394941,168.14,70.516
394961,161.64,70.662
394981,155.1,70.81
395001,148.52,70.959
395021,141.89,71.105
395041,135.22,71.244
395061,128.51,71.372
395081,121.77,71.488
395101,114.98,71.587
395121,108.17,71.668
395141,101.32,71.727
395161,94.439,71.762
395181,87.536,71.772
395201,80.61,71.755
395221,73.666,71.71
395241,66.709,71.635
395261,59.743,71.531
395281,52.771,71.397
395301,45.8,71.234
395321,38.833,71.041
395341,31.876,70.821
395361,24.934,70.574
395381,18.01,70.303
395401,11.109,70.008
395421,4.237,69.693
395441,357.4,69.36
395461,350.59,69.013
395481,343.83,68.653
395501,337.1,68.285
395521,330.43,67.911
395541,323.79,67.536
395561,317.21,67.163
395581,310.67,66.794
395601,304.18,66.435
395621,297.74,66.088
395641,291.35,65.756
395661,284.99,65.442
395681,278.68,65.15
395701,272.4,64.881
395721,266.16,64.639
395741,259.94,64.424
395761,253.75,64.239
395781,247.58,64.083
395801,241.42,63.959
395821,235.26,63.866
395841,229.11,63.804
395861,222.95,63.772
395881,216.78,63.769
395901,210.6,63.794
395921,204.4,63.844
395941,198.17,63.917
395961,191.92,64.011
395981,185.63,64.123
396001,179.31,64.249
396021,172.95,64.386
396041,166.54,64.532
396061,160.1,64.681
396081,153.61,64.831
396101,147.08,64.978
396121,140.51,65.119
396141,133.89,65.249
396161,127.23,65.366
396181,120.53,65.467
396201,113.79,65.548
396221,107.01,65.606
396241,100.2,65.64
396261,93.353,65.647
396281,86.48,65.626
396301,79.581,65.574
396321,72.662,65.491
396341,65.725,65.377
396361,58.775,65.23
396381,51.817,65.052
396401,44.854,64.842
396421,37.893,64.601
396441,30.936,64.331
396461,23.991,64.034
396481,17.06,63.711
396501,10.15,63.366
396521,3.264,63
396541,356.41,62.616
396561,349.58,62.218
396581,342.8,61.81
396601,336.06,61.395
396621,329.36,60.976
396641,322.71,60.558
396661,316.1,60.145
396681,309.55,59.74
396701,303.06,59.348
396721,296.61,58.971
396741,290.22,58.613
396761,283.87,58.279
396781,277.57,57.969
396801,271.32,57.688
396821,265.11,57.437
396841,258.93,57.218
396861,252.78,57.033
396881,246.66,56.882
396901,240.56,56.766
396921,234.47,56.684
396941,228.39,56.636
396961,222.3,56.62
396981,216.22,56.636
397001,210.11,56.681
397021,204,56.753
397041,197.85,56.848
397061,191.68,56.964
397081,185.48,57.098
397101,179.24,57.245
397121,172.97,57.402
397141,166.65,57.565
397161,160.29,57.73
397181,153.88,57.893
397201,147.43,58.05
397221,140.93,58.197
397241,134.39,58.331
397261,127.81,58.447
397281,121.18,58.543
397301,114.51,58.615
397321,107.8,58.66
397341,101.05,58.677
397361,94.272,58.662
397381,87.462,58.614
397401,80.624,58.532
397421,73.763,58.415
397441,66.882,58.262
397461,59.985,58.072
397481,53.078,57.847
397501,46.163,57.586
397521,39.245,57.291
397541,32.33,56.964
397561,25.421,56.606
397581,18.524,56.22
397601,11.644,55.808
397621,4.7846,55.374
397641,357.95,54.922
397661,351.15,54.454
397681,344.38,53.976
397701,337.65,53.49
397721,330.97,53.003
397741,324.33,52.518
397761,317.74,52.04
397781,311.21,51.574
397801,304.73,51.124
397821,298.31,50.695
397841,291.95,50.291
397861,285.64,49.916
397881,279.38,49.574
397901,273.18,49.267
397921,267.03,48.999
397941,260.92,48.77
397961,254.85,48.584
397981,248.81,48.441
398001,242.8,48.34
398021,236.81,48.282
398041,230.83,48.266
398061,224.86,48.289
398081,218.88,48.35
398101,212.89,48.445
398121,206.89,48.572
398141,200.86,48.727
398161,194.81,48.905
398181,188.72,49.103
398201,182.6,49.316
398221,176.43,49.54
398241,170.22,49.769
398261,163.97,49.999
398281,157.67,50.226
398301,151.32,50.444
398321,144.93,50.649
398341,138.49,50.838
398361,132.01,51.005
398381,125.48,51.148
398401,118.91,51.263
398421,112.31,51.347
398441,105.66,51.397
398461,98.989,51.41
398481,92.285,51.386
398501,85.555,51.322
398521,78.803,51.217
398541,72.034,51.071
398561,65.25,50.883
398581,58.458,50.654
398601,51.659,50.385
398621,44.86,50.077
398641,38.065,49.731
398661,31.277,49.349
398681,24.503,48.935
398701,17.745,48.491
398721,11.009,48.021
398741,4.299,47.528
398761,357.62,47.018
398781,350.98,46.494
398801,344.37,45.961
398821,337.81,45.425
398841,331.29,44.892
398861,324.83,44.367
398881,318.42,43.855
398901,312.06,43.363
398921,305.76,42.896
398941,299.52,42.459
398961,293.33,42.059
398981,287.2,41.699
399001,281.12,41.385
399021,275.09,41.119
399041,269.11,40.905
399061,263.16,40.745
399081,257.25,40.64
399101,251.36,40.59
399121,245.48,40.595
399141,239.61,40.654
399161,233.74,40.764
399181,227.86,40.922
399201,221.97,41.124
399221,216.05,41.367
399241,210.09,41.644
399261,204.11,41.951
399281,198.08,42.283
399301,192.01,42.633
399321,185.9,42.996
399341,179.73,43.366
399361,173.52,43.737
399381,167.26,44.104
399401,160.96,44.461
399421,154.6,44.804
399441,148.21,45.127
399461,141.77,45.427
399481,135.29,45.699
399501,128.78,45.939
399521,122.23,46.144
399541,115.66,46.311
399561,109.06,46.438
399581,102.44,46.523
399601,95.801,46.565
399621,89.152,46.561
399641,82.496,46.513
399661,75.836,46.419
399681,69.178,46.28
399701,62.525,46.097
399721,55.882,45.871
399741,49.253,45.604
399761,42.644,45.299
399781,36.058,44.957
399801,29.499,44.583
399821,22.971,44.18
399841,16.478,43.752
399861,10.024,43.303
399881,3.6109,42.839
399901,357.24,42.364
399921,350.92,41.885
399941,344.65,41.407
399961,338.43,40.935
399981,332.25,40.478
400001,326.13,40.04
400021,320.06,39.628
400041,314.03,39.248
400061,308.05,38.906
400081,302.11,38.608
400101,296.2,38.358
400121,290.32,38.161
400141,284.46,38.021
400161,278.61,37.939
400181,272.76,37.918
400201,266.91,37.959
400221,261.05,38.06
400241,255.17,38.221
400261,249.26,38.438
400281,243.31,38.709
400301,237.33,39.03
400321,231.3,39.394
400341,225.22,39.798
400361,219.09,40.235
400381,212.9,40.699
400401,206.67,41.184
400421,200.38,41.683
400441,194.05,42.191
400461,187.66,42.701
400481,181.23,43.206
400501,174.76,43.703
400521,168.24,44.185
400541,161.69,44.647
400561,155.11,45.085
400581,148.5,45.495
400601,141.86,45.874
400621,135.21,46.216
400641,128.54,46.522
400661,121.86,46.787
400681,115.17,47.009
400701,108.48,47.189
400721,101.79,47.324
400741,95.107,47.415
400761,88.436,47.461
400781,81.78,47.463
400801,75.144,47.422
400821,68.531,47.34
400841,61.945,47.218
400861,55.391,47.058
400881,48.871,46.864
400901,42.388,46.639
400921,35.947,46.387
400941,29.548,46.11
400961,23.194,45.814
400981,16.886,45.504
401001,10.626,45.183
401021,4.4136,44.857
401041,358.25,44.532
401061,352.13,44.213
401081,346.05,43.905
401101,340.02,43.614
401121,334.03,43.345
401141,328.06,43.103
401161,322.13,42.894
401181,316.21,42.722
401201,310.31,42.59
401221,304.42,42.503
401241,298.52,42.464
401261,292.62,42.475
401281,286.7,42.536
401301,280.75,42.65
401321,274.77,42.815
401341,268.74,43.031
401361,262.68,43.295
401381,256.56,43.606
401401,250.39,43.96
401421,244.16,44.353
401441,237.88,44.781
401461,231.53,45.238
401481,225.13,45.721
401501,218.68,46.223
401521,212.17,46.739
401541,205.61,47.264
401561,199,47.792
401581,192.35,48.317
401601,185.66,48.836
401621,178.93,49.343
401641,172.18,49.833
401661,165.4,50.302
401681,158.59,50.747
401701,151.77,51.164
401721,144.94,51.549
401741,138.1,51.901
401761,131.26,52.217
401781,124.42,52.496
401801,117.59,52.735
401821,110.77,52.935
401841,103.96,53.095
401861,97.167,53.215
401881,90.399,53.296
401901,83.658,53.338
401921,76.947,53.343
401941,70.268,53.314
401961,63.626,53.251
401981,57.022,53.158
402001,50.46,53.038
402021,43.941,52.894
402041,37.467,52.73
402061,31.038,52.548
402081,24.656,52.355
402101,18.32,52.153
402121,12.031,51.947
402141,5.7854,51.741
402161,359.58,51.541
402181,353.42,51.349
402201,347.3,51.172
402221,341.2,51.013
402241,335.14,50.876
402261,329.1,50.764
402281,323.07,50.682
402301,317.06,50.632
402321,311.05,50.617
402341,305.04,50.64
402361,299.02,50.7
402381,292.98,50.801
402401,286.92,50.941
402421,280.83,51.122
402441,274.7,51.341
402461,268.53,51.599
402481,262.32,51.893
402501,256.05,52.22
402521,249.73,52.578
402541,243.36,52.963
402561,236.93,53.372
402581,230.45,53.801
402601,223.91,54.246
402621,217.32,54.703
402641,210.67,55.166
402661,203.98,55.632
402681,197.25,56.097
402701,190.47,56.555
402721,183.66,57.003
402741,176.82,57.437
402761,169.95,57.854
402781,163.05,58.249
402801,156.14,58.62
402821,149.22,58.964
402841,142.28,59.279
402861,135.35,59.563
402881,128.41,59.814
402901,121.48,60.031
402921,114.57,60.213
402941,107.66,60.361
402961,100.78,60.474
402981,93.915,60.552
403001,87.079,60.597
403021,80.273,60.611
403041,73.5,60.594
403061,66.763,60.549
403081,60.065,60.479
403101,53.408,60.386
403121,46.792,60.273
403141,40.221,60.143
403161,33.695,60
403181,27.213,59.848
403201,20.777,59.689
403221,14.385,59.529
403241,8.0366,59.371
403261,1.7293,59.219
403281,355.46,59.077
403301,349.23,58.947
403321,343.03,58.835
403341,336.86,58.743
403361,330.71,58.673
403381,324.58,58.63
403401,318.47,58.615
403421,312.36,58.629
403441,306.26,58.676
403461,300.15,58.754
403481,294.03,58.867
403501,287.9,59.012
403521,281.74,59.191
403541,275.56,59.401
403561,269.34,59.643
403581,263.08,59.913
403601,256.78,60.211
403621,250.44,60.533
403641,244.05,60.877
403661,237.61,61.239
403681,231.12,61.617
403701,224.58,62.006
403721,217.99,62.404
403741,211.34,62.806
403761,204.66,63.208
403781,197.92,63.607
403801,191.14,63.999
403821,184.33,64.381
403841,177.48,64.749
403861,170.6,65.1
403881,163.69,65.431
403901,156.76,65.74
403921,149.81,66.024
403941,142.86,66.281
403961,135.89,66.509
403981,128.92,66.708
404001,121.96,66.876
404021,115,67.013
404041,108.06,67.118
404061,101.13,67.193
404081,94.215,67.237
404101,87.329,67.252
404121,80.47,67.239
404141,73.642,67.2
404161,66.848,67.137
404181,60.09,67.052
404201,53.371,66.949
404221,46.692,66.829
404241,40.055,66.697
404261,33.461,66.555
404281,26.911,66.406
404301,20.403,66.255
404321,13.939,66.105
404341,7.5166,65.96
404361,1.1345,65.822
404381,354.79,65.696
404401,348.48,65.585
404421,342.21,65.491
404441,335.96,65.418
404461,329.74,65.368
404481,323.54,65.344
404501,317.35,65.347
404521,311.18,65.378
404541,305.01,65.44
404561,298.85,65.532
404581,292.67,65.654
404601,286.49,65.808
404621,280.29,65.991
404641,274.07,66.203
404661,267.82,66.443
404681,261.55,66.708
404701,255.24,66.997
404721,248.89,67.307
404741,242.5,67.634
404761,236.06,67.977
404781,229.58,68.332
404801,223.05,68.695
404821,216.48,69.063
404841,209.86,69.432
404861,203.19,69.8
404881,196.48,70.162
404901,189.72,70.516
404921,182.93,70.858
404941,176.1,71.184
404961,169.23,71.493
404981,162.34,71.782
405001,155.42,72.048
405021,148.49,72.289
405041,141.53,72.504
405061,134.57,72.691
405081,127.6,72.85
405101,120.63,72.979
405121,113.66,73.079
405141,106.7,73.15
405161,99.747,73.191
405181,92.815,73.205
405201,85.903,73.192
405221,79.016,73.154
405241,72.156,73.093
405261,65.326,73.011
405281,58.531,72.911
405301,51.771,72.794
405321,45.049,72.665
405341,38.366,72.526
405361,31.724,72.381
405381,25.122,72.233
405401,18.562,72.085
405421,12.043,71.941
405441,5.5633,71.804
405461,359.12,71.678
405481,352.72,71.566
405501,346.35,71.47
405521,340.01,71.395
405541,333.7,71.341
405561,327.42,71.312
405581,321.16,71.31
405601,314.91,71.335
405621,308.68,71.39
405641,302.46,71.476
405661,296.24,71.591
405681,290.01,71.737
405701,283.78,71.914
405721,277.54,72.119
405741,271.29,72.352
405761,265.01,72.611
405781,258.71,72.894
405801,252.37,73.199
405821,246.01,73.523
405841,239.61,73.863
405861,233.17,74.216
405881,226.7,74.578
405901,220.17,74.947
405921,213.61,75.318
405941,207,75.688
405961,200.35,76.054
405981,193.66,76.412
406001,186.93,76.76
406021,180.15,77.093
406041,173.34,77.408
406061,166.5,77.704
406081,159.62,77.978
406101,152.72,78.228
406121,145.79,78.452
406141,138.85,78.648
406161,131.89,78.816
406181,124.92,78.955
406201,117.95,79.064
406221,110.97,79.143
406241,104,79.194
406261,97.042,79.216
406281,90.092,79.212
406301,83.159,79.182
406321,76.247,79.128
406341,69.358,79.052
406361,62.496,78.958
406381,55.665,78.847
406401,48.865,78.722
406421,42.1,78.587
406441,35.371,78.444
406461,28.679,78.298
406481,22.025,78.151
406501,15.409,78.007
406521,8.8315,77.869
406541,2.2909,77.742
406561,355.79,77.627
406581,349.32,77.529
406601,342.88,77.449
406621,336.47,77.392
406641,330.09,77.359
406661,323.74,77.352
406681,317.4,77.374
406701,311.09,77.425
406721,304.78,77.507
406741,298.49,77.621
406761,292.2,77.766
406781,285.91,77.942
406801,279.62,78.149
406821,273.32,78.385
406841,267,78.65
406861,260.67,78.94
406881,254.32,79.255
406901,247.95,79.591
406921,241.55,79.945
406941,235.12,80.3152
406961,228.65,80.6968
406981,222.15,81.0868
407001,215.62,81.4815
407021,209.04,81.8772
407041,202.43,82.2701
407061,195.78,82.6566
407081,189.08,83.0329
407101,182.35,83.3957
407121,175.58,83.7417
407141,168.78,84.0678
407161,161.94,84.3712
407181,155.07,84.6495
407201,148.17,84.9007
407221,141.25,85.1229
407241,134.31,85.3148
407261,127.35,85.4755
407281,120.37,85.6045
407301,113.39,85.7016
407321,106.41,85.7671
407341,99.423,85.8017
407361,92.442,85.8065
407381,85.47,85.7829
407401,78.511,85.7328
407421,71.568,85.6583
407441,64.645,85.5618
407461,57.744,85.4461
407481,50.87,85.3142
407501,44.024,85.1691
407521,37.208,85.0142
407541,30.425,84.8529
407561,23.674,84.6889
407581,16.958,84.5258
407601,10.277,84.367
407621,3.6297,84.2162
407641,357.02,84.0769
407661,350.44,83.9524
407681,343.89,83.8459
407701,337.37,83.7604
407721,330.88,83.6985
407741,324.41,83.6628
407761,317.97,83.6553
407781,311.55,83.6779
407801,305.14,83.7318
407821,298.75,83.8182
407841,292.36,83.9376
407861,285.98,84.0901
407881,279.6,84.2754
407901,273.22,84.4929
407921,266.83,84.7414
407941,260.44,85.0193
407961,254.02,85.3246
407981,247.6,85.655
408001,241.15,86.0078
408021,234.68,86.38
408041,228.18,86.7682
408061,221.66,87.1689
408081,215.1,87.5783
408101,208.51,87.9924
408121,201.89,88.4073
408141,195.24,88.8189
408161,188.55,89.22318
408181,181.82,89.61608
408201,175.06,89.9937591
408221,168.27,90.35254
408241,161.44,90.68898
408261,154.59,90.99992
408281,147.7,91.2825
408301,140.79,91.5344
408321,133.85,91.7535
408341,126.9,91.9382
408361,119.92,92.0874
408381,112.94,92.2006
408401,105.94,92.2774
408421,98.938,92.3183
408441,91.935,92.324
408461,84.934,92.2959
408481,77.94,92.2354
408501,70.955,92.1448
408521,63.985,92.0265
408541,57.031,91.8832
408561,50.097,91.7179
408581,43.186,91.5341
408601,36.3,91.3351
408621,29.441,91.1248
408641,22.612,90.90676
408661,15.812,90.685
408681,9.0425,90.46337
408701,2.3044,90.24574
408721,355.6,90.035925
408741,348.92,89.83763
408761,342.27,89.65442
408781,335.66,89.48965
408801,329.06,89.34646
408821,322.5,89.22773
408841,315.95,89.13602
408861,309.43,89.07358
408881,302.92,89.04228
408901,296.43,89.04362
408921,289.95,89.07868
408941,283.47,89.14815
408961,277,89.25225
408981,270.53,89.39079
409001,264.06,89.56313
409021,257.58,89.76822
409041,251.09,90.0045441
409061,244.58,90.27021
409081,238.07,90.56292
409101,231.53,90.88002
409121,224.97,91.2185
409141,218.39,91.575
409161,211.78,91.946
409181,205.14,92.3277
409201,198.48,92.716
409221,191.78,93.1068
409241,185.06,93.4959
409261,178.3,93.8789
409281,171.51,94.2516
409301,164.69,94.6098
409321,157.85,94.9495
409341,150.97,95.2667
409361,144.07,95.5579
409381,137.15,95.8197
409401,130.2,96.0491
409421,123.24,96.2437
409441,116.25,96.4014
409461,109.26,96.5205
409481,102.25,96.6001
409501,95.243,96.6395
409521,88.23,96.6387
409541,81.217,96.5984
409561,74.21,96.5196
409581,67.211,96.4038
409601,60.224,96.2532
409621,53.251,96.0702
409641,46.297,95.8578
409661,39.363,95.6191
409681,32.452,95.3577
409701,25.566,95.0774
409721,18.706,94.7821
409741,11.875,94.476
409761,5.0719,94.1631
409781,358.3,93.8478
409801,351.55,93.5343
409821,344.84,93.2265
409841,338.15,92.9285
409861,331.49,92.6442
409881,324.86,92.3771
409901,318.25,92.1306
409921,311.67,91.9079
409941,305.1,91.7117
409961,298.55,91.5445
409981,292.01,91.4082
410001,285.49,91.3047
410021,278.97,91.2351
410041,272.46,91.2003
410061,265.95,91.2007
410081,259.44,91.2363
410101,252.92,91.3065
410121,246.39,91.4106
410141,239.85,91.5471
410161,233.3,91.7144
410181,226.73,91.9103
410201,220.14,92.1323
410221,213.53,92.3776
410241,206.89,92.6431
410261,200.22,92.9254
410281,193.53,93.2207
410301,186.81,93.5254
410321,180.06,93.8352
410341,173.28,94.1463
410361,166.47,94.4543
410381,159.64,94.755
410401,152.77,95.0444
410421,145.88,95.3184
410441,138.96,95.5729
410461,132.03,95.8043
410481,125.07,96.0091
410501,118.09,96.1842
410521,111.1,96.3266
410541,104.1,96.4339
410561,97.094,96.5042
410581,90.082,96.5359
410601,83.07,96.528
410621,76.06,96.4801
410641,69.058,96.3923
410661,62.067,96.265
410681,55.089,96.0995
410701,48.128,95.8974
410721,41.187,95.6608
410741,34.268,95.3924
410761,27.375,95.0951
410781,20.508,94.7723
410801,13.669,94.4276
410821,6.8607,94.0649
410841,0.082404,93.6884
410861,353.33,93.3022
410881,346.62,92.9106
410901,339.93,92.5178
410921,333.28,92.1282
410941,326.65,91.7458
410961,320.05,91.3746
410981,313.47,91.0184
411001,306.92,90.6808
411021,300.39,90.36501
411041,293.88,90.074003
411061,287.39,89.81039
411081,280.9,89.57641
411101,274.43,89.37391
411121,267.96,89.2043
411141,261.49,89.06861
411161,255.03,88.9674
411181,248.55,88.9008
411201,242.07,88.8685
411221,235.58,88.8697
411241,229.08,88.9034
411261,222.55,88.9679
411281,216.01,89.06133
411301,209.44,89.18141
411321,202.85,89.32551
411341,196.23,89.49072
411361,189.58,89.67387
411381,182.9,89.87158
411401,176.19,90.080255
411421,169.45,90.29619
411441,162.68,90.51558
411461,155.88,90.73454
411481,149.04,90.9492
411501,142.18,91.1557
411521,135.29,91.3503
411541,128.38,91.5294
411561,121.45,91.6895
411581,114.49,91.8272
411601,107.52,91.9397
411621,100.53,92.0243
411641,93.54,92.0785
411661,86.54,92.1003
411681,79.539,92.0882
411701,72.539,92.041
411721,65.546,91.9579
411741,58.564,91.8388
411761,51.595,91.6838
411781,44.644,91.4937
411801,37.713,91.2696
411821,30.807,91.0132
411841,23.928,90.72647
411861,17.079,90.41202
411881,10.261,90.072667
411901,3.4756,89.7116
411921,356.72,89.33229
411941,350.01,88.9384
411961,343.33,88.5339
411981,336.68,88.1227
412001,330.07,87.7089
412021,323.49,87.2965
412041,316.95,86.8895
412061,310.43,86.4918
412081,303.94,86.1072
412101,297.48,85.7392
412121,291.04,85.391
412141,284.62,85.0656
412161,278.22,84.7657
412181,271.83,84.4935
412201,265.44,84.2511
412221,259.07,84.0398
412241,252.69,83.8607
412261,246.32,83.7146
412281,239.94,83.6015
412301,233.54,83.5214
412321,227.14,83.4734
412341,220.72,83.4567
412361,214.27,83.4697
412381,207.81,83.5105
412401,201.32,83.5771
412421,194.8,83.6669
412441,188.25,83.7772
412461,181.67,83.9049
412481,175.05,84.0469
412501,168.4,84.1998
412521,161.72,84.36
412541,155,84.5241
412561,148.24,84.6883
412581,141.46,84.8493
412601,134.64,85.0033
412621,127.79,85.147
412641,120.91,85.2771
412661,114.01,85.3904
412681,107.09,85.4841
412701,100.14,85.5554
412721,93.184,85.6021
412741,86.212,85.6219
412761,79.232,85.6132
412781,72.248,85.5746
412801,65.265,85.5051
412821,58.286,85.404
412841,51.317,85.2711
412861,44.361,85.1066
412881,37.423,84.9112
412901,30.506,84.6857
412921,23.614,84.4317
412941,16.751,84.151
412961,9.9188,83.8456
412981,3.1211,83.5181
413001,356.36,83.1713
413021,349.64,82.8082
413041,342.95,82.4322
413061,336.31,82.0468
413081,329.7,81.6555
413101,323.13,81.2622
413121,316.61,80.8705
413141,310.12,80.4841
413161,303.66,80.1067
413181,297.24,79.742
413201,290.84,79.393
413221,284.47,79.063
413241,278.13,78.754
413261,271.81,78.47
413281,265.5,78.213
413301,259.2,77.984
413321,252.91,77.784
413341,246.63,77.616
413361,240.34,77.478
413381,234.05,77.372
413401,227.74,77.298
413421,221.43,77.254
413441,215.09,77.239
413461,208.73,77.253
413481,202.35,77.292
413501,195.94,77.355
413521,189.5,77.44
413541,183.03,77.543
413561,176.52,77.662
413581,169.98,77.793
413601,163.39,77.934
413621,156.77,78.08
413641,150.11,78.229
413661,143.42,78.377
413681,136.68,78.52
413701,129.91,78.655
413721,123.11,78.779
413741,116.27,78.889
413761,109.41,78.982
413781,102.52,79.055
413801,95.6,79.107
413821,88.665,79.134
413841,81.714,79.135
413861,74.751,79.11
413881,67.78,79.055
413901,60.806,78.972
413921,53.834,78.859
413941,46.867,78.717
413961,39.911,78.546
413981,32.97,78.346
414001,26.049,78.119
414021,19.151,77.867
414041,12.281,77.59
414061,5.4422,77.292
414081,358.64,76.975
414101,351.87,76.64
414121,345.14,76.293
414141,338.46,75.935
414161,331.82,75.569
414181,325.22,75.2
414201,318.66,74.83
414221,312.15,74.464
414241,305.68,74.105
414261,299.25,73.755
414281,292.86,73.419
414301,286.5,73.1
414321,280.17,72.8
414341,273.88,72.522
414361,267.6,72.268
414381,261.35,72.041
414401,255.11,71.842
414421,248.89,71.673
414441,242.66,71.533
414461,236.44,71.424
414481,230.22,71.345
414501,223.99,71.296
414521,217.74,71.276
414541,211.47,71.285
414561,205.19,71.319
414581,198.87,71.377
414601,192.53,71.458
414621,186.16,71.557
414641,179.75,71.673
414661,173.3,71.802
414681,166.81,71.941
414701,160.29,72.086
414721,153.72,72.235
414741,147.11,72.383
414761,140.46,72.528
414781,133.77,72.666
414801,127.05,72.794
414821,120.28,72.908
414841,113.48,73.006
414861,106.64,73.085
414881,99.779,73.142
414901,92.887,73.176
414921,85.972,73.184
414941,79.036,73.166
414961,72.085,73.119
414981,65.122,73.043
415001,58.153,72.938
415021,51.181,72.804
415041,44.211,72.64
415061,37.248,72.448
415081,30.297,72.228
415101,23.362,71.982
415121,16.448,71.712
415141,9.5604,71.42
415161,2.7021,71.107
415181,355.88,70.777
415201,349.09,70.433
415221,342.34,70.077
415241,335.64,69.713
415261,328.98,69.345
415281,322.36,68.974
415301,315.8,68.607
415321,309.28,68.244
415341,302.81,67.891
415361,296.38,67.55
415381,290,67.225
415401,283.65,66.918
415421,277.35,66.633
415441,271.08,66.371
415461,264.84,66.135
415481,258.62,65.927
415501,252.42,65.748
415521,246.24,65.599
415541,240.07,65.481
415561,233.9,65.394
415581,227.74,65.337
415601,221.56,65.309
415621,215.37,65.311
415641,209.17,65.339
415661,202.95,65.392
415681,196.69,65.468
415701,190.41,65.564
415721,184.1,65.677
415741,177.75,65.804
415761,171.36,65.942
415781,164.93,66.088
415801,158.46,66.237
415821,151.95,66.386
415841,145.39,66.533
415861,138.79,66.672
415881,132.14,66.801
415901,125.46,66.917
415921,118.73,67.016
415941,111.97,67.095
415961,105.17,67.153
415981,98.337,67.186
416001,91.473,67.192
416021,84.583,67.171
416041,77.67,67.119
416061,70.737,67.038
416081,63.789,66.925
416101,56.83,66.78
416121,49.865,66.605
416141,42.898,66.399
416161,35.934,66.163
416181,28.979,65.899
416201,22.036,65.608
416221,15.11,65.293
416241,8.2073,64.956
416261,1.3311,64.599
416281,354.49,64.226
416301,347.68,63.839
416321,340.91,63.443
416341,334.18,63.041
416361,327.5,62.636
416381,320.86,62.232
416401,314.28,61.833
416421,307.75,61.443
416441,301.27,61.065
416461,294.83,60.703
416481,288.45,60.36
416501,282.12,60.039
416521,275.83,59.744
416541,269.58,59.476
416561,263.37,59.237
416581,257.19,59.03
416601,251.04,58.855
416621,244.91,58.713
416641,238.79,58.605
416661,232.69,58.53
416681,226.58,58.487
416701,220.48,58.476
416721,214.36,58.495
416741,208.24,58.541
416761,202.09,58.613
416781,195.91,58.707
416801,189.71,58.821
416821,183.48,58.952
416841,177.2,59.095
416861,170.89,59.247
416881,164.54,59.404
416901,158.14,59.562
416921,151.7,59.718
416941,145.21,59.867
416961,138.68,60.006
416981,132.11,60.132
417001,125.49,60.24
417021,118.82,60.328
417041,112.12,60.392
417061,105.38,60.43
417081,98.604,60.439
417101,91.796,60.418
417121,84.958,60.365
417141,78.094,60.278
417161,71.208,60.157
417181,64.304,60
417201,57.386,59.809
417221,50.458,59.583
417241,43.525,59.323
417261,36.592,59.031
417281,29.662,58.707
417301,22.742,58.355
417321,15.835,57.976
417341,8.9468,57.573
417361,2.0818,57.15
417381,355.24,56.709
417401,348.44,56.255
417421,341.67,55.791
417441,334.95,55.322
417461,328.27,54.852
417481,321.63,54.386
417501,315.05,53.927
417521,308.53,53.481
417541,302.05,53.051
417561,295.64,52.642
417581,289.27,52.258
417601,282.97,51.902
417621,276.71,51.577
417641,270.51,51.287
417661,264.35,51.033
417681,258.23,50.818
417701,252.15,50.642
417721,246.1,50.507
417741,240.07,50.412
417761,234.05,50.357
417781,228.05,50.341
417801,222.04,50.362
417821,216.03,50.417
417841,210.01,50.505
417861,203.97,50.621
417881,197.91,50.763
417901,191.82,50.927
417921,185.69,51.108
417941,179.53,51.302
417961,173.32,51.505
417981,167.07,51.712
418001,160.78,51.919
418021,154.44,52.122
418041,148.06,52.315
418061,141.63,52.495
418081,135.15,52.657
418101,128.63,52.798
418121,122.06,52.915
418141,115.46,53.004
418161,108.81,53.062
418181,102.13,53.086
418201,95.423,53.075
418221,88.683,53.027
418241,81.917,52.939
418261,75.129,52.813
418281,68.323,52.646
418301,61.504,52.438
418321,54.675,52.192
418341,47.841,51.906
418361,41.006,51.583
418381,34.175,51.224
418401,27.352,50.831
418421,20.542,50.408
418441,13.75,49.957
418461,6.9794,49.482
418481,0.23582,48.987
418501,353.52,48.476
418521,346.85,47.953
418541,340.21,47.425
418561,333.62,46.894
418581,327.07,46.368
418601,320.58,45.852
418621,314.14,45.351
418641,307.76,44.87
418661,301.43,44.415
418681,295.16,43.991
418701,288.95,43.603
418721,282.8,43.255
418741,276.7,42.951
418761,270.65,42.694
418781,264.64,42.487
418801,258.67,42.331
418821,252.73,42.227
418841,246.82,42.176
418861,240.92,42.177
418881,235.03,42.227
418901,229.14,42.325
418921,223.25,42.467
418941,217.33,42.651
418961,211.4,42.871
418981,205.43,43.122
419001,199.43,43.401
419021,193.39,43.701
419041,187.31,44.017
419061,181.19,44.343
419081,175.02,44.675
419101,168.8,45.006
419121,162.53,45.332
419141,156.22,45.647
419161,149.86,45.946
419181,143.45,46.224
419201,137.01,46.479
419221,130.52,46.705
419241,123.99,46.899
419261,117.44,47.058
419281,110.85,47.179
419301,104.24,47.26
419321,97.6,47.299
419341,90.945,47.295
419361,84.277,47.246
419381,77.598,47.153
419401,70.915,47.015
419421,64.23,46.833
419441,57.55,46.608
419461,50.877,46.34
419481,44.216,46.033
419501,37.573,45.688
419521,30.951,45.309
419541,24.354,44.898
419561,17.786,44.46
419581,11.253,43.998
419601,4.756,43.517
419621,358.3,43.023
419641,351.89,42.519
419661,345.52,42.014
419681,339.21,41.511
419701,332.94,41.017
419721,326.73,40.539
419741,320.56,40.083
419761,314.45,39.655
419781,308.39,39.261
419801,302.38,38.907
419821,296.41,38.598
419841,290.48,38.34
419861,284.58,38.135
419881,278.7,37.988
419901,272.85,37.901
419921,267,37.875
419941,261.15,37.91
419961,255.3,38.006
419981,249.44,38.161
420001,243.55,38.371
420021,237.63,38.634
420041,231.67,38.945
420061,225.67,39.298
420081,219.63,39.689
420101,213.54,40.111
420121,207.4,40.558
420141,201.21,41.023
420161,194.97,41.501
420181,188.68,41.986
420201,182.34,42.47
420221,175.95,42.949
420241,169.52,43.416
420261,163.05,43.867
420281,156.54,44.297
420301,150,44.701
420321,143.43,45.075
420341,136.83,45.417
420361,130.21,45.721
420381,123.58,45.987
420401,116.92,46.211
420421,110.27,46.393
420441,103.6,46.53
420461,96.939,46.622
420481,90.28,46.669
420501,83.63,46.671
420521,76.994,46.628
420541,70.376,46.542
420561,63.779,46.414
420581,57.209,46.247
420601,50.668,46.042
420621,44.16,45.803
420641,37.69,45.533
420661,31.259,45.236
420681,24.87,44.916
420701,18.526,44.577
420721,12.229,44.224
420741,5.9789,43.863
420761,359.78,43.499
420781,353.62,43.136
420801,347.52,42.782
420821,341.45,42.441
420841,335.43,42.119
420861,329.45,41.822
420881,323.51,41.556
420901,317.59,41.326
420921,311.69,41.135
420941,305.81,40.99
420961,299.94,40.892
420981,294.07,40.846
421001,288.18,40.853
421021,282.28,40.914
421041,276.36,41.03
421061,270.4,41.201
421081,264.4,41.425
421101,258.35,41.7
421121,252.26,42.022
421141,246.11,42.389
421161,239.91,42.795
421181,233.64,43.236
421201,227.33,43.706
421221,220.95,44.201
421241,214.52,44.714
421261,208.04,45.24
421281,201.51,45.773
421301,194.93,46.308
421321,188.31,46.838
421341,181.65,47.359
421361,174.95,47.866
421381,168.23,48.354
421401,161.48,48.82
421421,154.71,49.259
421441,147.93,49.667
421461,141.13,50.043
421481,134.33,50.383
421501,127.52,50.685
421521,120.71,50.948
421541,113.92,51.17
421561,107.13,51.352
421581,100.35,51.492
421601,93.6,51.591
421621,86.869,51.649
421641,80.164,51.669
421661,73.489,51.651
421681,66.847,51.597
421701,60.241,51.51
421721,53.675,51.392
421741,47.15,51.247
421761,40.669,51.078
421781,34.233,50.888
421801,27.843,50.683
421821,21.499,50.466
421841,15.202,50.241
421861,8.9516,50.013
421881,2.7456,49.787
421901,356.58,49.567
421921,350.46,49.358
421941,344.37,49.165
421961,338.32,48.992
421981,332.29,48.844
422001,326.28,48.723
422021,320.29,48.634
422041,314.31,48.581
422061,308.33,48.564
422081,302.34,48.588
422101,296.34,48.653
422121,290.33,48.76
422141,284.28,48.909
422161,278.2,49.101
422181,272.08,49.334
422201,265.91,49.607
422221,259.7,49.917
422241,253.43,50.263
422261,247.11,50.64
422281,240.74,51.045
422301,234.3,51.474
422321,227.81,51.923
422341,221.27,52.387
422361,214.67,52.863
422381,208.02,53.345
422401,201.32,53.828
422421,194.59,54.308
422441,187.81,54.781
422461,181,55.243
422481,174.16,55.689
422501,167.29,56.115
422521,160.41,56.519
422541,153.5,56.897
422561,146.59,57.247
422581,139.67,57.566
422601,132.75,57.852
422621,125.83,58.104
422641,118.92,58.32
422661,112.03,58.501
422681,105.14,58.646
422701,98.284,58.755
422721,91.447,58.829
422741,84.639,58.868
422761,77.861,58.876
422781,71.118,58.852
422801,64.412,58.8
422821,57.745,58.722
422841,51.12,58.621
422861,44.538,58.5
422881,38.001,58.363
422901,31.509,58.213
422921,25.062,58.053
422941,18.661,57.888
422961,12.304,57.722
422981,5.9903,57.559
423001,359.72,57.402
423021,353.48,57.256
423041,347.28,57.124
423061,341.12,57.01
423081,334.98,56.917
423101,328.86,56.848
423121,322.76,56.806
423141,316.67,56.794
423161,310.58,56.813
423181,304.49,56.865
423201,298.4,56.951
423221,292.29,57.071
423241,286.17,57.226
423261,280.02,57.415
423281,273.83,57.637
423301,267.61,57.891
423321,261.35,58.174
423341,255.04,58.486
423361,248.69,58.822
423381,242.29,59.18
423401,235.83,59.557
423421,229.32,59.949
423441,222.76,60.352
423461,216.15,60.763
423481,209.49,61.179
423501,202.79,61.594
423521,196.04,62.005
423541,189.24,62.409
423561,182.42,62.801
423581,175.55,63.179
423601,168.66,63.539
423621,161.75,63.878
423641,154.81,64.194
423661,147.87,64.483
423681,140.91,64.746
423701,133.95,64.978
423721,126.98,65.18
423741,120.02,65.351
423761,113.08,65.489
423781,106.14,65.596
423801,99.224,65.671
423821,92.329,65.715
423841,85.459,65.73
423861,78.619,65.716
423881,71.811,65.676
423901,65.038,65.611
423921,58.303,65.525
423941,51.608,65.419
423961,44.954,65.298
423981,38.343,65.164
424001,31.775,65.021
424021,25.252,64.871
424041,18.772,64.719
424061,12.335,64.569
424081,5.9403,64.423
424101,359.59,64.286
424121,353.27,64.161
424141,346.99,64.051
424161,340.74,63.959
424181,334.51,63.888
424201,328.31,63.841
424221,322.13,63.82
424241,315.97,63.827
424261,309.81,63.863
424281,303.66,63.929
424301,297.5,64.026
424321,291.34,64.154
424341,285.16,64.314
424361,278.97,64.503
424381,272.75,64.722
424401,266.5,64.968
424421,260.21,65.239
424441,253.9,65.535
424461,247.53,65.85
424481,241.13,66.184
424501,234.68,66.533
424521,228.18,66.893
424541,221.64,67.261
424561,215.05,67.634
424581,208.41,68.009
424601,201.72,68.38
424621,194.99,68.746
424641,188.22,69.103
424661,181.41,69.448
424681,174.56,69.777
424701,167.68,70.087
424721,160.78,70.377
424741,153.85,70.644
424761,146.91,70.886
424781,139.95,71.101
424801,132.98,71.288
424821,126.01,71.445
424841,119.04,71.574
424861,112.07,71.672
424881,105.12,71.741
424901,98.176,71.781
424921,91.254,71.793
424941,84.354,71.778
424961,77.48,71.738
424981,70.636,71.675
425001,63.824,71.591
425021,57.047,71.488
425041,50.307,71.37
425061,43.607,71.24
425081,36.946,71.099
425101,30.327,70.953
425121,23.75,70.804
425141,17.214,70.656
425161,10.72,70.511
425181,4.2652,70.375
425201,357.85,70.249
425221,351.47,70.137
425241,345.13,70.043
425261,338.81,69.968
425281,332.53,69.917
425301,326.26,69.889
425321,320.02,69.889
425341,313.8,69.917
425361,307.58,69.974
425381,301.37,70.061
425401,295.17,70.179
425421,288.95,70.327
425441,282.73,70.505
425461,276.5,70.712
425481,270.25,70.946
425501,263.97,71.206
425521,257.67,71.49
425541,251.33,71.795
425561,244.96,72.118
425581,238.56,72.457
425601,232.11,72.808
425621,225.62,73.168
425641,219.09,73.534
425661,212.51,73.903
425681,205.89,74.269
425701,199.22,74.631
425721,192.51,74.985
425741,185.76,75.327
425761,178.97,75.655
425781,172.15,75.966
425801,165.29,76.257
425821,158.4,76.525
425841,151.49,76.77
425861,144.56,76.988
425881,137.61,77.179
425901,130.64,77.341
425921,123.67,77.474
425941,116.7,77.579
425961,109.73,77.654
425981,102.76,77.7
426001,95.807,77.718
426021,88.867,77.709
426041,81.945,77.676
426061,75.046,77.619
426081,68.173,77.541
426101,61.328,77.444
426121,54.515,77.331
426141,47.736,77.205
426161,40.993,77.069
426181,34.287,76.926
426201,27.619,76.78
426221,20.99,76.634
426241,14.4,76.491
426261,7.8485,76.355
426281,1.3347,76.229
426301,354.86,76.117
426321,348.41,76.021
426341,342,75.944
426361,335.62,75.89
426381,329.27,75.861
426401,322.94,75.857
426421,316.63,75.882
426441,310.34,75.937
426461,304.06,76.022
426481,297.78,76.139
426501,291.51,76.286
426521,285.24,76.465
426541,278.96,76.673
426561,272.68,76.911
426581,266.37,77.176
426601,260.05,77.466
426621,253.71,77.78
426641,247.34,78.114
426661,240.95,78.466
426681,234.52,78.832
426701,228.05,79.209
426721,221.55,79.593
426741,215.01,79.982
426761,208.43,80.3701
426781,201.8,80.7553
426801,195.14,81.1334
426821,188.44,81.5009
426841,181.7,81.8544
426861,174.92,82.1909
426881,168.11,82.5074
426901,161.26,82.8012
426921,154.38,83.0701
426941,147.48,83.3122
426961,140.55,83.5257
426981,133.6,83.7094
427001,126.64,83.8626
427021,119.66,83.9848
427041,112.68,84.0759
427061,105.7,84.1363
427081,98.722,84.1667
427101,91.749,84.1684
427121,84.787,84.1427
427141,77.839,84.0915
427161,70.909,84.017
427181,64.001,83.9215
427201,57.118,83.8079
427221,50.263,83.6791
427241,43.437,83.5381
427261,36.644,83.3884
427281,29.884,83.2333
427301,23.158,83.0764
427321,16.468,82.9212
427341,9.8127,82.7712
427361,3.193,82.63
427381,356.61,82.5009
427401,350.06,82.3872
427421,343.54,82.2922
427441,337.05,82.2185
427461,330.58,82.1689
427481,324.15,82.1457
427501,317.73,82.1509
427521,311.34,82.1862
427541,304.96,82.2528
427561,298.59,82.3517
427581,292.23,82.4832
427601,285.87,82.6474
427621,279.52,82.8439
427641,273.16,83.0718
427661,266.79,83.3299
427681,260.41,83.6165
427701,254.02,83.9294
427721,247.61,84.2664
427741,241.17,84.6244
427761,234.71,85.0006
427781,228.23,85.3915
427801,221.71,85.7934
427821,215.16,86.2028
427841,208.58,86.6155
427861,201.97,87.0277
427881,195.31,87.4355
427901,188.63,87.8347
427921,181.9,88.2216
427941,175.14,88.5925
427961,168.35,88.9438
427981,161.52,89.2723
428001,154.66,89.57507
428021,147.77,89.84949
428041,140.86,90.093344
428061,133.92,90.30484
428081,126.96,90.48262
428101,119.99,90.62577
428121,113.01,90.73385
428141,106.01,90.80687
428161,99.013,90.84532
428181,92.014,90.85011
428201,85.019,90.82259
428221,78.032,90.76451
428241,71.056,90.67801
428261,64.095,90.56555
428281,57.153,90.42991
428301,50.232,90.27415
428321,43.335,90.10156
428341,36.464,89.915606
428361,29.622,89.71993
428381,22.809,89.51825
428401,16.028,89.31437
428421,9.2777,89.1121
428441,2.5597,88.9152
428461,355.87,88.7275
428481,349.22,88.5524
428501,342.59,88.3936
428521,336,88.2541
428541,329.43,88.137
428561,322.88,88.0452
428581,316.36,87.9809
428601,309.86,87.9464
428621,303.37,87.9432
428641,296.9,87.9729
428661,290.44,88.0363
428681,283.99,88.1339
428701,277.53,88.2658
428721,271.08,88.4316
428741,264.63,88.6307
428761,258.17,88.8616
428781,251.69,89.12289
428801,245.21,89.4124
428821,238.71,89.72771
428841,232.18,90.066053
428861,225.64,90.42429
428881,219.07,90.79901
428901,212.47,91.1865
428921,205.85,91.583
428941,199.19,91.9843
428961,192.51,92.3864
428981,185.79,92.7848
429001,179.04,93.1755
429021,172.26,93.5541
429041,165.45,93.9167
429061,158.61,94.2591
429081,151.74,94.5778
429101,144.84,94.8693
429121,137.92,95.1304
429141,130.98,95.3585
429161,124.01,95.5512
429181,117.03,95.7068
429201,110.04,95.824
429221,103.04,95.9019
429241,96.027,95.9403
429261,89.015,95.9394
429281,82.004,95.9001
429301,74.998,95.8236
429321,68,95.7118
429341,61.014,95.5668
429361,54.043,95.3913
429381,47.091,95.1883
429401,40.159,94.961
429421,33.25,94.7132
429441,26.367,94.4485
429461,19.51,94.1709
429481,12.681,93.8846
429501,5.882,93.5935
429521,359.11,93.302
429541,352.37,93.014
429561,345.66,92.7336
429581,338.98,92.4647
429601,332.32,92.2109
429621,325.69,91.9759
429641,319.09,91.7627
429661,312.51,91.5744
429681,305.94,91.4136
429701,299.4,91.2826
429721,292.86,91.1833
429741,286.34,91.1172
429761,279.83,91.0854
429781,273.32,91.0885
429801,266.81,91.1269
429821,260.3,91.2003
429841,253.78,91.308
429861,247.26,91.449
429881,240.72,91.6218
429901,234.17,91.8245
429921,227.6,92.0549
429941,221,92.3103
429961,214.39,92.5876
429981,207.75,92.8837
430001,201.09,93.1951
430021,194.4,93.5178
430041,187.68,93.8481
430061,180.92,94.1817
430081,174.15,94.5145
430101,167.34,94.8423
430121,160.5,95.1608
430141,153.63,95.4659
430161,146.74,95.7533
430181,139.83,96.0194
430201,132.89,96.2603
430221,125.93,96.4727
430241,118.95,96.6535
430261,111.96,96.8
430281,104.96,96.91
430301,97.954,96.9817
430321,90.942,97.0138
430341,83.928,97.0055
430361,76.918,96.9566
430381,69.914,96.8675
430401,62.92,96.7391
430421,55.94,96.5727
430441,48.976,96.3703
430461,42.032,96.1343
430481,35.109,95.8676
430501,28.211,95.5732
430521,21.339,95.2547
430541,14.495,94.916
430561,7.6793,94.5611
430581,0.89375,94.194
430601,354.14,93.8191
430621,347.41,93.4407
430641,340.72,93.063
430661,334.05,92.6902
430681,327.41,92.3265
430701,320.8,91.9757
430721,314.22,91.6416
430741,307.65,91.3275
430761,301.11,91.0367
430781,294.58,90.77192
430801,288.07,90.53569
430821,281.57,90.33007
430841,275.08,90.15677
430861,268.6,90.017049
430881,262.11,89.911752
430901,255.63,89.84129
430921,249.14,89.80562
430941,242.64,89.80428
430961,236.13,89.83638
430981,229.6,89.900605
431001,223.06,89.9952521
431021,216.5,90.11824
431041,209.91,90.26713
431061,203.3,90.43918
431081,196.66,90.63135
431101,189.99,90.84033
431121,183.29,91.0626
431141,176.57,91.2945
431161,169.81,91.5322
431181,163.02,91.7719
431201,156.2,92.0094
431221,149.36,92.2409
431241,142.48,92.4625
431261,135.58,92.6704
431281,128.66,92.8608
431301,121.71,93.0303
431321,114.75,93.1757
431341,107.77,93.2938
431361,100.77,93.3822
431381,93.774,93.4384
431401,86.77,93.4605
431421,79.765,93.4471
431441,72.763,93.3972
431461,65.768,93.3101
431481,58.784,93.1858
431501,51.815,93.0248
431521,44.864,92.8279
431541,37.934,92.5967
431561,31.028,92.3329
431581,24.15,92.0389
431601,17.3,91.7174
431621,10.481,91.3715
431641,3.6949,91.0045
431661,356.94,90.62026
431681,350.22,90.22249
431701,343.54,89.81524
431721,336.89,89.4026
431741,330.27,88.9887
431761,323.68,88.5777
431781,317.13,88.1735
431801,310.6,87.7802
431821,304.1,87.4013
431841,297.62,87.0403
431861,291.17,86.7006
431881,284.73,86.3848
431901,278.31,86.0957
431921,271.9,85.8354
431941,265.49,85.6057
431961,259.1,85.4079
431981,252.7,85.243
432001,246.3,85.1115
432021,239.89,85.0135
432041,233.47,84.9487
432061,227.04,84.9162
432081,220.59,84.9148
432101,214.12,84.9431
432121,207.62,84.999
432141,201.11,85.0802
432161,194.56,85.1842
432181,187.98,85.3081
432201,181.37,85.4488
432221,174.73,85.6029
432241,168.05,85.7672
432261,161.34,85.9379
432281,154.6,86.1114
432301,147.82,86.2842
432321,141.01,86.4526
432341,134.18,86.6129
432361,127.31,86.7618
432381,120.41,86.8958
432401,113.5,87.012
432421,106.56,87.1072
432441,99.6,87.1789
432461,92.63,87.2247
432481,85.65,87.2425
432501,78.664,87.2306
432521,71.676,87.1877
432541,64.69,87.1128
432561,57.711,87.0054
432581,50.743,86.8652
432601,43.79,86.6928
432621,36.856,86.4886
432641,29.945,86.254
432661,23.06,85.9903
432681,16.204,85.6997
432701,9.38,85.3844
432721,2.5904,85.047
432741,355.84,84.6905
432761,349.12,84.3182
432781,342.44,83.9334
432801,335.8,83.5398
432821,329.2,83.1412
432841,322.64,82.7412
432861,316.11,82.3438
432881,309.62,81.9527
432901,303.17,81.5716
432921,296.74,81.2039
432941,290.34,80.8531
432961,283.96,80.5222
432981,277.61,80.2139
433001,271.28,79.931
433021,264.95,79.675
433041,258.64,79.448
433061,252.33,79.252
433081,246.03,79.087
433101,239.72,78.954
433121,233.4,78.852
433141,227.08,78.782
433161,220.74,78.743
433181,214.38,78.733
433201,207.99,78.751
433221,201.58,78.795
433241,195.15,78.863
433261,188.68,78.951
433281,182.18,79.058
433301,175.64,79.181
433321,169.07,79.315
433341,162.46,79.458
433361,155.82,79.606
433381,149.13,79.757
433401,142.41,79.905
433421,135.66,80.0485
433441,128.86,80.1835
433461,122.04,80.3068
433481,115.19,80.4155
433501,108.31,80.5066
433521,101.4,80.5776
433541,94.472,80.626
433561,87.527,80.6499
433581,80.568,80.6474
433601,73.599,80.6172
433621,66.624,80.5582
433641,59.649,80.4696
433661,52.677,80.3513
433681,45.714,80.2032
433701,38.763,80.0257
433721,31.829,79.82
433741,24.917,79.587
433761,18.03,79.327
433781,11.171,79.045
433801,4.3459,78.74
433821,357.56,78.416
433841,350.8,78.076
433861,344.09,77.723
433881,337.42,77.359
433901,330.79,76.989
433921,324.21,76.615
433941,317.66,76.241
433961,311.16,75.872
433981,304.7,75.509
434001,298.28,75.158
434021,291.89,74.82
434041,285.54,74.5
434061,279.21,74.199
434081,272.91,73.922
434101,266.64,73.669
434121,260.38,73.443
434141,254.13,73.245
434161,247.89,73.077
434181,241.66,72.939
434201,235.42,72.832
434221,229.18,72.756
434241,222.93,72.709
434261,216.66,72.692
434281,210.37,72.702
434301,204.06,72.738
434321,197.73,72.798
434341,191.36,72.88
434361,184.96,72.981
434381,178.53,73.098
434401,172.06,73.227
434421,165.54,73.367
434441,158.99,73.512
434461,152.4,73.661
434481,145.77,73.809
434501,139.1,73.953
434521,132.39,74.089
434541,125.64,74.215
434561,118.85,74.328
434581,112.04,74.424
434601,105.18,74.501
434621,98.305,74.556
434641,91.401,74.588
434661,84.475,74.594
434681,77.531,74.574
434701,70.573,74.525
434721,63.607,74.447
434741,56.635,74.34
434761,49.663,74.204
434781,42.696,74.039
434801,35.738,73.846
434821,28.794,73.625
434841,21.869,73.379
434861,14.966,73.109
434881,8.0916,72.816
434901,1.248,72.504
434921,354.44,72.176
434941,347.67,71.833
434961,340.94,71.479
434981,334.25,71.117
435001,327.61,70.751
435021,321.02,70.384
435041,314.47,70.02
435061,307.97,69.661
435081,301.51,69.312
435101,295.09,68.976
435121,288.72,68.656
435141,282.39,68.354
435161,276.09,68.074
435181,269.82,67.817
435201,263.58,67.587
435221,257.36,67.384
435241,251.16,67.211
435261,244.97,67.067
435281,238.79,66.954
435301,232.61,66.871
435321,226.43,66.818
435341,220.23,66.795
435361,214.03,66.8
435381,207.8,66.832
435401,201.56,66.888
435421,195.28,66.966
435441,188.98,67.064
435461,182.64,67.179
435481,176.26,67.307
435501,169.85,67.446
435521,163.39,67.592
435541,156.89,67.741
435561,150.35,67.89
435581,143.77,68.036
435601,137.14,68.175
435621,130.47,68.303
435641,123.77,68.417
435661,117.02,68.515
435681,110.23,68.594
435701,103.41,68.651
435721,96.562,68.683
435741,89.682,68.689
435761,82.777,68.667
435781,75.851,68.617
435801,68.908,68.536
435821,61.951,68.424
435841,54.986,68.282
435861,48.017,68.109
435881,41.048,67.906
435901,34.085,67.675
435921,27.132,67.416
435941,20.195,67.131
435961,13.277,66.822
435981,6.384,66.492
436001,359.52,66.144
436021,352.69,65.78
436041,345.9,65.403
436061,339.14,65.017
436081,332.43,64.626
436101,325.77,64.233
436121,319.15,63.841
436141,312.59,63.454
436161,306.07,63.077
436181,299.61,62.712
436201,293.19,62.363
436221,286.82,62.033
436241,280.5,61.724
436261,274.22,61.441
436281,267.97,61.184
436301,261.76,60.957
436321,255.58,60.76
436341,249.42,60.594
436361,243.28,60.461
436381,237.16,60.36
436401,231.03,60.292
436421,224.91,60.255
436441,218.79,60.248
436461,212.65,60.27
436481,206.49,60.319
436501,200.32,60.392
436521,194.11,60.487
436541,187.88,60.6
436561,181.61,60.729
436581,175.31,60.869
436601,168.96,61.018
436621,162.58,61.172
436641,156.15,61.326
436661,149.67,61.477
436681,143.15,61.621
436701,136.59,61.755
436721,129.98,61.875
436741,123.33,61.977
436761,116.63,62.059
436781,109.9,62.119
436801,103.13,62.152
436821,96.33,62.157
436841,89.496,62.132
436861,82.634,62.075
436881,75.747,61.986
436901,68.84,61.863
436921,61.917,61.706
436941,54.982,61.516
436961,48.039,61.292
436981,41.092,61.035
437001,34.148,60.747
437021,27.209,60.429
437041,20.282,60.084
437061,13.371,59.714
437081,6.4808,59.321
437101,359.62,58.909
437121,352.78,58.481
437141,345.98,58.042
437161,339.22,57.594
437181,332.5,57.141
437201,325.83,56.689
437221,319.21,56.241
437241,312.64,55.801
437261,306.12,55.374
437281,299.66,54.964
437301,293.25,54.574
437321,286.89,54.209
437341,280.59,53.871
437361,274.34,53.563
437381,268.13,53.289
437401,261.97,53.049
437421,255.84,52.847
437441,249.75,52.682
437461,243.68,52.555
437481,237.63,52.466
437501,231.59,52.415
437521,225.56,52.4
437541,219.53,52.42
437561,213.49,52.472
437581,207.43,52.554
437601,201.36,52.663
437621,195.26,52.795
437641,189.13,52.947
437661,182.96,53.115
437681,176.76,53.294
437701,170.51,53.48
437721,164.23,53.67
437741,157.89,53.858
437761,151.52,54.041
437781,145.09,54.214
437801,138.62,54.373
437821,132.1,54.515
437841,125.54,54.636
437861,118.94,54.731
437881,112.3,54.799
437901,105.62,54.837
437921,98.903,54.842
437941,92.156,54.812
437961,85.38,54.745
437981,78.579,54.641
438001,71.757,54.498
438021,64.918,54.316
438041,58.065,54.095
438061,51.203,53.837
438081,44.337,53.541
438101,37.471,53.209
438121,30.609,52.843
438141,23.757,52.446
438161,16.918,52.02
438181,10.098,51.569
438201,3.301,51.095
438221,356.53,50.603
438241,349.8,50.098
438261,343.1,49.583
438281,336.44,49.063
438301,329.82,48.544
438321,323.26,48.031
438341,316.75,47.528
438361,310.29,47.042
438381,303.89,46.577
438401,297.55,46.138
438421,291.26,45.73
438441,285.04,45.357
438461,278.86,45.024
438481,272.74,44.733
438501,266.67,44.487
438521,260.65,44.288
438541,254.66,44.138
438561,248.7,44.038
438581,242.76,43.986
438601,236.84,43.982
438621,230.93,44.025
438641,225.01,44.112
438661,219.09,44.24
438681,213.15,44.405
438701,207.19,44.603
438721,201.2,44.83
438741,195.18,45.081
438761,189.12,45.351
438781,183.02,45.635
438801,176.87,45.927
438821,170.68,46.222
438841,164.44,46.515
438861,158.15,46.801
438881,151.82,47.076
438901,145.44,47.333
438921,139.01,47.57
438941,132.54,47.782
438961,126.04,47.966
438981,119.49,48.117
439001,112.91,48.233
439021,106.3,48.312
439041,99.663,48.351
439061,93.001,48.348
439081,86.32,48.303
439101,79.623,48.214
439121,72.914,48.081
439141,66.199,47.904
439161,59.481,47.685
439181,52.765,47.423
439201,46.056,47.12
439221,39.357,46.779
439241,32.673,46.402
439261,26.009,45.991
439281,19.369,45.551
439301,12.757,45.085
439321,6.1771,44.598
439341,359.63,44.093
439361,353.13,43.577
439381,346.67,43.054
439401,340.26,42.53
439421,333.89,42.012
439441,327.58,41.504
439461,321.32,41.014
439481,315.11,40.548
439501,308.96,40.112
439521,302.86,39.711
439541,296.81,39.351
439561,290.81,39.038
439581,284.85,38.776
439601,278.93,38.568
439621,273.03,38.417
439641,267.16,38.326
439661,261.31,38.296
439681,255.46,38.325
439701,249.61,38.414
439721,243.76,38.559
439741,237.88,38.759
439761,231.98,39.009
439781,226.04,39.304
439801,220.07,39.64
439821,214.06,40.01
439841,208,40.41
439861,201.89,40.832
439881,195.74,41.271
439901,189.53,41.72
439921,183.28,42.173
439941,176.98,42.624
439961,170.63,43.068
439981,164.23,43.499
440001,157.8,43.912
440021,151.32,44.303
440041,144.81,44.666
440061,138.27,44.999
440081,131.7,45.297
440101,125.11,45.558
440121,118.49,45.779
440141,111.87,45.958
440161,105.23,46.094
440181,98.579,46.184
440201,91.931,46.23
440221,85.285,46.229
440241,78.646,46.183
440261,72.018,46.093
440281,65.406,45.959
440301,58.815,45.783
440321,52.247,45.568
440341,45.707,45.316
440361,39.2,45.03
440381,32.728,44.714
440401,26.294,44.371
440421,19.903,44.007
440441,13.555,43.624
440461,7.2535,43.229
440481,0.99962,42.827
440501,354.79,42.423
440521,348.64,42.023
440541,342.53,41.633
440561,336.47,41.259
440581,330.45,40.907
440601,324.47,40.583
440621,318.53,40.293
440641,312.62,40.041
440661,306.73,39.833
440681,300.86,39.673
440701,295,39.564
440721,289.14,39.51
440741,283.28,39.513
440761,277.4,39.573
440781,271.49,39.691
440801,265.56,39.865
440821,259.58,40.095
440841,253.56,40.376
440861,247.5,40.707
440881,241.38,41.082
440901,235.21,41.497
440921,228.98,41.946
440941,222.69,42.424
440961,216.35,42.925
440981,209.96,43.443
441001,203.51,43.973
441021,197.02,44.507
441041,190.48,45.041
441061,183.89,45.569
441081,177.27,46.085
441101,170.62,46.585
441121,163.94,47.065
441141,157.23,47.519
441161,150.5,47.945
441181,143.75,48.338
441201,136.99,48.697
441221,130.23,49.018
441241,123.46,49.299
441261,116.69,49.54
441281,109.93,49.739
441301,103.18,49.896
441321,96.442,50.01
441341,89.724,50.082
441361,83.028,50.112
441381,76.359,50.103
441401,69.719,50.055
441421,63.112,49.971
441441,56.542,49.853
441461,50.011,49.705
441481,43.522,49.529
441501,37.076,49.33
441521,30.675,49.111
441541,24.321,48.876
441561,18.014,48.63
441581,11.754,48.377
441601,5.5397,48.123
441621,359.37,47.872
441641,353.24,47.629
441661,347.16,47.399
441681,341.11,47.187
441701,335.09,46.997
441721,329.1,46.834
441741,323.12,46.702
441761,317.16,46.604
441781,311.21,46.545
441801,305.26,46.526
441821,299.3,46.55
441841,293.32,46.618
441861,287.32,46.731
441881,281.29,46.89
441901,275.23,47.093
441921,269.12,47.34
441941,262.96,47.628
441961,256.75,47.956
441981,250.49,48.319
442001,244.17,48.716
442021,237.79,49.141
442041,231.35,49.59
442061,224.86,50.059
442081,218.32,50.543
442101,211.72,51.037
442121,205.07,51.536
442141,198.38,52.035
442161,191.65,52.531
442181,184.87,53.017
442201,178.07,53.49
442221,171.24,53.946
442241,164.38,54.38
442261,157.51,54.79
442281,150.62,55.173
442301,143.73,55.525
442321,136.83,55.845
442341,129.93,56.131
442361,123.03,56.381
442381,116.15,56.594
442401,109.27,56.77
442421,102.42,56.909
442441,95.587,57.011
442461,88.78,57.077
442481,82.001,57.108
442501,75.255,57.106
442521,68.544,57.072
442541,61.871,57.01
442561,55.239,56.921
442581,48.649,56.81
442601,42.102,56.678
442621,35.601,56.53
442641,29.146,56.369
442661,22.736,56.2
442681,16.372,56.025
442701,10.052,55.851
442721,3.7751,55.679
442741,357.54,55.515
442761,351.34,55.363
442781,345.18,55.227
442801,339.04,55.109
442821,332.93,55.014
442841,326.84,54.945
442861,320.77,54.904
442881,314.7,54.895
442901,308.64,54.918
442921,302.57,54.976
442941,296.5,55.069
442961,290.4,55.198
442981,284.28,55.363
443001,278.14,55.563
443021,271.95,55.798
443041,265.73,56.065
443061,259.46,56.363
443081,253.15,56.689
443101,246.78,57.041
443121,240.37,57.415
443141,233.9,57.808
443161,227.37,58.217
443181,220.8,58.636
443201,214.17,59.063
443221,207.5,59.493
443241,200.77,59.923
443261,194.01,60.348
443281,187.2,60.764
443301,180.36,61.168
443321,173.49,61.557
443341,166.6,61.927
443361,159.68,62.274
443381,152.74,62.597
443401,145.79,62.894
443421,138.84,63.161
443441,131.88,63.398
443461,124.93,63.603
443481,117.98,63.776
443501,111.04,63.917
443521,104.12,64.024
443541,97.219,64.099
443561,90.341,64.143
443581,83.491,64.156
443601,76.672,64.141
443621,69.886,64.099
443641,63.137,64.032
443661,56.427,63.944
443681,49.757,63.836
443701,43.131,63.713
443721,36.547,63.576
443741,30.008,63.431
443761,23.513,63.28
443781,17.062,63.127
443801,10.654,62.975
443821,4.2881,62.829
443841,357.96,62.692
443861,351.67,62.567
443881,345.42,62.458
443901,339.19,62.368
443921,332.99,62.299
443941,326.82,62.256
443961,320.66,62.238
443981,314.51,62.249
444001,308.37,62.29
444021,302.23,62.362
444041,296.09,62.465
444061,289.93,62.6
444081,283.76,62.766
444101,277.57,62.963
444121,271.35,63.189
444141,265.09,63.443
444161,258.8,63.723
444181,252.48,64.026
444201,246.1,64.35
444221,239.69,64.692
444241,233.22,65.049
444261,226.71,65.417
444281,220.14,65.792
444301,213.53,66.173
444321,206.87,66.553
444341,200.17,66.932
444361,193.42,67.303
444381,186.63,67.665
444401,179.8,68.014
444421,172.94,68.347
444441,166.05,68.662
444461,159.14,68.954
444481,152.2,69.224
444501,145.25,69.467
444521,138.28,69.683
444541,131.31,69.871
444561,124.34,70.029
444581,117.38,70.157
444601,110.42,70.255
444621,103.47,70.323
444641,96.537,70.362
444661,89.626,70.373
444681,82.739,70.356
444701,75.881,70.315
444721,69.053,70.25
444741,62.26,70.164
444761,55.502,70.06
444781,48.783,69.94
444801,42.105,69.808
444821,35.467,69.667
444841,28.872,69.519
444861,22.319,69.37
444881,15.808,69.221
444901,9.3386,69.077
444921,2.9094,68.94
444941,356.52,68.815
444961,350.16,68.704
444981,343.84,68.611
445001,337.55,68.538
445021,331.29,68.488
445041,325.05,68.463
445061,318.83,68.465
445081,312.62,68.495
445101,306.42,68.555
445121,300.23,68.645
445141,294.03,68.766
445161,287.83,68.916
445181,281.62,69.097
445201,275.39,69.306
445221,269.14,69.542
445241,262.86,69.804
445261,256.55,70.089
445281,250.21,70.395
445301,243.84,70.72
445321,237.42,71.059
445341,230.96,71.41
445361,224.46,71.77
445381,217.91,72.135
445401,211.32,72.501
445421,204.68,72.866
445441,197.99,73.226
445461,191.27,73.577
445481,184.5,73.916
445501,177.7,74.241
445521,170.86,74.548
445541,163.99,74.835
445561,157.09,75.099
445581,150.17,75.339
445601,143.22,75.553
445621,136.27,75.74
445641,129.3,75.898
445661,122.33,76.027
445681,115.36,76.127
445701,108.39,76.198
445721,101.43,76.24
445741,94.481,76.254
445761,87.551,76.242
445781,80.641,76.205
445801,73.756,76.145
445821,66.898,76.064
445841,60.071,75.965
445861,53.277,75.85
445881,46.518,75.723
445901,39.797,75.585
445921,33.114,75.442
445941,26.47,75.295
445961,19.865,75.149
445981,13.301,75.006
446001,6.7753,74.871
446021,0.28778,74.746
446041,353.84,74.635
446061,347.42,74.541
446081,341.04,74.467
446101,334.68,74.415
446121,328.35,74.388
446141,322.05,74.387
446161,315.76,74.414
446181,309.49,74.471
446201,303.23,74.559
446221,296.97,74.677
446241,290.72,74.827
446261,284.46,75.007
446281,278.2,75.216
446301,271.92,75.454
446321,265.63,75.719
446341,259.32,76.008
446361,252.98,76.32
446381,246.61,76.652
446401,240.22,77
446421,233.78,77.363
446441,227.31,77.735
446461,220.81,78.114
446481,214.26,78.496
446501,207.67,78.878
446521,201.04,79.255
446541,194.36,79.626
446561,187.65,79.985
446581,180.9,80.3295
446601,174.11,80.6571
446621,167.28,80.9646
446641,160.42,81.2495
446661,153.54,81.5096
446681,146.62,81.7431
446701,139.69,81.9485
446721,132.74,82.1245
446741,125.77,82.2705
446761,118.8,82.3861
446781,111.82,82.4713
446801,104.84,82.5266
446821,97.868,82.5527
446841,90.903,82.5508
446861,83.951,82.5225
446881,77.015,82.4695
446901,70.1,82.394
446921,63.208,82.2986
446941,56.343,82.1858
446961,49.507,82.0587
446981,42.703,81.9204
447001,35.932,81.7741
447021,29.196,81.6232
447041,22.495,81.4713
447061,15.831,81.3219
447081,9.2033,81.1784
447101,2.6114,81.0443
447121,356.05,80.9229
447141,349.53,80.8175
447161,343.04,80.7312
447181,336.58,80.6666
447201,330.15,80.6264
447221,323.74,80.6128
447241,317.35,80.6277
447261,310.98,80.6726
447281,304.63,80.7488
447301,298.29,80.8569
447321,291.95,80.9974
447341,285.62,81.1701
447361,279.28,81.3745
447381,272.94,81.6096
447401,266.6,81.874
447421,260.23,82.166
447441,253.86,82.4835
447461,247.46,82.8237
447481,241.04,83.184
447501,234.59,83.5612
447521,228.11,83.9518
447541,221.6,84.3523
447561,215.05,84.7589
447581,208.48,85.1677
447601,201.86,85.5749
447621,195.21,85.9766
447641,188.52,86.3688
447661,181.79,86.748
447681,175.03,87.1104
447701,168.23,87.4529
447721,161.4,87.7723
447741,154.54,88.0659
447761,147.65,88.3313
447781,140.73,88.5665
447801,133.79,88.7698
447821,126.83,88.9402
447841,119.86,89.07692
447861,112.87,89.17962
447881,105.88,89.24848
447901,98.888,89.28411
447921,91.894,89.28753
447941,84.906,89.26017
447961,77.927,89.20382
447981,70.962,89.12067
448001,64.013,89.01321
448021,57.084,88.8842
448041,50.178,88.7367
448061,43.297,88.574
448081,36.444,88.3995
448101,29.621,88.2167
448121,22.828,88.0294
448141,16.068,87.8413
448161,9.3397,87.6561
448181,2.6444,87.4776
448201,355.98,87.3093
448221,349.35,87.1547
448241,342.75,87.0172
448261,336.18,86.9
448281,329.63,86.8059
448301,323.11,86.7375
448321,316.62,86.6972
448341,310.14,86.687
448361,303.68,86.7083
448381,297.23,86.7624
448401,290.79,86.8502
448421,284.36,86.9719
448441,277.93,87.1274
448461,271.5,87.3164
448481,265.07,87.5378
448501,258.63,87.7903
448521,252.17,88.072
448541,245.7,88.3808
448561,239.22,88.7142
448581,232.71,89.06915
448601,226.18,89.44254
448621,219.62,89.83084
448641,213.04,90.2303
448661,206.43,90.63701
448681,199.78,91.0469
448701,193.11,91.4557
448721,186.4,91.8594
448741,179.65,92.2536
448761,172.88,92.6343
448781,166.08,92.9975
448801,159.24,93.3394
448821,152.37,93.6565
448841,145.48,93.9455
448861,138.56,94.2035
448881,131.62,94.4282
448901,124.66,94.6174
448921,117.68,94.7696
448941,110.69,94.8838
448961,103.69,94.9595
448981,96.677,94.9966
449001,89.667,94.9957
449021,82.658,94.9577
449041,75.655,94.8841
449061,68.66,94.7769
449081,61.678,94.6385
449101,54.711,94.4714
449121,47.763,94.2789
449141,40.836,94.0643
449161,33.933,93.8311
449181,27.055,93.5832
449201,20.205,93.3244
449221,13.384,93.0588
449241,6.5915,92.7905
449261,359.83,92.5236
449281,353.1,92.2619
449301,346.39,92.0095
449321,339.72,91.77
449341,333.07,91.5472
449361,326.45,91.3443
449381,319.86,91.1645
449401,313.28,91.0106
449421,306.73,90.88497
449441,300.19,90.78985
449461,293.67,90.72695
449481,287.15,90.69762
449501,280.65,90.7028
449521,274.14,90.74298
449541,267.64,90.81823
449561,261.14,90.92818
449581,254.63,91.072
449601,248.11,91.2485
449621,241.58,91.456
449641,235.03,91.6924
449661,228.47,91.9554
449681,221.88,92.2421
449701,215.27,92.5494
449721,208.64,92.8739
449741,201.98,93.212
449761,195.29,93.5597
449781,188.57,93.9131
449801,181.82,94.268
449821,175.05,94.62
449841,168.24,94.965
449861,161.41,95.2987
449881,154.54,95.6168
449901,147.65,95.9154
449921,140.74,96.1907
449941,133.8,96.439
449961,126.85,96.657
449981,119.87,96.8419
450001,112.88,96.9911
450021,105.88,97.1027
450041,98.873,97.175
450061,91.86,97.2071
450081,84.846,97.1984
450101,77.835,97.1491
450121,70.83,97.0597
450141,63.834,96.9315
450161,56.851,96.7661
450181,49.885,96.5656
450201,42.937,96.3328
450221,36.011,96.0705
450241,29.109,95.7822
450261,22.232,95.4716
450281,15.382,95.1425
450301,8.5615,94.799
450321,1.7698,94.4454
450341,355.01,94.0859
450361,348.28,93.7248
450381,341.57,93.3664
450401,334.9,93.0148
450421,328.25,92.6739
450441,321.63,92.3477
450461,315.03,92.0397
450481,308.46,91.7533
450501,301.91,91.4914
450521,295.37,91.2568
450541,288.85,91.0517
450561,282.34,90.87816
450581,275.83,90.73765
450601,269.33,90.63128
450621,262.84,90.55974
450641,256.34,90.52326
450661,249.83,90.52165
450681,243.32,90.55426
450701,236.79,90.62006
450721,230.25,90.71755
450741,223.69,90.8449
450761,217.12,90.99985
450781,210.51,91.1798
450801,203.89,91.382
450821,197.23,91.6031
450841,190.55,91.8397
450861,183.84,92.0882
450881,177.1,92.3449
450901,170.33,92.6058
450921,163.53,92.8668
450941,156.7,93.124
450961,149.84,93.3732
450981,142.95,93.6107
451001,136.04,93.8324
451021,129.11,94.0346
451041,122.16,94.214
451061,115.18,94.3671
451081,108.2,94.4912
451101,101.2,94.5835
451121,94.197,94.6419
451141,87.189,94.6645
451161,80.181,94.6501
451181,73.177,94.5977
451201,66.181,94.5071
451221,59.196,94.3783
451241,52.225,94.212
451261,45.273,94.0095
451281,38.342,93.7724
451301,31.436,93.5028
451321,24.555,93.2033
451341,17.704,92.8768
451361,10.882,92.5267
451381,4.0924,92.1565
451401,357.33,91.7701
451421,350.61,91.3715
451441,343.92,90.96475
451461,337.26,90.55413
451481,330.63,90.1438
451501,324.04,89.73788
451521,317.47,89.34042
451541,310.93,88.9553
451561,304.41,88.5861
451581,297.92,88.2363
451601,291.45,87.909
451621,284.99,87.607
451641,278.55,87.3328
451661,272.12,87.0884
451681,265.7,86.8754
451701,259.28,86.6951
451721,252.85,86.5484
451741,246.43,86.4355
451761,240,86.3564
451781,233.55,86.3106
451801,227.09,86.2973
451821,220.62,86.3149
451841,214.12,86.362
451861,207.6,86.4363
451881,201.05,86.5355
451901,194.48,86.6569
451921,187.87,86.7974
451941,181.24,86.954
451961,174.57,87.1232
451981,167.87,87.3015
452001,161.13,87.4852
452021,154.37,87.6706
452041,147.57,87.8541
452061,140.74,88.0319
452081,133.88,88.2004
452101,127,88.3561
452121,120.08,88.4956
452141,113.15,88.6158
452161,106.2,88.7137
452181,99.233,88.7867
452201,92.254,88.8324
452221,85.266,88.8487
452241,78.274,88.8341
452261,71.282,88.7871
452281,64.295,88.7069
452301,57.316,88.5932
452321,50.349,88.4458
452341,43.398,88.2651
452361,36.468,88.0522
452381,29.562,87.8082
452401,22.682,87.5348
452421,15.832,87.2343
452441,9.0145,86.909
452461,2.231,86.5619
452481,355.48,86.196
452501,348.77,85.8147
452521,342.1,85.4216
452541,335.46,85.0205
452561,328.86,84.6151
452581,322.3,84.2095
452601,315.78,83.8074
452621,309.28,83.4127
452641,302.82,83.0291
452661,296.38,82.6601
452681,289.98,82.3089
452701,283.59,81.9787
452721,277.23,81.6722
452741,270.88,81.3918
452761,264.54,81.1395
452781,258.21,80.917
452801,251.88,80.7255
452821,245.55,80.5659
452841,239.22,80.4384
452861,232.88,80.3431
452881,226.53,80.2795
452901,220.16,80.2467
452921,213.78,80.2434
452941,207.37,80.2678
452961,200.93,80.3181
452981,194.46,80.3917
453001,187.97,80.4862
453021,181.44,80.5986
453041,174.88,80.7257
453061,168.28,80.8645
453081,161.64,81.0114
453101,154.97,81.163
453121,148.26,81.3158
453141,141.52,81.4663
453161,134.74,81.611
453181,127.93,81.7467
453201,121.09,81.87
453221,114.21,81.9779
453241,107.32,82.0677
453261,100.4,82.1365
453281,93.458,82.1822
453301,86.503,82.2027
453321,79.536,82.1961
453341,72.562,82.1613
453361,65.584,82.0971
453381,58.608,82.0028
453401,51.638,81.8783
453421,44.678,81.7235
453441,37.732,81.5391
453461,30.805,81.3258
453481,23.902,81.085
453501,17.025,80.8183
453521,10.178,80.5277
453541,3.3651,80.2154
453561,356.59,79.884
453581,349.85,79.537
453601,343.15,79.176
453621,336.49,78.806
453641,329.88,78.429
453661,323.3,78.05
453681,316.77,77.672
453701,310.28,77.298
453721,303.82,76.931
453741,297.4,76.577
453761,291.02,76.237
453781,284.66,75.915
453801,278.34,75.613
453821,272.04,75.335
453841,265.75,75.082
453861,259.48,74.857
453881,253.23,74.66
453901,246.98,74.494
453921,240.73,74.358
453941,234.47,74.253
453961,228.21,74.179
453981,221.94,74.134
454001,215.65,74.119
454021,209.34,74.132
454041,203.01,74.17
454061,196.65,74.232
454081,190.26,74.316
454101,183.83,74.418
454121,177.37,74.536
454141,170.88,74.666
454161,164.34,74.806
454181,157.76,74.951
454201,151.15,75.1
454221,144.49,75.247
454241,137.8,75.39
454261,131.07,75.525
454281,124.3,75.65
454301,117.5,75.761
454321,110.66,75.855
454341,103.79,75.929
454361,96.901,75.982
454381,89.985,76.011
454401,83.049,76.015
454421,76.098,75.991
454441,69.135,75.94
454461,62.165,75.859
454481,55.193,75.749
454501,48.222,75.61
454521,41.259,75.443
454541,34.307,75.247
454561,27.371,75.024
454581,20.455,74.776
454601,13.565,74.504
454621,6.7037,74.21
454641,359.88,73.897
454661,353.08,73.567
454681,346.33,73.224
454701,339.62,72.87
454721,332.95,72.509
454741,326.33,72.144
454761,319.75,71.778
454781,313.21,71.415
454801,306.73,71.059
454821,300.28,70.712
454841,293.88,70.378
454861,287.52,70.061
454881,281.19,69.763
454901,274.89,69.486
454921,268.63,69.234
454941,262.39,69.007
454961,256.17,68.809
454981,249.96,68.639
455001,243.76,68.5
455021,237.57,68.391
455041,231.37,68.312
455061,225.18,68.263
455081,218.97,68.244
455101,212.74,68.252
455121,206.49,68.286
455141,200.22,68.345
455161,193.93,68.426
455181,187.6,68.525
455201,181.23,68.642
455221,174.83,68.771
455241,168.39,68.911
455261,161.91,69.057
455281,155.39,69.206
455301,148.82,69.355
455321,142.21,69.5
455341,135.56,69.638
455361,128.87,69.765
455381,122.14,69.879
455401,115.37,69.976
455421,108.57,70.054
455441,101.73,70.109
455461,94.863,70.141
455481,87.968,70.147
455501,81.051,70.125
455521,74.114,70.074
455541,67.162,69.993
455561,60.199,69.883
455581,53.23,69.742
455601,46.259,69.571
455621,39.291,69.371
455641,32.331,69.143
455661,25.384,68.888
455681,18.454,68.608
455701,11.546,68.304
455721,4.6643,67.981
455741,357.81,67.639
455761,351,67.282
455781,344.22,66.914
455801,337.49,66.537
455821,330.8,66.155
455841,324.15,65.771
455861,317.56,65.389
455881,311.01,65.013
455901,304.51,64.646
455921,298.06,64.292
455941,291.66,63.954
455961,285.3,63.634
455981,278.99,63.337
456001,272.71,63.064
456021,266.47,62.817
456041,260.26,62.599
456061,254.08,62.411
456081,247.91,62.254
456101,241.76,62.129
456121,235.62,62.035
456141,229.49,61.973
456161,223.35,61.941
456181,217.2,61.939
456201,211.04,61.965
456221,204.86,62.016
456241,198.66,62.091
456261,192.43,62.187
456281,186.16,62.301
456301,179.87,62.429
456321,173.53,62.569
456341,167.15,62.716
456361,160.74,62.867
456381,154.27,63.018
456401,147.77,63.166
456421,141.22,63.307
456441,134.62,63.438
456461,127.98,63.554
456481,121.3,63.653
456501,114.58,63.732
456521,107.82,63.788
456541,101.03,63.818
456561,94.203,63.821
456581,87.346,63.794
456601,80.463,63.736
456621,73.558,63.646
456641,66.633,63.523
456661,59.695,63.368
456681,52.746,63.179
456701,45.792,62.958
456721,38.837,62.706
456741,31.885,62.424
456761,24.943,62.113
456781,18.013,61.776
456801,11.102,61.415
456821,4.2147,61.033
456841,357.35,60.633
456861,350.53,60.218
456881,343.74,59.793
456901,336.99,59.36
456921,330.28,58.924
456941,323.62,58.489
456961,317.01,58.059
456981,310.45,57.637
457001,303.95,57.229
457021,297.5,56.837
457041,291.1,56.465
457061,284.75,56.117
457081,278.46,55.796
457101,272.21,55.504
457121,266,55.244
457141,259.84,55.018
457161,253.7,54.828
457181,247.6,54.673
457201,241.52,54.554
457221,235.45,54.472
457241,229.39,54.425
457261,223.33,54.413
457281,217.27,54.433
457301,211.2,54.484
457321,205.11,54.562
457341,199,54.666
457361,192.87,54.791
457381,186.7,54.934
457401,180.49,55.092
457421,174.25,55.259
457441,167.97,55.433
457461,161.64,55.609
457481,155.27,55.783
457501,148.85,55.951
457521,142.39,56.109
457541,135.88,56.252
457561,129.32,56.378
457581,122.73,56.482
457601,116.09,56.562
457621,109.41,56.614
457641,102.69,56.636
457661,95.943,56.626
457681,89.162,56.582
457701,82.353,56.503
457721,75.519,56.386
457741,68.666,56.233
457761,61.796,56.041
457781,54.914,55.813
457801,48.024,55.547
457821,41.131,55.246
457841,34.239,54.911
457861,27.353,54.544
457881,20.478,54.147
457901,13.617,53.724
457921,6.7768,53.276
457941,359.96,52.809
457961,353.18,52.325
457981,346.42,51.83
458001,339.71,51.327
458021,333.04,50.821
458041,326.41,50.317
458061,319.84,49.82
458081,313.32,49.335
458101,306.85,48.867
458121,300.44,48.42
458141,294.09,48
458161,287.8,47.61
458181,281.56,47.254
458201,275.38,46.936
458221,269.25,46.659
458241,263.16,46.426
458261,257.11,46.237
458281,251.1,46.094
458301,245.12,45.997
458321,239.16,45.946
458341,233.22,45.939
458361,227.27,45.976
458381,221.33,46.053
458401,215.38,46.167
458421,209.41,46.316
458441,203.42,46.495
458461,197.4,46.7
458481,191.34,46.926
458501,185.25,47.168
458521,179.12,47.422
458541,172.94,47.682
458561,166.72,47.945
458581,160.45,48.203
458601,154.14,48.454
458621,147.77,48.692
458641,141.36,48.913
458661,134.91,49.112
458681,128.42,49.286
458701,121.88,49.431
458721,115.3,49.545
458741,108.69,49.623
458761,102.05,49.664
458781,95.383,49.666
458801,88.689,49.628
458821,81.974,49.547
458841,75.243,49.423
458861,68.5,49.257
458881,61.748,49.048
458901,54.993,48.797
458921,48.238,48.506
458941,41.489,48.175
458961,34.749,47.808
458981,28.023,47.406
459001,21.316,46.972
459021,14.631,46.511
459041,7.974,46.026
459061,1.3484,45.521
459081,354.76,45.002
459101,348.21,44.473
459121,341.7,43.939
459141,335.24,43.406
459161,328.83,42.881
459181,322.47,42.369
459201,316.17,41.876
459221,309.92,41.408
459241,303.73,40.971
459261,297.59,40.57
459281,291.51,40.212
459301,285.47,39.9
459321,279.48,39.638
459341,273.54,39.431
459361,267.62,39.28
459381,261.74,39.187
459401,255.87,39.152
459421,250.01,39.175
459441,244.16,39.255
459461,238.3,39.39
459481,232.42,39.575
459501,226.53,39.808
459521,220.61,40.084
459541,214.65,40.397
459561,208.65,40.742
459581,202.61,41.114
459601,196.53,41.505
459621,190.4,41.911
459641,184.21,42.326
459661,177.98,42.742
459681,171.71,43.155
459701,165.38,43.558
459721,159.01,43.948
459741,152.6,44.318
459761,146.14,44.665
459781,139.65,44.983
459801,133.13,45.27
459821,126.57,45.522
459841,119.99,45.736
459861,113.39,45.909
459881,106.77,46.04
459901,100.14,46.127
459921,93.5,46.169
459941,86.855,46.166
459961,80.209,46.117
459981,73.568,46.022
460001,66.937,45.883
460021,60.319,45.701
460041,53.719,45.478
460061,47.141,45.215
460081,40.589,44.916
460101,34.068,44.584
460121,27.58,44.223
460141,21.13,43.835
460161,14.72,43.427
460181,8.3542,43.003
460201,2.0337,42.567
460221,355.76,42.126
460241,349.54,41.685
460261,343.36,41.25
460281,337.24,40.827
460301,331.16,40.423
460321,325.13,40.043
460341,319.14,39.694
460361,313.19,39.381
460381,307.27,39.11
460401,301.38,38.885
460421,295.52,38.712
460441,289.66,38.593
460461,283.81,38.532
460481,277.96,38.53
460501,272.1,38.587
460521,266.21,38.704
460541,260.3,38.88
460561,254.35,39.111
460581,248.36,39.396
460601,242.33,39.729
460621,236.25,40.108
460641,230.11,40.525
460661,223.92,40.976
460681,217.68,41.454
460701,211.38,41.954
460721,205.03,42.47
460741,198.63,42.994
460761,192.18,43.522
460781,185.68,44.047
460801,179.15,44.564
460821,172.57,45.068
460841,165.96,45.553
460861,159.32,46.015
460881,152.66,46.451
460901,145.97,46.855
460921,139.26,47.226
460941,132.55,47.56
460961,125.82,47.855
460981,119.09,48.109
461001,112.36,48.321
461021,105.64,48.489
461041,98.921,48.614
461061,92.219,48.696
461081,85.534,48.734
461101,78.872,48.73
461121,72.235,48.686
461141,65.627,48.603
461161,59.052,48.483
461181,52.513,48.329
461201,46.012,48.145
461221,39.554,47.934
461241,33.139,47.699
461261,26.769,47.444
461281,20.446,47.175
461301,14.17,46.896
461321,7.9412,46.611
461341,1.7591,46.326
461361,355.62,46.046
461381,349.53,45.776
461401,343.47,45.521
461421,337.46,45.286
461441,331.47,45.076
461461,325.51,44.896
461481,319.57,44.75
461501,313.64,44.642
461521,307.72,44.575
461541,301.79,44.552
461561,295.86,44.575
461581,289.9,44.646
461601,283.93,44.765
461621,277.91,44.932
461641,271.86,45.146
461661,265.77,45.406
461681,259.62,45.71
461701,253.42,46.055
461721,247.16,46.436
461741,240.85,46.852
461761,234.48,47.296
461781,228.05,47.764
461801,221.56,48.251
461821,215.02,48.753
461841,208.43,49.264
461861,201.8,49.778
461881,195.11,50.292
461901,188.39,50.799
461921,181.63,51.296
461941,174.84,51.778
461961,168.03,52.24
461981,161.19,52.68
462001,154.34,53.093
462021,147.47,53.476
462041,140.6,53.828
462061,133.73,54.145
462081,126.85,54.426
462101,119.98,54.67
462121,113.13,54.876
462141,106.28,55.044
462161,99.459,55.173
462181,92.657,55.264
462201,85.882,55.318
462221,79.137,55.336
462241,72.425,55.32
462261,65.749,55.273
462281,59.111,55.196
462301,52.515,55.093
462321,45.962,54.967
462341,39.453,54.82
462361,32.99,54.658
462381,26.573,54.483
462401,20.202,54.3
462421,13.876,54.113
462441,7.5948,53.927
462461,1.3561,53.744
462481,355.16,53.571
462501,349,53.41
462521,342.87,53.266
462541,336.77,53.143
462561,330.69,53.045
462581,324.63,52.974
462601,318.59,52.933
462621,312.55,52.925
462641,306.51,52.952
462661,300.46,53.015
462681,294.4,53.115
462701,288.32,53.253
462721,282.21,53.429
462741,276.07,53.642
462761,269.88,53.89
462781,263.66,54.172
462801,257.39,54.486
462821,251.07,54.829
462841,244.69,55.199
462861,238.26,55.591
462881,231.78,56.001
462901,225.24,56.427
462921,218.65,56.864
462941,212.01,57.308
462961,205.32,57.755
462981,198.59,58.2
463001,191.81,58.64
463021,185,59.07
463041,178.15,59.486
463061,171.27,59.886
463081,164.37,60.266
463101,157.46,60.622
463121,150.52,60.953
463141,143.58,61.255
463161,136.63,61.528
463181,129.68,61.769
463201,122.74,61.977
463221,115.8,62.152
463241,108.88,62.293
463261,101.97,62.4
463281,95.092,62.475
463301,88.235,62.517
463321,81.407,62.528
463341,74.612,62.51
463361,67.851,62.465
463381,61.128,62.396
463401,54.445,62.304
463421,47.804,62.193
463441,41.206,62.066
463461,34.652,61.926
463481,28.143,61.778
463501,21.679,61.624
463521,15.259,61.469
463541,8.8816,61.315
463561,2.5459,61.168
463581,356.25,61.03
463601,349.99,60.905
463621,343.76,60.797
463641,337.56,60.708
463661,331.39,60.642
463681,325.24,60.601
463701,319.1,60.587
463721,312.97,60.603
463741,306.85,60.649
463761,300.72,60.727
463781,294.59,60.838
463801,288.44,60.98
463821,282.28,61.155
463841,276.08,61.36
463861,269.86,61.596
463881,263.6,61.859
463901,257.31,62.149
463921,250.97,62.462
463941,244.58,62.796
463961,238.15,63.148
463981,231.67,63.514
464001,225.14,63.892
464021,218.55,64.277
464041,211.92,64.667
464061,205.25,65.056
464081,198.52,65.443
464101,191.75,65.822
464121,184.95,66.191
464141,178.11,66.547
464161,171.23,66.885
464181,164.33,67.205
464201,157.41,67.502
464221,150.46,67.775
464241,143.51,68.021
464261,136.54,68.24
464281,129.57,68.429
464301,122.6,68.589
464321,115.64,68.717
464341,108.69,68.816
464361,101.75,68.884
464381,94.827,68.922
464401,87.929,68.932
464421,81.057,68.914
464441,74.215,68.871
464461,67.406,68.805
464481,60.632,68.718
464501,53.895,68.612
464521,47.198,68.491
464541,40.543,68.358
464561,33.929,68.215
464581,27.358,68.067
464601,20.83,67.917
464621,14.345,67.768
464641,7.9009,67.624
464661,1.4971,67.488
464681,355.13,67.363
464701,348.8,67.254
464721,342.51,67.162
464741,336.24,67.091
464761,330,67.043
464781,323.78,67.021
464801,317.57,67.025
464821,311.38,67.059
464841,305.2,67.122
464861,299.02,67.215
464881,292.83,67.339
464901,286.64,67.494
464921,280.43,67.678
464941,274.21,67.89
464961,267.95,68.13
464981,261.68,68.395
465001,255.36,68.683
465021,249.02,68.992
465041,242.63,69.318
465061,236.2,69.659
465081,229.73,70.012
465101,223.21,70.373
465121,216.65,70.738
465141,210.04,71.105
465161,203.38,71.47
465181,196.68,71.829
465201,189.94,72.179
465221,183.15,72.517
465241,176.33,72.84
465261,169.48,73.145
465281,162.6,73.43
465301,155.69,73.692
465321,148.75,73.929
465341,141.81,74.14
465361,134.84,74.323
465381,127.87,74.478
465401,120.9,74.604
465421,113.93,74.701
465441,106.97,74.768
465461,100.01,74.807
465481,93.074,74.818
465501,86.154,74.803
465521,79.257,74.763
465541,72.386,74.7
465561,65.544,74.617
465581,58.735,74.515
465601,51.96,74.398
465621,45.222,74.269
465641,38.522,74.13
465661,31.862,73.985
465681,25.242,73.838
465701,18.663,73.691
465721,12.123,73.548
465741,5.6231,73.413
465761,359.16,73.289
465781,352.74,73.179
465801,346.35,73.087
465821,339.99,73.014
465841,333.66,72.963
465861,327.35,72.938
465881,321.07,72.939
465901,314.8,72.969
465921,308.55,73.028
465941,302.31,73.117
465961,296.07,73.237
465981,289.83,73.388
466001,283.59,73.569
466021,277.34,73.779
466041,271.07,74.017
466061,264.78,74.282
466081,258.47,74.57
466101,252.14,74.88
466121,245.77,75.21
466141,239.37,75.555
466161,232.93,75.914
466181,226.46,76.282
466201,219.94,76.656
466221,213.38,77.032
466241,206.78,77.408
466261,200.14,77.779
466281,193.45,78.141
466301,186.73,78.493
466321,179.96,78.83
466341,173.16,79.15
466361,166.32,79.449
466381,159.45,79.726
466401,152.56,79.978
466421,145.63,80.2039
466441,138.69,80.4018
466461,131.74,80.5708
466481,124.77,80.7101
466501,117.8,80.8195
466521,110.82,80.8991
466541,103.84,80.9494
466561,96.877,80.971
466581,89.92,80.9654
466601,82.979,80.9339
466621,76.056,80.8786
466641,69.155,80.8015
466661,62.28,80.7051
466681,55.433,80.5921
466701,48.618,80.4655
466721,41.835,80.3284
466741,35.087,80.184
466761,28.375,80.0358
466781,21.7,79.887
466801,15.063,79.742
466821,8.4619,79.603
466841,1.8977,79.474
466861,355.37,79.358
466881,348.87,79.259
466901,342.41,79.179
466921,335.98,79.121
466941,329.57,79.087
466961,323.19,79.081
466981,316.83,79.103
467001,310.49,79.155
467021,304.16,79.238
467041,297.84,79.353
467061,291.53,79.5
467081,285.22,79.678
467101,278.91,79.888
467121,272.59,80.1274
467141,266.25,80.3956
467161,259.91,80.6905
467181,253.54,81.0098
467201,247.15,81.3509
467221,240.74,81.711
467241,234.3,82.0869
467261,227.82,82.4751
467281,221.32,82.872
467301,214.78,83.2739
467321,208.2,83.6771
467341,201.58,84.0777
467361,194.93,84.4718
467381,188.23,84.8558
467401,181.5,85.226
467421,174.73,85.5791
467441,167.93,85.912
467461,161.09,86.2216
467481,154.22,86.5056
467501,147.33,86.7616
467521,140.41,86.9878
467541,133.46,87.1828
467561,126.5,87.3456
467581,119.53,87.4756
467601,112.55,87.5727
467621,105.56,87.6371
467641,98.567,87.6695
467661,91.58,87.6711
467681,84.6,87.6432
467701,77.631,87.5878
467721,70.677,87.5071
467741,63.742,87.4035
467761,56.828,87.2798
467781,49.938,87.1391
467801,43.076,86.9846
467821,36.242,86.8196
467841,29.44,86.6478
467861,22.67,86.4727
467881,15.932,86.2979
467901,9.2286,86.1272
467921,2.5584,85.9643
467941,355.92,85.8125
467961,349.32,85.6754
467981,342.74,85.5561
468001,336.2,85.4578
468021,329.68,85.3832
468041,323.19,85.3348
468061,316.72,85.3148
468081,310.27,85.325
468101,303.83,85.3669
468121,297.41,85.4415
468141,291,85.5495
468161,284.59,85.6911
468181,278.18,85.8661
468201,271.78,86.0738
468221,265.36,86.3132
468241,258.94,86.5827
468261,252.51,86.8804
468281,246.06,87.204
468301,239.59,87.5509
468321,233.09,87.918
468341,226.58,88.302
468361,220.03,88.6994
468381,213.46,89.10635
468401,206.86,89.51897
468421,200.22,89.933152
468441,193.55,90.34477
468461,186.85,90.74966
468481,180.12,91.1437
468501,173.35,91.523
468521,166.54,91.8836
468541,159.71,92.222
468561,152.85,92.5347
468581,145.95,92.8189
468601,139.04,93.0718
468621,132.1,93.2913
468641,125.14,93.4756
468661,118.16,93.6235
468681,111.17,93.734
468701,104.17,93.807
468721,97.163,93.8426
468741,90.156,93.8415
468761,83.15,93.805
468781,76.151,93.7346
468801,69.161,93.6324
468821,62.185,93.5009
468841,55.224,93.3428
468861,48.283,93.1612
468881,41.365,92.9595
468901,34.47,92.7414
468921,27.602,92.5105
468941,20.762,92.2707
468961,13.952,92.0259
468981,7.1712,91.7803
469001,0.42101,91.5377
469021,353.7,91.302
469041,347.01,91.077
469061,340.35,90.8665
469081,333.72,90.67381
469101,327.11,90.50222
469121,320.53,90.35468
469141,313.97,90.23386
469161,307.43,90.1421
469181,300.9,90.081358
469201,294.39,90.053237
469221,287.89,90.058918
469241,281.4,90.099166
469261,274.91,90.17432
469281,268.42,90.28427
469301,261.92,90.42848
469321,255.43,90.60599
469341,248.92,90.81538
469361,242.4,91.0548
469381,235.86,91.3222
469401,229.3,91.6148
469421,222.73,91.9298
469441,216.12,92.2639
469461,209.5,92.6136
469481,202.84,92.9752
469501,196.16,93.3446
469521,189.45,93.7178
469541,182.71,94.0905
469561,175.94,94.4584
469581,169.14,94.8173
469601,162.31,95.1629
469621,155.45,95.491
469641,148.57,95.7978
469661,141.66,96.0795
469681,134.72,96.3326
469701,127.77,96.554
469721,120.79,96.741
469741,113.81,96.8915
469761,106.81,97.0034
469781,99.801,97.0756
469801,92.788,97.1074
469821,85.774,97.0985
469841,78.762,97.0493
469861,71.756,96.9606
469881,64.759,96.834
469901,57.775,96.6713
469921,50.807,96.475
469941,43.857,96.2477
469961,36.928,95.9928
469981,30.023,95.7136
470001,23.143,95.414
470021,16.29,95.0979
470041,9.4652,94.7695
470061,2.6694,94.4329
470081,355.9,94.0925
470101,349.17,93.7524
470121,342.46,93.4168
470141,335.78,93.0899
470161,329.13,92.7756
470181,322.5,92.4774
470201,315.9,92.199
470221,309.32,91.9435
470241,302.76,91.7138
470261,296.21,91.5125
470281,289.68,91.3416
470301,283.16,91.203
470321,276.65,91.0981
470341,270.14,91.0277
470361,263.64,90.99241
470381,257.13,90.9923
470401,250.61,91.027
470421,244.09,91.0957
470441,237.55,91.1971
470461,231,91.3297
470481,224.43,91.4914
470501,217.84,91.6799
470521,211.23,91.8923
470541,204.59,92.1258
470561,197.93,92.3769
470581,191.24,92.6421
470601,184.52,92.9177
470621,177.77,93.1998
470641,170.99,93.4843
470661,164.18,93.7671
470681,157.34,94.0441
470701,150.47,94.3113
470721,143.58,94.5645
470741,136.66,94.8
470761,129.72,95.0139
470781,122.77,95.2029
470801,115.79,95.3637
470821,108.8,95.4934
470841,101.8,95.5895
470861,94.792,95.65
470881,87.782,95.6731
470901,80.771,95.6578
470921,73.765,95.6034
470941,66.767,95.5098
470961,59.78,95.3774
470981,52.808,95.207
471001,45.854,95.0003
471021,38.921,94.759
471041,32.012,94.4856
471061,25.129,94.1829
471081,18.273,93.8541
471101,11.447,93.5027
471121,4.6521,93.1325
471141,357.89,92.7474
471161,351.16,92.3515
471181,344.46,91.9492
471201,337.79,91.5446
471221,331.15,91.1419
471241,324.54,90.74536
471261,317.96,90.35889
471281,311.41,89.986342
471301,304.88,89.6313
471321,298.37,89.29709
471341,291.88,88.9867
471361,285.41,88.7029
471381,278.95,88.448
471401,272.5,88.2238
471421,266.05,88.0319
471441,259.61,87.8734
471461,253.16,87.7489
471481,246.71,87.6587
471501,240.26,87.6026
471521,233.79,87.5798
471541,227.3,87.5893
471561,220.8,87.6298
471581,214.28,87.6992
471601,207.73,87.7954
471621,201.16,87.916
471641,194.56,88.058
471661,187.93,88.2183
471681,181.27,88.3938
471701,174.58,88.5808
471721,167.85,88.7758
471741,161.1,88.975
471761,154.31,89.17463
471781,147.49,89.37096
471801,140.64,89.56019
471821,133.77,89.73865
471841,126.87,89.902786
471861,119.94,90.049197
471881,112.99,90.1747
471901,106.03,90.27634
471921,99.054,90.35146
471941,92.066,90.39772
471961,85.072,90.41313
471981,78.075,90.39607
472001,71.08,90.34535
472021,64.091,90.26019
472041,57.111,90.14025
472061,50.145,89.985682
472081,43.197,89.79705
472101,36.27,89.5754
472121,29.367,89.32223
472141,22.491,89.03944
472161,15.646,88.7293
472181,8.8321,88.3947
472201,2.0525,88.0384
472221,355.31,87.6638
472241,348.6,87.2745
472261,341.93,86.8742
472281,335.29,86.4668
472301,328.69,86.0563
472321,322.13,85.6465
472341,315.6,85.2415
472361,309.1,84.845
472381,302.63,84.4609
472401,296.18,84.0925
472421,289.76,83.7432
472441,283.37,83.416
472461,276.98,83.1135
472481,270.62,82.838
472501,264.26,82.5916
472521,257.91,82.3757
472541,251.56,82.1915
472561,245.21,82.0396
472581,238.86,81.9204
472601,232.49,81.8337
472621,226.11,81.7789
472641,219.72,81.7549
472661,213.3,81.7603
472681,206.87,81.7935
472701,200.4,81.8522
472721,193.91,81.9341
472741,187.38,82.0363
472761,180.83,82.156
472781,174.24,82.29
472801,167.61,82.4349
472821,160.95,82.5874
472841,154.25,82.7439
472861,147.52,82.9008
472881,140.75,83.0547
472901,133.95,83.2021
472921,127.12,83.3395
472941,120.26,83.4638
472961,113.37,83.5719
472981,106.46,83.6609
473001,99.523,83.7282
473021,92.572,83.7715
473041,85.608,83.7887
473061,78.634,83.7783
473081,71.655,83.7387
473101,64.675,83.669
473121,57.698,83.5686
473141,50.73,83.4373
473161,43.773,83.2752
473181,36.833,83.083
473201,29.913,82.8617
473221,23.018,82.6124
473241,16.151,82.3371
473261,9.3152,82.0377
473281,2.5135,81.7168
473301,355.75,81.3769
473321,349.02,81.0212
473341,342.33,80.6527
473361,335.69,80.2749
473381,329.08,79.891
473401,322.52,79.506
473421,315.99,79.121
473441,309.5,78.742
473461,303.05,78.372
473481,296.64,78.014
473501,290.25,77.671
473521,283.9,77.347
473541,277.57,77.045
473561,271.26,76.766
473581,264.96,76.514
473601,258.68,76.289
473621,252.41,76.094
473641,246.15,75.929
473661,239.88,75.795
473681,233.61,75.692
473701,227.33,75.62
473721,221.04,75.578
473741,214.72,75.566
473761,208.39,75.581
473781,202.03,75.622
473801,195.65,75.686
473821,189.23,75.772
473841,182.78,75.875
473861,176.29,75.995
473881,169.77,76.126
473901,163.21,76.267
473921,156.61,76.413
473941,149.97,76.561
473961,143.29,76.708
473981,136.58,76.85
474001,129.82,76.984
474021,123.03,77.107
474041,116.21,77.216
474061,109.36,77.308
474081,102.48,77.38
474101,95.573,77.43
474121,88.646,77.456
474141,81.701,77.456
474161,74.743,77.429
474181,67.776,77.374
474201,60.804,77.29
474221,53.831,77.176
474241,46.863,77.033
474261,39.904,76.862
474281,32.958,76.662
474301,26.031,76.436
474321,19.126,76.184
474341,12.248,75.908
474361,5.401,75.611
474381,358.59,75.296
474401,351.81,74.963
474421,345.07,74.618
474441,338.38,74.262
474461,331.73,73.899
474481,325.12,73.533
474501,318.56,73.167
474521,312.04,72.804
474541,305.57,72.447
474561,299.13,72.102
474581,292.74,71.769
474601,286.38,71.453
474621,280.06,71.157
474641,273.77,70.883
474661,267.5,70.633
474681,261.26,70.409
474701,255.03,70.214
474721,248.82,70.048
474741,242.61,69.911
474761,236.41,69.806
474781,230.2,69.73
474801,223.98,69.684
474821,217.75,69.668
474841,211.51,69.679
474861,205.24,69.716
474881,198.95,69.777
474901,192.63,69.859
474921,186.27,69.961
474941,179.88,70.078
474961,173.46,70.209
474981,166.99,70.349
475001,160.48,70.495
475021,153.94,70.644
475041,147.35,70.793
475061,140.71,70.937
475081,134.04,71.075
475101,127.33,71.201
475121,120.58,71.314
475141,113.79,71.409
475161,106.97,71.486
475181,100.11,71.54
475201,93.233,71.571
475221,86.326,71.576
475241,79.397,71.553
475261,72.452,71.502
475281,65.493,71.421
475301,58.526,71.311
475321,51.554,71.171
475341,44.583,71.001
475361,37.618,70.803
475381,30.662,70.576
475401,23.722,70.324
475421,16.801,70.047
475441,9.9047,69.748
475461,3.0367,69.429
475481,356.2,69.092
475501,349.4,68.741
475521,342.64,68.379
475541,335.93,68.008
475561,329.25,67.633
475581,322.63,67.257
475601,316.05,66.884
475621,309.52,66.516
475641,303.04,66.158
475661,296.61,65.812
475681,290.22,65.483
475701,283.87,65.172
475721,277.57,64.884
475741,271.3,64.619
475761,265.06,64.381
475781,258.85,64.171
475801,252.66,63.991
475821,246.49,63.841
475841,240.33,63.723
475861,234.18,63.635
475881,228.03,63.579
475901,221.87,63.552
475921,215.71,63.555
475941,209.52,63.584
475961,203.32,63.639
475981,197.09,63.716
476001,190.83,63.814
476021,184.54,63.928
476041,178.22,64.057
476061,171.85,64.197
476081,165.44,64.343
476101,159,64.493
476121,152.5,64.643
476141,145.97,64.789
476161,139.39,64.928
476181,132.77,65.056
476201,126.1,65.17
476221,119.39,65.267
476241,112.65,65.344
476261,105.87,65.398
476281,99.049,65.426
476301,92.201,65.428
476321,85.324,65.4
476341,78.424,65.342
476361,71.502,65.253
476381,64.564,65.131
476401,57.613,64.978
476421,50.655,64.792
476441,43.693,64.575
476461,36.732,64.328
476481,29.778,64.052
476501,22.835,63.748
476521,15.908,63.419
476541,9.001,63.068
476561,2.1198,62.696
476581,355.27,62.308
476601,348.45,61.906
476621,341.67,61.494
476641,334.94,61.076
476661,328.24,60.655
476681,321.6,60.236
476701,315.01,59.822
476721,308.47,59.417
476741,301.98,59.025
476761,295.54,58.65
476781,289.15,58.295
476801,282.82,57.963
476821,276.53,57.658
476841,270.28,57.381
476861,264.08,57.134
476881,257.91,56.921
476901,251.77,56.741
476921,245.65,56.596
476941,239.56,56.486
476961,233.47,56.41
476981,227.39,56.368
477001,221.31,56.359
477021,215.22,56.38
477041,209.12,56.431
477061,203,56.508
477081,196.86,56.608
477101,190.69,56.729
477121,184.48,56.866
477141,178.24,57.016
477161,171.96,57.176
477181,165.64,57.341
477201,159.28,57.507
477221,152.87,57.67
477241,146.41,57.827
477261,139.91,57.972
477281,133.36,58.104
477301,126.77,58.218
477321,120.14,58.31
477341,113.47,58.378
477361,106.75,58.419
477381,100.01,58.431
477401,93.224,58.41
477421,86.411,58.357
477441,79.572,58.268
477461,72.71,58.144
477481,65.829,57.984
477501,58.933,57.787
477521,52.027,57.555
477541,45.113,57.287
477561,38.199,56.985
477581,31.287,56.651
477601,24.382,56.286
477621,17.49,55.894
477641,10.615,55.477
477661,3.762,55.037
477681,356.94,54.58
477701,350.14,54.108
477721,343.38,53.625
477741,336.66,53.137
477761,329.99,52.647
477781,323.36,52.161
477801,316.78,51.683
477821,310.26,51.217
477841,303.79,50.768
477861,297.38,50.341
477881,291.03,49.94
477901,284.73,49.569
477921,278.49,49.231
477941,272.3,48.93
477961,266.16,48.668
477981,260.06,48.446
478001,254,48.268
478021,247.97,48.132
478041,241.97,48.04
478061,235.98,47.99
478081,230.01,47.982
478101,224.04,48.014
478121,218.06,48.083
478141,212.08,48.186
478161,206.08,48.321
478181,200.05,48.483
478201,193.99,48.668
478221,187.9,48.873
478241,181.77,49.091
478261,175.61,49.32
478281,169.39,49.553
478301,163.14,49.786
478321,156.83,50.015
478341,150.48,50.235
478361,144.08,50.441
478381,137.64,50.63
478401,131.15,50.796
478421,124.62,50.938
478441,118.05,51.05
478461,111.44,51.131
478481,104.8,51.178
478501,98.121,51.188
478521,91.416,51.159
478541,84.687,51.09
478561,77.936,50.98
478581,71.169,50.829
478601,64.388,50.636
478621,57.599,50.402
478641,50.805,50.127
478661,44.012,49.813
478681,37.223,49.462
478701,30.443,49.075
478721,23.677,48.656
478741,16.928,48.208
478761,10.203,47.734
478781,3.504,47.238
478801,356.84,46.725
478821,350.21,46.199
478841,343.61,45.666
478861,337.07,45.13
478881,330.57,44.597
478901,324.12,44.073
478921,317.72,43.564
478941,311.38,43.075
478961,305.1,42.613
478981,298.87,42.182
479001,292.7,41.789
479021,286.58,41.437
479041,280.52,41.131
479061,274.5,40.874
479081,268.53,40.671
479101,262.6,40.521
479121,256.69,40.427
479141,250.8,40.39
479161,244.93,40.407
479181,239.07,40.478
479201,233.2,40.6
479221,227.32,40.769
479241,221.42,40.983
479261,215.49,41.236
479281,209.53,41.524
479301,203.54,41.841
479321,197.51,42.181
479341,191.43,42.539
479361,185.3,42.909
479381,179.13,43.285
479401,172.91,43.661
479421,166.64,44.033
479441,160.32,44.394
479461,153.96,44.739
479481,147.56,45.064
479501,141.11,45.364
479521,134.62,45.636
479541,128.1,45.876
479561,121.55,46.08
479581,114.97,46.245
479601,108.37,46.371
479621,101.75,46.453
479641,95.111,46.492
479661,88.462,46.486
479681,81.807,46.434
479701,75.149,46.337
479721,68.495,46.196
479741,61.846,46.01
479761,55.21,45.781
479781,48.589,45.512
479801,41.988,45.205
479821,35.411,44.862
479841,28.863,44.488
479861,22.347,44.084
479881,15.867,43.656
479901,9.4259,43.209
479921,3.0275,42.747
479941,356.67,42.275
479961,350.37,41.8
479981,344.11,41.326
480001,337.9,40.861
480021,331.75,40.41
480041,325.64,39.98
480061,319.58,39.577
480081,313.57,39.207
480101,307.6,38.876
480121,301.67,38.589
480141,295.77,38.352
480161,289.89,38.167
480181,284.03,38.04
480201,278.19,37.972
480221,272.34,37.964
480241,266.49,38.018
480261,260.62,38.132
480281,254.73,38.305
480301,248.81,38.535
480321,242.85,38.817
480341,236.85,39.148
480361,230.81,39.523
480381,224.71,39.935
480401,218.57,40.38
480421,212.37,40.85
480441,206.12,41.341
480461,199.81,41.844
480481,193.46,42.356
480501,187.06,42.868
480521,180.61,43.375
480541,174.12,43.873
480561,167.59,44.355
480581,161.03,44.816
480601,154.44,45.253
480621,147.81,45.661
480641,141.17,46.037
480661,134.5,46.377
480681,127.83,46.679
480701,121.14,46.94
480721,114.44,47.16
480741,107.75,47.336
480761,101.06,47.467
480781,94.374,47.554
480801,87.702,47.597
480821,81.046,47.596
480841,74.411,47.552
480861,67.801,47.467
480881,61.218,47.343
480901,54.668,47.183
480921,48.153,46.988
480941,41.676,46.763
480961,35.241,46.511
480981,28.848,46.236
481001,22.502,45.942
481021,16.201,45.635
481041,9.9488,45.318
481061,3.7437,44.997
481081,357.59,44.678
481101,351.47,44.365
481121,345.4,44.065
481141,339.38,43.782
481161,333.39,43.522
481181,327.43,43.289
481201,321.49,43.09
481221,315.58,42.928
481241,309.68,42.808
481261,303.78,42.732
481281,297.88,42.703
481301,291.97,42.725
481321,286.04,42.797
481341,280.08,42.921
481361,274.09,43.095
481381,268.06,43.32
481401,261.98,43.593
481421,255.85,43.911
481441,249.66,44.271
481461,243.42,44.67
481481,237.12,45.102
481501,230.76,45.563
481521,224.35,46.048
481541,217.88,46.552
481561,211.35,47.068
481581,204.78,47.592
481601,198.16,48.119
481621,191.5,48.643
481641,184.79,49.159
481661,178.06,49.662
481681,171.29,50.148
481701,164.5,50.612
481721,157.69,51.052
481741,150.87,51.463
481761,144.03,51.843
481781,137.18,52.189
481801,130.34,52.499
481821,123.49,52.771
481841,116.66,53.004
481861,109.83,53.198
481881,103.02,53.352
481901,96.232,53.466
481921,89.465,53.541
481941,82.724,53.579
481961,76.015,53.579
481981,69.338,53.546
482001,62.699,53.48
482021,56.099,53.384
482041,49.54,53.262
482061,43.025,53.116
482081,36.554,52.951
482101,30.13,52.77
482121,23.752,52.577
482141,17.421,52.376
482161,11.135,52.172
482181,4.8929,51.97
482201,358.69,51.773
482221,352.53,51.587
482241,346.41,51.415
482261,340.32,51.261
482281,334.26,51.13
482301,328.21,51.026
482321,322.19,50.951
482341,316.17,50.908
482361,310.16,50.901
482381,304.14,50.931
482401,298.12,50.999
482421,292.07,51.107
482441,286,51.254
482461,279.9,51.441
482481,273.77,51.667
482501,267.59,51.93
482521,261.36,52.228
482541,255.09,52.56
482561,248.76,52.921
482581,242.37,53.309
482601,235.93,53.72
482621,229.44,54.15
482641,222.89,54.595
482661,216.29,55.051
482681,209.64,55.512
482701,202.94,55.976
482721,196.2,56.437
482741,189.41,56.892
482761,182.6,57.336
482781,175.75,57.765
482801,168.87,58.175
482821,161.97,58.565
482841,155.06,58.929
482861,148.13,59.267
482881,141.19,59.575
482901,134.25,59.852
482921,127.32,60.095
482941,120.39,60.305
482961,113.47,60.48
482981,106.57,60.621
483001,99.684,60.727
483021,92.823,60.799
483041,85.99,60.838
483061,79.187,60.846
483081,72.418,60.824
483101,65.685,60.774
483121,58.99,60.7
483141,52.337,60.603
483161,45.727,60.487
483181,39.16,60.355
483201,32.638,60.211
483221,26.162,60.058
483241,19.73,59.9
483261,13.343,59.74
483281,6.9981,59.584
483301,0.69455,59.434
483321,354.43,59.294
483341,348.2,59.168
483361,342,59.06
483381,335.83,58.972
483401,329.69,58.908
483421,323.56,58.87
483441,317.44,58.86
483461,311.34,58.88
483481,305.23,58.932
483501,299.12,59.017
483521,292.99,59.135
483541,286.85,59.286
483561,280.69,59.47
483581,274.5,59.686
483601,268.27,59.932
483621,262.01,60.206
483641,255.71,60.508
483661,249.36,60.833
483681,242.96,61.179
483701,236.51,61.543
483721,230.01,61.921
483741,223.46,62.311
483761,216.86,62.708
483781,210.21,63.108
483801,203.51,63.509
483821,196.77,63.905
483841,189.99,64.294
483861,183.17,64.672
483881,176.31,65.035
483901,169.43,65.381
483921,162.52,65.707
483941,155.58,66.01
483961,148.64,66.288
483981,141.68,66.538
484001,134.71,66.76
484021,127.74,66.952
484041,120.78,67.114
484061,113.82,67.244
484081,106.88,67.343
484101,99.949,67.411
484121,93.041,67.449
484141,86.158,67.458
484161,79.303,67.44
484181,72.479,67.396
484201,65.689,67.328
484221,58.936,67.24
484241,52.222,67.133
484261,45.548,67.01
484281,38.917,66.876
484301,32.328,66.732
484321,25.783,66.583
484341,19.281,66.432
484361,12.822,66.283
484381,6.4043,66.139
484401,0.026603,66.003
484421,353.69,65.88
484441,347.38,65.772
484461,341.11,65.682
484481,334.87,65.613
484501,328.65,65.568
484521,322.45,65.548
484541,316.26,65.556
484561,310.09,65.593
484581,303.92,65.661
484601,297.75,65.758
484621,291.57,65.887
484641,285.39,66.046
484661,279.18,66.234
484681,272.96,66.452
484701,266.71,66.696
484721,260.42,66.966
484741,254.11,67.258
484761,247.75,67.571
484781,241.35,67.901
484801,234.91,68.246
484821,228.42,68.602
484841,221.89,68.966
484861,215.3,69.334
484881,208.68,69.703
484901,202,70.07
484921,195.28,70.43
484941,188.52,70.781
484961,181.72,71.12
484981,174.89,71.443
485001,168.02,71.748
485021,161.12,72.032
485041,154.2,72.293
485061,147.26,72.529
485081,140.31,72.738
485101,133.34,72.919
485121,126.37,73.072
485141,119.4,73.196
485161,112.43,73.29
485181,105.47,73.355
485201,98.522,73.391
485221,91.593,73.4
485241,84.684,73.382
485261,77.8,73.339
485281,70.944,73.274
485301,64.119,73.188
485321,57.328,73.084
485341,50.573,72.965
485361,43.856,72.834
485381,37.179,72.694
485401,30.542,72.548
485421,23.946,72.4
485441,17.39,72.252
485461,10.876,72.109
485481,4.4012,71.975
485501,357.96,71.851
485521,351.56,71.742
485541,345.2,71.65
485561,338.86,71.579
485581,332.56,71.53
485601,326.28,71.506
485621,320.02,71.509
485641,313.77,71.54
485661,307.54,71.601
485681,301.31,71.692
485701,295.09,71.814
485721,288.86,71.966
485741,282.63,72.148
485761,276.39,72.359
485781,270.13,72.598
485801,263.84,72.862
485821,257.53,73.15
485841,251.2,73.459
485861,244.83,73.787
485881,238.42,74.13
485901,231.98,74.486
485921,225.49,74.85
485941,218.96,75.22
485961,212.39,75.592
485981,205.78,75.962
486001,199.12,76.327
486021,192.42,76.684
486041,185.68,77.029
486061,178.9,77.36
486081,172.09,77.673
486101,165.24,77.965
486121,158.36,78.235
486141,151.45,78.48
486161,144.52,78.699
486181,137.57,78.891
486201,130.61,79.053
486221,123.64,79.187
486241,116.67,79.29
486261,109.7,79.365
486281,102.73,79.41
486301,95.765,79.427
486321,88.817,79.418
486341,81.886,79.383
486361,74.977,79.325
486381,68.091,79.246
486401,61.233,79.148
486421,54.405,79.034
486441,47.61,78.907
486461,40.849,78.77
486481,34.125,78.626
486501,27.437,78.479
486521,20.788,78.333
486541,14.176,78.189
486561,7.6023,78.053
486581,1.0656,77.928
486601,354.56,77.816
486621,348.1,77.721
486641,341.66,77.645
486661,335.26,77.592
486681,328.88,77.564
486701,322.53,77.562
486721,316.19,77.589
486741,309.88,77.647
486761,303.57,77.734
486781,297.28,77.854
486801,290.98,78.005
486821,284.69,78.187
486841,278.39,78.4
486861,272.09,78.642
486881,265.77,78.912
486901,259.44,79.208
486921,253.08,79.527
486941,246.7,79.868
486961,240.29,80.2257
486981,233.86,80.5987
487001,227.38,80.983
487021,220.88,81.375
487041,214.33,81.7711
487061,207.75,82.1675
487081,201.13,82.5604
487101,194.47,82.9463
487121,187.77,83.3213
487141,181.03,83.6822
487161,174.26,84.0256
487181,167.45,84.3486
487201,160.6,84.6484
487221,153.73,84.9226
487241,146.82,85.1691
487261,139.9,85.3864
487281,132.95,85.5731
487301,125.99,85.7283
487321,119.02,85.8516
487341,112.03,85.9429
487361,105.05,86.0026
487381,98.062,86.0314
487401,91.081,86.0306
487421,84.11,86.0016
487441,77.153,85.9463
487461,70.211,85.867
487481,63.291,85.766
487501,56.393,85.6463
487521,49.522,85.5107
487541,42.679,85.3626
487561,35.867,85.2052
487581,29.087,85.0421
487601,22.34,84.8768
487621,15.628,84.7129
487641,8.9499,84.5541
487661,2.3061,84.4039
487681,355.7,84.2657
487701,349.12,84.1429
487721,342.57,84.0387
487741,336.06,83.9559
487761,329.57,83.8973
487781,323.1,83.8653
487801,316.66,83.8619
487821,310.24,83.8888
487841,303.83,83.9474
487861,297.43,84.0386
487881,291.04,84.1629
487901,284.66,84.3203
487921,278.28,84.5106
487941,271.89,84.7329
487961,265.5,84.986
487981,259.1,85.2683
488001,252.68,85.5777
488021,246.25,85.9119
488041,239.8,86.268
488061,233.32,86.643
488081,226.81,87.0335
488101,220.28,87.4359
488121,213.72,87.8463
488141,207.12,88.261
488161,200.5,88.6757
488181,193.83,89.08651
488201,187.14,89.48926
488221,180.4,89.88
488241,173.64,90.25486
488261,166.84,90.6102
488281,160,90.94259
488301,153.14,91.2489
488321,146.25,91.5264
488341,139.33,91.7726
488361,132.39,91.9857
488381,125.43,92.164
488401,118.45,92.3066
488421,111.46,92.4129
488441,104.47,92.4827
488461,97.463,92.5165
488481,90.46,92.5152
488501,83.459,92.48
488521,76.465,92.4127
488541,69.482,92.3155
488561,62.514,92.1909
488581,55.562,92.0416
488601,48.631,91.8708
488621,41.724,91.6818
488641,34.841,91.4782
488661,27.987,91.2638
488681,21.161,91.0423
488701,14.365,90.81756
488721,7.5995,90.59357
488741,0.86542,90.37418
488761,354.16,90.16319
488781,347.49,89.964299
488801,340.85,89.78104
488821,334.23,89.61675
488841,327.64,89.47454
488861,321.08,89.35724
488881,314.53,89.26736
488901,308.01,89.2071
488921,301.5,89.17828
488941,295.01,89.18233
488961,288.53,89.22028
488981,282.05,89.29273
489001,275.58,89.39986
489021,269.1,89.54139
489041,262.63,89.71663
489061,256.14,89.924433
489081,249.65,90.16325
489101,243.14,90.43112
489121,236.62,90.72567
489141,230.07,91.0442
489161,223.51,91.3837
489181,216.92,91.7407
489201,210.3,92.1116
489221,203.66,92.4926
489241,196.99,92.8797
489261,190.28,93.2687
489281,183.55,93.6553
489301,176.79,94.0352
489321,169.99,94.4041
489341,163.17,94.758
489361,156.32,95.0927
489381,149.43,95.4044
489401,142.53,95.6895
489421,135.6,95.9448
489441,128.65,96.1672
489461,121.68,96.3545
489481,114.69,96.5045
489501,107.69,96.6157
489521,100.69,96.6871
489541,93.675,96.7183
489561,86.662,96.7093
489581,79.65,96.6607
489601,72.644,96.5738
489621,65.647,96.4502
489641,58.663,96.2919
489661,51.694,96.1016
489681,44.743,95.8822
489701,37.814,95.637
489721,30.908,95.3696
489741,24.027,95.0838
489761,17.173,94.7835
489781,10.347,94.473
489801,3.5504,94.1564
489821,356.78,93.8379
489841,350.04,93.5217
489861,343.34,93.2119
489881,336.66,92.9125
489901,330,92.6273
489921,323.37,92.3598
489941,316.77,92.1135
489961,310.19,91.8913
489981,303.62,91.6961
490001,297.08,91.5301
490021,290.54,91.3954
490041,284.02,91.2936
490061,277.51,91.226
490081,270.99,91.1932
490101,264.48,91.1956
490121,257.97,91.2332
490141,251.45,91.3054
490161,244.92,91.4111
490181,238.38,91.5491
490201,231.83,91.7176
490221,225.25,91.9143
490241,218.66,92.1367
490261,212.04,92.382
490281,205.39,92.6469
490301,198.73,92.9281
490321,192.03,93.2218
490341,185.3,93.5243
490361,178.55,93.8314
490381,171.76,94.139
490401,164.95,94.443
490421,158.1,94.7393
490441,151.23,95.0235
490461,144.34,95.2918
490481,137.42,95.5402
490501,130.48,95.765
490521,123.51,95.9628
490541,116.54,96.1304
490561,109.54,96.2651
490581,102.54,96.3645
490601,95.532,96.4267
490621,88.52,96.4503
490641,81.508,96.4343
490661,74.5,96.3782
490681,67.5,96.2824
490701,60.511,96.1474
490721,53.537,95.9744
490741,46.58,95.7651
490761,39.644,95.5218
490781,32.731,95.2471
490801,25.844,94.9441
490821,18.983,94.6161
490841,12.152,94.2668
490861,5.3503,93.9001
490881,358.58,93.5202
490901,351.84,93.1312
490921,345.13,92.7375
490941,338.45,92.3432
490961,331.8,91.9527
490981,325.18,91.5701
491001,318.59,91.1992
491021,312.02,90.84381
491041,305.48,90.50751
491061,298.96,90.19348
491081,292.45,89.90462
491101,285.96,89.64349
491121,279.48,89.41227
491141,273.01,89.21273
491161,266.54,89.04624
491181,260.08,88.9137
491201,253.61,88.8157
491221,247.14,88.7522
491241,240.66,88.723
491261,234.17,88.727
491281,227.67,88.7633
491301,221.14,88.83
491321,214.59,88.9254
491341,208.03,89.0469
491361,201.43,89.19199
491381,194.81,89.35769
491401,188.16,89.54079
491421,181.47,89.73788
491441,174.76,89.945356
491461,168.02,90.1595
491481,161.24,90.37651
491501,154.43,90.5925
491521,147.6,90.80362
491541,140.73,91.006
491561,133.84,91.196
491581,126.92,91.37
491601,119.99,91.5245
491621,113.03,91.6564
491641,106.06,91.7626
491661,99.07,91.8406
491681,92.075,91.888
491701,85.076,91.903
491721,78.075,91.884
491741,71.077,91.8298
491761,64.086,91.7399
491781,57.106,91.6141
491801,50.14,91.4527
491821,43.193,91.2564
491841,36.267,91.0266
491861,29.367,90.76481
491881,22.493,90.47329
491901,15.65,90.15453
491921,8.8384,89.81146
491941,2.0602,89.44728
491961,355.32,89.06549
491981,348.61,88.6698
492001,341.93,88.2641
492021,335.3,87.8525
492041,328.69,87.4388
492061,322.12,87.0272
492081,315.58,86.6217
492101,309.08,86.2261
492121,302.6,85.8441
492141,296.14,85.4791
492161,289.71,85.1345
492181,283.29,84.8131
492201,276.89,84.5176
492221,270.51,84.2501
492241,264.13,84.0125
492261,257.76,83.8062
492281,251.39,83.6322
492301,245.01,83.4912
492321,238.63,83.3831
492341,232.24,83.3079
492361,225.84,83.2646
492381,219.42,83.2523
492401,212.97,83.2694
492421,206.51,83.314
492441,200.01,83.3838
492461,193.49,83.4764
492481,186.94,83.5889
492501,180.35,83.7183
492521,173.73,83.8614
492541,167.08,84.0147
492561,160.39,84.1748
492581,153.67,84.3381
492601,146.91,84.501
492621,140.12,84.6599
492641,133.3,84.8114
492661,126.45,84.952
492681,119.57,85.0784
492701,112.67,85.1877
492721,105.74,85.2768
492741,98.793,85.3433
492761,91.832,85.3848
492781,84.859,85.3992
492801,77.879,85.3849
492821,70.896,85.3406
492841,63.913,85.2654
492861,56.936,85.1586
492881,49.969,85.0202
492901,43.016,84.8503
492921,36.081,84.6498
492941,29.168,84.4195
492961,22.281,84.1612
492981,15.423,83.8764
493001,8.5965,83.5676
493021,1.8049,83.2372
493041,355.05,82.8881
493061,348.33,82.5233
493081,341.66,82.1463
493101,335.02,81.7605
493121,328.42,81.3695
493141,321.86,80.9771
493161,315.34,80.587
493181,308.86,80.2029
493201,302.41,79.828
493221,295.99,79.467
493241,289.6,79.122
493261,283.24,78.796
493281,276.9,78.493
493301,270.58,78.214
493321,264.28,77.962
493341,257.99,77.739
493361,251.7,77.545
493381,245.42,77.383
493401,239.13,77.251
493421,232.84,77.152
493441,226.54,77.083
493461,220.22,77.044
493481,213.89,77.035
493501,207.53,77.054
493521,201.14,77.098
493541,194.73,77.165
493561,188.29,77.253
493581,181.81,77.36
493601,175.3,77.481
493621,168.75,77.614
493641,162.16,77.756
493661,155.54,77.903
493681,148.87,78.052
493701,142.17,78.198
493721,135.43,78.34
493741,128.66,78.473
493761,121.85,78.595
493781,115.01,78.702
493801,108.14,78.791
493821,101.25,78.861
493841,94.331,78.908
493861,87.393,78.93
493881,80.44,78.927
493901,73.476,78.896
493921,66.505,78.836
493941,59.531,78.748
493961,52.559,78.629
493981,45.594,78.482
494001,38.64,78.305
494021,31.702,78.101
494041,24.784,77.869
494061,17.89,77.612
494081,11.024,77.332
494101,4.1907,77.03
494121,357.39,76.71
494141,350.63,76.374
494161,343.91,76.024
494181,337.23,75.665
494201,330.6,75.299
494221,324,74.93
494241,317.46,74.561
494261,310.95,74.196
494281,304.49,73.839
494301,298.06,73.492
494321,291.68,73.159
494341,285.33,72.844
494361,279.01,72.548
494381,272.72,72.275
494401,266.45,72.027
494421,260.2,71.805
494441,253.97,71.612
494461,247.74,71.448
494481,241.52,71.314
494501,235.3,71.211
494521,229.08,71.138
494541,222.85,71.095
494561,216.6,71.081
494581,210.33,71.095
494601,204.04,71.134
494621,197.73,71.197
494641,191.38,71.281
494661,185,71.384
494681,178.59,71.502
494701,172.14,71.633
494721,165.65,71.774
494741,159.12,71.92
494761,152.54,72.069
494781,145.93,72.218
494801,139.28,72.361
494821,132.58,72.497
494841,125.85,72.623
494861,119.08,72.734
494881,112.27,72.828
494901,105.43,72.903
494921,98.564,72.956
494941,91.669,72.985
494961,84.75,72.988
494981,77.812,72.964
495001,70.859,72.912
495021,63.896,72.831
495041,56.925,72.72
495061,49.953,72.579
495081,42.984,72.409
495101,36.022,72.211
495121,29.073,71.986
495141,22.142,71.735
495161,15.231,71.46
495181,8.3474,71.163
495201,1.4937,70.846
495221,354.67,70.513
495241,347.89,70.166
495261,341.15,69.808
495281,334.45,69.442
495301,327.8,69.072
495321,321.19,68.702
495341,314.63,68.334
495361,308.12,67.972
495381,301.66,67.621
495401,295.24,67.282
495421,288.86,66.959
495441,282.53,66.656
495461,276.23,66.374
495481,269.96,66.117
495501,263.73,65.886
495521,257.51,65.683
495541,251.32,65.51
495561,245.15,65.366
495581,238.98,65.254
495601,232.81,65.172
495621,226.64,65.12
495641,220.47,65.098
495661,214.28,65.105
495681,208.08,65.138
495701,201.85,65.196
495721,195.6,65.276
495741,189.31,65.375
495761,183,65.491
495781,176.64,65.621
495801,170.25,65.761
495821,163.82,65.907
495841,157.34,66.057
495861,150.82,66.206
495881,144.26,66.351
495901,137.65,66.489
495921,131,66.615
495941,124.31,66.728
495961,117.58,66.823
495981,110.81,66.899
496001,104.01,66.952
496021,97.171,66.979
496041,90.304,66.98
496061,83.411,66.952
496081,76.495,66.895
496101,69.56,66.806
496121,62.611,66.687
496141,55.651,66.536
496161,48.686,66.353
496181,41.72,66.14
496201,34.758,65.898
496221,27.804,65.627
496241,20.864,65.331
496261,13.942,65.01
496281,7.0424,64.667
496301,0.17086,64.305
496321,353.33,63.928
496341,346.53,63.538
496361,339.76,63.138
496381,333.04,62.733
496401,326.37,62.326
496421,319.74,61.921
496441,313.17,61.522
496461,306.64,61.132
496481,300.17,60.755
496501,293.75,60.395
496521,287.37,60.055
496541,281.05,59.737
496561,274.76,59.445
496581,268.52,59.182
496601,262.32,58.948
496621,256.15,58.746
496641,250,58.576
496661,243.88,58.44
496681,237.76,58.337
496701,231.66,58.268
496721,225.56,58.232
496741,219.46,58.226
496761,213.35,58.25
496781,207.22,58.302
496801,201.07,58.379
496821,194.89,58.478
496841,188.69,58.596
496861,182.45,58.729
496881,176.17,58.875
496901,169.86,59.029
496921,163.5,59.187
496941,157.1,59.346
496961,150.65,59.502
496981,144.16,59.65
497001,137.63,59.788
497021,131.05,59.911
497041,124.42,60.016
497061,117.76,60.1
497081,111.05,60.16
497101,104.3,60.193
497121,97.526,60.197
497141,90.714,60.17
497161,83.874,60.11
497181,77.009,60.017
497201,70.122,59.889
497221,63.218,59.725
497241,56.3,59.527
497261,49.373,59.294
497281,42.442,59.027
497301,35.511,58.727
497321,28.584,58.397
497341,21.668,58.038
497361,14.765,57.653
497381,7.882,57.244
497401,1.0229,56.815
497421,354.19,56.369
497441,347.4,55.911
497461,340.64,55.444
497481,333.92,54.972
497501,327.25,54.5
497521,320.62,54.032
497541,314.05,53.573
497561,307.53,53.127
497581,301.07,52.698
497601,294.67,52.291
497621,288.32,51.91
497641,282.02,51.558
497661,275.78,51.237
497681,269.58,50.952
497701,263.43,50.705
497721,257.32,50.496
497741,251.25,50.327
497761,245.2,50.199
497781,239.18,50.112
497801,233.17,50.065
497821,227.17,50.056
497841,221.17,50.085
497861,215.16,50.148
497881,209.14,50.243
497901,203.1,50.366
497921,197.04,50.515
497941,190.95,50.684
497961,184.82,50.87
497981,178.65,51.069
498001,172.44,51.276
498021,166.19,51.486
498041,159.9,51.696
498061,153.55,51.899
498081,147.16,52.093
498101,140.73,52.273
498121,134.25,52.435
498141,127.72,52.575
498161,121.15,52.689
498181,114.55,52.775
498201,107.9,52.829
498221,101.22,52.85
498241,94.506,52.834
498261,87.765,52.78
498281,80.999,52.688
498301,74.212,52.555
498321,67.408,52.383
498341,60.591,52.17
498361,53.765,51.917
498381,46.936,51.625
498401,40.106,51.296
498421,33.281,50.931
498441,26.465,50.533
498461,19.662,50.105
498481,12.878,49.649
498501,6.1176,49.17
498521,359.38,48.671
498541,352.68,48.156
498561,346.02,47.632
498581,339.39,47.101
498601,332.81,46.57
498621,326.28,46.044
498641,319.8,45.529
498661,313.38,45.029
498681,307.01,44.552
498701,300.7,44.101
498721,294.45,43.682
498741,288.25,43.3
498761,282.11,42.959
498781,276.02,42.663
498801,269.98,42.415
498821,263.99,42.217
498841,258.03,42.071
498861,252.1,41.979
498881,246.2,41.938
498901,240.3,41.95
498921,234.42,42.012
498941,228.53,42.121
498961,222.63,42.274
498981,216.72,42.468
499001,210.78,42.698
499021,204.81,42.96
499041,198.81,43.247
499061,192.76,43.555
499081,186.68,43.879
499101,180.54,44.212
499121,174.36,44.549
499141,168.14,44.885
499161,161.86,45.214
499181,155.54,45.532
499201,149.17,45.833
499221,142.76,46.113
499241,136.31,46.368
499261,129.81,46.594
499281,123.29,46.787
499301,116.72,46.945
499321,110.13,47.064
499341,103.52,47.142
499361,96.879,47.179
499381,90.225,47.172
499401,83.557,47.12
499421,76.881,47.023
499441,70.201,46.882
499461,63.521,46.696
499481,56.846,46.468
499501,50.18,46.197
499521,43.528,45.887
499541,36.893,45.54
499561,30.281,45.159
499581,23.696,44.746
499601,17.141,44.307
499621,10.621,43.845
499641,4.1387,43.365
499661,357.7,42.872
499681,351.3,42.371
499701,344.95,41.869
499721,338.65,41.37
499741,332.4,40.882
499761,326.21,40.41
499781,320.06,39.961
499801,313.97,39.541
499821,307.92,39.156
499841,301.92,38.813
499861,295.96,38.515
499881,290.04,38.268
499901,284.15,38.076
499921,278.28,37.942
499941,272.43,37.868
499961,266.59,37.856
499981,260.74,37.904
500001,254.88,38.013
500021,249.01,38.181
500041,243.11,38.404
500061,237.18,38.679
500081,231.21,39
500101,225.2,39.364
500121,219.15,39.764
500141,213.04,40.194
500161,206.89,40.648
500181,200.68,41.12
500201,194.42,41.603
500221,188.11,42.092
500241,181.76,42.58
500261,175.36,43.061
500281,168.91,43.53
500301,162.43,43.981
500321,155.91,44.411
500341,149.36,44.815
500361,142.77,45.188
500381,136.17,45.527
500401,129.54,45.83
500421,122.89,46.093
500441,116.24,46.314
500461,109.57,46.493
500481,102.91,46.627
500501,96.24,46.716
500521,89.58,46.76
500541,82.931,46.759
500561,76.296,46.713
500581,69.68,46.625
500601,63.087,46.495
500621,56.521,46.326
500641,49.985,46.12
500661,43.484,45.881
500681,37.021,45.612
500701,30.598,45.316
500721,24.218,44.997
500741,17.883,44.661
500761,11.594,44.312
500781,5.3536,43.955
500801,359.16,43.596
500821,353.02,43.24
500841,346.92,42.893
500861,340.86,42.56
500881,334.85,42.247
500901,328.88,41.96
500921,322.94,41.704
500941,317.02,41.484
500961,311.13,41.305
500981,305.25,41.171
501001,299.37,41.086
501021,293.49,41.051
501041,287.6,41.07
501061,281.7,41.142
501081,275.76,41.27
501101,269.79,41.451
501121,263.78,41.684
501141,257.72,41.968
501161,251.61,42.298
501181,245.45,42.672
501201,239.23,43.084
501221,232.95,43.53
501241,226.62,44.005
501261,220.23,44.502
501281,213.78,45.018
501301,207.28,45.544
501321,200.74,46.077
501341,194.14,46.611
501361,187.51,47.14
501381,180.84,47.658
501401,174.13,48.162
501421,167.4,48.647
501441,160.64,49.108
501461,153.86,49.542
501481,147.07,49.946
501501,140.27,50.316
501521,133.46,50.65
501541,126.64,50.947
501561,119.84,51.204
501581,113.03,51.421
501601,106.24,51.597
501621,99.47,51.731
501641,92.715,51.825
501661,85.983,51.879
501681,79.279,51.894
501701,72.606,51.872
501721,65.966,51.815
501741,59.364,51.725
501761,52.801,51.605
501781,46.279,51.458
501801,39.802,51.288
501821,33.37,51.099
501841,26.985,50.894
501861,20.646,50.679
501881,14.353,50.456
501901,8.1065,50.231
501921,1.9041,50.009
501941,355.74,49.794
501961,349.62,49.591
501981,343.54,49.404
502001,337.48,49.238
502021,331.46,49.096
502041,325.45,48.984
502061,319.46,48.903
502081,313.47,48.857
502101,307.49,48.849
502121,301.49,48.881
502141,295.49,48.954
502161,289.46,49.069
502181,283.41,49.226
502201,277.32,49.424
502221,271.19,49.664
502241,265.01,49.943
502261,258.79,50.258
502281,252.51,50.608
502301,246.18,50.988
502321,239.79,51.396
502341,233.34,51.827
502361,226.84,52.276
502381,220.29,52.741
502401,213.68,53.215
502421,207.02,53.695
502441,200.32,54.176
502461,193.57,54.653
502481,186.79,55.122
502501,179.97,55.579
502521,173.12,56.02
502541,166.25,56.441
502561,159.36,56.839
502581,152.45,57.21
502601,145.53,57.553
502621,138.61,57.865
502641,131.69,58.144
502661,124.77,58.388
502681,117.86,58.598
502701,110.96,58.772
502721,104.08,58.91
502741,97.222,59.012
502761,90.387,59.079
502781,83.58,59.113
502801,76.806,59.115
502821,70.066,59.087
502841,63.363,59.03
502861,56.7,58.949
502881,50.079,58.844
502901,43.502,58.721
502921,36.969,58.582
502941,30.482,58.431
502961,24.039,58.271
502981,17.643,58.106
503001,11.29,57.942
503021,4.9797,57.78
503041,358.71,57.626
503061,352.48,57.483
503081,346.28,57.355
503101,340.12,57.245
503121,333.98,57.157
503141,327.86,57.094
503161,321.76,57.058
503181,315.66,57.051
503201,309.58,57.076
503221,303.49,57.135
503241,297.39,57.227
503261,291.28,57.353
503281,285.14,57.513
503301,278.98,57.708
503321,272.79,57.935
503341,266.57,58.193
503361,260.3,58.48
503381,253.98,58.795
503401,247.62,59.134
503421,241.21,59.494
503441,234.74,59.872
503461,228.23,60.265
503481,221.66,60.668
503501,215.04,61.079
503521,208.37,61.492
503541,201.66,61.905
503561,194.9,62.313
503581,188.1,62.713
503601,181.27,63.101
503621,174.4,63.474
503641,167.51,63.829
503661,160.59,64.162
503681,153.65,64.472
503701,146.7,64.755
503721,139.74,65.011
503741,132.78,65.237
503761,125.82,65.432
503781,118.86,65.595
503801,111.91,65.727
503821,104.98,65.827
503841,98.063,65.896
503861,91.171,65.933
503881,84.304,65.942
503901,77.468,65.923
503921,70.664,65.877
503941,63.896,65.808
503961,57.165,65.718
503981,50.475,65.61
504001,43.826,65.486
504021,37.221,65.35
504041,30.658,65.205
504061,24.14,65.055
504081,17.665,64.903
504101,11.234,64.753
504121,4.8431,64.609
504141,358.49,64.474
504161,352.18,64.352
504181,345.9,64.245
504201,339.65,64.157
504221,333.43,64.091
504241,327.23,64.048
504261,321.05,64.032
504281,314.89,64.044
504301,308.73,64.086
504321,302.58,64.158
504341,296.42,64.261
504361,290.25,64.395
504381,284.07,64.559
504401,277.87,64.754
504421,271.64,64.977
504441,265.39,65.228
504461,259.1,65.504
504481,252.77,65.802
504501,246.41,66.121
504521,239.99,66.457
504541,233.54,66.808
504561,227.03,67.169
504581,220.48,67.538
504601,213.88,67.91
504621,207.23,68.284
504641,200.54,68.654
504661,193.8,69.018
504681,187.02,69.372
504701,180.21,69.713
504721,173.36,70.038
504741,166.48,70.344
504761,159.57,70.629
504781,152.64,70.891
504801,145.69,71.127
504821,138.73,71.336
504841,131.76,71.517
504861,124.79,71.668
504881,117.82,71.791
504901,110.85,71.883
504921,103.9,71.946
504941,96.963,71.981
504961,90.043,71.987
504981,83.147,71.967
505001,76.277,71.923
505021,69.437,71.855
505041,62.629,71.767
505061,55.857,71.661
505081,49.123,71.541
505101,42.427,71.408
505121,35.772,71.266
505141,29.158,71.119
505161,22.586,70.97
505181,16.056,70.822
505201,9.5662,70.68
505221,3.1165,70.545
505241,356.71,70.422
505261,350.33,70.313
505281,343.99,70.223
505301,337.68,70.152
505321,331.39,70.105
505341,325.13,70.083
505361,318.89,70.088
505381,312.67,70.122
505401,306.45,70.185
505421,300.24,70.278
505441,294.03,70.402
505461,287.82,70.556
505481,281.59,70.739
505501,275.36,70.952
505521,269.1,71.191
505541,262.82,71.456
505561,256.51,71.744
505581,250.17,72.053
505601,243.79,72.38
505621,237.38,72.722
505641,230.92,73.076
505661,224.43,73.438
505681,217.89,73.804
505701,211.3,74.173
505721,204.67,74.539
505741,198,74.9
505761,191.28,75.253
505781,184.53,75.593
505801,177.73,75.918
505821,170.9,76.225
505841,164.04,76.512
505861,157.15,76.777
505881,150.23,77.016
505901,143.3,77.23
505921,136.34,77.415
505941,129.38,77.573
505961,122.41,77.701
505981,115.44,77.799
506001,108.46,77.869
506021,101.5,77.91
506041,94.546,77.923
506061,87.608,77.91
506081,80.689,77.871
506101,73.793,77.81
506121,66.923,77.729
506141,60.082,77.628
506161,53.273,77.513
506181,46.499,77.385
506201,39.76,77.247
506221,33.059,77.103
506241,26.395,76.957
506261,19.771,76.811
506281,13.185,76.669
506301,6.6382,76.535
506321,0.12838,76.411
506341,353.65,76.302
506361,347.22,76.21
506381,340.81,76.137
506401,334.43,76.087
506421,328.08,76.063
506441,321.75,76.065
506461,315.44,76.096
506481,309.15,76.156
506501,302.86,76.247
506521,296.59,76.37
506541,290.32,76.524
506561,284.04,76.708
506581,277.76,76.923
506601,271.47,77.166
506621,265.16,77.436
506641,258.84,77.732
506661,252.49,78.05
506681,246.11,78.388
506701,239.71,78.744
506721,233.27,79.113
506741,226.8,79.492
506761,220.29,79.879
506781,213.74,80.2685
506801,207.15,80.6577
506821,200.52,81.0427
506841,193.86,81.4201
506861,187.15,81.7861
506881,180.4,82.1377
506901,173.61,82.4715
506921,166.79,82.7848
506941,159.94,83.075
506961,153.06,83.3398
506981,146.15,83.5772
507001,139.22,83.7858
507021,132.27,83.9644
507041,125.3,84.1122
507061,118.33,84.2288
507081,111.35,84.3143
507101,104.36,84.3691
507121,97.385,84.3941
507141,90.412,84.3904
507161,83.451,84.3595
507181,76.505,84.3035
507201,69.578,84.2245
507221,62.673,84.125
507241,55.793,84.0077
507261,48.94,83.8757
507281,42.119,83.7322
507301,35.329,83.5804
507321,28.572,83.4239
507341,21.85,83.2662
507361,15.164,83.1108
507381,8.5124,82.9612
507401,1.8961,82.821
507421,355.31,82.6936
507441,348.77,82.5822
507461,342.25,82.4899
507481,335.76,82.4196
507501,329.3,82.3737
507521,322.86,82.3547
507541,316.45,82.3645
507561,310.05,82.4046
507581,303.67,82.4763
507601,297.3,82.5803
507621,290.94,82.7172
507641,284.58,82.8867
507661,278.22,83.0885
507681,271.86,83.3215
507701,265.49,83.5846
507721,259.1,83.8758
507741,252.7,84.1931
507761,246.29,84.534
507781,239.85,84.8956
507801,233.38,85.2748
507821,226.89,85.6681
507841,220.36,86.0719
507861,213.81,86.4825
507881,207.22,86.8959
507901,200.59,87.3081
507921,193.93,87.7151
507941,187.24,88.1129
507961,180.51,88.4978
507981,173.74,88.8659
508001,166.94,89.21393
508021,160.1,89.53853
508041,153.24,89.83683
508061,146.35,90.10629
508081,139.43,90.34472
508101,132.49,90.55041
508121,125.53,90.72205
508141,118.55,90.8588
508161,111.56,90.9603
508181,104.57,91.0266
508201,97.566,91.0583
508221,90.567,91.0564
508241,83.573,91.0223
508261,76.586,90.95783
508281,69.612,90.86517
508301,62.653,90.74686
508321,55.713,90.60574
508341,48.795,90.44493
508361,41.901,90.26776
508381,35.034,90.077738
508401,28.195,89.87853
508421,21.386,89.6739
508441,14.609,89.46765
508461,7.8624,89.26361
508481,1.1479,89.06556
508501,354.47,88.8772
508521,347.81,88.7022
508541,341.19,88.5438
508561,334.6,88.4054
508581,328.03,88.2899
508601,321.49,88.2
508621,314.97,88.1382
508641,308.46,88.1063
508661,301.98,88.1062
508681,295.51,88.1391
508701,289.04,88.2058
508721,282.59,88.3069
508741,276.13,88.4423
508761,269.68,88.6116
508781,263.22,88.814
508801,256.75,89.04805
508821,250.28,89.31219
508841,243.78,89.60426
508861,237.28,89.921774
508881,230.75,90.26188
508901,224.19,90.62141
508921,217.62,90.9969
508941,211.01,91.3846
508961,204.38,91.7807
508981,197.72,92.1811
509001,191.03,92.5815
509021,184.3,92.9777
509041,177.54,93.3655
509061,170.76,93.7406
509081,163.94,94.0989
509101,157.09,94.4366
509121,150.22,94.75
509141,143.31,95.0355
509161,136.39,95.2903
509181,129.44,95.5116
509201,122.47,95.6972
509221,115.49,95.8453
509241,108.49,95.9547
509261,101.49,96.0246
509281,94.475,96.055
509301,87.463,96.0461
509321,80.452,95.9987
509341,73.447,95.9144
509361,66.452,95.7948
509381,59.468,95.6424
509401,52.501,95.4598
509421,45.552,95.25
509441,38.624,95.0165
509461,31.72,94.7628
509481,24.841,94.4929
509501,17.99,94.2106
509521,11.166,93.92
509541,4.3723,93.6254
509561,357.61,93.3309
509581,350.87,93.0405
509601,344.17,92.7583
509621,337.49,92.4881
509641,330.84,92.2336
509661,324.21,91.9983
509681,317.61,91.7854
509701,311.03,91.5978
509721,304.47,91.4381
509741,297.93,91.3085
509761,291.4,91.2108
509781,284.88,91.1465
509801,278.36,91.1167
509821,271.85,91.122
509841,265.34,91.1624
509861,258.83,91.2378
509881,252.31,91.3474
509901,245.79,91.4901
509921,239.24,91.6644
509941,232.69,91.8682
509961,226.11,92.0994
509981,219.52,92.3551
510001,212.9,92.6323
510021,206.26,92.9278
510041,199.58,93.238
510061,192.89,93.559
510081,186.16,93.8869
510101,179.4,94.2177
510121,172.62,94.547
510141,165.8,94.8706
510161,158.96,95.1844
510181,152.09,95.4842
510201,145.19,95.7659
510221,138.27,96.0256
510241,131.33,96.2598
510261,124.36,96.465
510281,117.39,96.6383
510301,110.39,96.7769
510321,103.39,96.8789
510341,96.38,96.9423
510361,89.367,96.9661
510381,82.354,96.9494
510401,75.345,96.8923
510421,68.343,96.7951
510441,61.353,96.6587
510461,54.376,96.4847
510481,47.416,96.2751
510501,40.476,96.0322
510521,33.559,95.759
510541,26.667,95.4587
510561,19.801,95.1349
510581,12.964,94.7914
510601,6.1555,94.4323
510621,359.38,94.0616
510641,352.63,93.6838
510661,345.91,93.303
510681,339.22,92.9236
510701,332.56,92.5498
510721,325.93,92.1855
510741,319.33,91.8348
510761,312.75,91.5012
510781,306.19,91.1881
510801,299.65,90.89873
510821,293.13,90.63577
510841,286.63,90.40167
510861,280.13,90.19844
510881,273.64,90.027722
510901,267.16,89.89071
510921,260.68,89.78818
510941,254.2,89.72047
510961,247.71,89.68749
510981,241.21,89.6887
511001,234.7,89.72313
511021,228.17,89.78942
511041,221.63,89.8858
511061,215.06,90.010147
511081,208.47,90.15997
511101,201.86,90.33247
511121,195.21,90.52457
511141,188.54,90.73294
511161,181.84,90.95406
511181,175.11,91.1842
511201,168.35,91.4196
511221,161.56,91.6563
511241,154.73,91.8903
511261,147.88,92.1178
511281,141,92.3347
511301,134.1,92.5375
511321,127.17,92.7223
511341,120.22,92.8858
511361,113.26,93.0247
511381,106.27,93.1362
511401,99.282,93.2176
511421,92.282,93.2666
511441,85.277,93.2815
511461,78.273,93.2608
511481,71.273,93.2036
511501,64.28,93.1094
511521,57.299,92.9781
511541,50.333,92.8104
511561,43.386,92.6072
511581,36.461,92.37
511601,29.561,92.1006
511621,22.688,91.8016
511641,15.845,91.4757
511661,9.0332,91.1259
511681,2.254,90.75569
511701,355.51,90.3688
511721,348.8,89.969074
511741,342.12,89.56053
511761,335.48,89.14726
511781,328.87,88.7334
511801,322.29,88.323
511821,315.74,87.9202
511841,309.22,87.5286
511861,302.73,87.1521
511881,296.26,86.794
511901,289.81,86.4576
511921,283.38,86.1456
511941,276.96,85.8605
511961,270.55,85.6045
511981,264.15,85.3792
512001,257.76,85.1861
512021,251.37,85.0259
512041,244.97,84.8991
512061,238.56,84.8057
512081,232.14,84.7453
512101,225.71,84.717
512121,219.26,84.7196
512141,212.79,84.7514
512161,206.3,84.8105
512181,199.77,84.8944
512201,193.22,85.0007
512221,186.64,85.1262
512241,180.03,85.2681
512261,173.39,85.4228
512281,166.71,85.5869
512301,159.99,85.757
512321,153.25,85.9293
512341,146.47,86.1002
512361,139.65,86.266
512381,132.81,86.4233
512401,125.94,86.5686
512421,119.04,86.6986
512441,112.12,86.8102
512461,105.18,86.9006
512481,98.224,86.9671
512501,91.253,87.0073
512521,84.272,87.0194
512541,77.286,87.0016
512561,70.299,86.9528
512581,63.314,86.8719
512601,56.337,86.7586
512621,49.372,86.6128
512641,42.422,86.4348
512661,35.492,86.2255
512681,28.585,85.986
512701,21.705,85.718
512721,14.854,85.4234
512741,8.0364,85.1047
512761,1.2532,84.7645
512781,354.51,84.4058
512801,347.8,84.0318
512821,341.13,83.6461
512841,334.5,83.2522
512861,327.9,82.854
512881,321.35,82.4551
512901,314.83,82.0594
512921,308.34,81.6706
512941,301.89,81.2924
512961,295.47,80.9282
512981,289.08,80.5814
513001,282.71,80.255
513021,276.36,79.952
513041,270.03,79.674
513061,263.71,79.424
513081,257.41,79.203
513101,251.1,79.012
513121,244.8,78.853
513141,238.49,78.726
513161,232.18,78.63
513181,225.85,78.566
513201,219.51,78.532
513221,213.15,78.527
513241,206.77,78.55
513261,200.35,78.598
513281,193.92,78.67
513301,187.44,78.762
513321,180.94,78.872
513341,174.4,78.996
513361,167.83,79.132
513381,161.21,79.276
513401,154.56,79.425
513421,147.87,79.575
513441,141.15,79.722
513461,134.39,79.864
513481,127.59,79.997
513501,120.77,80.1177
513521,113.91,80.2232
513541,107.03,80.3106
513561,100.12,80.3774
513581,93.186,80.4213
513601,86.239,80.4404
513621,79.278,80.4328
513641,72.309,80.3974
513661,65.334,80.333
513681,58.359,80.2391
513701,51.389,80.1154
513721,44.427,79.962
513741,37.478,79.78
513761,30.548,79.569
513781,23.639,79.331
513801,16.756,79.068
513821,9.9026,78.781
513841,3.0822,78.473
513861,356.3,78.147
513881,349.55,77.805
513901,342.85,77.45
513921,336.18,77.085
513941,329.56,76.715
513961,322.98,76.341
513981,316.45,75.969
514001,309.95,75.601
514021,303.5,75.241
514041,297.08,74.892
514061,290.7,74.558
514081,284.35,74.242
514101,278.03,73.946
514121,271.74,73.673
514141,265.47,73.426
514161,259.21,73.205
514181,252.97,73.014
514201,246.73,72.852
514221,240.5,72.72
514241,234.27,72.619
514261,228.03,72.548
514281,221.77,72.508
514301,215.51,72.496
514321,209.22,72.511
514341,202.91,72.552
514361,196.57,72.617
514381,190.2,72.703
514401,183.8,72.807
514421,177.36,72.927
514441,170.88,73.058
514461,164.36,73.199
514481,157.81,73.346
514501,151.21,73.494
514521,144.58,73.642
514541,137.9,73.785
514561,131.18,73.92
514581,124.43,74.043
514601,117.64,74.153
514621,110.82,74.246
514641,103.96,74.318
514661,97.078,74.369
514681,90.171,74.396
514701,83.242,74.398
514721,76.296,74.371
514741,69.337,74.317
514761,62.369,74.234
514781,55.397,74.121
514801,48.426,73.979
514821,41.46,73.809
514841,34.504,73.61
514861,27.562,73.384
514881,20.64,73.132
514901,13.741,72.858
514921,6.8704,72.561
514941,0.031704,72.245
514961,353.23,71.913
514981,346.46,71.568
515001,339.74,71.212
515021,333.06,70.849
515041,326.43,70.482
515061,319.84,70.115
515081,313.3,69.751
515101,306.8,69.394
515121,300.35,69.047
515141,293.94,68.713
515161,287.58,68.396
515181,281.25,68.098
515201,274.96,67.822
515221,268.7,67.57
515241,262.46,67.344
515261,256.25,67.147
515281,250.05,66.979
515301,243.86,66.841
515321,237.68,66.733
515341,231.51,66.656
515361,225.32,66.609
515381,219.13,66.592
515401,212.92,66.602
515421,206.7,66.638
515441,200.45,66.699
515461,194.17,66.781
515481,187.86,66.882
515501,181.52,67
515521,175.14,67.131
515541,168.72,67.271
515561,162.26,67.418
515581,155.76,67.567
515601,149.21,67.716
515621,142.62,67.861
515641,135.99,67.997
515661,129.32,68.123
515681,122.6,68.235
515701,115.85,68.329
515721,109.06,68.404
515741,102.24,68.455
515761,95.381,68.483
515781,88.498,68.483
515801,81.59,68.455
515821,74.662,68.398
515841,67.717,68.311
515861,60.759,68.193
515881,53.793,68.044
515901,46.824,67.865
515921,39.856,67.655
515941,32.895,67.417
515961,25.944,67.152
515981,19.009,66.861
516001,12.095,66.547
516021,5.206,66.213
516041,358.35,65.86
516061,351.52,65.491
516081,344.73,65.111
516101,337.99,64.723
516121,331.28,64.329
516141,324.63,63.934
516161,318.02,63.542
516181,311.46,63.155
516201,304.95,62.778
516221,298.5,62.415
516241,292.09,62.068
516261,285.73,61.74
516281,279.41,61.435
516301,273.14,61.156
516321,266.9,60.904
516341,260.7,60.681
516361,254.52,60.489
516381,248.37,60.329
516401,242.23,60.201
516421,236.11,60.106
516441,229.99,60.043
516461,223.87,60.012
516481,217.74,60.011
516501,211.61,60.038
516521,205.45,60.092
516541,199.27,60.169
516561,193.07,60.268
516581,186.83,60.385
516601,180.56,60.517
516621,174.25,60.659
516641,167.9,60.81
516661,161.51,60.964
516681,155.08,61.118
516701,148.6,61.269
516721,142.07,61.412
516741,135.5,61.544
516761,128.89,61.661
516781,122.24,61.76
516801,115.54,61.838
516821,108.8,61.893
516841,102.03,61.921
516861,95.224,61.92
516881,88.387,61.889
516901,81.522,61.827
516921,74.634,61.731
516941,67.726,61.601
516961,60.802,61.437
516981,53.867,61.239
517001,46.925,61.008
517021,39.98,60.744
517041,33.037,60.449
517061,26.102,60.124
517081,19.178,59.773
517101,12.271,59.396
517121,5.3857,58.998
517141,358.53,58.58
517161,351.7,58.148
517181,344.9,57.704
517201,338.15,57.253
517221,331.44,56.798
517241,324.78,56.344
517261,318.16,55.895
517281,311.6,55.455
517301,305.09,55.028
517321,298.64,54.619
517341,292.24,54.232
517361,285.9,53.869
517381,279.61,53.535
517401,273.36,53.231
517421,267.17,52.962
517441,261.01,52.728
517461,254.89,52.531
517481,248.81,52.373
517501,242.74,52.253
517521,236.7,52.171
517541,230.67,52.127
517561,224.64,52.12
517581,218.61,52.146
517601,212.57,52.205
517621,206.52,52.294
517641,200.44,52.409
517661,194.34,52.547
517681,188.21,52.704
517701,182.04,52.876
517721,175.84,53.059
517741,169.59,53.248
517761,163.3,53.44
517781,156.96,53.63
517801,150.58,53.814
517821,144.15,53.987
517841,137.67,54.145
517861,131.15,54.285
517881,124.59,54.403
517901,117.99,54.496
517921,111.34,54.561
517941,104.66,54.594
517961,97.94,54.594
517981,91.191,54.559
518001,84.415,54.487
518021,77.614,54.376
518041,70.792,54.227
518061,63.954,54.039
518081,57.103,53.812
518101,50.245,53.547
518121,43.382,53.244
518141,36.521,52.906
518161,29.665,52.535
518181,22.818,52.131
518201,15.986,51.7
518221,9.1739,51.243
518241,2.3855,50.765
518261,355.63,50.269
518281,348.9,49.76
518301,342.21,49.242
518321,335.56,48.721
518341,328.96,48.201
518361,322.41,47.687
518381,315.91,47.186
518401,309.47,46.701
518421,303.08,46.238
518441,296.75,45.803
518461,290.48,45.4
518481,284.27,45.033
518501,278.11,44.705
518521,272,44.422
518541,265.94,44.184
518561,259.93,43.994
518581,253.95,43.854
518601,248,43.763
518621,242.07,43.721
518641,236.15,43.728
518661,230.24,43.781
518681,224.33,43.878
518701,218.41,44.016
518721,212.47,44.191
518741,206.51,44.399
518761,200.52,44.634
518781,194.49,44.893
518801,188.42,45.171
518821,182.32,45.461
518841,176.16,45.759
518861,169.97,46.059
518881,163.72,46.356
518901,157.43,46.645
518921,151.09,46.922
518941,144.7,47.181
518961,138.27,47.419
518981,131.8,47.631
519001,125.29,47.814
519021,118.74,47.963
519041,112.15,48.078
519061,105.54,48.154
519081,98.901,48.19
519101,92.239,48.184
519121,85.558,48.135
519141,78.863,48.042
519161,72.157,47.905
519181,65.446,47.725
519201,58.733,47.501
519221,52.023,47.235
519241,45.321,46.929
519261,38.631,46.584
519281,31.956,46.204
519301,25.303,45.791
519321,18.674,45.348
519341,12.075,44.881
519361,5.5088,44.392
519381,358.98,43.888
519401,352.49,43.372
519421,346.05,42.85
519441,339.65,42.329
519461,333.3,41.814
519481,327.01,41.311
519501,320.77,40.827
519521,314.58,40.367
519541,308.44,39.938
519561,302.36,39.546
519581,296.32,39.196
519601,290.33,38.893
519621,284.38,38.642
519641,278.47,38.446
519661,272.59,38.308
519681,266.72,38.23
519701,260.87,38.212
519721,255.03,38.255
519741,249.18,38.357
519761,243.31,38.515
519781,237.43,38.727
519801,231.52,38.989
519821,225.58,39.296
519841,219.6,39.642
519861,213.57,40.022
519881,207.5,40.43
519901,201.38,40.86
519921,195.21,41.306
519941,188.99,41.761
519961,182.72,42.219
519981,176.4,42.674
520001,170.04,43.121
520021,163.63,43.554
520041,157.19,43.968
520061,150.7,44.359
520081,144.18,44.723
520101,137.63,45.054
520121,131.05,45.352
520141,124.45,45.611
520161,117.83,45.83
520181,111.19,46.006
520201,104.55,46.139
520221,97.902,46.227
520241,91.252,46.269
520261,84.606,46.266
520281,77.969,46.218
520301,71.343,46.125
520321,64.735,45.989
520341,58.148,45.812
520361,51.587,45.595
520381,45.054,45.343
520401,38.554,45.057
520421,32.091,44.741
520441,25.667,44.399
520461,19.286,44.037
520481,12.949,43.657
520501,6.6588,43.266
520521,0.41628,42.868
520541,354.22,42.47
520561,348.08,42.077
520581,341.98,41.694
520601,335.93,41.329
520621,329.92,40.986
520641,323.95,40.672
520661,318.01,40.393
520681,312.11,40.152
520701,306.22,39.956
520721,300.36,39.808
520741,294.5,39.712
520761,288.64,39.671
520781,282.77,39.686
520801,276.88,39.758
520821,270.96,39.887
520841,265.02,40.073
520861,259.03,40.313
520881,253,40.604
520901,246.92,40.944
520921,240.78,41.326
520941,234.59,41.748
520961,228.35,42.203
520981,222.05,42.685
521001,215.69,43.19
521021,209.28,43.711
521041,202.82,44.242
521061,196.31,44.777
521081,189.75,45.311
521101,183.16,45.837
521121,176.52,46.352
521141,169.86,46.85
521161,163.16,47.326
521181,156.44,47.777
521201,149.7,48.198
521221,142.95,48.587
521241,136.18,48.941
521261,129.41,49.257
521281,122.64,49.534
521301,115.86,49.77
521321,109.1,49.964
521341,102.35,50.115
521361,95.608,50.224
521381,88.889,50.292
521401,82.194,50.318
521421,75.525,50.305
521441,68.887,50.254
521461,62.283,50.167
521481,55.716,50.048
521501,49.189,49.898
521521,42.704,49.722
521541,36.262,49.522
521561,29.867,49.304
521581,23.518,49.071
521601,17.215,48.827
521621,10.96,48.578
521641,4.7505,48.328
521661,358.59,48.082
521681,352.46,47.844
521701,346.38,47.621
521721,340.33,47.416
521741,334.31,47.233
521761,328.32,47.079
521781,322.35,46.955
521801,316.39,46.866
521821,310.43,46.816
521841,304.47,46.806
521861,298.51,46.839
521881,292.52,46.916
521901,286.52,47.037
521921,280.48,47.204
521941,274.4,47.415
521961,268.28,47.668
521981,262.11,47.963
522001,255.89,48.296
522021,249.61,48.664
522041,243.28,49.064
522061,236.89,49.491
522081,230.44,49.942
522101,223.94,50.412
522121,217.38,50.896
522141,210.77,51.389
522161,204.12,51.886
522181,197.41,52.383
522201,190.67,52.875
522221,183.89,53.357
522241,177.08,53.826
522261,170.24,54.276
522281,163.38,54.705
522301,156.5,55.109
522321,149.61,55.485
522341,142.71,55.831
522361,135.81,56.144
522381,128.9,56.423
522401,122.01,56.665
522421,115.12,56.872
522441,108.25,57.041
522461,101.39,57.173
522481,94.561,57.269
522501,87.755,57.329
522521,80.979,57.354
522541,74.235,57.347
522561,67.527,57.309
522581,60.858,57.243
522601,54.229,57.151
522621,47.643,57.036
522641,41.101,56.903
522661,34.604,56.753
522681,28.152,56.592
522701,21.747,56.423
522721,15.387,56.25
522741,9.0709,56.077
522761,2.7973,55.908
522781,356.56,55.747
522801,350.37,55.599
522821,344.2,55.466
522841,338.07,55.354
522861,331.96,55.264
522881,325.87,55.201
522901,319.8,55.166
522921,313.73,55.163
522941,307.66,55.193
522961,301.59,55.257
522981,295.51,55.356
523001,289.41,55.492
523021,283.28,55.662
523041,277.13,55.868
523061,270.94,56.108
523081,264.71,56.38
523101,258.43,56.682
523121,252.11,57.011
523141,245.73,57.366
523161,239.31,57.742
523181,232.83,58.136
523201,226.3,58.545
523221,219.71,58.964
523241,213.08,59.389
523261,206.39,59.818
523281,199.66,60.245
523301,192.89,60.666
523321,186.08,61.078
523341,179.24,61.478
523361,172.36,61.861
523381,165.46,62.225
523401,158.54,62.567
523421,151.6,62.884
523441,144.65,63.173
523461,137.69,63.434
523481,130.73,63.664
523501,123.78,63.862
523521,116.83,64.028
523541,109.9,64.162
523561,102.98,64.262
523581,96.077,64.331
523601,89.202,64.368
523621,82.355,64.376
523641,75.539,64.355
523661,68.758,64.308
523681,62.013,64.237
523701,55.307,64.145
523721,48.643,64.034
523741,42.021,63.908
523761,35.443,63.77
523781,28.909,63.623
523801,22.419,63.471
523821,15.973,63.318
523841,9.5699,63.168
523861,3.2081,63.023
523881,356.89,62.888
523901,350.6,62.767
523921,344.35,62.661
523941,338.13,62.575
523961,331.93,62.511
523981,325.75,62.472
524001,319.59,62.46
524021,313.45,62.476
524041,307.3,62.523
524061,301.16,62.6
524081,295.01,62.709
524101,288.86,62.85
524121,282.68,63.021
524141,276.48,63.223
524161,270.25,63.454
524181,263.99,63.713
524201,257.7,63.996
524221,251.36,64.303
524241,244.98,64.629
524261,238.56,64.973
524281,232.08,65.331
524301,225.56,65.7
524321,218.99,66.076
524341,212.37,66.455
524361,205.71,66.835
524381,198.99,67.211
524401,192.24,67.58
524421,185.44,67.939
524441,178.61,68.284
524461,171.75,68.613
524481,164.85,68.922
524501,157.93,69.21
524521,151,69.473
524541,144.04,69.711
524561,137.08,69.921
524581,130.11,70.103
524601,123.14,70.254
524621,116.17,70.376
524641,109.21,70.468
524661,102.26,70.53
524681,95.335,70.563
524701,88.427,70.568
524721,81.544,70.547
524741,74.689,70.5
524761,67.866,70.431
524781,61.077,70.342
524801,54.325,70.234
524821,47.611,70.112
524841,40.938,69.978
524861,34.306,69.835
524881,27.716,69.687
524901,21.168,69.537
524921,14.663,69.389
524941,8.1983,69.246
524961,1.7737,69.112
524981,355.39,68.989
525001,349.04,68.882
525021,342.72,68.793
525041,336.43,68.724
525061,330.17,68.679
525081,323.93,68.659
525101,317.71,68.666
525121,311.5,68.702
525141,305.3,68.767
525161,299.11,68.863
525181,292.91,68.99
525201,286.7,69.146
525221,280.49,69.332
525241,274.25,69.547
525261,268,69.788
525281,261.72,70.055
525301,255.4,70.344
525321,249.06,70.654
525341,242.67,70.981
525361,236.25,71.323
525381,229.78,71.676
525401,223.27,72.037
525421,216.72,72.403
525441,210.12,72.77
525461,203.47,73.134
525481,196.78,73.492
525501,190.05,73.841
525521,183.28,74.178
525541,176.47,74.5
525561,169.62,74.803
525581,162.75,75.086
525601,155.85,75.346
525621,148.92,75.582
525641,141.98,75.79
525661,135.02,75.972
525681,128.05,76.124
525701,121.08,76.248
525721,114.11,76.342
525741,107.14,76.408
525761,100.18,76.445
525781,93.234,76.454
525801,86.306,76.437
525821,79.399,76.396
525841,72.517,76.332
525861,65.663,76.247
525881,58.84,76.145
525901,52.051,76.027
525921,45.297,75.898
525941,38.58,75.759
525961,31.902,75.614
525981,25.263,75.468
526001,18.663,75.322
526021,12.103,75.18
526041,5.5822,75.047
526061,359.1,74.925
526081,352.65,74.817
526101,346.24,74.727
526121,339.86,74.656
526141,333.5,74.609
526161,327.18,74.587
526181,320.87,74.591
526201,314.59,74.625
526221,308.32,74.688
526241,302.05,74.781
526261,295.8,74.906
526281,289.54,75.062
526301,283.28,75.247
526321,277.01,75.463
526341,270.73,75.707
526361,264.44,75.977
526381,258.12,76.271
526401,251.77,76.588
526421,245.4,76.923
526441,239,77.275
526461,232.56,77.64
526481,226.08,78.015
526501,219.56,78.396
526521,213.01,78.779
526541,206.41,79.161
526561,199.77,79.539
526581,193.09,79.908
526601,186.37,80.2653
526621,179.61,80.608
526641,172.82,80.9328
526661,165.99,81.237
526681,159.13,81.5182
526701,152.23,81.7741
526721,145.32,82.003
526741,138.38,82.2034
526761,131.43,82.3743
526781,124.46,82.515
526801,117.48,82.6252
526821,110.5,82.7049
526841,103.53,82.7548
526861,96.553,82.7756
526881,89.588,82.7686
526901,82.638,82.7353
526921,75.704,82.6778
526941,68.791,82.5981
526961,61.902,82.4989
526981,55.041,82.3828
527001,48.209,82.253
527021,41.408,82.1124
527041,34.641,81.9645
527061,27.909,81.8126
527081,21.212,81.6603
527101,14.552,81.5111
527121,7.928,81.3685
527141,1.3395,81.2359
527161,354.79,81.1167
527181,348.27,81.014
527201,341.78,80.9308
527221,335.32,80.87
527241,328.89,80.8339
527261,322.48,80.8249
527281,316.09,80.8447
527301,309.72,80.8949
527321,303.37,80.9765
527341,297.02,81.0902
527361,290.69,81.2363
527381,284.35,81.4146
527401,278.01,81.6246
527421,271.67,81.8651
527441,265.32,82.1347
527461,258.95,82.4316
527481,252.57,82.7536
527501,246.16,83.098
527521,239.73,83.4619
527541,233.28,83.8422
527561,226.79,84.2353
527581,220.27,84.6378
527601,213.72,85.0457
527621,207.14,85.4552
527641,200.51,85.8624
527661,193.85,86.2634
527681,187.16,86.6543
527701,180.42,87.0315
527721,173.65,87.3913
527741,166.85,87.7305
527761,160.01,88.0461
527781,153.14,88.3354
527801,146.25,88.5959
527821,139.33,88.8258
527841,132.38,89.0236
527861,125.42,89.18808
527881,118.44,89.31862
527901,111.46,89.41501
527921,104.46,89.4775
527941,97.469,89.50674
527961,90.476,89.50383
527981,83.488,89.47028
528001,76.511,89.40796
528021,69.547,89.31911
528041,62.6,89.20628
528061,55.673,89.07231
528081,48.77,88.9203
528101,41.893,88.7535
528121,35.043,88.5755
528141,28.223,88.3898
528161,21.434,88.2001
528181,14.677,88.0103
528201,7.9529,87.8239
528221,1.2611,87.6448
528241,354.6,87.4765
528261,347.97,87.3225
528281,341.38,87.1862
528301,334.81,87.0706
528321,328.26,86.9787
528341,321.75,86.9129
528361,315.25,86.8755
528381,308.77,86.8686
528401,302.31,86.8935
528421,295.86,86.9514
528441,289.42,87.043
528461,282.99,87.1687
528481,276.56,87.3282
528501,270.12,87.5211
528521,263.68,87.7462
528541,257.24,88.0022
528561,250.78,88.2872
528581,244.3,88.599
528601,237.81,88.9349
528621,231.3,89.29196
528641,224.76,89.66696
528661,218.19,90.056327
528681,211.6,90.45629
528701,204.98,90.86289
528721,198.33,91.272
528741,191.65,91.6795
528761,184.93,92.0811
528781,178.18,92.4727
528801,171.4,92.85
528821,164.59,93.2093
528841,157.74,93.5466
528861,150.87,93.8585
528881,143.97,94.1419
528901,137.05,94.3937
528921,130.1,94.6118
528941,123.13,94.794
528961,116.15,94.939
528981,109.16,95.0457
529001,102.16,95.1137
529021,95.146,95.143
529041,88.136,95.1343
529061,81.128,95.0886
529081,74.125,95.0074
529101,67.132,94.8928
529121,60.152,94.7472
529141,53.188,94.5734
529161,46.244,94.3744
529181,39.32,94.1538
529201,32.421,93.9152
529221,25.548,93.6623
529241,18.703,93.3991
529261,11.886,93.1297
529281,5.0989,92.8581
529301,358.34,92.5884
529321,351.61,92.3247
529341,344.92,92.0708
529361,338.25,91.8304
529381,331.6,91.6071
529401,324.99,91.4043
529421,318.39,91.2251
529441,311.82,91.0721
529461,305.27,90.94781
529481,298.73,90.85432
529501,292.21,90.79332
529521,285.7,90.76607
529541,279.19,90.77345
529561,272.69,90.81589
529581,266.18,90.89339
529601,259.68,91.0055
529621,253.17,91.1514
529641,246.64,91.3297
529661,240.11,91.5387
529681,233.56,91.7764
529701,226.99,92.0402
529721,220.39,92.3273
529741,213.78,92.6345
529761,207.14,92.9585
529781,200.47,93.2954
529801,193.78,93.6414
529821,187.05,93.9925
529841,180.3,94.3445
529861,173.52,94.693
529881,166.7,95.0339
529901,159.86,95.3628
529921,152.99,95.6756
529941,146.1,95.9684
529961,139.18,96.2373
529981,132.24,96.4788
530001,125.28,96.6896
530021,118.3,96.8668
530041,111.31,97.0082
530061,104.3,97.1116
530081,97.294,97.1757
530101,90.28,97.1993
530121,83.267,97.1823
530141,76.257,97.1246
530161,69.253,97.0271
530181,62.26,96.8909
530201,55.281,96.7177
530221,48.319,96.5099
530241,41.376,96.2701
530261,34.455,96.0013
530281,27.558,95.707
530301,20.687,95.3909
530321,13.844,95.0569
530341,7.0301,94.7091
530361,0.2453,94.3518
530381,353.49,93.9892
530401,346.77,93.6257
530421,340.07,93.2654
530441,333.4,92.9124
530461,326.76,92.5709
530481,320.15,92.2445
530501,313.56,91.9368
530521,306.99,91.6512
530541,300.44,91.3905
530561,293.91,91.1574
530581,287.39,90.95417
530601,280.88,90.78271
530621,274.38,90.64446
530641,267.88,90.54047
530661,261.39,90.47134
530681,254.89,90.43725
530701,248.38,90.43794
530721,241.87,90.4727
530741,235.34,90.54041
530761,228.8,90.63954
530781,222.24,90.76818
530801,215.66,90.92404
530821,209.05,91.1045
530841,202.42,91.3066
530861,195.77,91.5272
530881,189.08,91.7627
530901,182.36,92.0096
530921,175.62,92.264
530941,168.84,92.5221
530961,162.04,92.7797
530981,155.2,93.0329
531001,148.34,93.2776
531021,141.45,93.5099
531041,134.54,93.726
531061,127.6,93.9223
531081,120.64,94.0952
531101,113.67,94.2415
531121,106.68,94.3584
531141,99.683,94.4434
531161,92.679,94.4943
531181,85.671,94.5093
531201,78.664,94.4872
531221,71.661,94.4273
531241,64.667,94.3292
531261,57.685,94.1932
531281,50.718,94.02
531301,43.77,93.8109
531321,36.844,93.5676
531341,29.943,93.2923
531361,23.069,92.9875
531381,16.224,92.6564
531401,9.4094,92.3022
531421,2.6268,91.9286
531441,355.88,91.5394
531461,349.16,91.1386
531481,342.48,90.73041
531501,335.83,90.31896
531521,329.21,89.908433
531541,322.62,89.50295
531561,316.06,89.1065
531581,309.52,88.7229
531601,303.02,88.3559
531621,296.53,88.0086
531641,290.07,87.6844
531661,283.62,87.3857
531681,277.18,87.1152
531701,270.75,86.8747
531721,264.33,86.6658
531741,257.91,86.4897
531761,251.5,86.3472
531781,245.07,86.2385
531801,238.64,86.1635
531821,232.2,86.1217
531841,225.74,86.112
531861,219.26,86.133
531881,212.76,86.1831
531901,206.24,86.26
531921,199.69,86.3614
531941,193.12,86.4844
531961,186.51,86.6261
531981,179.87,86.7832
532001,173.2,86.9524
532021,166.49,87.13
532041,159.76,87.3125
532061,152.99,87.4961
532081,146.18,87.6771
532101,139.35,87.8519
532121,132.49,88.0168
532141,125.6,88.1685
532161,118.69,88.3035
532181,111.75,88.4187
532201,104.8,88.5113
532221,97.83,88.5786
532241,90.85,88.6184
532261,83.862,88.6286
532281,76.87,88.6077
532301,69.879,88.5545
532321,62.893,88.4682
532341,55.916,88.3484
532361,48.952,88.1951
532381,42.005,88.0088
532401,35.079,87.7905
532421,28.178,87.5416
532441,21.303,87.2638
532461,14.459,86.9593
532481,7.6477,86.6306
532501,0.87085,86.2806
532521,354.13,85.9125
532541,347.43,85.5296
532561,340.76,85.1356
532581,334.13,84.7343
532601,327.54,84.3294
532621,320.99,83.9248
532641,314.47,83.5245
532661,307.98,83.1322
532681,301.52,82.7515
532701,295.1,82.3859
532721,288.7,82.0388
532741,282.32,81.713
532761,275.96,81.4114
532781,269.61,81.1361
532801,263.28,80.8892
532821,256.95,80.6723
532841,250.63,80.4866
532861,244.3,80.3327
532881,237.97,80.2109
532901,231.63,80.1213
532921,225.28,80.0631
532941,218.92,80.0355
532961,212.53,80.037
532981,206.12,80.066
533001,199.68,80.1203
533021,193.21,80.1975
533041,186.71,80.295
533061,180.18,80.4099
533081,173.61,80.539
533101,167.01,80.679
533121,160.37,80.8266
533141,153.7,80.9782
533161,146.98,81.1304
533181,140.24,81.2796
533201,133.45,81.4225
533221,126.64,81.5558
533241,119.79,81.6761
533261,112.92,81.7806
533281,106.02,81.8664
533301,99.094,81.9309
533321,92.153,81.9719
533341,85.196,81.9874
533361,78.229,81.9757
533381,71.254,81.9355
533401,64.277,81.8659
533421,57.301,81.7662
533441,50.333,81.6363
533461,43.375,81.4763
533481,36.432,81.2868
533501,29.509,81.0688
533521,22.609,80.8236
533541,15.737,80.5529
533561,8.8951,80.2588
533581,2.0875,79.943
533601,355.32,79.61
533621,348.58,79.26
533641,341.89,78.899
533661,335.24,78.528
533681,328.63,78.151
533701,322.06,77.773
533721,315.54,77.395
533741,309.05,77.023
533761,302.61,76.66
533781,296.19,76.308
533801,289.82,75.972
533821,283.47,75.654
533841,277.15,75.358
533861,270.85,75.085
533881,264.57,74.837
533901,258.31,74.618
533921,252.05,74.427
533941,245.8,74.267
533961,239.56,74.137
533981,233.31,74.038
534001,227.05,73.97
534021,220.77,73.931
534041,214.48,73.921
534061,208.17,73.939
534081,201.84,73.982
534101,195.47,74.049
534121,189.08,74.136
534141,182.65,74.242
534161,176.19,74.362
534181,169.69,74.495
534201,163.15,74.636
534221,156.57,74.782
534241,149.95,74.931
534261,143.29,75.078
534281,136.59,75.219
534301,129.85,75.353
534321,123.08,75.475
534341,116.27,75.583
534361,109.43,75.673
534381,102.56,75.744
534401,95.662,75.792
534421,88.743,75.817
534441,81.805,75.815
534461,74.851,75.786
534481,67.887,75.729
534501,60.917,75.643
534521,53.944,75.528
534541,46.975,75.384
534561,40.012,75.21
534581,33.062,75.009
534601,26.129,74.781
534621,19.217,74.528
534641,12.331,74.252
534661,5.4742,73.954
534681,358.65,73.638
534701,351.86,73.305
534721,345.12,72.96
534741,338.41,72.604
534761,331.75,72.242
534781,325.13,71.876
534801,318.56,71.511
534821,312.04,71.149
534841,305.56,70.794
534861,299.12,70.45
534881,292.72,70.119
534901,286.37,69.805
534921,280.04,69.51
534941,273.76,69.238
534961,267.5,68.99
534981,261.26,68.769
535001,255.04,68.576
535021,248.84,68.412
535041,242.64,68.279
535061,236.45,68.175
535081,230.26,68.102
535101,224.06,68.059
535121,217.85,68.045
535141,211.62,68.058
535161,205.38,68.098
535181,199.1,68.161
535201,192.8,68.245
535221,186.47,68.348
535241,180.1,68.467
535261,173.7,68.599
535281,167.25,68.74
535301,160.76,68.887
535321,154.24,69.037
535341,147.66,69.185
535361,141.05,69.329
535381,134.4,69.465
535401,127.7,69.59
535421,120.96,69.701
535441,114.19,69.794
535461,107.38,69.868
535481,100.54,69.919
535501,93.669,69.945
535521,86.771,69.945
535541,79.851,69.918
535561,72.912,69.861
535581,65.959,69.774
535601,58.995,69.657
535621,52.025,69.51
535641,45.054,69.333
535661,38.087,69.126
535681,31.129,68.892
535701,24.184,68.631
535721,17.257,68.345
535741,10.353,68.037
535761,3.4755,67.709
535781,356.63,67.363
535801,349.82,67.002
535821,343.05,66.631
535841,336.32,66.251
535861,329.64,65.867
535881,323,65.482
535901,316.41,65.1
535921,309.87,64.725
535941,303.38,64.359
535961,296.94,64.006
535981,290.54,63.67
536001,284.2,63.354
536021,277.89,63.06
536041,271.62,62.791
536061,265.39,62.549
536081,259.18,62.335
536101,253,62.153
536121,246.84,62.001
536141,240.7,61.881
536161,234.56,61.793
536181,228.43,61.736
536201,222.29,61.71
536221,216.14,61.713
536241,209.98,61.744
536261,203.8,61.8
536281,197.6,61.88
536301,191.36,61.979
536321,185.1,62.096
536341,178.79,62.227
536361,172.45,62.369
536381,166.07,62.517
536401,159.65,62.669
536421,153.18,62.82
536441,146.67,62.967
536461,140.12,63.107
536481,133.52,63.235
536501,126.87,63.348
536521,120.19,63.444
536541,113.46,63.518
536561,106.7,63.569
536581,99.903,63.594
536601,93.073,63.591
536621,86.213,63.558
536641,79.328,63.494
536661,72.42,63.397
536681,65.495,63.268
536701,58.556,63.105
536721,51.607,62.91
536741,44.653,62.682
536761,37.7,62.422
536781,30.75,62.133
536801,23.81,61.815
536821,16.884,61.472
536841,9.9776,61.105
536861,3.0946,60.718
536881,356.24,60.313
536901,349.42,59.894
536921,342.63,59.465
536941,335.89,59.029
536961,329.19,58.59
536981,322.54,58.154
537001,315.94,57.722
537021,309.39,57.301
537041,302.9,56.893
537061,296.45,56.502
537081,290.07,56.133
537101,283.73,55.788
537121,277.44,55.47
537141,271.2,55.183
537161,265.01,54.928
537181,258.85,54.708
537201,252.72,54.523
537221,246.62,54.374
537241,240.54,54.262
537261,234.48,54.186
537281,228.43,54.146
537301,222.37,54.14
537321,216.31,54.167
537341,210.25,54.224
537361,204.16,54.308
537381,198.05,54.417
537401,191.91,54.547
537421,185.74,54.695
537441,179.53,54.856
537461,173.29,55.027
537481,167,55.203
537501,160.67,55.381
537521,154.29,55.555
537541,147.87,55.723
537561,141.4,55.88
537581,134.89,56.022
537601,128.33,56.145
537621,121.73,56.247
537641,115.09,56.323
537661,108.41,56.371
537681,101.69,56.389
537701,94.937,56.374
537721,88.154,56.324
537741,81.344,56.238
537761,74.51,56.116
537781,67.657,55.955
537801,60.788,55.757
537821,53.908,55.522
537841,47.021,55.249
537861,40.131,54.942
537881,33.243,54.6
537901,26.362,54.226
537921,19.492,53.823
537941,12.638,53.394
537961,5.8042,52.941
537981,359,52.469
538001,352.22,51.981
538021,345.48,51.482
538041,338.77,50.976
538061,332.11,50.468
538081,325.5,49.963
538101,318.94,49.466
538121,312.43,48.981
538141,305.97,48.514
538161,299.58,48.07
538181,293.24,47.653
538201,286.96,47.267
538221,280.73,46.917
538241,274.56,46.605
538261,268.44,46.335
538281,262.36,46.109
538301,256.33,45.928
538321,250.33,45.794
538341,244.36,45.706
538361,238.4,45.664
538381,232.46,45.667
538401,226.52,45.713
538421,220.58,45.8
538441,214.63,45.923
538461,208.66,46.081
538481,202.67,46.268
538501,196.65,46.48
538521,190.59,46.713
538541,184.5,46.962
538561,178.36,47.222
538581,172.18,47.487
538601,165.95,47.754
538621,159.68,48.016
538641,153.36,48.269
538661,146.99,48.508
538681,140.57,48.73
538701,134.12,48.929
538721,127.62,49.102
538741,121.08,49.246
538761,114.5,49.357
538781,107.89,49.433
538801,101.24,49.471
538821,94.573,49.47
538841,87.879,49.427
538861,81.166,49.342
538881,74.436,49.214
538901,67.696,49.043
538921,60.949,48.829
538941,54.198,48.574
538961,47.45,48.277
538981,40.708,47.942
539001,33.976,47.571
539021,27.259,47.165
539041,20.562,46.728
539061,13.889,46.264
539081,7.244,45.777
539101,0.6316,45.27
539121,354.06,44.75
539141,347.52,44.22
539161,341.03,43.687
539181,334.59,43.156
539201,328.19,42.634
539221,321.85,42.125
539241,315.56,41.636
539261,309.33,41.174
539281,303.16,40.744
539301,297.04,40.351
539321,290.97,40.001
539341,284.95,39.699
539361,278.97,39.448
539381,273.03,39.252
539401,267.13,39.113
539421,261.25,39.032
539441,255.39,39.01
539461,249.53,39.046
539481,243.68,39.139
539501,237.82,39.286
539521,231.94,39.484
539541,226.04,39.729
539561,220.11,40.015
539581,214.14,40.339
539601,208.14,40.694
539621,202.09,41.074
539641,195.99,41.474
539661,189.84,41.887
539681,183.65,42.307
539701,177.41,42.729
539721,171.12,43.146
539741,164.78,43.553
539761,158.4,43.944
539781,151.97,44.316
539801,145.51,44.664
539821,139.01,44.982
539841,132.48,45.269
539861,125.92,45.519
539881,119.33,45.732
539901,112.73,45.903
539921,106.1,46.032
539941,99.468,46.116
539961,92.826,46.156
539981,86.18,46.15
540001,79.536,46.098
540021,72.898,46.001
540041,66.27,45.859
540061,59.657,45.675
540081,53.063,45.45
540101,46.493,45.186
540121,39.95,44.886
540141,33.438,44.554
540161,26.961,44.193
540181,20.522,43.807
540201,14.124,43.401
540221,7.7708,42.979
540241,1.4635,42.547
540261,355.2,42.111
540281,348.99,41.675
540301,342.83,41.247
540321,336.72,40.831
540341,330.65,40.435
540361,324.63,40.065
540381,318.66,39.726
540401,312.72,39.424
540421,306.81,39.165
540441,300.92,38.953
540461,295.06,38.792
540481,289.21,38.686
540501,283.36,38.638
540521,277.5,38.649
540541,271.63,38.719
540561,265.74,38.848
540581,259.82,39.036
540601,253.86,39.279
540621,247.86,39.573
540641,241.81,39.917
540661,235.71,40.303
540681,229.56,40.728
540701,223.35,41.185
540721,217.09,41.669
540741,210.77,42.174
540761,204.41,42.692
540781,197.99,43.219
540801,191.52,43.749
540821,185.01,44.274
540841,178.46,44.791
540861,171.87,45.294
540881,165.25,45.777
540901,158.6,46.237
540921,151.92,46.67
540941,145.22,47.071
540961,138.51,47.438
540981,131.78,47.768
541001,125.05,48.058
541021,118.32,48.308
541041,111.58,48.515
541061,104.85,48.68
541081,98.137,48.8
541101,91.434,48.878
541121,84.749,48.912
541141,78.087,48.905
541161,71.452,48.858
541181,64.846,48.772
541201,58.274,48.65
541221,51.739,48.495
541241,45.244,48.31
541261,38.79,48.099
541281,32.38,47.865
541301,26.016,47.612
541321,19.699,47.345
541341,13.429,47.069
541361,7.206,46.789
541381,1.0294,46.509
541401,354.9,46.235
541421,348.81,45.971
541441,342.76,45.723
541461,336.74,45.497
541481,330.76,45.295
541501,324.8,45.124
541521,318.86,44.988
541541,312.93,44.89
541561,307,44.832
541581,301.07,44.819
541601,295.13,44.852
541621,289.17,44.932
541641,283.18,45.06
541661,277.16,45.236
541681,271.09,45.459
541701,264.98,45.726
541721,258.83,46.037
541741,252.61,46.387
541761,246.34,46.773
541781,240.02,47.192
541801,233.63,47.639
541821,227.19,48.109
541841,220.69,48.598
541861,214.14,49.099
541881,207.54,49.609
541901,200.89,50.122
541921,194.2,50.633
541941,187.46,51.137
541961,180.7,51.63
541981,173.9,52.107
542001,167.08,52.565
542021,160.23,52.998
542041,153.37,53.405
542061,146.5,53.783
542081,139.63,54.128
542101,132.75,54.438
542121,125.87,54.713
542141,119,54.95
542161,112.14,55.15
542181,105.3,55.311
542201,98.472,55.433
542221,91.671,55.518
542241,84.898,55.567
542261,78.154,55.58
542281,71.444,55.56
542301,64.771,55.508
542321,58.137,55.428
542341,51.544,55.322
542361,44.995,55.194
542381,38.49,55.046
542401,32.031,54.883
542421,25.618,54.708
542441,19.251,54.526
542461,12.93,54.341
542481,6.6521,54.157
542501,0.41656,53.977
542521,354.22,53.808
542541,348.06,53.652
542561,341.93,53.513
542581,335.83,53.396
542601,329.76,53.303
542621,323.7,53.238
542641,317.65,53.204
542661,311.61,53.203
542681,305.57,53.236
542701,299.51,53.306
542721,293.45,53.414
542741,287.36,53.558
542761,281.24,53.74
542781,275.09,53.958
542801,268.9,54.212
542821,262.66,54.499
542841,256.38,54.817
542861,250.05,55.163
542881,243.67,55.535
542901,237.23,55.928
542921,230.74,56.34
542941,224.19,56.766
542961,217.59,57.203
542981,210.94,57.645
543001,204.24,58.089
543021,197.5,58.532
543041,190.72,58.967
543061,183.9,59.393
543081,177.05,59.805
543101,170.17,60.199
543121,163.26,60.573
543141,156.34,60.923
543161,149.4,61.247
543181,142.45,61.543
543201,135.5,61.808
543221,128.56,62.042
543241,121.61,62.243
543261,114.68,62.411
543281,107.75,62.545
543301,100.85,62.645
543321,93.972,62.713
543341,87.118,62.749
543361,80.293,62.755
543381,73.501,62.732
543401,66.744,62.682
543421,60.025,62.608
543441,53.347,62.512
543461,46.711,62.398
543481,40.118,62.269
543501,33.569,62.128
543521,27.065,61.978
543541,20.605,61.824
543561,14.19,61.669
543581,7.8172,61.517
543601,1.4854,61.372
543621,355.19,61.236
543641,348.94,61.115
543661,342.71,61.01
543681,336.52,60.926
543701,330.34,60.864
543721,324.19,60.828
543741,318.05,60.82
543761,311.92,60.841
543781,305.8,60.893
543801,299.67,60.977
543821,293.53,61.093
543841,287.38,61.241
543861,281.21,61.421
543881,275.01,61.631
543901,268.78,61.871
543921,262.52,62.139
543941,256.21,62.432
543961,249.86,62.749
543981,243.47,63.085
544001,237.03,63.439
544021,230.54,63.806
544041,224,64.185
544061,217.41,64.57
544081,210.77,64.958
544101,204.09,65.346
544121,197.36,65.73
544141,190.59,66.106
544161,183.77,66.471
544181,176.93,66.823
544201,170.05,67.157
544221,163.14,67.471
544241,156.22,67.763
544261,149.27,68.03
544281,142.31,68.27
544301,135.35,68.482
544321,128.38,68.665
544341,121.41,68.818
544361,114.44,68.941
544381,107.49,69.033
544401,100.56,69.094
544421,93.638,69.127
544441,86.743,69.131
544461,79.875,69.108
544481,73.037,69.06
544501,66.232,68.99
544521,59.462,68.899
544541,52.731,68.79
544561,46.04,68.666
544581,39.389,68.531
544601,32.781,68.387
544621,26.216,68.238
544641,19.693,68.088
544661,13.213,67.939
544681,6.7737,67.797
544701,0.37453,67.663
544721,354.01,67.541
544741,347.69,67.435
544761,341.39,67.347
544781,335.13,67.28
544801,328.89,67.237
544821,322.67,67.22
544841,316.47,67.23
544861,310.28,67.269
544881,304.09,67.338
544901,297.91,67.437
544921,291.72,67.567
544941,285.52,67.727
544961,279.31,67.916
544981,273.08,68.134
545001,266.83,68.378
545021,260.54,68.648
545041,254.22,68.94
545061,247.87,69.252
545081,241.48,69.581
545101,235.04,69.925
545121,228.56,70.279
545141,222.03,70.641
545161,215.46,71.007
545181,208.84,71.373
545201,202.18,71.737
545221,195.47,72.095
545241,188.73,72.442
545261,181.94,72.778
545281,175.11,73.097
545301,168.25,73.399
545321,161.37,73.679
545341,154.45,73.936
545361,147.52,74.168
545381,140.57,74.374
545401,133.6,74.552
545421,126.63,74.701
545441,119.66,74.822
545461,112.69,74.912
545481,105.73,74.974
545501,98.775,75.008
545521,91.839,75.014
545541,84.922,74.994
545561,78.028,74.949
545581,71.16,74.882
545601,64.323,74.795
545621,57.518,74.691
545641,50.748,74.571
545661,44.015,74.44
545681,37.321,74.3
545701,30.665,74.154
545721,24.05,74.007
545741,17.476,73.861
545761,10.941,73.719
545781,4.4456,73.586
545801,357.99,73.465
545821,351.57,73.358
545841,345.18,73.269
545861,338.82,73.201
545881,332.5,73.155
545901,326.19,73.135
545921,319.91,73.141
545941,313.65,73.177
545961,307.39,73.242
545981,301.15,73.337
546001,294.91,73.463
546021,288.67,73.62
546041,282.42,73.807
546061,276.17,74.023
546081,269.89,74.267
546101,263.6,74.536
546121,257.29,74.83
546141,250.95,75.145
546161,244.57,75.478
546181,238.16,75.827
546201,231.72,76.188
546221,225.24,76.558
546241,218.71,76.933
546261,212.15,77.311
546281,205.54,77.686
546301,198.89,78.057
546321,192.2,78.419
546341,185.46,78.768
546361,178.69,79.103
546381,171.88,79.42
546401,165.04,79.716
546421,158.17,79.989
546441,151.27,80.2366
546461,144.34,80.4577
546481,137.4,80.6506
546501,130.44,80.8144
546521,123.47,80.9485
546541,116.5,81.0525
546561,109.52,81.1267
546581,102.55,81.1716
546601,95.581,81.1882
546621,88.626,81.1775
546641,81.686,81.1414
546661,74.765,81.0817
546681,67.868,81.0006
546701,60.996,80.9007
546721,54.153,80.7847
546741,47.341,80.6557
546761,40.562,80.5167
546781,33.819,80.371
546801,27.111,80.2222
546821,20.44,80.0735
546841,13.807,79.929
546861,7.2096,79.791
546881,0.64905,79.664
546901,354.12,79.55
546921,347.63,79.454
546941,341.17,79.378
546961,334.74,79.324
546981,328.34,79.295
547001,321.96,79.294
547021,315.6,79.321
547041,309.26,79.378
547061,302.93,79.467
547081,296.61,79.588
547101,290.29,79.74
547121,283.98,79.925
547141,277.66,80.1402
547161,271.33,80.3854
547181,265,80.659
547201,258.64,80.9589
547221,252.27,81.2828
547241,245.88,81.6282
547261,239.46,81.992
547281,233.01,82.371
547301,226.53,82.7617
547321,220.02,83.1606
547341,213.47,83.5639
547361,206.88,83.9677
547381,200.26,84.3683
547401,193.59,84.7617
547421,186.89,85.1444
547441,180.15,85.5126
547461,173.38,85.8631
547481,166.57,86.1928
547501,159.73,86.4987
547521,152.85,86.7783
547541,145.95,87.0296
547561,139.03,87.2507
547581,132.08,87.4402
547601,125.12,87.5973
547621,118.14,87.7214
547641,111.16,87.8124
547661,104.17,87.8707
547681,97.176,87.8971
547701,90.189,87.8927
547721,83.21,87.8591
547741,76.243,87.7981
547761,69.29,87.7121
547781,62.357,87.6037
547801,55.446,87.4755
547821,48.559,87.3308
547841,41.7,87.1727
547861,34.87,87.0048
547881,28.071,86.8306
547901,21.305,86.6537
547921,14.571,86.4777
547941,7.8706,86.3065
547961,1.2036,86.1435
547981,354.57,85.9924
548001,347.97,85.8565
548021,341.4,85.739
548041,334.85,85.6429
548061,328.34,85.571
548081,321.85,85.5258
548101,315.38,85.5093
548121,308.92,85.5234
548141,302.49,85.5693
548161,296.07,85.6482
548181,289.65,85.7607
548201,283.24,85.9067
548221,276.83,86.0861
548241,270.42,86.2982
548261,264,86.5417
548281,257.58,86.8152
548301,251.14,87.1165
548321,244.68,87.4435
548341,238.2,87.7932
548361,231.7,88.1627
548381,225.18,88.5486
548401,218.63,88.9474
548421,212.05,89.3551
548441,205.44,89.76785
548461,198.79,90.18153
548481,192.12,90.59198
548501,185.41,90.99506
548521,178.66,91.3867
548541,171.89,91.7628
548561,165.08,92.1196
548581,158.24,92.4536
548601,151.37,92.7615
548621,144.47,93.0402
548641,137.55,93.2872
548661,130.6,93.5003
548681,123.64,93.6779
548701,116.66,93.8187
548721,109.67,93.9219
548741,102.66,93.9875
548761,95.657,94.0156
548781,88.649,94.0071
548801,81.644,93.9632
548821,74.646,93.8855
548841,67.658,93.7763
548861,60.683,93.638
548881,53.726,93.4735
548901,46.788,93.2859
548921,39.873,93.0787
548941,32.982,92.8555
548961,26.118,92.62
548981,19.283,92.3762
549001,12.477,92.1281
549021,5.7003,91.8796
549041,358.95,91.6347
549061,352.24,91.3974
549081,345.55,91.1714
549101,338.9,90.96032
549121,332.27,90.76763
549141,325.66,90.59653
549161,319.08,90.44994
549181,312.52,90.33047
549201,305.98,90.24041
549221,299.46,90.18168
549241,292.95,90.1558
549261,286.45,90.1639
549281,279.95,90.20667
549301,273.46,90.28439
549321,266.97,90.39688
549341,260.48,90.54354
549361,253.97,90.72333
549381,247.46,90.93478
549401,240.94,91.176
549421,234.39,91.4448
549441,227.83,91.7384
549461,221.25,92.054
549481,214.64,92.3882
549501,208.01,92.7375
549521,201.35,93.098
549541,194.66,93.4659
549561,187.94,93.8369
549581,181.19,94.2067
549601,174.41,94.5712
549621,167.61,94.9261
549641,160.77,95.267
549661,153.91,95.5899
549681,147.01,95.8909
549701,140.1,96.1663
549721,133.16,96.4126
549741,126.2,96.6268
549761,119.22,96.8063
549781,112.23,96.9489
549801,105.23,97.0527
549821,98.223,97.1167
549841,91.21,97.1401
549861,84.196,97.1228
549881,77.185,97.0653
549901,70.181,96.9684
549921,63.187,96.8338
549941,56.206,96.6635
549961,49.241,96.4597
549981,42.296,96.2255
550001,35.372,95.964
550021,28.472,95.6788
550041,21.598,95.3737
550061,14.751,95.0527
550081,7.9325,94.7199
550101,1.1432,94.3796
550121,354.38,94.036
550141,347.65,93.6934
550161,340.95,93.3559
550181,334.28,93.0276
550201,327.63,92.7124
550221,321.01,92.414
550241,314.41,92.1358
550261,307.84,91.881
550281,301.28,91.6523
550301,294.74,91.4523
550321,288.21,91.2831
550341,281.7,91.1464
550361,275.19,91.0435
550381,268.68,90.97527
550401,262.18,90.94216
550421,255.67,90.94417
550441,249.15,90.98087
550461,242.63,91.0514
550481,236.09,91.1545
550501,229.54,91.2884
550521,222.97,91.451
550541,216.37,91.6401
550561,209.76,91.8526
550581,203.11,92.0857
550601,196.45,92.3359
550621,189.75,92.5997
550641,183.02,92.8733
550661,176.27,93.1527
550681,169.48,93.434
550701,162.67,93.713
550721,155.82,93.9856
550741,148.95,94.2478
550761,142.06,94.4956
550781,135.14,94.7251
550801,128.19,94.9327
550821,121.23,95.1148
550841,114.25,95.2684
550861,107.26,95.3907
550881,100.26,95.4791
550901,93.251,95.5318
550921,86.24,95.547
550941,79.231,95.5238
550961,72.226,95.4616
550981,65.23,95.3603
551001,58.246,95.2203
551021,51.278,95.0428
551041,44.329,94.8292
551061,37.401,94.5815
551081,30.497,94.3022
551101,23.62,93.9941
551121,16.771,93.6604
551141,9.9521,93.3048
551161,3.1643,92.9309
551181,356.41,92.5428
551201,349.68,92.1446
551221,342.99,91.7405
551241,336.33,91.3348
551261,329.7,90.93175
551281,323.1,90.53535
551301,316.53,90.14962
551321,309.98,89.77835
551341,303.46,89.42509
551361,296.96,89.09312
551381,290.47,88.7854
551401,284.01,88.5046
551421,277.55,88.2529
551441,271.1,88.0322
551461,264.66,87.844
551481,258.22,87.6892
551501,251.78,87.5685
551521,245.33,87.482
551541,238.87,87.4294
551561,232.41,87.41
551581,225.92,87.4227
551601,219.42,87.4659
551621,212.9,87.5378
551641,206.35,87.6361
551661,199.77,87.7582
551681,193.17,87.9012
551701,186.54,88.0621
551721,179.87,88.2375
551741,173.18,88.4238
551761,166.45,88.6176
551781,159.69,88.8149
551801,152.9,89.01218
551821,146.08,89.20549
551841,139.23,89.39115
551861,132.35,89.5655
551881,125.44,89.72504
551901,118.51,89.86639
551921,111.57,89.986439
551941,104.6,90.08228
551961,97.622,90.15132
551981,90.634,90.19127
552001,83.64,90.20022
552021,76.644,90.17663
552041,69.65,90.11936
552061,62.662,90.02773
552081,55.685,89.901473
552101,48.723,89.74079
552121,41.778,89.54634
552141,34.855,89.31923
552161,27.957,89.061
552181,21.087,88.7736
552201,14.248,88.4595
552221,7.4405,88.1213
552241,0.66779,87.7622
552261,353.93,87.3853
552281,347.23,86.9945
552301,340.57,86.5933
552321,333.94,86.1856
552341,327.35,85.7755
552361,320.79,85.3668
552381,314.26,84.9635
552401,307.77,84.5693
552421,301.31,84.1881
552441,294.87,83.8231
552461,288.46,83.4777
552481,282.07,83.1548
552501,275.69,82.857
552521,269.33,82.5865
552541,262.98,82.3453
552561,256.63,82.1348
552581,250.28,81.956
552601,243.94,81.8097
552621,237.58,81.6959
552641,231.22,81.6145
552661,224.84,81.5647
552681,218.45,81.5456
552701,212.03,81.5556
552721,205.59,81.5929
552741,199.13,81.6553
552761,192.63,81.7403
552781,186.1,81.8452
552801,179.54,81.967
552821,172.95,82.1025
552841,166.32,82.2483
552861,159.65,82.401
552881,152.95,82.5571
552901,146.22,82.7131
552921,139.45,82.8654
552941,132.64,83.0105
552961,125.81,83.1452
552981,118.94,83.2662
553001,112.05,83.3705
553021,105.13,83.4553
553041,98.199,83.518
553061,91.247,83.5564
553081,84.281,83.5685
553101,77.307,83.5527
553121,70.328,83.5076
553141,63.348,83.4324
553161,56.373,83.3265
553181,49.406,83.1898
553201,42.452,83.0225
553221,35.515,82.8253
553241,28.599,82.5992
553261,21.708,82.3456
553281,14.846,82.0664
553301,8.0155,81.7636
553321,1.2196,81.4398
553341,354.46,81.0976
553361,347.74,80.7401
553381,341.06,80.3706
553401,334.42,79.992
553421,327.82,79.609
553441,321.26,79.224
553461,314.75,78.842
553481,308.27,78.465
553501,301.82,78.097
553521,295.41,77.743
553541,289.03,77.404
553561,282.68,77.084
553581,276.36,76.787
553601,270.05,76.513
553621,263.77,76.266
553641,257.49,76.047
553661,251.22,75.858
553681,244.96,75.699
553701,238.7,75.572
553721,232.43,75.475
553741,226.15,75.409
553761,219.85,75.373
553781,213.54,75.366
553801,207.2,75.386
553821,200.84,75.431
553841,194.46,75.5
553861,188.04,75.589
553881,181.58,75.696
553901,175.09,75.818
553921,168.56,75.952
553941,162,76.093
553961,155.39,76.24
553981,148.75,76.388
554001,142.07,76.535
554021,135.35,76.676
554041,128.59,76.808
554061,121.8,76.928
554081,114.97,77.034
554101,108.11,77.122
554121,101.23,77.19
554141,94.32,77.236
554161,87.391,77.257
554181,80.444,77.252
554201,73.484,77.22
554221,66.516,77.16
554241,59.544,77.07
554261,52.571,76.951
554281,45.604,76.803
554301,38.647,76.626
554321,31.704,76.421
554341,24.78,76.19
554361,17.879,75.934
554381,11.005,75.654
554401,4.1624,75.354
554421,357.35,75.035
554441,350.58,74.7
554461,343.85,74.352
554481,337.17,73.995
554501,330.52,73.632
554521,323.92,73.265
554541,317.37,72.899
554561,310.85,72.538
554581,304.39,72.183
554601,297.96,71.84
554621,291.57,71.511
554641,285.22,71.199
554661,278.91,70.906
554681,272.62,70.637
554701,266.36,70.392
554721,260.12,70.174
554741,253.9,69.984
554761,247.69,69.823
554781,241.48,69.693
554801,235.28,69.593
554821,229.07,69.523
554841,222.86,69.483
554861,216.63,69.472
554881,210.38,69.488
554901,204.11,69.53
554921,197.82,69.596
554941,191.49,69.682
554961,185.13,69.787
554981,178.74,69.907
555001,172.31,70.04
555021,165.84,70.181
555041,159.33,70.328
555061,152.77,70.478
555081,146.18,70.626
555101,139.54,70.769
555121,132.86,70.905
555141,126.15,71.029
555161,119.39,71.138
555181,112.6,71.23
555201,105.77,71.303
555221,98.912,71.353
555241,92.027,71.378
555261,85.117,71.377
555281,78.186,71.349
555301,71.238,71.292
555321,64.278,71.205
555341,57.31,71.089
555361,50.338,70.942
555381,43.368,70.767
555401,36.404,70.562
555421,29.45,70.33
555441,22.512,70.072
555461,15.595,69.79
555481,8.7021,69.486
555501,1.8386,69.163
555521,355.01,68.822
555541,348.21,68.468
555561,341.46,68.103
555581,334.75,67.73
555601,328.09,67.354
555621,321.47,66.977
555641,314.9,66.603
555661,308.38,66.236
555681,301.9,65.879
555701,295.48,65.536
555721,289.1,65.209
555741,282.76,64.902
555761,276.46,64.617
555781,270.19,64.357
555801,263.96,64.123
555821,257.76,63.918
555841,251.58,63.743
555861,245.41,63.599
555881,239.25,63.486
555901,233.1,63.404
555921,226.95,63.353
555941,220.8,63.332
555961,214.63,63.34
555981,208.45,63.374
556001,202.24,63.433
556021,196.01,63.515
556041,189.75,63.616
556061,183.46,63.734
556081,177.13,63.865
556101,170.76,64.006
556121,164.34,64.153
556141,157.89,64.304
556161,151.39,64.454
556181,144.85,64.599
556201,138.27,64.736
556221,131.64,64.862
556241,124.97,64.973
556261,118.26,65.066
556281,111.51,65.138
556301,104.72,65.187
556321,97.902,65.211
556341,91.05,65.206
556361,84.171,65.172
556381,77.268,65.108
556401,70.344,65.012
556421,63.405,64.884
556441,56.454,64.723
556461,49.495,64.531
556481,42.534,64.307
556501,35.575,64.052
556521,28.623,63.769
556541,21.682,63.459
556561,14.758,63.124
556581,7.8558,62.767
556601,0.97921,62.391
556621,354.13,61.998
556641,347.32,61.592
556661,340.55,61.176
556681,333.82,60.755
556701,327.14,60.333
556721,320.5,59.912
556741,313.92,59.497
556761,307.38,59.093
556781,300.9,58.702
556801,294.47,58.328
556821,288.1,57.976
556841,281.77,57.647
556861,275.49,57.345
556881,269.25,57.072
556901,263.05,56.831
556921,256.89,56.623
556941,250.76,56.448
556961,244.65,56.309
556981,238.56,56.205
557001,232.48,56.135
557021,226.4,56.1
557041,220.32,56.097
557061,214.23,56.124
557081,208.13,56.181
557101,202.02,56.263
557121,195.87,56.368
557141,189.7,56.493
557161,183.49,56.634
557181,177.25,56.787
557201,170.96,56.949
557221,164.64,57.116
557241,158.27,57.283
557261,151.86,57.446
557281,145.4,57.602
557301,138.89,57.747
557321,132.34,57.876
557341,125.75,57.987
557361,119.11,58.076
557381,112.43,58.14
557401,105.72,58.177
557421,98.964,58.183
557441,92.179,58.157
557461,85.365,58.098
557481,78.525,58.003
557501,71.662,57.872
557521,64.781,57.705
557541,57.886,57.501
557561,50.981,57.262
557581,44.07,56.987
557601,37.158,56.678
557621,30.25,56.337
557641,23.349,55.966
557661,16.462,55.567
557681,9.5929,55.144
557701,2.7462,54.699
557721,355.93,54.237
557741,349.14,53.76
557761,342.39,53.274
557781,335.68,52.783
557801,329.01,52.292
557821,322.4,51.804
557841,315.83,51.325
557861,309.32,50.86
557881,302.86,50.412
557901,296.47,49.988
557921,290.12,49.59
557941,283.84,49.223
557961,277.61,48.89
557981,271.43,48.594
558001,265.3,48.338
558021,259.21,48.124
558041,253.16,47.953
558061,247.14,47.825
558081,241.14,47.741
558101,235.16,47.7
558121,229.19,47.701
558141,223.23,47.741
558161,217.26,47.818
558181,211.27,47.93
558201,205.27,48.073
558221,199.24,48.242
558241,193.18,48.434
558261,187.09,48.645
558281,180.96,48.869
558301,174.79,49.102
558321,168.57,49.339
558341,162.31,49.576
558361,156,49.807
558381,149.65,50.028
558401,143.24,50.235
558421,136.8,50.424
558441,130.3,50.59
558461,123.77,50.73
558481,117.2,50.84
558501,110.58,50.918
558521,103.94,50.961
558541,97.261,50.967
558561,90.555,50.934
558581,83.826,50.861
558601,77.077,50.746
558621,70.311,50.589
558641,63.534,50.391
558661,56.748,50.151
558681,49.96,49.871
558701,43.172,49.552
558721,36.39,49.196
558741,29.618,48.804
558761,22.86,48.381
558781,16.121,47.929
558801,9.4064,47.451
558821,2.7193,46.952
558841,356.06,46.437
558861,349.45,45.909
558881,342.87,45.374
558901,336.34,44.838
558921,329.85,44.307
558941,323.42,43.785
558961,317.04,43.278
558981,310.71,42.794
559001,304.45,42.336
559021,298.23,41.911
559041,292.08,41.525
559061,285.98,41.181
559081,279.93,40.884
559101,273.93,40.637
559121,267.97,40.444
559141,262.04,40.306
559161,256.14,40.224
559181,250.26,40.198
559201,244.39,40.227
559221,238.53,40.31
559241,232.66,40.444
559261,226.78,40.626
559281,220.88,40.851
559301,214.95,41.115
559321,208.98,41.413
559341,202.98,41.739
559361,196.94,42.088
559381,190.85,42.454
559401,184.71,42.831
559421,178.53,43.213
559441,172.3,43.594
559461,166.02,43.969
559481,159.69,44.333
559501,153.32,44.681
559521,146.91,45.008
559541,140.45,45.309
559561,133.96,45.581
559581,127.43,45.82
559601,120.88,46.023
559621,114.29,46.187
559641,107.69,46.31
559661,101.06,46.39
559681,94.423,46.426
559701,87.775,46.417
559721,81.121,46.363
559741,74.466,46.263
559761,67.815,46.118
559781,61.172,45.93
559801,54.541,45.699
559821,47.928,45.428
559841,41.335,45.119
559861,34.769,44.775
559881,28.231,44.4
559901,21.727,43.996
559921,15.259,43.569
559941,8.8322,43.123
559961,2.4481,42.664
559981,356.11,42.195
560001,349.82,41.724
560021,343.58,41.256
560041,337.39,40.797
560061,331.25,40.353
560081,325.15,39.931
560101,319.11,39.537
560121,313.11,39.177
560141,307.15,38.857
560161,301.23,38.582
560181,295.34,38.357
560201,289.47,38.185
560221,283.61,38.071
560241,277.77,38.016
560261,271.92,38.022
560281,266.06,38.089
560301,260.19,38.216
560321,254.29,38.402
560341,248.36,38.643
560361,242.39,38.936
560381,236.38,39.277
560401,230.31,39.661
560421,224.2,40.082
560441,218.04,40.534
560461,211.82,41.011
560481,205.55,41.506
560501,199.23,42.014
560521,192.86,42.529
560541,186.45,43.043
560561,179.98,43.552
560581,173.48,44.05
560601,166.94,44.532
560621,160.36,44.992
560641,153.75,45.427
560661,147.12,45.833
560681,140.47,46.206
560701,133.79,46.544
560721,127.11,46.842
560741,120.41,47.1
560761,113.71,47.316
560781,107.01,47.488
560801,100.32,47.616
560821,93.634,47.699
560841,86.962,47.739
560861,80.307,47.734
560881,73.673,47.688
560901,67.065,47.601
560921,60.486,47.475
560941,53.94,47.313
560961,47.429,47.117
560981,40.958,46.892
561001,34.529,46.641
561021,28.143,46.367
561041,21.804,46.076
561061,15.511,45.772
561081,9.2653,45.459
561101,3.0674,45.143
561121,356.92,44.83
561141,350.81,44.524
561161,344.75,44.231
561181,338.72,43.956
561201,332.74,43.705
561221,326.78,43.482
561241,320.85,43.293
561261,314.93,43.141
561281,309.03,43.031
561301,303.13,42.966
561321,297.22,42.949
561341,291.31,42.981
561361,285.37,43.063
561381,279.4,43.197
561401,273.4,43.381
561421,267.35,43.615
561441,261.26,43.895
561461,255.12,44.221
561481,248.92,44.587
561501,242.66,44.991
561521,236.35,45.427
561541,229.98,45.891
561561,223.55,46.378
561581,217.06,46.883
561601,210.53,47.4
561621,203.94,47.924
561641,197.31,48.449
561661,190.63,48.97
561681,183.92,49.483
561701,177.17,49.982
561721,170.4,50.464
561741,163.6,50.924
561761,156.78,51.358
561781,149.95,51.764
561801,143.11,52.138
561821,136.26,52.477
561841,129.41,52.781
561861,122.56,53.047
561881,115.72,53.274
561901,108.89,53.461
561921,102.08,53.609
561941,95.291,53.718
561961,88.524,53.787
561981,81.785,53.82
562001,75.076,53.816
562021,68.403,53.778
562041,61.766,53.709
562061,55.169,53.61
562081,48.614,53.486
562101,42.102,53.339
562121,35.636,53.173
562141,29.216,52.991
562161,22.842,52.799
562181,16.515,52.601
562201,10.233,52.399
562221,3.9945,52.2
562241,357.8,52.007
562261,351.64,51.825
562281,345.52,51.658
562301,339.43,51.511
562321,333.37,51.386
562341,327.32,51.288
562361,321.3,51.22
562381,315.28,51.185
562401,309.26,51.185
562421,303.24,51.223
562441,297.21,51.298
562461,291.16,51.413
562481,285.08,51.567
562501,278.97,51.761
562521,272.82,51.993
562541,266.64,52.261
562561,260.4,52.564
562581,254.11,52.9
562601,247.77,53.264
562621,241.38,53.654
562641,234.93,54.067
562661,228.43,54.498
562681,221.87,54.943
562701,215.26,55.397
562721,208.6,55.857
562741,201.89,56.319
562761,195.14,56.777
562781,188.35,57.227
562801,181.53,57.666
562821,174.67,58.09
562841,167.79,58.495
562861,160.88,58.879
562881,153.97,59.237
562901,147.03,59.568
562921,140.1,59.869
562941,133.16,60.138
562961,126.22,60.375
562981,119.29,60.577
563001,112.37,60.745
563021,105.47,60.879
563041,98.587,60.978
563061,91.729,61.044
563081,84.898,61.077
563101,78.098,61.079
563121,71.332,61.052
563141,64.603,60.998
563161,57.913,60.919
563181,51.264,60.819
563201,44.658,60.7
563221,38.097,60.566
563241,31.58,60.42
563261,25.108,60.267
563281,18.681,60.109
563301,12.297,59.95
563321,5.9569,59.795
563341,359.66,59.648
563361,353.4,59.511
563381,347.17,59.388
563401,340.97,59.284
563421,334.81,59.201
563441,328.66,59.141
563461,322.53,59.109
563481,316.42,59.104
563501,310.31,59.131
563521,304.2,59.189
563541,298.08,59.279
563561,291.95,59.403
563581,285.81,59.559
563601,279.64,59.749
563621,273.44,59.969
563641,267.21,60.22
563661,260.94,60.498
563681,254.62,60.803
563701,248.27,61.131
563721,241.86,61.479
563741,235.4,61.845
563761,228.89,62.224
563781,222.34,62.614
563801,215.73,63.01
563821,209.07,63.409
563841,202.37,63.807
563861,195.62,64.201
563881,188.83,64.587
563901,182,64.96
563921,175.14,65.319
563941,168.25,65.66
563961,161.34,65.981
563981,154.4,66.278
564001,147.45,66.549
564021,140.49,66.794
564041,133.53,67.009
564061,126.56,67.194
564081,119.59,67.349
564101,112.64,67.472
564121,105.7,67.565
564141,98.771,67.627
564161,91.866,67.659
564181,84.986,67.662
564201,78.135,67.638
564221,71.315,67.589
564241,64.529,67.518
564261,57.781,67.425
564281,51.072,67.315
564301,44.404,67.19
564321,37.778,67.053
564341,31.195,66.909
564361,24.655,66.759
564381,18.158,66.608
564401,11.704,66.46
564421,5.2909,66.317
564441,358.92,66.184
564461,352.58,66.063
564481,346.28,65.958
564501,340.01,65.872
564521,333.77,65.808
564541,327.55,65.767
564561,321.35,65.753
564581,315.17,65.766
564601,308.99,65.809
564621,302.82,65.882
564641,296.65,65.985
564661,290.47,66.119
564681,284.28,66.284
564701,278.07,66.478
564721,271.84,66.7
564741,265.59,66.949
564761,259.3,67.223
564781,252.97,67.519
564801,246.61,67.835
564821,240.2,68.168
564841,233.75,68.515
564861,227.26,68.872
564881,220.72,69.237
564901,214.13,69.605
564921,207.49,69.973
564941,200.81,70.338
564961,194.09,70.697
564981,187.32,71.045
565001,180.51,71.381
565021,173.67,71.7
565041,166.8,72.001
565061,159.9,72.28
565081,152.98,72.536
565101,146.03,72.767
565121,139.08,72.971
565141,132.11,73.147
565161,125.14,73.294
565181,118.17,73.412
565201,111.2,73.5
565221,104.24,73.559
565241,97.297,73.59
565261,90.37,73.593
565281,83.464,73.57
565301,76.584,73.523
565321,69.732,73.454
565341,62.911,73.364
565361,56.125,73.257
565381,49.375,73.136
565401,42.663,73.003
565421,35.991,72.861
565441,29.359,72.715
565461,22.768,72.566
565481,16.218,72.42
565501,9.7083,72.279
565521,3.2381,72.146
565541,356.81,72.025
565561,350.41,71.919
565581,344.05,71.831
565601,337.72,71.764
565621,331.41,71.72
565641,325.13,71.701
565661,318.87,71.71
565681,312.63,71.747
565701,306.39,71.814
565721,300.17,71.911
565741,293.94,72.039
565761,287.71,72.197
565781,281.48,72.385
565801,275.23,72.602
565821,268.96,72.845
565841,262.68,73.115
565861,256.36,73.407
565881,250.02,73.721
565901,243.64,74.052
565921,237.23,74.398
565941,230.78,74.756
565961,224.28,75.123
565981,217.75,75.494
566001,211.17,75.866
566021,204.55,76.236
566041,197.89,76.601
566061,191.18,76.956
566081,184.43,77.299
566101,177.65,77.627
566121,170.83,77.937
566141,163.97,78.226
566161,157.09,78.492
566181,150.18,78.733
566201,143.25,78.947
566221,136.3,79.133
566241,129.33,79.291
566261,122.36,79.419
566281,115.39,79.517
566301,108.41,79.586
566321,101.45,79.626
566341,94.486,79.638
566361,87.54,79.624
566381,80.612,79.585
566401,73.705,79.522
566421,66.823,79.439
566441,59.968,79.338
566461,53.144,79.221
566481,46.353,79.092
566501,39.597,78.953
566521,32.877,78.809
566541,26.194,78.661
566561,19.548,78.515
566581,12.941,78.373
566601,6.3712,78.238
566621,359.84,78.115
566641,353.34,78.006
566661,346.88,77.914
566681,340.45,77.842
566701,334.04,77.794
566721,327.67,77.77
566741,321.31,77.774
566761,314.98,77.806
566781,308.66,77.869
566801,302.36,77.963
566821,296.06,78.088
566841,289.76,78.245
566861,283.47,78.434
566881,277.17,78.652
566901,270.86,78.9
566921,264.54,79.176
566941,258.2,79.476
566961,251.84,79.801
566981,245.45,80.145
567001,239.03,80.5069
567021,232.59,80.8829
567041,226.11,81.2698
567061,219.6,81.6637
567081,213.05,82.061
567101,206.46,82.458
567121,199.83,82.8509
567141,193.16,83.236
567161,186.45,83.6096
567181,179.71,83.9685
567201,172.93,84.3092
567221,166.11,84.629
567241,159.26,84.925
567261,152.38,85.195
567281,145.47,85.4369
567301,138.54,85.6491
567321,131.59,85.8304
567341,124.63,85.9801
567361,117.65,86.0977
567381,110.67,86.1832
567401,103.68,86.237
567421,96.697,86.2601
567441,89.717,86.2537
567461,82.747,86.2192
567481,75.791,86.1588
567501,68.852,86.0746
567521,61.933,85.9692
567541,55.039,85.8454
567561,48.171,85.7063
567581,41.331,85.5552
567601,34.523,85.3954
567621,27.746,85.2304
567641,21.003,85.0639
567661,14.294,84.8994
567681,7.6198,84.7405
567701,0.97939,84.5909
567721,354.37,84.4539
567741,347.8,84.3329
567761,341.25,84.231
567781,334.74,84.1511
567801,328.25,84.0958
567821,321.79,84.0674
567841,315.35,84.0681
567861,308.92,84.0994
567881,302.51,84.1626
567901,296.12,84.2585
567921,289.73,84.3877
567941,283.34,84.55
567961,276.95,84.7451
567981,270.57,84.9722
568001,264.17,85.2298
568021,257.76,85.5164
568041,251.34,85.8298
568061,244.9,86.1676
568081,238.44,86.5269
568101,231.95,86.9045
568121,225.44,87.2972
568141,218.9,87.7011
568161,212.33,88.1126
568181,205.73,88.5275
568201,199.09,88.942
568221,192.42,89.35176
568241,185.72,89.75286
568261,178.98,90.14128
568281,172.2,90.51318
568301,165.4,90.86493
568321,158.56,91.1931
568341,151.69,91.4947
568361,144.79,91.7669
568381,137.87,92.0074
568401,130.92,92.2144
568421,123.96,92.3862
568441,116.98,92.522
568461,109.99,92.6213
568481,102.99,92.6841
568501,95.984,92.7108
568521,88.98,92.7023
568541,81.98,92.6601
568561,74.987,92.586
568581,68.006,92.4822
568601,61.039,92.3512
568621,54.091,92.1959
568641,47.163,92.0196
568661,40.258,91.8256
568681,33.38,91.6174
568701,26.529,91.3989
568721,19.707,91.1739
568741,12.915,90.94631
568761,6.1537,90.72001
568781,359.42,90.4989
568801,352.72,90.28678
568821,346.05,90.087328
568841,339.41,89.904058
568861,332.8,89.74028
568881,326.22,89.59907
568901,319.65,89.4832
568921,313.11,89.39516
568941,306.59,89.33708
568961,300.08,89.31073
568981,293.59,89.31746
569001,287.11,89.35826
569021,280.63,89.43365
569041,274.15,89.54374
569061,267.68,89.68819
569081,261.2,89.86623
569101,254.71,90.076669
569121,248.21,90.31787
569141,241.69,90.58782
569161,235.16,90.8841
569181,228.61,91.2039
569201,222.04,91.5442
569221,215.45,91.9016
569241,208.82,92.2723
569261,202.17,92.6525
569281,195.49,93.0382
569301,188.78,93.4252
569321,182.04,93.8091
569341,175.27,94.1858
569361,168.47,94.5508
569381,161.64,94.9002
569401,154.78,95.2298
569421,147.89,95.5358
569441,140.98,95.8147
569461,134.04,96.0633
569481,127.09,96.2787
569501,120.12,96.4585
569521,113.13,96.6008
569541,106.13,96.704
569561,99.119,96.7672
569581,92.106,96.7901
569601,85.093,96.7729
569621,78.082,96.7161
569641,71.077,96.6211
569661,64.083,96.4896
569681,57.101,96.3237
569701,50.136,96.1262
569721,43.189,95.8999
569741,36.264,95.6483
569761,29.363,95.3749
569781,22.488,95.0837
569801,15.64,94.7786
569821,8.8197,94.4638
569841,2.0289,94.1435
569861,355.27,93.8219
569881,348.54,93.5032
569901,341.83,93.1915
569921,335.16,92.8908
569941,328.51,92.6047
569961,321.89,92.337
569981,315.29,92.0908
570001,308.71,91.8693
570021,302.15,91.675
570041,295.6,91.5104
570061,289.07,91.3773
570081,282.55,91.2774
570101,276.04,91.2117
570121,269.53,91.1809
570141,263.02,91.1854
570161,256.5,91.225
570181,249.98,91.299
570201,243.45,91.4064
570221,236.91,91.5458
570241,230.35,91.7154
570261,223.77,91.9129
570281,217.17,92.1356
570301,210.55,92.3808
570321,203.9,92.6451
570341,197.23,92.9251
570361,190.52,93.2172
570381,183.79,93.5173
570401,177.03,93.8215
570421,170.24,94.1257
570441,163.42,94.4256
570461,156.57,94.7172
570481,149.7,94.9962
570501,142.8,95.2588
570521,135.87,95.5009
570541,128.93,95.719
570561,121.96,95.9097
570581,114.98,96.0699
570601,107.99,96.1969
570621,100.98,96.2884
570641,93.972,96.3426
570661,86.96,96.358
570681,79.949,96.3338
570701,72.942,96.2698
570721,65.945,96.166
570741,58.959,96.0233
570761,51.988,95.8429
570781,45.036,95.6266
570801,38.105,95.3767
570821,31.198,95.0959
570841,24.316,94.7872
570861,17.463,94.4541
570881,10.638,94.1003
570901,3.8436,93.7298
570921,357.08,93.3467
570941,350.35,92.9551
570961,343.65,92.5595
570981,336.98,92.1639
571001,330.34,91.7727
571021,323.72,91.3899
571041,317.14,91.0194
571061,310.58,90.66506
571081,304.04,90.33021
571101,297.52,90.018063
571121,291.02,89.73148
571141,284.53,89.47295
571161,278.06,89.24459
571181,271.59,89.04811
571201,265.13,88.8848
571221,258.67,88.7556
571241,252.21,88.6608
571261,245.74,88.6005
571281,239.26,88.5743
571301,232.77,88.5812
571321,226.26,88.62
571341,219.73,88.6891
571361,213.19,88.7863
571381,206.61,88.9092
571401,200.02,89.05531
571421,193.39,89.22147
571441,186.74,89.40448
571461,180.05,89.60091
571481,173.33,89.80716
571501,166.58,90.019472
571521,159.8,90.23405
571541,152.99,90.44703
571561,146.15,90.65456
571581,139.29,90.85285
571601,132.39,91.0382
571621,125.47,91.207
571641,118.53,91.356
571661,111.57,91.4819
571681,104.6,91.5819
571701,97.61,91.6533
571721,90.615,91.6941
571741,83.615,91.7022
571761,76.615,91.6763
571781,69.618,91.6152
571801,62.629,91.5186
571821,55.652,91.3862
571841,48.69,91.2184
571861,41.747,91.0161
571881,34.826,90.78061
571901,27.93,90.51364
571921,21.063,90.2174
571941,14.226,89.89448
571961,7.421,89.54782
571981,0.64996,89.18067
572001,353.91,88.7966
572021,347.21,88.3992
572041,340.55,87.9926
572061,333.92,87.5805
572081,327.32,87.1672
572101,320.76,86.7566
572121,314.23,86.3527
572141,307.73,85.9593
572161,301.25,85.58
572181,294.8,85.2183
572201,288.38,84.8774
572221,281.97,84.5601
572241,275.58,84.269
572261,269.19,84.0062
572281,262.82,83.7735
572301,256.45,83.5723
572321,250.09,83.4035
572341,243.71,83.2676
572361,237.34,83.1647
572381,230.95,83.0943
572401,224.54,83.0558
572421,218.12,83.0479
572441,211.67,83.069
572461,205.21,83.1173
572481,198.71,83.1904
572501,192.19,83.2857
572521,185.63,83.4004
572541,179.04,83.5314
572561,172.42,83.6755
572581,165.77,83.8292
572601,159.07,83.9891
572621,152.35,84.1516
572641,145.59,84.313
572661,138.79,84.4699
572681,131.97,84.6188
572701,125.11,84.7562
572721,118.23,84.879
572741,111.32,84.9842
572761,104.39,85.0688
572781,97.446,85.1304
572801,90.483,85.1666
572821,83.51,85.1757
572841,76.529,85.1558
572861,69.546,85.1058
572881,62.565,85.0249
572901,55.59,84.9125
572921,48.625,84.7685
572941,41.674,84.5934
572961,34.743,84.3878
572981,27.834,84.1528
573001,20.952,83.8902
573021,14.099,83.6016
573041,7.2782,83.2894
573061,0.49265,82.9562
573081,353.74,82.6049
573101,347.03,82.2386
573121,340.36,81.8606
573141,333.73,81.4746
573161,327.14,81.084
573181,320.59,80.6927
573201,314.08,80.3043
573221,307.6,79.923
573241,301.16,79.551
573261,294.75,79.193
573281,288.37,78.852
573301,282.01,78.531
573321,275.68,78.232
573341,269.37,77.959
573361,263.07,77.713
573381,256.78,77.495
573401,250.49,77.308
573421,244.21,77.151
573441,237.93,77.026
573461,231.64,76.932
573481,225.34,76.869
573501,219.02,76.837
573521,212.68,76.833
573541,206.32,76.856
573561,199.94,76.904
573581,193.52,76.976
573601,187.08,77.068
573621,180.6,77.177
573641,174.08,77.301
573661,167.53,77.436
573681,160.94,77.579
573701,154.31,77.726
573721,147.64,77.875
573741,140.93,78.021
573761,134.19,78.161
573781,127.41,78.292
573801,120.6,78.411
573821,113.75,78.515
573841,106.88,78.601
573861,99.984,78.666
573881,93.063,78.709
573901,86.123,78.727
573921,79.169,78.718
573941,72.204,78.682
573961,65.232,78.617
573981,58.258,78.523
574001,51.287,78.399
574021,44.323,78.246
574041,37.371,78.065
574061,30.436,77.855
574081,23.521,77.619
574101,16.631,77.358
574121,9.7704,77.074
574141,2.9418,76.769
574161,356.15,76.445
574181,349.39,76.107
574201,342.68,75.756
574221,336.01,75.395
574241,329.38,75.029
574261,322.79,74.66
574281,316.25,74.292
574301,309.75,73.929
574321,303.3,73.574
574341,296.88,73.23
574361,290.5,72.901
574381,284.16,72.589
574401,277.84,72.298
574421,271.56,72.029
574441,265.3,71.786
574461,259.05,71.57
574481,252.82,71.383
574501,246.6,71.225
574521,240.38,71.097
574541,234.17,71
574561,227.94,70.933
574581,221.71,70.895
574601,215.46,70.887
574621,209.19,70.905
574641,202.9,70.949
574661,196.58,71.017
574681,190.23,71.105
574701,183.85,71.211
574721,177.43,71.332
574741,170.98,71.466
574761,164.48,71.608
574781,157.95,71.755
574801,151.37,71.904
574821,144.75,72.052
574841,138.09,72.194
574861,131.39,72.328
574881,124.65,72.451
574901,117.88,72.559
574921,111.07,72.65
574941,104.22,72.721
574961,97.35,72.769
574981,90.451,72.793
575001,83.53,72.791
575021,76.59,72.762
575041,69.635,72.704
575061,62.67,72.616
575081,55.699,72.499
575101,48.727,72.353
575121,41.759,72.177
575141,34.799,71.974
575161,27.852,71.743
575181,20.923,71.486
575201,14.016,71.206
575221,7.1363,70.905
575241,0.28735,70.584
575261,353.47,70.248
575281,346.7,69.897
575301,339.96,69.537
575321,333.27,69.17
575341,326.62,68.799
575361,320.03,68.428
575381,313.47,68.06
575401,306.97,67.7
575421,300.51,67.35
575441,294.1,67.013
575461,287.73,66.694
575481,281.4,66.394
575501,275.11,66.116
575521,268.85,65.863
575541,262.62,65.637
575561,256.41,65.439
575581,250.22,65.271
575601,244.05,65.133
575621,237.88,65.026
575641,231.72,64.95
575661,225.56,64.904
575681,219.38,64.888
575701,213.19,64.899
575721,206.99,64.937
575741,200.76,64.999
575761,194.5,65.083
575781,188.22,65.186
575801,181.9,65.305
575821,175.54,65.437
575841,169.14,65.578
575861,162.7,65.726
575881,156.22,65.875
575901,149.69,66.024
575921,143.13,66.168
575941,136.51,66.304
575961,129.86,66.428
575981,123.16,66.538
576001,116.43,66.629
576021,109.66,66.7
576041,102.85,66.748
576061,96.007,66.771
576081,89.136,66.766
576101,82.24,66.732
576121,75.322,66.668
576141,68.385,66.573
576161,61.435,66.446
576181,54.475,66.288
576201,47.51,66.099
576221,40.545,65.88
576241,33.584,65.631
576261,26.632,65.354
576281,19.694,65.051
576301,12.776,64.724
576321,5.8805,64.376
576341,359.01,64.01
576361,352.18,63.628
576381,345.38,63.234
576401,338.62,62.831
576421,331.91,62.424
576441,325.24,62.015
576461,318.63,61.609
576481,312.06,61.209
576501,305.54,60.82
576521,299.08,60.444
576541,292.66,60.086
576561,286.3,59.748
576581,279.98,59.434
576601,273.7,59.146
576621,267.47,58.887
576641,261.27,58.658
576661,255.11,58.461
576681,248.97,58.297
576701,242.85,58.166
576721,236.74,58.07
576741,230.64,58.007
576761,224.54,57.976
576781,218.44,57.976
576801,212.33,58.006
576821,206.2,58.063
576841,200.05,58.144
576861,193.88,58.248
576881,187.67,58.369
576901,181.43,58.506
576921,175.15,58.654
576941,168.83,58.81
576961,162.47,58.97
576981,156.06,59.129
577001,149.61,59.284
577021,143.12,59.432
577041,136.57,59.568
577061,129.99,59.688
577081,123.36,59.79
577101,116.69,59.87
577121,109.98,59.926
577141,103.23,59.954
577161,96.451,59.953
577181,89.637,59.92
577201,82.795,59.854
577221,75.928,59.754
577241,69.04,59.619
577261,62.136,59.448
577281,55.219,59.243
577301,48.293,59.002
577321,41.363,58.728
577341,34.435,58.422
577361,27.512,58.085
577381,20.599,57.719
577401,13.701,57.327
577421,6.8231,56.913
577441,359.97,56.479
577461,353.15,56.028
577481,346.36,55.566
577501,339.6,55.095
577521,332.9,54.62
577541,326.23,54.146
577561,319.62,53.677
577581,313.06,53.218
577601,306.55,52.772
577621,300.1,52.345
577641,293.7,51.94
577661,287.36,51.562
577681,281.08,51.214
577701,274.85,50.898
577721,268.66,50.618
577741,262.52,50.377
577761,256.42,50.175
577781,250.36,50.013
577801,244.32,49.892
577821,238.3,49.813
577841,232.3,49.774
577861,226.3,49.773
577881,220.3,49.809
577901,214.3,49.88
577921,208.28,49.982
577941,202.24,50.112
577961,196.18,50.267
577981,190.08,50.443
578001,183.95,50.634
578021,177.78,50.838
578041,171.57,51.048
578061,165.32,51.262
578081,159.02,51.473
578101,152.67,51.679
578121,146.28,51.873
578141,139.84,52.053
578161,133.35,52.214
578181,126.82,52.352
578201,120.25,52.464
578221,113.64,52.547
578241,106.99,52.598
578261,100.31,52.614
578281,93.595,52.594
578301,86.853,52.535
578321,80.087,52.438
578341,73.302,52.3
578361,66.5,52.121
578381,59.685,51.902
578401,52.863,51.643
578421,46.038,51.345
578441,39.214,51.01
578461,32.395,50.64
578481,25.586,50.236
578501,18.792,49.803
578521,12.017,49.343
578541,5.2654,48.859
578561,358.54,48.357
578581,351.85,47.84
578601,345.2,47.312
578621,338.59,46.781
578641,332.02,46.249
578661,325.51,45.724
578681,319.04,45.209
578701,312.63,44.712
578721,306.28,44.238
578741,299.98,43.791
578761,293.74,43.378
578781,287.56,43.002
578801,281.44,42.668
578821,275.36,42.381
578841,269.34,42.142
578861,263.35,41.954
578881,257.4,41.818
578901,251.48,41.736
578921,245.58,41.707
578941,239.7,41.73
578961,233.81,41.803
578981,227.93,41.924
579001,222.03,42.088
579021,216.11,42.293
579041,210.17,42.533
579061,204.2,42.804
579081,198.19,43.1
579101,192.14,43.417
579121,186.04,43.747
579141,179.9,44.087
579161,173.72,44.429
579181,167.48,44.77
579201,161.2,45.103
579221,154.87,45.424
579241,148.49,45.727
579261,142.07,46.008
579281,135.61,46.264
579301,129.11,46.489
579321,122.58,46.681
579341,116.01,46.838
579361,109.42,46.955
579381,102.8,47.031
579401,96.164,47.065
579421,89.509,47.054
579441,82.843,46.999
579461,76.169,46.899
579481,69.492,46.755
579501,62.817,46.566
579521,56.148,46.334
579541,49.489,46.061
579561,42.845,45.748
579581,36.22,45.399
579601,29.619,45.015
579621,23.045,44.602
579641,16.503,44.162
579661,9.9959,43.7
579681,3.5281,43.221
579701,357.1,42.73
579721,350.72,42.232
579741,344.39,41.732
579761,338.11,41.238
579781,331.87,40.756
579801,325.69,40.29
579821,319.56,39.849
579841,313.49,39.438
579861,307.45,39.063
579881,301.47,38.729
579901,295.52,38.443
579921,289.61,38.208
579941,283.73,38.029
579961,277.86,37.908
579981,272.02,37.847
580001,266.17,37.848
580021,260.32,37.91
580041,254.46,38.032
580061,248.58,38.213
580081,242.68,38.448
580101,236.74,38.734
580121,230.76,39.067
580141,224.73,39.44
580161,218.66,39.849
580181,212.54,40.287
580201,206.37,40.748
580221,200.14,41.226
580241,193.87,41.715
580261,187.55,42.207
580281,181.17,42.698
580301,174.76,43.181
580321,168.3,43.651
580341,161.8,44.104
580361,155.27,44.533
580381,148.7,44.936
580401,142.11,45.307
580421,135.49,45.645
580441,128.86,45.945
580461,122.21,46.205
580481,115.54,46.424
580501,108.88,46.599
580521,102.21,46.73
580541,95.537,46.816
580561,88.877,46.857
580581,82.227,46.853
580601,75.594,46.805
580621,68.98,46.714
580641,62.391,46.582
580661,55.829,46.412
580681,49.299,46.206
580701,42.804,45.966
580721,36.348,45.697
580741,29.933,45.402
580761,23.561,45.086
580781,17.234,44.753
580801,10.955,44.407
580821,4.7235,44.055
580841,358.54,43.701
580861,352.4,43.352
580881,346.31,43.012
580901,340.27,42.687
580921,334.26,42.383
580941,328.29,42.106
580961,322.35,41.86
580981,316.44,41.651
581001,310.55,41.484
581021,304.67,41.361
581041,298.79,41.287
581061,292.91,41.264
581081,287.01,41.294
581101,281.1,41.378
581121,275.15,41.516
581141,269.17,41.707
581161,263.15,41.95
581181,257.07,42.243
581201,250.95,42.581
581221,244.77,42.961
581241,238.54,43.379
581261,232.25,43.83
581281,225.9,44.308
581301,219.49,44.808
581321,213.03,45.325
581341,206.52,45.853
581361,199.96,46.385
581381,193.35,46.918
581401,186.7,47.444
581421,180.02,47.961
581441,173.3,48.461
581461,166.56,48.942
581481,159.79,49.399
581501,153.01,49.828
581521,146.21,50.226
581541,139.39,50.591
581561,132.58,50.92
581581,125.76,51.21
581601,118.95,51.462
581621,112.15,51.673
581641,105.35,51.843
581661,98.578,51.972
581681,91.822,52.061
581701,85.091,52.11
581721,78.388,52.121
581741,71.716,52.095
581761,65.079,52.034
581781,58.479,51.941
581801,51.92,51.819
581821,45.402,51.671
581841,38.929,51.501
581861,32.502,51.311
581881,26.12,51.108
581901,19.786,50.894
581921,13.498,50.674
581941,7.2548,50.452
581961,1.056,50.234
581981,354.9,50.024
582001,348.78,49.826
582021,342.7,49.645
582041,336.64,49.486
582061,330.62,49.351
582081,324.61,49.246
582101,318.61,49.173
582121,312.62,49.136
582141,306.63,49.136
582161,300.64,49.176
582181,294.62,49.256
582201,288.59,49.379
582221,282.53,49.543
582241,276.43,49.749
582261,270.29,49.995
582281,264.1,50.279
582301,257.87,50.599
582321,251.58,50.953
582341,245.23,51.337
582361,238.83,51.747
582381,232.38,52.179
582401,225.87,52.63
582421,219.3,53.094
582441,212.68,53.567
582461,206.01,54.045
582481,199.3,54.524
582501,192.55,54.997
582521,185.76,55.462
582541,178.93,55.914
582561,172.08,56.35
582581,165.2,56.765
582601,158.3,57.156
582621,151.39,57.521
582641,144.47,57.857
582661,137.55,58.162
582681,130.62,58.434
582701,123.7,58.672
582721,116.79,58.874
582741,109.89,59.041
582761,103.01,59.172
582781,96.156,59.267
582801,89.323,59.329
582821,82.518,59.357
582841,75.746,59.353
582861,69.01,59.32
582881,62.311,59.259
582901,55.652,59.174
582921,49.035,59.066
582941,42.462,58.941
582961,35.934,58.8
582981,29.451,58.648
583001,23.013,58.488
583021,16.621,58.324
583041,10.272,58.16
583061,3.9658,58.001
583081,357.7,57.849
583101,351.47,57.709
583121,345.28,57.585
583141,339.11,57.48
583161,332.97,57.397
583181,326.85,57.339
583201,320.75,57.308
583221,314.66,57.308
583241,308.57,57.339
583261,302.47,57.403
583281,296.37,57.501
583301,290.25,57.634
583321,284.12,57.8
583341,277.95,57.999
583361,271.75,58.231
583381,265.52,58.494
583401,259.24,58.785
583421,252.92,59.103
583441,246.54,59.445
583461,240.12,59.807
583481,233.65,60.186
583501,227.13,60.579
583521,220.55,60.983
583541,213.93,61.392
583561,207.25,61.804
583581,200.53,62.214
583601,193.77,62.619
583621,186.96,63.016
583641,180.12,63.399
583661,173.25,63.767
583681,166.35,64.117
583701,159.43,64.444
583721,152.49,64.748
583741,145.54,65.025
583761,138.58,65.273
583781,131.61,65.492
583801,124.65,65.681
583821,117.69,65.837
583841,110.74,65.962
583861,103.81,66.056
583881,96.9,66.118
583901,90.011,66.149
583921,83.148,66.152
583941,76.315,66.127
583961,69.515,66.077
583981,62.752,66.004
584001,56.026,65.91
584021,49.341,65.798
584041,42.698,65.672
584061,36.097,65.534
584081,29.54,65.388
584101,23.027,65.237
584121,16.558,65.086
584141,10.131,64.937
584161,3.7447,64.795
584181,357.4,64.662
584201,351.09,64.542
584221,344.81,64.439
584241,338.57,64.355
584261,332.35,64.293
584281,326.15,64.255
584301,319.97,64.244
584321,313.81,64.262
584341,307.65,64.309
584361,301.49,64.387
584381,295.33,64.495
584401,289.16,64.635
584421,282.97,64.805
584441,276.77,65.005
584461,270.54,65.233
584481,264.28,65.488
584501,257.98,65.767
584521,251.65,66.07
584541,245.27,66.391
584561,238.85,66.73
584581,232.39,67.082
584601,225.88,67.444
584621,219.32,67.813
584641,212.71,68.186
584661,206.06,68.558
584681,199.36,68.926
584701,192.61,69.288
584721,185.83,69.639
584741,179.01,69.976
584761,172.15,70.297
584781,165.27,70.599
584801,158.36,70.879
584821,151.42,71.135
584841,144.47,71.366
584861,137.51,71.569
584881,130.54,71.744
584901,123.57,71.89
584921,116.6,72.006
584941,109.64,72.093
584961,102.68,72.15
584981,95.748,72.179
585001,88.832,72.18
585021,81.939,72.155
585041,75.073,72.106
585061,68.237,72.034
585081,61.434,71.943
585101,54.667,71.834
585121,47.937,71.711
585141,41.247,71.576
585161,34.597,71.433
585181,27.989,71.286
585201,21.422,71.136
585221,14.897,70.989
585241,8.412,70.848
585261,1.967,70.715
585281,355.56,70.595
585301,349.19,70.49
585321,342.85,70.403
585341,336.54,70.337
585361,330.26,70.295
585381,324,70.278
585401,317.76,70.288
585421,311.54,70.328
585441,305.32,70.397
585461,299.11,70.496
585481,292.9,70.626
585501,286.68,70.785
585521,280.45,70.975
585541,274.21,71.193
585561,267.95,71.438
585581,261.66,71.707
585601,255.35,72
585621,249,72.313
585641,242.62,72.643
585661,236.2,72.988
585681,229.73,73.344
585701,223.23,73.707
585721,216.68,74.075
585741,210.09,74.444
585761,203.45,74.81
585781,196.77,75.17
585801,190.05,75.52
585821,183.29,75.858
585841,176.49,76.181
585861,169.66,76.485
585881,162.79,76.768
585901,155.89,77.028
585921,148.97,77.263
585941,142.03,77.471
585961,135.08,77.652
585981,128.11,77.804
586001,121.14,77.926
586021,114.17,78.02
586041,107.2,78.084
586061,100.23,78.12
586081,93.283,78.128
586101,86.347,78.11
586121,79.431,78.067
586141,72.538,78.002
586161,65.671,77.916
586181,58.835,77.813
586201,52.03,77.695
586221,45.26,77.565
586241,38.526,77.426
586261,31.829,77.281
586281,25.17,77.134
586301,18.551,76.989
586321,11.969,76.848
586341,5.4263,76.716
586361,358.92,76.595
586381,352.45,76.488
586401,346.01,76.4
586421,339.61,76.331
586441,333.23,76.286
586461,326.88,76.266
586481,320.56,76.274
586501,314.25,76.31
586521,307.95,76.377
586541,301.67,76.474
586561,295.39,76.603
586581,289.12,76.762
586601,282.84,76.953
586621,276.55,77.173
586641,270.26,77.422
586661,263.95,77.698
586681,257.62,77.999
586701,251.26,78.322
586721,244.88,78.664
586741,238.47,79.023
586761,232.02,79.395
586781,225.54,79.777
586801,219.03,80.1653
586821,212.47,80.5561
586841,205.88,80.9457
586861,199.24,81.3306
586881,192.57,81.707
586901,185.85,82.0716
586921,179.1,82.421
586941,172.3,82.7521
586961,165.48,83.0622
586981,158.62,83.3485
587001,151.73,83.6091
587021,144.82,83.8419
587041,137.89,84.0455
587061,130.93,84.2188
587081,123.97,84.3612
587101,116.99,84.4722
587121,110.01,84.5521
587141,103.02,84.6013
587161,96.044,84.6208
587181,89.073,84.6117
587201,82.113,84.5758
587221,75.169,84.5149
587241,68.244,84.4314
587261,61.341,84.3278
587281,54.464,84.207
587301,47.615,84.0719
587321,40.797,83.9258
587341,34.011,83.7721
587361,27.258,83.6143
587381,20.54,83.4558
587401,13.857,83.3002
587421,7.2093,83.1512
587441,0.59628,83.0121
587461,354.02,82.8864
587481,347.47,82.7773
587501,340.96,82.6878
587521,334.47,82.6208
587541,328.01,82.5787
587561,321.58,82.5639
587581,315.16,82.5782
587601,308.77,82.6232
587621,302.38,82.6999
587641,296.01,82.8092
587661,289.65,82.9513
587681,283.29,83.1261
587701,276.92,83.333
587721,270.55,83.5712
587741,264.18,83.8391
587761,257.79,84.1349
587781,251.38,84.4565
587801,244.96,84.8012
587821,238.51,85.1662
587841,232.04,85.5482
587861,225.54,85.9439
587881,219.01,86.3494
587901,212.44,86.7611
587921,205.85,87.1749
587941,199.22,87.5869
587961,192.55,87.9931
587981,185.85,88.3894
588001,179.11,88.772
588021,172.33,89.13737
588041,165.52,89.4819
588061,158.68,89.80245
588081,151.81,90.096164
588101,144.92,90.36052
588121,137.99,90.59343
588141,131.05,90.79321
588161,124.08,90.95861
588181,117.1,91.0889
588201,110.11,91.1837
588221,103.12,91.2433
588241,96.116,91.2682
588261,89.117,91.2596
588281,82.122,91.2189
588301,75.137,91.1479
588321,68.164,91.0491
588341,61.208,90.92497
588361,54.27,90.77839
588381,47.355,90.61255
588401,40.464,90.43082
588421,33.6,90.23677
588441,26.765,90.034071
588461,19.96,89.82652
588481,13.186,89.61794
588501,6.4439,89.41216
588521,359.73,89.21298
588541,353.05,89.02408
588561,346.4,88.849
588581,339.79,88.6913
588601,333.19,88.5539
588621,326.63,88.44
588641,320.09,88.3521
588661,313.57,88.2926
588681,307.07,88.2635
588701,300.58,88.2664
588721,294.11,88.3025
588741,287.64,88.3725
588761,281.19,88.477
588781,274.73,88.6158
588801,268.27,88.7885
588821,261.81,88.9941
588841,255.34,89.23119
588861,248.85,89.49809
588881,242.36,89.7926
588901,235.84,90.11217
588921,229.31,90.4539
588941,222.75,90.81457
588961,216.16,91.1907
588981,209.55,91.5785
589001,202.91,91.974
589021,196.24,92.3732
589041,189.54,92.7718
589061,182.81,93.1656
589081,176.04,93.5503
589101,169.25,93.9217
589121,162.43,94.2758
589141,155.57,94.6086
589161,148.69,94.9164
589181,141.78,95.196
589201,134.85,95.4443
589221,127.9,95.6586
589241,120.92,95.8369
589261,113.94,95.9774
589281,106.94,96.079
589301,99.932,96.141
589321,92.921,96.1633
589341,85.908,96.1463
589361,78.898,96.0909
589381,71.895,95.9987
589401,64.901,95.8715
589421,57.921,95.7116
589441,50.956,95.5219
589461,44.011,95.3055
589481,37.088,95.0657
589501,30.188,94.8063
589521,23.314,94.5311
589541,16.468,94.2442
589561,9.6503,93.9496
589581,2.8617,93.6514
589601,356.1,93.354
589621,349.37,93.0613
589641,342.67,92.7773
589661,336,92.5059
589681,329.35,92.2508
589701,322.73,92.0154
589721,316.14,91.8028
589741,309.56,91.616
589761,303,91.4573
589781,296.46,91.3291
589801,289.93,91.2332
589821,283.41,91.1708
589841,276.9,91.143
589861,270.39,91.1503
589881,263.88,91.1928
589901,257.37,91.2701
589921,250.84,91.3816
589941,244.31,91.526
589961,237.77,91.7016
589981,231.21,91.9065
590001,224.63,92.1383
590021,218.03,92.3943
590041,211.41,92.6713
590061,204.76,92.9661
590081,198.08,93.2749
590101,191.38,93.5941
590121,184.64,93.9196
590141,177.88,94.2473
590161,171.09,94.573
590181,164.27,94.8925
590201,157.42,95.2015
590221,150.54,95.4959
590241,143.64,95.7717
590261,136.71,96.025
590281,129.77,96.2523
590301,122.8,96.4503
590321,115.82,96.6159
590341,108.82,96.7468
590361,101.82,96.8406
590381,94.808,96.8958
590401,87.794,96.9112
590421,80.782,96.8863
590441,73.774,96.821
590461,66.775,96.7157
590481,59.787,96.5715
590501,52.814,96.39
590521,45.858,96.1731
590541,38.924,95.9235
590561,32.012,95.644
590581,25.126,95.3379
590601,18.267,95.0089
590621,11.436,94.6607
590641,4.6347,94.2975
590661,357.86,93.9234
590681,351.12,93.5428
590701,344.41,93.1599
590721,337.73,92.7789
590741,331.08,92.4041
590761,324.46,92.0395
590781,317.86,91.6889
590801,311.29,91.356
590821,304.73,91.0441
590841,298.2,90.75626
590861,291.69,90.49524
590881,285.18,90.26337
590901,278.69,90.062624
590921,272.21,89.89457
590941,265.73,89.76033
590961,259.25,89.66063
590981,252.77,89.59573
591001,246.28,89.56547
591021,239.78,89.56924
591041,233.27,89.60602
591061,226.74,89.67438
591081,220.19,89.7725
591101,213.63,89.89818
591121,207.03,90.048898
591141,200.42,90.22181
591161,193.77,90.41381
591181,187.1,90.62154
591201,180.39,90.84145
591221,173.66,91.0698
591241,166.89,91.3028
591261,160.09,91.5365
591281,153.27,91.767
591301,146.41,91.9903
591321,139.53,92.2026
591341,132.62,92.4002
591361,125.69,92.5794
591381,118.74,92.7368
591401,111.77,92.8693
591421,104.79,92.9741
591441,97.794,93.0485
591461,90.793,93.0905
591481,83.789,93.0981
591501,76.785,93.0702
591521,69.786,93.0058
591541,62.796,92.9045
591561,55.818,92.7664
591581,48.856,92.5921
591601,41.913,92.3826
591621,34.993,92.1395
591641,28.099,91.8648
591661,21.232,91.5609
591681,14.395,91.2306
591701,7.59,90.87709
591721,0.81803,90.5038
591741,354.08,90.11446
591761,347.38,89.71293
591781,340.71,89.30325
591801,334.07,88.8895
591821,327.47,88.4758
591841,320.9,88.0663
591861,314.36,87.6648
591881,307.84,87.2753
591901,301.36,86.9013
591921,294.9,86.5462
591941,288.45,86.2132
591961,282.03,85.905
591981,275.62,85.6241
592001,269.21,85.3725
592021,262.82,85.1518
592041,256.43,84.9634
592061,250.04,84.8079
592081,243.64,84.6858
592101,237.24,84.5971
592121,230.82,84.5411
592141,224.39,84.5171
592161,217.94,84.5236
592181,211.47,84.559
592201,204.97,84.6212
592221,198.45,84.7079
592241,191.89,84.8163
592261,185.31,84.9436
592281,178.69,85.0865
592301,172.05,85.2417
592321,165.36,85.4058
592341,158.65,85.5751
592361,151.9,85.746
592381,145.11,85.915
592401,138.3,86.0783
592421,131.45,86.2325
592441,124.58,86.3742
592461,117.68,86.5001
592481,110.75,86.6072
592501,103.81,86.6926
592521,96.851,86.7538
592541,89.879,86.7886
592561,82.898,86.795
592581,75.912,86.7713
592601,68.925,86.7166
592621,61.942,86.6298
592641,54.967,86.5107
592661,48.005,86.3593
592681,41.058,86.1759
592701,34.132,85.9614
592721,27.229,85.7172
592741,20.354,85.4449
592761,13.509,85.1465
592781,6.6972,84.8244
592801,359.92,84.4815
592821,353.18,84.1207
592841,346.48,83.7452
592861,339.81,83.3587
592881,333.19,82.9647
592901,326.6,82.5669
592921,320.06,82.1692
592941,313.55,81.7753
592961,307.07,81.389
592981,300.63,81.0139
593001,294.21,80.6533
593021,287.82,80.3106
593041,281.46,79.989
593061,275.12,79.69
593081,268.79,79.418
593101,262.48,79.173
593121,256.18,78.958
593141,249.87,78.774
593161,243.57,78.62
593181,237.27,78.499
593201,230.96,78.409
593221,224.63,78.351
593241,218.29,78.322
593261,211.93,78.323
593281,205.54,78.35
593301,199.13,78.403
593321,192.69,78.478
593341,186.21,78.574
593361,179.71,78.686
593381,173.16,78.813
593401,166.58,78.95
593421,159.97,79.095
593441,153.31,79.244
593461,146.62,79.394
593481,139.89,79.54
593501,133.12,79.68
593521,126.33,79.811
593541,119.49,79.929
593561,112.63,80.0309
593581,105.75,80.1145
593601,98.834,80.1771
593621,91.902,80.2165
593641,84.953,80.2307
593661,77.991,80.218
593681,71.021,80.1773
593701,64.046,80.1076
593721,57.072,80.0083
593741,50.102,79.879
593761,43.142,79.721
593781,36.196,79.533
593801,29.269,79.318
593821,22.364,79.075
593841,15.485,78.808
593861,8.6365,78.518
593881,1.8216,78.207
593901,355.04,77.878
593921,348.3,77.534
593941,341.6,77.177
593961,334.95,76.812
593981,328.33,76.441
594001,321.76,76.068
594021,315.23,75.697
594041,308.74,75.331
594061,302.3,74.974
594081,295.89,74.628
594101,289.51,74.298
594121,283.17,73.985
594141,276.86,73.694
594161,270.57,73.426
594181,264.3,73.184
594201,258.05,72.97
594221,251.81,72.784
594241,245.58,72.628
594261,239.35,72.502
594281,233.12,72.407
594301,226.88,72.342
594321,220.62,72.307
594341,214.35,72.301
594361,208.07,72.322
594381,201.75,72.368
594401,195.41,72.437
594421,189.04,72.526
594441,182.63,72.634
594461,176.19,72.756
594481,169.71,72.89
594501,163.19,73.032
594521,156.63,73.179
594541,150.02,73.328
594561,143.38,73.475
594581,136.7,73.617
594601,129.98,73.75
594621,123.22,73.871
594641,116.43,73.978
594661,109.6,74.067
594681,102.74,74.135
594701,95.853,74.182
594721,88.942,74.204
594741,82.01,74.2
594761,75.062,74.168
594781,68.102,74.108
594801,61.133,74.019
594821,54.161,73.901
594841,47.19,73.753
594861,40.225,73.577
594881,33.271,73.372
594901,26.332,73.141
594921,19.412,72.885
594941,12.518,72.606
594961,5.6513,72.305
594981,358.82,71.986
595001,352.02,71.651
595021,345.26,71.303
595041,338.54,70.945
595061,331.87,70.58
595081,325.24,70.213
595101,318.66,69.846
595121,312.13,69.483
595141,305.64,69.127
595161,299.2,68.782
595181,292.8,68.45
595201,286.44,68.136
595221,280.12,67.842
595241,273.83,67.57
595261,267.57,67.323
595281,261.34,67.102
595301,255.13,66.91
595321,248.94,66.747
595341,242.76,66.615
595361,236.58,66.513
595381,230.4,66.442
595401,224.22,66.4
595421,218.03,66.388
595441,211.82,66.403
595461,205.6,66.444
595481,199.34,66.509
595501,193.06,66.595
595521,186.75,66.7
595541,180.4,66.821
595561,174.02,66.954
595581,167.59,67.095
595601,161.13,67.243
595621,154.62,67.393
595641,148.07,67.541
595661,141.47,67.684
595681,134.84,67.819
595701,128.16,67.942
595721,121.44,68.051
595741,114.68,68.141
595761,107.89,68.211
595781,101.06,68.258
595801,94.202,68.28
595821,87.315,68.275
595841,80.405,68.241
595861,73.474,68.178
595881,66.527,68.084
595901,59.568,67.959
595921,52.602,67.804
595941,45.633,67.618
595961,38.666,67.402
595981,31.706,67.158
596001,24.758,66.886
596021,17.826,66.59
596041,10.915,66.27
596061,4.0306,65.931
596081,357.18,65.573
596101,350.36,65.201
596121,343.57,64.818
596141,336.83,64.426
596161,330.14,64.031
596181,323.49,63.634
596201,316.89,63.241
596221,310.34,62.855
596241,303.84,62.479
596261,297.39,62.116
596281,290.99,61.771
596301,284.64,61.447
596321,278.33,61.145
596341,272.06,60.87
596361,265.83,60.622
596381,259.63,60.404
596401,253.46,60.217
596421,247.32,60.063
596441,241.18,59.941
596461,235.06,59.851
596481,228.95,59.794
596501,222.83,59.768
596521,216.71,59.773
596541,210.57,59.805
596561,204.41,59.864
596581,198.23,59.946
596601,192.03,60.049
596621,185.79,60.169
596641,179.51,60.303
596661,173.2,60.448
596681,166.85,60.6
596701,160.45,60.755
596721,154.01,60.91
596741,147.53,61.06
596761,141,61.201
596781,134.42,61.331
596801,127.81,61.445
596821,121.15,61.541
596841,114.45,61.615
596861,107.71,61.665
596881,100.93,61.688
596901,94.12,61.682
596921,87.281,61.645
596941,80.414,61.575
596961,73.524,61.473
596981,66.615,61.336
597001,59.691,61.165
597021,52.756,60.96
597041,45.815,60.721
597061,38.872,60.45
597081,31.931,60.148
597101,24.999,59.817
597121,18.079,59.459
597141,11.176,59.076
597161,4.2956,58.672
597181,357.44,58.25
597201,350.62,57.813
597221,343.83,57.365
597241,337.09,56.91
597261,330.39,56.453
597281,323.73,55.997
597301,317.13,55.547
597321,310.57,55.107
597341,304.08,54.681
597361,297.63,54.273
597381,291.24,53.888
597401,284.91,53.528
597421,278.63,53.198
597441,272.39,52.899
597461,266.21,52.635
597481,260.06,52.407
597501,253.95,52.216
597521,247.87,52.065
597541,241.82,51.952
597561,235.78,51.877
597581,229.75,51.84
597601,223.73,51.84
597621,217.7,51.874
597641,211.66,51.939
597661,205.61,52.035
597681,199.53,52.156
597701,193.43,52.299
597721,187.3,52.461
597741,181.13,52.637
597761,174.92,52.824
597781,168.67,53.017
597801,162.37,53.211
597821,156.03,53.402
597841,149.65,53.586
597861,143.21,53.759
597881,136.73,53.917
597901,130.21,54.056
597921,123.64,54.171
597941,117.04,54.261
597961,110.39,54.322
597981,103.7,54.352
598001,96.982,54.347
598021,90.232,54.306
598041,83.455,54.229
598061,76.654,54.112
598081,69.834,53.957
598101,62.997,53.763
598121,56.149,53.529
598141,49.294,53.258
598161,42.435,52.949
598181,35.578,52.604
598201,28.728,52.226
598221,21.888,51.817
598241,15.063,51.38
598261,8.2587,50.919
598281,1.479,50.436
598301,354.73,49.936
598321,348.01,49.424
598341,341.33,48.904
598361,334.7,48.38
598381,328.11,47.859
598401,321.57,47.346
598421,315.09,46.845
598441,308.66,46.362
598461,302.28,45.903
598481,295.97,45.471
598501,289.71,45.073
598521,283.51,44.711
598541,277.37,44.391
598561,271.27,44.115
598581,265.23,43.885
598601,259.22,43.705
598621,253.25,43.574
598641,247.31,43.493
598661,241.38,43.462
598681,235.47,43.479
598701,229.57,43.543
598721,223.66,43.65
598741,217.74,43.798
598761,211.8,43.983
598781,205.83,44.2
598801,199.84,44.444
598821,193.81,44.711
598841,187.74,44.996
598861,181.63,45.293
598881,175.47,45.596
598901,169.26,45.901
598921,163.01,46.202
598941,156.71,46.495
598961,150.36,46.774
598981,143.97,47.035
599001,137.54,47.273
599021,131.06,47.485
599041,124.54,47.667
599061,117.99,47.815
599081,111.4,47.927
599101,104.79,48.001
599121,98.146,48.034
599141,91.483,48.025
599161,84.803,47.972
599181,78.11,47.876
599201,71.407,47.735
599221,64.7,47.55
599241,57.992,47.322
599261,51.289,47.053
599281,44.594,46.743
599301,37.912,46.395
599321,31.248,46.012
599341,24.605,45.596
599361,17.988,45.152
599381,11.402,44.683
599401,4.8494,44.194
599421,358.34,43.689
599441,351.86,43.174
599461,345.43,42.655
599481,339.05,42.136
599501,332.72,41.625
599521,326.45,41.126
599541,320.22,40.648
599561,314.05,40.195
599581,307.93,39.774
599601,301.86,39.39
599621,295.84,39.05
599641,289.87,38.758
599661,283.93,38.518
599681,278.03,38.335
599701,272.15,38.209
599721,266.29,38.144
599741,260.44,38.14
599761,254.6,38.196
599781,248.74,38.311
599801,242.88,38.482
599821,236.99,38.707
599841,231.07,38.98
599861,225.11,39.298
599881,219.12,39.655
599901,213.08,40.044
599921,206.99,40.461
599941,200.86,40.899
599961,194.68,41.351
599981,188.44,41.811
600001,182.16,42.274
600021,175.83,42.732
600041,169.45,43.182
600061,163.03,43.617
600081,156.57,44.033
600101,150.07,44.424
600121,143.54,44.787
600141,136.98,45.118
600161,130.39,45.413
600181,123.78,45.671
600201,117.16,45.887
600221,110.52,46.062
600241,103.87,46.192
600261,97.222,46.277
600281,90.571,46.316
600301,83.926,46.31
600321,77.289,46.259
600341,70.667,46.164
600361,64.062,46.026
600381,57.48,45.847
600401,50.925,45.63
600421,44.399,45.376
600441,37.907,45.09
600461,31.453,44.775
600481,25.039,44.435
600501,18.667,44.075
600521,12.341,43.698
600541,6.0616,43.311
600561,359.83,42.918
600581,353.65,42.526
600601,347.51,42.139
600621,341.43,41.765
600641,335.38,41.408
600661,329.38,41.075
600681,323.42,40.771
600701,317.49,40.502
600721,311.59,40.273
600741,305.71,40.089
600761,299.84,39.953
600781,293.98,39.87
600801,288.12,39.841
600821,282.24,39.868
600841,276.35,39.952
600861,270.42,40.093
600881,264.47,40.29
600901,258.47,40.54
600921,252.42,40.84
600941,246.33,41.188
600961,240.18,41.578
600981,233.97,42.006
601001,227.71,42.466
601021,221.39,42.954
601041,215.02,43.462
601061,208.59,43.985
601081,202.11,44.517
601101,195.59,45.052
601121,189.02,45.585
601141,182.41,46.111
601161,175.76,46.623
601181,169.08,47.118
601201,162.38,47.591
601221,155.65,48.038
601241,148.9,48.456
601261,142.13,48.84
601281,135.36,49.189
601301,128.58,49.5
601321,121.8,49.772
601341,115.03,50.002
601361,108.26,50.191
601381,101.51,50.338
601401,94.766,50.442
601421,88.047,50.505
601441,81.352,50.527
601461,74.685,50.51
601481,68.049,50.456
601501,61.448,50.367
601521,54.884,50.245
601541,48.36,50.094
601561,41.879,49.917
601581,35.443,49.718
601601,29.052,49.5
601621,22.707,49.269
601641,16.41,49.028
601661,10.159,48.782
601681,3.9543,48.536
601701,357.79,48.295
601721,351.67,48.063
601741,345.59,47.846
601761,339.55,47.648
601781,333.53,47.473
601801,327.54,47.326
601821,321.56,47.211
601841,315.6,47.131
601861,309.64,47.09
601881,303.68,47.089
601901,297.7,47.13
601921,291.71,47.216
601941,285.7,47.346
601961,279.65,47.52
601981,273.56,47.738
602001,267.43,47.999
602021,261.25,48.299
602041,255.02,48.637
602061,248.73,49.01
602081,242.38,49.413
602101,235.98,49.843
602121,229.52,50.295
602141,223.01,50.766
602161,216.44,51.249
602181,209.82,51.741
602201,203.15,52.237
602221,196.44,52.731
602241,189.69,53.219
602261,182.9,53.697
602281,176.08,54.161
602301,169.24,54.606
602321,162.37,55.029
602341,155.49,55.427
602361,148.59,55.797
602381,141.69,56.136
602401,134.78,56.442
602421,127.87,56.713
602441,120.98,56.949
602461,114.09,57.148
602481,107.21,57.311
602501,100.36,57.437
602521,93.53,57.526
602541,86.725,57.58
602561,79.951,57.6
602581,73.21,57.587
602601,66.505,57.545
602621,59.839,57.475
602641,53.214,57.379
602661,46.632,57.262
602681,40.094,57.127
602701,33.602,56.976
602721,27.155,56.815
602741,20.754,56.646
602761,14.398,56.474
602781,8.0856,56.302
602801,1.8154,56.136
602821,355.58,55.978
602841,349.39,55.834
602861,343.23,55.706
602881,337.1,55.599
602901,330.99,55.514
602921,324.9,55.457
602941,318.82,55.428
602961,312.75,55.431
602981,306.68,55.467
603001,300.61,55.538
603021,294.52,55.644
603041,288.41,55.785
603061,282.28,55.962
603081,276.12,56.173
603101,269.92,56.417
603121,263.68,56.694
603141,257.39,57
603161,251.06,57.332
603181,244.68,57.689
603201,238.24,58.067
603221,231.76,58.462
603241,225.22,58.871
603261,218.62,59.29
603281,211.98,59.714
603301,205.29,60.14
603321,198.55,60.564
603341,191.77,60.982
603361,184.96,61.391
603381,178.11,61.786
603401,171.23,62.164
603421,164.32,62.522
603441,157.39,62.858
603461,150.45,63.168
603481,143.5,63.451
603501,136.54,63.704
603521,129.58,63.927
603541,122.63,64.119
603561,115.68,64.278
603581,108.75,64.404
603601,101.83,64.498
603621,94.932,64.56
603641,88.06,64.591
603661,81.217,64.593
603681,74.405,64.567
603701,67.627,64.515
603721,60.887,64.44
603741,54.186,64.344
603761,47.527,64.23
603781,40.91,64.101
603801,34.337,63.961
603821,27.808,63.814
603841,21.323,63.662
603861,14.882,63.509
603881,8.4839,63.36
603901,2.1264,63.217
603921,355.81,63.085
603941,349.53,62.966
603961,343.28,62.864
603981,337.06,62.782
604001,330.86,62.723
604021,324.69,62.688
604041,318.53,62.681
604061,312.38,62.703
604081,306.23,62.755
604101,300.09,62.839
604121,293.94,62.953
604141,287.78,63.099
604161,281.59,63.276
604181,275.39,63.483
604201,269.16,63.719
604221,262.89,63.981
604241,256.59,64.269
604261,250.25,64.578
604281,243.86,64.908
604301,237.43,65.254
604321,230.94,65.613
604341,224.42,65.982
604361,217.84,66.358
604381,211.21,66.737
604401,204.54,67.115
604421,197.82,67.489
604441,191.06,67.855
604461,184.26,68.211
604481,177.42,68.552
604501,170.55,68.877
604521,163.65,69.181
604541,156.73,69.463
604561,149.79,69.721
604581,142.83,69.953
604601,135.87,70.157
604621,128.9,70.333
604641,121.93,70.478
604661,114.96,70.594
604681,108,70.68
604701,101.06,70.736
604721,94.132,70.763
604741,87.227,70.763
604761,80.348,70.736
604781,73.497,70.685
604801,66.679,70.612
604821,59.894,70.518
604841,53.147,70.408
604861,46.439,70.283
604881,39.771,70.147
604901,33.144,70.003
604921,26.56,69.854
604941,20.017,69.705
604961,13.517,69.557
604981,7.0572,69.416
605001,0.63719,69.284
605021,354.25,69.164
605041,347.91,69.06
605061,341.59,68.974
605081,335.31,68.91
605101,329.05,68.87
605121,322.81,68.855
605141,316.59,68.868
605161,310.38,68.909
605181,304.18,68.981
605201,297.98,69.082
605221,291.78,69.215
605241,285.58,69.377
605261,279.35,69.569
605281,273.12,69.789
605301,266.86,70.035
605321,260.57,70.306
605341,254.25,70.6
605361,247.9,70.913
605381,241.51,71.244
605401,235.08,71.588
605421,228.6,71.943
605441,222.08,72.306
605461,215.52,72.672
605481,208.91,73.038
605501,202.26,73.402
605521,195.57,73.759
605541,188.83,74.106
605561,182.05,74.44
605581,175.23,74.759
605601,168.39,75.059
605621,161.51,75.337
605641,154.6,75.593
605661,147.67,75.823
605681,140.72,76.027
605701,133.77,76.203
605721,126.8,76.351
605741,119.82,76.469
605761,112.85,76.558
605781,105.88,76.618
605801,98.928,76.649
605821,91.984,76.653
605841,85.059,76.632
605861,78.155,76.586
605881,71.277,76.518
605901,64.427,76.43
605921,57.608,76.324
605941,50.823,76.204
605961,44.074,76.073
605981,37.362,75.933
606001,30.689,75.788
606021,24.055,75.641
606041,17.46,75.496
606061,10.904,75.356
606081,4.3877,75.224
606101,357.91,75.105
606121,351.46,75
606141,345.05,74.913
606161,338.68,74.847
606181,332.33,74.805
606201,326,74.787
606221,319.7,74.798
606241,313.41,74.837
606261,307.14,74.906
606281,300.88,75.005
606301,294.62,75.136
606321,288.36,75.298
606341,282.1,75.49
606361,275.82,75.711
606381,269.54,75.96
606401,263.24,76.236
606421,256.91,76.535
606441,250.56,76.856
606461,244.18,77.196
606481,237.77,77.552
606501,231.33,77.919
606521,224.84,78.296
606541,218.32,78.679
606561,211.76,79.063
606581,205.15,79.445
606601,198.51,79.822
606621,191.82,80.1904
606641,185.09,80.5463
606661,178.33,80.8867
606681,171.53,81.2087
606701,164.69,81.5095
606721,157.82,81.7868
606741,150.93,82.0384
606761,144.01,82.2627
606781,137.07,82.4582
606801,130.11,82.6239
606821,123.14,82.7592
606841,116.16,82.8639
606861,109.19,82.9382
606881,102.21,82.9826
606901,95.234,82.9981
606921,88.271,82.986
606941,81.322,82.9479
606961,74.391,82.8858
606981,67.48,82.802
607001,60.595,82.699
607021,53.736,82.5797
607041,46.908,82.4471
607061,40.111,82.3044
607081,33.348,82.155
607101,26.62,82.0022
607121,19.927,81.8496
607141,13.271,81.7007
607161,6.65,81.559
607181,0.064994,81.428
607201,353.51,81.3109
607221,347,81.211
607241,340.51,81.1311
607261,334.05,81.074
607281,327.62,81.0422
607301,321.22,81.0378
607321,314.83,81.0626
607341,308.46,81.1179
607361,302.11,81.205
607381,295.76,81.3242
607401,289.42,81.4759
607421,283.08,81.6598
607441,276.74,81.8753
607461,270.39,82.1211
607481,264.03,82.3958
607501,257.66,82.6975
607521,251.27,83.0239
607541,244.86,83.3723
607561,238.42,83.7398
607581,231.96,84.123
607601,225.47,84.5186
607621,218.94,84.9229
607641,212.38,85.332
607661,205.79,85.7421
607681,199.16,86.1491
607701,192.49,86.5493
607721,185.79,86.9387
607741,179.05,87.3137
607761,172.27,87.6708
607781,165.46,88.0067
607801,158.62,88.3183
607821,151.74,88.6031
607841,144.84,88.8587
607861,137.92,89.08327
607881,130.97,89.27531
607901,124,89.43379
607921,117.03,89.55811
607941,110.04,89.64814
607961,103.04,89.70419
607981,96.047,89.727
608001,89.054,89.71774
608021,82.067,89.67799
608041,75.09,89.60968
608061,68.128,89.51513
608081,61.183,89.39695
608101,54.259,89.25802
608121,47.359,89.1015
608141,40.485,88.9307
608161,33.639,88.7492
608181,26.822,88.5606
608201,20.037,88.3686
608221,13.284,88.177
608241,6.5629,87.9895
608261,359.87,87.8099
608281,353.22,87.6416
608301,346.59,87.4883
608321,340,87.3531
608341,333.43,87.2392
608361,326.89,87.1494
608381,320.37,87.0863
608401,313.88,87.0519
608421,307.4,87.0482
608441,300.94,87.0766
608461,294.49,87.1382
608481,288.05,87.2337
608501,281.61,87.3633
608521,275.17,87.5267
608541,268.74,87.7234
608561,262.29,87.9522
608581,255.84,88.2116
608601,249.38,88.4998
608621,242.9,88.8144
608641,236.4,89.15267
608661,229.88,89.51171
608681,223.33,89.88817
608701,216.76,90.27845
608721,210.16,90.67875
608741,203.53,91.0851
608761,196.87,91.4933
608781,190.18,91.8992
608801,183.46,92.2987
608821,176.7,92.6874
608841,169.91,93.0613
608861,163.09,93.4164
608881,156.24,93.749
608901,149.36,94.0556
608921,142.46,94.3331
608941,135.53,94.5788
608961,128.58,94.7901
608981,121.61,94.9653
609001,114.62,95.1029
609021,107.63,95.202
609041,100.62,95.2622
609061,93.612,95.2838
609081,86.602,95.2672
609101,79.594,95.2137
609121,72.593,95.1249
609141,65.602,95.0029
609161,58.624,94.8502
609181,51.663,94.6696
609201,44.722,94.4643
609221,37.803,94.2377
609241,30.908,93.9936
609261,24.04,93.7358
609281,17.199,93.4683
609301,10.387,93.1951
609321,3.6048,92.9203
609341,356.85,92.6481
609361,350.13,92.3823
609381,343.44,92.1269
609401,336.77,91.8857
609421,330.13,91.6621
609441,323.52,91.4594
609461,316.93,91.2807
609481,310.36,91.1287
609501,303.81,91.0058
609521,297.27,90.91398
609541,290.75,90.85486
609561,284.24,90.82969
609581,277.73,90.83925
609601,271.23,90.88392
609621,264.73,90.96363
609641,258.22,91.0779
609661,251.7,91.2257
609681,245.18,91.4058
609701,238.64,91.6163
609721,232.08,91.8551
609741,225.5,92.1196
609761,218.91,92.407
609781,212.29,92.714
609801,205.64,93.0373
609821,198.97,93.3729
609841,192.26,93.7171
609861,185.53,94.0658
609881,178.77,94.4147
609901,171.98,94.7596
609921,165.16,95.0962
609941,158.32,95.4203
609961,151.44,95.7277
609981,144.54,96.0145
610001,137.62,96.2769
610021,130.67,96.5115
610041,123.71,96.715
610061,116.72,96.8846
610081,109.73,97.018
610101,102.73,97.1133
610121,95.715,97.169
610141,88.701,97.1843
610161,81.688,97.1589
610181,74.679,97.0929
610201,67.678,96.9872
610221,60.688,96.843
610241,53.712,96.6623
610261,46.754,96.4472
610281,39.816,96.2005
610301,32.9,95.9253
610321,26.009,95.6251
610341,19.145,95.3036
610361,12.308,94.9649
610381,5.5008,94.6129
610401,358.72,94.252
610421,351.98,93.8865
610441,345.26,93.5206
610461,338.57,93.1586
610481,331.91,92.8045
610501,325.27,92.4624
610521,318.67,92.1359
610541,312.08,91.8287
610561,305.52,91.544
610581,298.97,91.2846
610601,292.45,91.0531
610621,285.93,90.85185
610641,279.43,90.68255
610661,272.93,90.54663
610681,266.43,90.44507
610701,259.94,90.3784
610721,253.44,90.34673
610741,246.94,90.34974
610761,240.42,90.38665
610781,233.9,90.45627
610801,227.35,90.55703
610821,220.79,90.68695
610841,214.2,90.84368
610861,207.6,91.0246
610881,200.96,91.2266
610901,194.3,91.4466
610921,187.61,91.681
610941,180.89,91.9262
610961,174.14,92.1783
610981,167.36,92.4334
611001,160.55,92.6876
611021,153.71,92.9367
611041,146.84,93.1769
611061,139.95,93.4041
611081,133.03,93.6146
611101,126.09,93.8047
611121,119.13,93.9711
611141,112.16,94.1106
611161,105.17,94.2204
611181,98.169,94.2981
611201,91.163,94.3414
611221,84.156,94.3489
611241,77.15,94.3193
611261,70.149,94.2518
611281,63.157,94.1464
611301,56.178,94.0033
611321,49.215,93.8232
611341,42.272,93.6076
611361,35.351,93.3582
611381,28.455,93.0773
611401,21.587,92.7675
611421,14.749,92.4318
611441,7.9414,92.0737
611461,1.1661,91.6968
611481,354.42,91.305
611501,347.71,90.90225
611521,341.04,90.49273
611541,334.4,90.080605
611561,327.78,89.67005
611581,321.2,89.26515
611601,314.65,88.8699
611621,308.13,88.488
611641,301.62,88.1232
611661,295.15,87.7787
611681,288.69,87.4576
611701,282.24,87.1624
611721,275.81,86.8956
611741,269.39,86.6591
611761,262.97,86.4544
611781,256.56,86.2826
611801,250.14,86.1444
611821,243.72,86.04
611841,237.29,85.9691
611861,230.85,85.9312
611881,224.39,85.9253
611901,217.91,85.9497
611921,211.41,86.0028
611941,204.89,86.0824
611961,198.34,86.1858
611981,191.76,86.3105
612001,185.15,86.4533
612021,178.5,86.6109
612041,171.83,86.78
612061,165.12,86.9569
612081,158.38,87.1381
612101,151.61,87.3198
612121,144.8,87.4983
612141,137.97,87.6701
612161,131.1,87.8314
612181,124.21,87.9789
612201,117.29,88.1094
612221,110.36,88.2196
612241,103.4,88.3068
612261,96.43,88.3685
612281,89.449,88.4024
612301,82.461,88.4066
612321,75.47,88.3795
612341,68.48,88.3202
612361,61.496,88.2277
612381,54.521,88.1018
612401,47.56,87.9427
612421,40.617,87.7509
612441,33.695,87.5274
612461,26.798,87.2737
612481,19.929,86.9915
612501,13.091,86.6831
612521,6.2855,86.3511
612541,359.52,85.9984
612561,352.78,85.6282
612581,346.09,85.2439
612601,339.43,84.8492
612621,332.81,84.4477
612641,326.22,84.0434
612661,319.68,83.6401
612681,313.16,83.2416
612701,306.68,82.8518
612721,300.23,82.4742
612741,293.81,82.1122
612761,287.42,81.7692
612781,281.05,81.448
612801,274.69,81.1512
612821,268.35,80.8812
612841,262.02,80.6398
612861,255.7,80.4285
612881,249.38,80.2485
612901,243.05,80.1004
612921,236.73,79.984
612941,230.39,79.9
612961,224.04,79.848
612981,217.67,79.825
613001,211.28,79.832
613021,204.87,79.865
613041,198.43,79.923
613061,191.96,80.0041
613081,185.46,80.1046
613101,178.92,80.2219
613121,172.35,80.3528
613141,165.75,80.494
613161,159.1,80.6422
613181,152.42,80.7937
613201,145.71,80.9452
613221,138.95,81.0931
613241,132.17,81.2341
613261,125.35,81.3648
613281,118.5,81.4822
613301,111.62,81.5831
613321,104.72,81.6649
613341,97.794,81.7251
613361,90.85,81.7613
613381,83.892,81.7718
613401,76.924,81.7549
613421,69.949,81.7094
613441,62.972,81.6343
613461,55.998,81.5292
613481,49.03,81.394
613501,42.074,81.2288
613521,35.134,81.0344
613541,28.215,80.8117
613561,21.319,80.5622
613581,14.451,80.2875
613601,7.6151,79.99
613621,0.81312,79.672
613641,354.05,79.335
613661,347.32,78.984
613681,340.64,78.621
613701,333.99,78.25
613721,327.39,77.874
613741,320.83,77.496
613761,314.31,77.12
613781,307.83,76.75
613801,301.39,76.389
613821,294.99,76.041
613841,288.62,75.709
613861,282.27,75.395
613881,275.96,75.104
613901,269.67,74.836
613921,263.39,74.594
613941,257.13,74.38
613961,250.88,74.196
613981,244.64,74.041
614001,238.39,73.917
614021,232.14,73.825
614041,225.88,73.762
614061,219.61,73.729
614081,213.32,73.725
614101,207.01,73.748
614121,200.67,73.796
614141,194.3,73.867
614161,187.9,73.958
614181,181.47,74.066
614201,175,74.19
614221,168.5,74.324
614241,161.95,74.467
614261,155.37,74.614
614281,148.74,74.762
614301,142.08,74.908
614321,135.37,75.049
614341,128.63,75.181
614361,121.85,75.3
614381,115.04,75.405
614401,108.2,75.492
614421,101.32,75.558
614441,94.423,75.602
614461,87.502,75.622
614481,80.561,75.615
614501,73.606,75.581
614521,66.641,75.518
614541,59.67,75.427
614561,52.698,75.306
614581,45.729,75.156
614601,38.768,74.977
614621,31.82,74.771
614641,24.89,74.538
614661,17.981,74.28
614681,11.099,73.999
614701,4.2469,73.698
614721,357.43,73.378
614741,350.65,73.043
614761,343.91,72.695
614781,337.21,72.338
614801,330.55,71.975
614821,323.94,71.609
614841,317.38,71.244
614861,310.86,70.883
614881,304.39,70.529
614901,297.96,70.187
614921,291.57,69.859
614941,285.22,69.549
614961,278.9,69.258
614981,272.62,68.991
615001,266.37,68.748
615021,260.13,68.532
615041,253.92,68.344
615061,247.72,68.186
615081,241.53,68.058
615101,235.34,67.96
615121,229.15,67.893
615141,222.95,67.856
615161,216.74,67.847
615181,210.51,67.865
615201,204.26,67.909
615221,197.99,67.977
615241,191.68,68.065
615261,185.35,68.172
615281,178.97,68.293
615301,172.56,68.427
615321,166.11,68.57
615341,159.62,68.717
615361,153.09,68.867
615381,146.51,69.015
615401,139.89,69.158
615421,133.23,69.292
615441,126.53,69.414
615461,119.79,69.522
615481,113.01,69.611
615501,106.2,69.68
615521,99.351,69.727
615541,92.476,69.748
615561,85.575,69.742
615581,78.653,69.709
615601,71.712,69.646
615621,64.756,69.553
615641,57.792,69.429
615661,50.822,69.276
615681,43.851,69.092
615701,36.886,68.879
615721,29.929,68.639
615741,22.986,68.372
615761,16.062,68.081
615781,9.1616,67.768
615801,2.2889,67.434
615821,355.45,67.084
615841,348.64,66.721
615861,341.88,66.346
615881,335.16,65.964
615901,328.48,65.578
615921,321.85,65.193
615941,315.27,64.81
615961,308.74,64.435
615981,302.25,64.07
616001,295.82,63.719
616021,289.43,63.386
616041,283.09,63.072
616061,276.79,62.782
616081,270.53,62.517
616101,264.3,62.279
616121,258.1,62.071
616141,251.93,61.893
616161,245.78,61.747
616181,239.63,61.633
616201,233.5,61.55
616221,227.37,61.499
616241,221.23,61.479
616261,215.08,61.487
616281,208.92,61.523
616301,202.74,61.584
616321,196.53,61.667
616341,190.3,61.771
616361,184.03,61.891
616381,177.72,62.024
616401,171.38,62.168
616421,165,62.317
616441,158.57,62.469
616461,152.1,62.621
616481,145.58,62.767
616501,139.02,62.905
616521,132.41,63.03
616541,125.77,63.141
616561,119.08,63.233
616581,112.35,63.303
616601,105.58,63.349
616621,98.779,63.369
616641,91.945,63.36
616661,85.083,63.321
616681,78.195,63.25
616701,71.286,63.146
616721,64.36,63.01
616741,57.42,62.84
616761,50.471,62.637
616781,43.519,62.402
616801,36.566,62.136
616821,29.619,61.84
616841,22.682,61.516
616861,15.76,61.166
616881,8.8569,60.793
616901,1.9787,60.4
616921,355.13,59.99
616941,348.31,59.567
616961,341.54,59.134
616981,334.8,58.695
617001,328.11,58.255
617021,321.47,57.816
617041,314.87,57.384
617061,308.33,56.963
617081,301.85,56.556
617101,295.42,56.167
617121,289.04,55.8
617141,282.71,55.458
617161,276.43,55.144
617181,270.2,54.861
617201,264.01,54.612
617221,257.86,54.397
617241,251.74,54.217
617261,245.65,54.075
617281,239.58,53.97
617301,233.52,53.9
617321,227.47,53.867
617341,221.42,53.868
617361,215.36,53.901
617381,209.3,53.964
617401,203.21,54.054
617421,197.1,54.168
617441,190.96,54.303
617461,184.79,54.455
617481,178.58,54.62
617501,172.33,54.794
617521,166.04,54.973
617541,159.7,55.152
617561,153.32,55.327
617581,146.9,55.495
617601,140.43,55.651
617621,133.91,55.791
617641,127.35,55.913
617661,120.74,56.011
617681,114.1,56.084
617701,107.41,56.128
617721,100.69,56.141
617741,93.936,56.12
617761,87.151,56.065
617781,80.341,55.973
617801,73.507,55.844
617821,66.654,55.677
617841,59.787,55.473
617861,52.909,55.23
617881,46.024,54.951
617901,39.138,54.636
617921,32.254,54.288
617941,25.378,53.908
617961,18.513,53.499
617981,11.666,53.064
618001,4.8395,52.606
618021,358.04,52.129
618041,351.27,51.637
618061,344.54,51.135
618081,337.84,50.626
618101,331.19,50.116
618121,324.59,49.61
618141,318.04,49.113
618161,311.54,48.629
618181,305.1,48.164
618201,298.72,47.722
618221,292.39,47.308
618241,286.13,46.927
618261,279.91,46.582
618281,273.75,46.277
618301,267.65,46.014
618321,261.58,45.795
618341,255.56,45.623
618361,249.56,45.497
618381,243.6,45.419
618401,237.65,45.386
618421,231.72,45.399
618441,225.78,45.454
618461,219.84,45.55
618481,213.89,45.683
618501,207.93,45.85
618521,201.93,46.045
618541,195.91,46.265
618561,189.85,46.506
618581,183.75,46.761
618601,177.61,47.026
618621,171.42,47.296
618641,165.19,47.567
618661,158.91,47.832
618681,152.58,48.087
618701,146.21,48.328
618721,139.79,48.55
618741,133.33,48.75
618761,126.82,48.922
618781,120.28,49.064
618801,113.7,49.174
618821,107.08,49.247
618841,100.44,49.282
618861,93.77,49.277
618881,87.076,49.23
618901,80.364,49.14
618921,73.637,49.008
618941,66.9,48.833
618961,60.156,48.614
618981,53.412,48.354
619001,46.669,48.053
619021,39.935,47.714
619041,33.211,47.338
619061,26.504,46.929
619081,19.818,46.489
619101,13.156,46.022
619121,6.5238,45.532
619141,359.92,45.025
619161,353.36,44.503
619181,346.84,43.974
619201,340.37,43.442
619221,333.94,42.913
619241,327.56,42.393
619261,321.24,41.888
619281,314.97,41.405
619301,308.76,40.948
619321,302.6,40.525
619341,296.49,40.141
619361,290.44,39.8
619381,284.43,39.508
619401,278.47,39.268
619421,272.54,39.083
619441,266.64,38.956
619461,260.77,38.887
619481,254.91,38.878
619501,249.06,38.927
619521,243.21,39.033
619541,237.34,39.192
619561,231.46,39.403
619581,225.56,39.659
619601,219.62,39.957
619621,213.64,40.291
619641,207.62,40.656
619661,201.56,41.045
619681,195.45,41.452
619701,189.3,41.872
619721,183.09,42.298
619741,176.83,42.724
619761,170.53,43.145
619781,164.18,43.555
619801,157.79,43.949
619821,151.35,44.323
619841,144.88,44.671
619861,138.37,44.989
619881,131.83,45.275
619901,125.26,45.524
619921,118.67,45.735
619941,112.06,45.904
619961,105.43,46.031
619981,98.795,46.113
620001,92.152,46.15
620021,85.507,46.141
620041,78.864,46.086
620061,72.228,45.986
620081,65.604,45.843
620101,58.997,45.657
620121,52.409,45.43
620141,45.846,45.165
620161,39.311,44.864
620181,32.809,44.532
620201,26.342,44.171
620221,19.914,43.787
620241,13.529,43.383
620261,7.1881,42.964
620281,0.89375,42.536
620301,354.65,42.104
620321,348.45,41.675
620341,342.3,41.253
620361,336.2,40.846
620381,330.15,40.458
620401,324.14,40.098
620421,318.17,39.769
620441,312.24,39.478
620461,306.34,39.231
620481,300.46,39.031
620501,294.6,38.883
620521,288.75,38.79
620541,282.9,38.755
620561,277.04,38.778
620581,271.16,38.861
620601,265.26,39.003
620621,259.33,39.202
620641,253.36,39.456
620661,247.34,39.761
620681,241.28,40.113
620701,235.16,40.508
620721,228.99,40.94
620741,222.77,41.403
620761,216.49,41.892
620781,210.16,42.401
620801,203.77,42.922
620821,197.34,43.452
620841,190.86,43.982
620861,184.33,44.508
620881,177.76,45.024
620901,171.16,45.525
620921,164.53,46.007
620941,157.86,46.464
620961,151.18,46.893
620981,144.47,47.291
621001,137.75,47.654
621021,131.02,47.98
621041,124.28,48.266
621061,117.54,48.512
621081,110.8,48.714
621101,104.07,48.874
621121,97.347,48.991
621141,90.642,49.064
621161,83.958,49.094
621181,77.296,49.084
621201,70.663,49.033
621221,64.06,48.945
621241,57.491,48.822
621261,50.96,48.665
621281,44.468,48.48
621301,38.02,48.268
621321,31.615,48.035
621341,25.257,47.784
621361,18.945,47.52
621381,12.681,47.248
621401,6.4637,46.971
621421,0.29237,46.696
621441,354.17,46.428
621461,348.08,46.171
621481,342.03,45.931
621501,336.02,45.712
621521,330.04,45.519
621541,324.08,45.357
621561,318.13,45.23
621581,312.2,45.142
621601,306.27,45.094
621621,300.34,45.091
621641,294.39,45.133
621661,288.42,45.223
621681,282.42,45.36
621701,276.39,45.544
621721,270.31,45.774
621741,264.19,46.049
621761,258.02,46.366
621781,251.8,46.722
621801,245.51,47.113
621821,239.17,47.535
621841,232.78,47.985
621861,226.32,48.457
621881,219.81,48.946
621901,213.25,49.447
621921,206.63,49.956
621941,199.97,50.467
621961,193.27,50.975
621981,186.53,51.476
622001,179.75,51.965
622021,172.95,52.437
622041,166.12,52.889
622061,159.27,53.317
622081,152.4,53.718
622101,145.53,54.089
622121,138.64,54.428
622141,131.76,54.732
622161,124.88,54.999
622181,118.01,55.23
622201,111.15,55.423
622221,104.3,55.577
622241,97.48,55.694
622261,90.68,55.773
622281,83.907,55.816
622301,77.166,55.824
622321,70.459,55.799
622341,63.789,55.743
622361,57.158,55.66
622381,50.569,55.551
622401,44.023,55.421
622421,37.523,55.271
622441,31.068,55.108
622461,24.659,54.933
622481,18.296,54.752
622501,11.978,54.569
622521,5.7044,54.387
622541,359.47,54.211
622561,353.28,54.045
622581,347.12,53.893
622601,341,53.76
622621,334.9,53.648
622641,328.82,53.561
622661,322.76,53.503
622681,316.71,53.475
622701,310.66,53.481
622721,304.62,53.521
622741,298.56,53.598
622761,292.49,53.712
622781,286.39,53.863
622801,280.26,54.051
622821,274.11,54.275
622841,267.91,54.533
622861,261.66,54.825
622881,255.37,55.146
622901,249.03,55.496
622921,242.64,55.87
622941,236.19,56.265
622961,229.69,56.678
622981,223.13,57.104
623001,216.52,57.539
623021,209.87,57.98
623041,203.16,58.422
623061,196.41,58.861
623081,189.62,59.293
623101,182.8,59.714
623121,175.94,60.121
623141,169.05,60.51
623161,162.14,60.878
623181,155.22,61.222
623201,148.28,61.539
623221,141.33,61.828
623241,134.38,62.086
623261,127.43,62.313
623281,120.48,62.507
623301,113.55,62.667
623321,106.63,62.794
623341,99.727,62.888
623361,92.849,62.95
623381,85.998,62.979
623401,79.176,62.979
623421,72.387,62.951
623441,65.635,62.896
623461,58.921,62.818
623481,52.247,62.719
623501,45.615,62.602
623521,39.027,62.471
623541,32.484,62.328
623561,25.985,62.178
623581,19.53,62.024
623601,13.119,61.869
623621,6.7506,61.718
623641,0.42291,61.575
623661,354.13,61.442
623681,347.88,61.324
623701,341.66,61.223
623721,335.46,61.143
623741,329.29,61.086
623761,323.14,61.055
623781,317,61.052
623801,310.87,61.079
623821,304.74,61.137
623841,298.61,61.226
623861,292.47,61.348
623881,286.31,61.502
623901,280.14,61.687
623921,273.93,61.902
623941,267.7,62.147
623961,261.42,62.418
623981,255.11,62.715
624001,248.76,63.034
624021,242.36,63.373
624041,235.91,63.729
624061,229.41,64.097
624081,222.86,64.476
624101,216.27,64.86
624121,209.62,65.247
624141,202.93,65.633
624161,196.19,66.015
624181,189.41,66.388
624201,182.6,66.75
624221,175.74,67.097
624241,168.86,67.427
624261,161.95,67.735
624281,155.02,68.022
624301,148.07,68.283
624321,141.11,68.517
624341,134.15,68.723
624361,127.18,68.899
624381,120.21,69.046
624401,113.25,69.162
624421,106.3,69.247
624441,99.362,69.303
624461,92.447,69.33
624481,85.556,69.328
624501,78.691,69.3
624521,71.858,69.248
624541,65.057,69.173
624561,58.293,69.078
624581,51.566,68.966
624601,44.88,68.84
624621,38.235,68.703
624641,31.632,68.558
624661,25.072,68.408
624681,18.555,68.258
624701,12.08,68.111
624721,5.6457,67.969
624741,359.25,67.838
624761,352.89,67.719
624781,346.57,67.616
624801,340.28,67.532
624821,334.02,67.47
624841,327.78,67.431
624861,321.56,67.419
624881,315.36,67.435
624901,309.17,67.479
624921,302.98,67.554
624941,296.8,67.659
624961,290.61,67.795
624981,284.41,67.96
625001,278.19,68.155
625021,271.95,68.378
625041,265.69,68.627
625061,259.4,68.901
625081,253.08,69.197
625101,246.72,69.513
625121,240.32,69.845
625141,233.87,70.19
625161,227.39,70.546
625181,220.85,70.909
625201,214.28,71.275
625221,207.65,71.642
625241,200.98,72.004
625261,194.27,72.36
625281,187.51,72.706
625301,180.72,73.038
625321,173.89,73.354
625341,167.03,73.651
625361,160.13,73.927
625381,153.22,74.18
625401,146.28,74.407
625421,139.33,74.608
625441,132.36,74.78
625461,125.39,74.924
625481,118.42,75.038
625501,111.45,75.124
625521,104.49,75.18
625541,97.537,75.208
625561,90.603,75.209
625581,83.688,75.184
625601,76.798,75.135
625621,69.934,75.065
625641,63.101,74.974
625661,56.301,74.866
625681,49.536,74.744
625701,42.807,74.611
625721,36.118,74.47
625741,29.468,74.324
625761,22.858,74.176
625781,16.288,74.031
625801,9.758,73.891
625821,3.267,73.76
625841,356.81,73.641
625861,350.4,73.538
625881,344.01,73.453
625901,337.66,73.389
625921,331.33,73.348
625941,325.03,73.333
625961,318.75,73.345
625981,312.49,73.386
626001,306.23,73.457
626021,299.99,73.559
626041,293.75,73.691
626061,287.5,73.854
626081,281.25,74.047
626101,274.99,74.269
626121,268.72,74.518
626141,262.42,74.793
626161,256.1,75.091
626181,249.75,75.41
626201,243.37,75.747
626221,236.96,76.099
626241,230.5,76.463
626261,224.01,76.835
626281,217.48,77.212
626301,210.91,77.59
626321,204.29,77.966
626341,197.64,78.336
626361,190.94,78.696
626381,184.2,79.044
626401,177.42,79.376
626421,170.61,79.69
626441,163.76,79.982
626461,156.88,80.2514
626481,149.98,80.4949
626501,143.05,80.7113
626521,136.11,80.8993
626541,129.15,81.0579
626561,122.17,81.1866
626581,115.2,81.2853
626601,108.22,81.3541
626621,101.25,81.3937
626641,94.282,81.4051
626661,87.329,81.3895
626681,80.391,81.3487
626701,73.473,81.2847
626721,66.578,81.1997
626741,59.71,81.0964
626761,52.87,80.9775
626781,46.062,80.8461
626801,39.288,80.7053
626821,32.548,80.5584
626841,25.845,80.409
626861,19.178,80.2604
626881,12.548,80.1162
626901,5.9551,79.98
626921,359.4,79.855
626941,352.88,79.744
626961,346.39,79.651
626981,339.93,79.578
627001,333.5,79.528
627021,327.1,79.504
627041,320.72,79.507
627061,314.36,79.54
627081,308.02,79.603
627101,301.69,79.698
627121,295.36,79.824
627141,289.05,79.982
627161,282.73,80.1727
627181,276.41,80.3937
627201,270.08,80.6444
627221,263.74,80.9232
627241,257.38,81.2281
627261,251,81.5565
627281,244.6,81.906
627301,238.17,82.2734
627321,231.72,82.6554
627341,225.23,83.0486
627361,218.71,83.4494
627381,212.15,83.8538
627401,205.56,84.2582
627421,198.93,84.6586
627441,192.26,85.0512
627461,185.55,85.4324
627481,178.8,85.7985
627501,172.02,86.1463
627521,165.21,86.4726
627541,158.36,86.7746
627561,151.48,87.0499
627581,144.57,87.2963
627601,137.65,87.5122
627621,130.7,87.6962
627641,123.73,87.8475
627661,116.75,87.9656
627681,109.76,88.0506
627701,102.77,88.1027
627721,95.782,88.123
627741,88.795,88.1126
627761,81.817,88.0732
627781,74.851,88.0067
627801,67.9,87.9155
627821,60.969,87.8021
627841,54.061,87.6695
627861,47.177,87.5208
627881,40.321,87.3593
627901,33.495,87.1885
627921,26.699,87.0119
627941,19.936,86.8332
627961,13.206,86.6562
627981,6.5093,86.4844
628001,359.85,86.3215
628021,353.21,86.171
628041,346.62,86.0363
628061,340.05,85.9206
628081,333.51,85.8268
628101,326.99,85.7577
628121,320.5,85.7156
628141,314.03,85.7026
628161,307.58,85.7205
628181,301.14,85.7706
628201,294.72,85.8537
628221,288.3,85.9705
628241,281.89,86.1209
628261,275.48,86.3047
628281,269.06,86.521
628301,262.64,86.7686
628321,256.21,87.0459
628341,249.76,87.3508
628361,243.3,87.6809
628381,236.81,88.0334
628401,230.31,88.4052
628421,223.78,88.7928
628441,217.22,89.19276
628461,210.63,89.60109
628481,204.01,90.013817
628501,197.36,90.42682
628521,190.68,90.83595
628541,183.96,91.237
628561,177.21,91.626
628581,170.42,91.9988
628601,163.61,92.3518
628621,156.76,92.6813
628641,149.88,92.984
628661,142.98,93.2571
628681,136.05,93.498
628701,129.1,93.7047
628721,122.14,93.8755
628741,115.15,94.0091
628761,108.16,94.1051
628781,101.15,94.1632
628801,94.147,94.1838
628821,87.139,94.1678
628841,80.135,94.1164
628861,73.137,94.0315
628881,66.151,93.9152
628901,59.179,93.7702
628921,52.224,93.5993
628941,45.29,93.4057
628961,38.378,93.193
628981,31.491,92.9647
629001,24.632,92.7248
629021,17.801,92.477
629041,10.999,92.2255
629061,4.2272,91.9743
629081,357.49,91.7272
629101,350.77,91.4883
629121,344.09,91.2613
629141,337.44,91.0497
629161,330.81,90.85706
629181,324.21,90.68649
629201,317.63,90.54087
629221,311.08,90.42277
629241,304.54,90.33443
629261,298.02,90.27769
629281,291.51,90.25404
629301,285.01,90.26453
629321,278.51,90.30979
629341,272.02,90.39003
629361,265.52,90.505
629381,259.03,90.65404
629401,252.52,90.83603
629421,246,91.0495
629441,239.47,91.2924
629461,232.92,91.5625
629481,226.36,91.857
629501,219.77,92.173
629521,213.15,92.5072
629541,206.51,92.8559
629561,199.85,93.2153
629581,193.15,93.5814
629601,186.43,93.95
629621,179.67,94.317
629641,172.89,94.6779
629661,166.07,95.0285
629681,159.23,95.3647
629701,152.36,95.6822
629721,145.46,95.9773
629741,138.54,96.2462
629761,131.59,96.4857
629781,124.63,96.6926
629801,117.65,96.8645
629821,110.66,96.9991
629841,103.66,97.0948
629861,96.645,97.1504
629881,89.631,97.1655
629901,82.618,97.1398
629921,75.608,97.074
629941,68.606,96.969
629961,61.614,96.8265
629981,54.637,96.6484
630001,47.676,96.4374
630021,40.735,96.1963
630041,33.816,95.9284
630061,26.922,95.6373
630081,20.054,95.3268
630101,13.213,95.001
630121,6.401,94.664
630141,359.62,94.32
630161,352.87,93.9734
630181,346.14,93.6284
630201,339.45,93.2891
630221,332.78,92.9595
630241,326.14,92.6437
630261,319.52,92.3451
630281,312.93,92.0672
630301,306.36,91.813
630321,299.81,91.5855
630341,293.27,91.387
630361,286.75,91.2195
630381,280.23,91.0848
630401,273.73,90.98394
630421,267.22,90.91789
630441,260.72,90.88697
630461,254.21,90.89112
630481,247.69,90.92983
630501,241.17,91.0022
630521,234.63,91.1068
630541,228.07,91.242
630561,221.5,91.4056
630581,214.9,91.5952
630601,208.28,91.8078
630621,201.64,92.0404
630641,194.96,92.2896
630661,188.26,92.5519
630681,181.53,92.8233
630701,174.77,93.1001
630721,167.98,93.3781
630741,161.16,93.6532
630761,154.31,93.9214
630781,147.44,94.1786
630801,140.53,94.4209
630821,133.61,94.6444
630841,126.66,94.8455
630861,119.7,95.0208
630881,112.72,95.1672
630901,105.72,95.282
630921,98.72,95.3628
630941,91.712,95.4076
630961,84.702,95.415
630981,77.693,95.3839
631001,70.69,95.3139
631021,63.697,95.205
631041,56.716,95.0577
631061,49.752,94.8731
631081,42.807,94.6527
631101,35.884,94.3988
631121,28.986,94.1136
631141,22.115,93.8002
631161,15.273,93.4619
631181,8.4613,93.1021
631201,1.6809,92.7247
631221,354.93,92.3337
631241,348.22,91.9334
631261,341.53,91.5278
631281,334.88,91.1212
631301,328.26,90.71779
631321,321.66,90.32171
631341,315.1,89.936881
631361,308.56,89.56704
631381,302.04,89.21571
631401,295.55,88.8861
631421,289.07,88.5812
631441,282.61,88.3034
631461,276.16,88.0551
631481,269.71,87.838
631501,263.27,87.6535
631521,256.84,87.5026
631541,250.4,87.3856
631561,243.95,87.3029
631581,237.5,87.2539
631601,231.03,87.2379
631621,224.54,87.2538
631641,218.04,87.2998
631661,211.52,87.3742
631681,204.97,87.4745
631701,198.39,87.5981
631721,191.78,87.7422
631741,185.15,87.9035
631761,178.48,88.0788
631781,171.78,88.2645
631801,165.05,88.457
631821,158.29,88.6525
631841,151.49,88.8472
631861,144.67,89.03747
631881,137.81,89.21952
631901,130.93,89.38974
631921,124.02,89.54465
631941,117.09,89.68094
631961,110.14,89.79552
631981,103.17,89.88555
632001,96.195,89.948512
632021,89.206,89.982179
632041,82.212,89.984701
632061,75.216,89.954613
632081,68.224,89.89086
632101,61.238,89.79282
632121,54.264,89.66031
632141,47.304,89.4936
632161,40.364,89.29343
632181,33.445,89.06095
632201,26.552,88.7978
632221,19.688,88.506
632241,12.854,88.1879
632261,6.0538,87.8464
632281,359.29,87.4845
632301,352.56,87.1056
632321,345.86,86.7132
632341,339.21,86.3113
632361,332.59,85.9035
632381,326,85.4939
632401,319.45,85.0865
632421,312.94,84.685
632441,306.45,84.2933
632461,300,83.915
632481,293.57,83.5536
632501,287.16,83.2122
632521,280.77,82.8937
632541,274.4,82.6006
632561,268.04,82.3352
632581,261.7,82.0993
632601,255.35,81.8942
632621,249.01,81.721
632641,242.67,81.5802
632661,236.31,81.4719
632681,229.95,81.3958
632701,223.57,81.3511
632721,217.18,81.3368
632741,210.76,81.3513
632761,204.32,81.3927
632781,197.85,81.4588
632801,191.36,81.5469
632821,184.83,81.6545
632841,178.26,81.7783
632861,171.67,81.9152
632881,165.03,82.0618
632901,158.36,82.2147
632921,151.66,82.3704
632941,144.92,82.5253
632961,138.14,82.6759
632981,131.33,82.8188
633001,124.49,82.9506
633021,117.63,83.0683
633041,110.73,83.1688
633061,103.82,83.2493
633081,96.878,83.3074
633101,89.924,83.3409
633121,82.957,83.3478
633141,75.982,83.3266
633161,69.003,83.2761
633181,62.025,83.1953
633201,55.05,83.084
633221,48.085,82.9419
633241,41.134,82.7694
633261,34.2,82.5672
633281,27.288,82.3365
633301,20.402,82.0787
633321,13.544,81.7956
633341,6.7195,81.4895
633361,359.93,81.1628
633381,353.18,80.8185
633401,346.46,80.4594
633421,339.79,80.0889
633441,333.16,79.71
633461,326.57,79.327
633481,320.01,78.944
633501,313.5,78.563
633521,307.03,78.188
633541,300.59,77.824
633561,294.19,77.472
633581,287.82,77.138
633601,281.48,76.823
633621,275.16,76.53
633641,268.86,76.262
633661,262.57,76.02
633681,256.3,75.807
633701,250.04,75.624
633721,243.78,75.472
633741,237.51,75.35
633761,231.24,75.259
633781,224.96,75.199
633801,218.67,75.169
633821,212.36,75.167
633841,206.02,75.192
633861,199.66,75.242
633881,193.27,75.315
633901,186.84,75.408
633921,180.39,75.518
633941,173.89,75.643
633961,167.36,75.778
633981,160.79,75.921
634001,154.18,76.068
634021,147.53,76.216
634041,140.84,76.362
634061,134.12,76.501
634081,127.36,76.632
634101,120.56,76.75
634121,113.73,76.852
634141,106.87,76.937
634161,99.98,77.001
634181,93.069,77.042
634201,86.137,77.058
634221,79.188,77.048
634241,72.227,77.011
634261,65.258,76.945
634281,58.285,76.85
634301,51.314,76.725
634321,44.348,76.572
634341,37.392,76.389
634361,30.452,76.18
634381,23.531,75.944
634401,16.633,75.683
634421,9.7639,75.399
634441,2.9262,75.095
634461,356.12,74.773
634481,349.36,74.436
634501,342.63,74.087
634521,335.95,73.728
634541,329.32,73.364
634561,322.72,72.998
634581,316.17,72.633
634601,309.67,72.272
634621,303.21,71.92
634641,296.79,71.579
634661,290.41,71.253
634681,284.07,70.945
634701,277.76,70.657
634721,271.48,70.392
634741,265.22,70.152
634761,258.99,69.939
634781,252.77,69.755
634801,246.56,69.6
634821,240.36,69.476
634841,234.15,69.381
634861,227.95,69.318
634881,221.73,69.283
634901,215.5,69.277
634921,209.25,69.299
634941,202.98,69.345
634961,196.69,69.415
634981,190.36,69.505
635001,184,69.613
635021,177.6,69.736
635041,171.16,69.871
635061,164.69,70.014
635081,158.17,70.162
635101,151.61,70.311
635121,145.01,70.459
635141,138.37,70.601
635161,131.69,70.734
635181,124.96,70.855
635201,118.2,70.962
635221,111.4,71.05
635241,104.57,71.118
635261,97.711,71.164
635281,90.822,71.184
635301,83.909,71.178
635321,76.975,71.144
635341,70.026,71.08
635361,63.064,70.988
635381,56.096,70.865
635401,49.124,70.712
635421,42.154,70.53
635441,35.191,70.32
635461,28.24,70.082
635481,21.305,69.819
635501,14.39,69.532
635521,7.5017,69.223
635541,0.6427,68.895
635561,353.82,68.551
635581,347.03,68.193
635601,340.28,67.825
635621,333.58,67.451
635641,326.92,67.073
635661,320.31,66.696
635681,313.75,66.322
635701,307.23,65.956
635721,300.77,65.6
635741,294.35,65.259
635761,287.98,64.935
635781,281.64,64.631
635801,275.35,64.349
635821,269.09,64.094
635841,262.87,63.865
635861,256.67,63.665
635881,250.49,63.495
635901,244.33,63.357
635921,238.18,63.249
635941,232.03,63.173
635961,225.88,63.128
635981,219.72,63.112
636001,213.56,63.124
636021,207.37,63.164
636041,201.17,63.227
636061,194.93,63.313
636081,188.67,63.417
636101,182.37,63.538
636121,176.04,63.671
636141,169.66,63.814
636161,163.25,63.963
636181,156.79,64.114
636201,150.29,64.263
636221,143.74,64.407
636241,137.15,64.542
636261,130.52,64.665
636281,123.84,64.773
636301,117.13,64.862
636321,110.37,64.93
636341,103.58,64.975
636361,96.757,64.992
636381,89.902,64.982
636401,83.02,64.942
636421,76.114,64.871
636441,69.189,64.768
636461,62.249,64.633
636481,55.297,64.466
636501,48.339,64.266
636521,41.378,64.035
636541,34.421,63.774
636561,27.471,63.484
636581,20.533,63.168
636601,13.612,62.827
636621,6.714,62.464
636641,359.84,62.083
636661,353,61.685
636681,346.2,61.275
636701,339.43,60.856
636721,332.71,60.433
636741,326.03,60.008
636761,319.4,59.586
636781,312.83,59.171
636801,306.3,58.767
636821,299.83,58.377
636841,293.41,58.005
636861,287.04,57.655
636881,280.73,57.329
636901,274.45,57.031
636921,268.22,56.763
636941,262.03,56.527
636961,255.88,56.324
636981,249.75,56.155
637001,243.65,56.022
637021,237.56,55.924
637041,231.48,55.861
637061,225.41,55.831
637081,219.33,55.834
637101,213.25,55.868
637121,207.15,55.93
637141,201.03,56.017
637161,194.89,56.127
637181,188.71,56.256
637201,182.5,56.401
637221,176.26,56.557
637241,169.97,56.722
637261,163.64,56.89
637281,157.27,57.058
637301,150.85,57.221
637321,144.38,57.377
637341,137.87,57.52
637361,131.32,57.647
637381,124.72,57.756
637401,118.08,57.841
637421,111.4,57.901
637441,104.68,57.933
637461,97.926,57.934
637481,91.139,57.903
637501,84.324,57.837
637521,77.483,57.736
637541,70.62,57.598
637561,63.739,57.424
637581,56.845,57.214
637601,49.941,56.967
637621,43.032,56.685
637641,36.123,56.369
637661,29.219,56.022
637681,22.323,55.644
637701,15.441,55.239
637721,8.5776,54.81
637741,1.7375,54.36
637761,354.93,53.893
637781,348.15,53.412
637801,341.4,52.923
637821,334.7,52.429
637841,328.05,51.935
637861,321.44,51.447
637881,314.89,50.967
637901,308.39,50.503
637921,301.94,50.057
637941,295.56,49.635
637961,289.23,49.24
637981,282.95,48.878
638001,276.73,48.55
638021,270.57,48.26
638041,264.44,48.011
638061,258.37,47.804
638081,252.32,47.64
638101,246.31,47.521
638121,240.32,47.445
638141,234.35,47.413
638161,228.39,47.422
638181,222.42,47.471
638201,216.46,47.557
638221,210.47,47.677
638241,204.47,47.828
638261,198.44,48.004
638281,192.38,48.203
638301,186.29,48.42
638321,180.15,48.65
638341,173.98,48.887
638361,167.76,49.128
638381,161.49,49.368
638401,155.18,49.602
638421,148.82,49.824
638441,142.41,50.032
638461,135.96,50.22
638481,129.46,50.386
638501,122.92,50.524
638521,116.35,50.632
638541,109.73,50.708
638561,103.09,50.747
638581,96.407,50.749
638601,89.701,50.712
638621,82.973,50.634
638641,76.225,50.514
638661,69.461,50.352
638681,62.687,50.149
638701,55.906,49.904
638721,49.122,49.618
638741,42.341,49.294
638761,35.566,48.932
638781,28.801,48.537
638801,22.053,48.109
638821,15.324,47.653
638841,8.6201,47.172
638861,1.9448,46.67
638881,355.3,46.152
638901,348.7,45.623
638921,342.14,45.088
638941,335.62,44.552
638961,329.15,44.022
638981,322.73,43.502
639001,316.37,42.999
639021,310.06,42.518
639041,303.81,42.066
639061,297.61,41.648
639081,291.47,41.268
639101,285.39,40.933
639121,279.35,40.645
639141,273.36,40.408
639161,267.41,40.226
639181,261.49,40.099
639201,255.6,40.029
639221,249.73,40.015
639241,243.87,40.057
639261,238,40.152
639281,232.13,40.298
639301,226.25,40.491
639321,220.34,40.728
639341,214.4,41.003
639361,208.43,41.311
639381,202.42,41.646
639401,196.37,42.004
639421,190.27,42.377
639441,184.13,42.76
639461,177.93,43.148
639481,171.69,43.535
639501,165.4,43.914
639521,159.07,44.281
639541,152.69,44.631
639561,146.26,44.959
639581,139.8,45.261
639601,133.3,45.533
639621,126.77,45.771
639641,120.2,45.973
639661,113.62,46.135
639681,107.01,46.256
639701,100.38,46.334
639721,93.739,46.367
639741,87.09,46.356
639761,80.438,46.298
639781,73.786,46.196
639801,67.138,46.048
639821,60.501,45.857
639841,53.876,45.624
639861,47.27,45.351
639881,40.687,45.04
639901,34.13,44.695
639921,27.603,44.319
639941,21.11,43.916
639961,14.656,43.491
639981,8.2422,43.046
640001,1.8723,42.589
640021,355.55,42.125
640041,349.27,41.658
640061,343.05,41.195
640081,336.87,40.743
640101,330.74,40.306
640121,324.67,39.893
640141,318.64,39.508
640161,312.65,39.159
640181,306.7,38.85
640201,300.79,38.586
640221,294.9,38.373
640241,289.04,38.215
640261,283.19,38.113
640281,277.34,38.072
640301,271.49,38.091
640321,265.63,38.171
640341,259.75,38.311
640361,253.84,38.509
640381,247.9,38.762
640401,241.92,39.066
640421,235.89,39.417
640441,229.81,39.81
640461,223.68,40.238
640481,217.5,40.697
640501,211.27,41.18
640521,204.98,41.681
640541,198.65,42.193
640561,192.26,42.71
640581,185.83,43.226
640601,179.35,43.736
640621,172.83,44.234
640641,166.27,44.715
640661,159.68,45.175
640681,153.06,45.608
640701,146.42,46.012
640721,139.76,46.382
640741,133.08,46.716
640761,126.38,47.011
640781,119.68,47.266
640801,112.98,47.477
640821,106.27,47.646
640841,99.577,47.77
640861,92.889,47.85
640881,86.216,47.885
640901,79.561,47.878
640921,72.929,47.829
640941,66.323,47.739
640961,59.748,47.611
640981,53.206,47.448
641001,46.701,47.252
641021,40.235,47.027
641041,33.812,46.776
641061,27.433,46.505
641081,21.1,46.216
641101,14.814,45.914
641121,8.5755,45.606
641141,2.3845,45.295
641161,356.24,44.988
641181,350.14,44.688
641201,344.08,44.403
641221,338.06,44.136
641241,332.08,43.894
641261,326.12,43.681
641281,320.19,43.502
641301,314.28,43.361
641321,308.37,43.261
641341,302.47,43.207
641361,296.56,43.2
641381,290.63,43.242
641401,284.69,43.335
641421,278.71,43.479
641441,272.7,43.672
641461,266.64,43.914
641481,260.53,44.202
641501,254.38,44.534
641521,248.16,44.907
641541,241.89,45.315
641561,235.57,45.755
641581,229.18,46.223
641601,222.74,46.712
641621,216.24,47.217
641641,209.69,47.734
641661,203.09,48.257
641681,196.44,48.78
641701,189.76,49.299
641721,183.04,49.809
641741,176.28,50.304
641761,169.5,50.782
641781,162.69,51.236
641801,155.86,51.665
641821,149.02,52.065
641841,142.17,52.433
641861,135.32,52.766
641881,128.47,53.064
641901,121.62,53.323
641921,114.77,53.544
641941,107.95,53.725
641961,101.13,53.867
641981,94.343,53.97
642001,87.577,54.034
642021,80.839,54.061
642041,74.132,54.053
642061,67.461,54.011
642081,60.827,53.938
642101,54.233,53.837
642121,47.682,53.71
642141,41.175,53.562
642161,34.713,53.395
642181,28.297,53.214
642201,21.927,53.023
642221,15.603,52.826
642241,9.3251,52.627
642261,3.0903,52.431
642281,356.9,52.242
642301,350.74,52.065
642321,344.62,51.903
642341,338.53,51.762
642361,332.47,51.643
642381,326.43,51.552
642401,320.4,51.491
642421,314.37,51.463
642441,308.35,51.471
642461,302.33,51.515
642481,296.29,51.598
642501,290.23,51.72
642521,284.15,51.881
642541,278.03,52.081
642561,271.87,52.319
642581,265.68,52.592
642601,259.43,52.9
642621,253.13,53.239
642641,246.78,53.606
642661,240.38,53.999
642681,233.92,54.413
642701,227.41,54.844
642721,220.84,55.289
642741,214.22,55.743
642761,207.55,56.201
642781,200.84,56.659
642801,194.08,57.114
642821,187.28,57.561
642841,180.45,57.995
642861,173.59,58.414
642881,166.7,58.813
642901,159.79,59.19
642921,152.87,59.542
642941,145.94,59.866
642961,139,60.16
642981,132.06,60.422
643001,125.12,60.652
643021,118.19,60.847
643041,111.27,61.008
643061,104.37,61.135
643081,97.487,61.227
643101,90.631,61.287
643121,83.803,61.314
643141,77.006,61.31
643161,70.244,61.278
643181,63.518,61.219
643201,56.833,61.137
643221,50.188,61.033
643241,43.587,60.912
643261,37.03,60.776
643281,30.518,60.629
643301,24.051,60.475
643321,17.628,60.317
643341,11.25,60.159
643361,4.9131,60.006
643381,358.62,59.861
643401,352.36,59.727
643421,346.13,59.608
643441,339.94,59.508
643461,333.77,59.429
643481,327.63,59.375
643501,321.5,59.347
643521,315.38,59.348
643541,309.27,59.38
643561,303.16,59.444
643581,297.04,59.541
643601,290.91,59.67
643621,284.76,59.832
643641,278.58,60.027
643661,272.38,60.252
643681,266.14,60.507
643701,259.86,60.79
643721,253.54,61.098
643741,247.17,61.428
643761,240.76,61.779
643781,234.29,62.146
643801,227.78,62.526
643821,221.21,62.915
643841,214.59,63.311
643861,207.93,63.708
643881,201.22,64.104
643901,194.47,64.495
643921,187.67,64.877
643941,180.84,65.247
643961,173.97,65.601
643981,167.08,65.937
644001,160.16,66.252
644021,153.22,66.543
644041,146.27,66.809
644061,139.31,67.046
644081,132.34,67.255
644101,125.37,67.434
644121,118.41,67.582
644141,111.46,67.699
644161,104.51,67.785
644181,97.591,67.84
644201,90.689,67.866
644221,83.812,67.864
644241,76.965,67.835
644261,70.149,67.782
644281,63.369,67.705
644301,56.625,67.609
644321,49.921,67.496
644341,43.258,67.368
644361,36.638,67.23
644381,30.06,67.084
644401,23.525,66.934
644421,17.034,66.784
644441,10.585,66.636
644461,4.1765,66.495
644481,357.81,66.364
644501,351.48,66.246
644521,345.18,66.145
644541,338.91,66.063
644561,332.67,66.003
644581,326.45,65.967
644601,320.26,65.958
644621,314.07,65.977
644641,307.9,66.025
644661,301.72,66.103
644681,295.55,66.213
644701,289.37,66.352
644721,283.17,66.522
644741,276.96,66.722
644761,270.73,66.949
644781,264.46,67.203
644801,258.17,67.48
644821,251.84,67.78
644841,245.46,68.099
644861,239.05,68.435
644881,232.6,68.784
644901,226.09,69.142
644921,219.54,69.507
644941,212.95,69.875
644961,206.3,70.243
644981,199.62,70.607
645001,192.89,70.963
645021,186.11,71.309
645041,179.3,71.641
645061,172.46,71.957
645081,165.58,72.253
645101,158.68,72.528
645121,151.75,72.779
645141,144.8,73.005
645161,137.85,73.203
645181,130.88,73.373
645201,123.91,73.514
645221,116.94,73.626
645241,109.97,73.709
645261,103.01,73.762
645281,96.07,73.788
645301,89.146,73.786
645321,82.243,73.758
645341,75.366,73.707
645361,68.519,73.633
645381,61.703,73.54
645401,54.921,73.43
645421,48.176,73.306
645441,41.469,73.171
645461,34.802,73.029
645481,28.175,72.882
645501,21.589,72.734
645521,15.044,72.588
645541,8.5397,72.448
645561,2.074,72.317
645581,355.65,72.199
645601,349.25,72.097
645621,342.89,72.013
645641,336.57,71.95
645661,330.26,71.911
645681,323.98,71.897
645701,317.73,71.911
645721,311.48,71.954
645741,305.25,72.027
645761,299.02,72.131
645781,292.79,72.265
645801,286.56,72.429
645821,280.32,72.623
645841,274.07,72.845
645861,267.8,73.094
645881,261.5,73.369
645901,255.18,73.666
645921,248.83,73.983
645941,242.45,74.318
645961,236.03,74.668
645981,229.57,75.028
646001,223.07,75.396
646021,216.53,75.768
646041,209.95,76.141
646061,203.32,76.511
646081,196.65,76.875
646101,189.93,77.229
646121,183.18,77.57
646141,176.39,77.895
646161,169.56,78.201
646181,162.7,78.487
646201,155.82,78.748
646221,148.9,78.985
646241,141.97,79.194
646261,135.02,79.375
646281,128.05,79.528
646301,121.08,79.65
646321,114.11,79.743
646341,107.13,79.807
646361,100.16,79.842
646381,93.205,79.849
646401,86.261,79.83
646421,79.335,79.786
646441,72.431,79.72
646461,65.553,79.633
646481,58.702,79.528
646501,51.882,79.409
646521,45.095,79.277
646541,38.343,79.137
646561,31.627,78.992
646581,24.948,78.844
646601,18.307,78.698
646621,11.704,78.557
646641,5.1381,78.424
646661,358.61,78.303
646681,352.11,78.197
646701,345.65,78.108
646721,339.22,78.041
646741,332.82,77.996
646761,326.45,77.978
646781,320.1,77.987
646801,313.76,78.025
646821,307.44,78.093
646841,301.14,78.193
646861,294.84,78.324
646881,288.54,78.487
646901,282.24,78.682
646921,275.94,78.906
646941,269.63,79.16
646961,263.3,79.44
646981,256.95,79.746
647001,250.58,80.0748
647021,244.19,80.4233
647041,237.77,80.7888
647061,231.32,81.1679
647081,224.83,81.5571
647101,218.31,81.9528
647121,211.75,82.3513
647141,205.16,82.7487
647161,198.52,83.1414
647181,191.85,83.5256
647201,185.13,83.8978
647221,178.38,84.2544
647241,171.59,84.5925
647261,164.77,84.9089
647281,157.91,85.201
647301,151.03,85.4667
647321,144.12,85.7038
647341,137.19,85.9109
647361,130.23,86.0869
647381,123.27,86.2309
647401,116.29,86.3427
647421,109.3,86.4224
647441,102.31,86.4704
647461,95.329,86.4877
647481,88.35,86.4756
647501,81.381,86.4357
647521,74.426,86.3701
647541,67.489,86.2811
647561,60.573,86.1712
647581,53.681,86.0435
647601,46.816,85.9009
647621,39.98,85.7468
647641,33.175,85.5846
647661,26.402,85.4179
647681,19.663,85.2501
647701,12.958,85.0851
647721,6.2867,84.9263
647741,359.65,84.7773
647761,353.05,84.6415
647781,346.47,84.5223
647801,339.93,84.4228
647821,333.42,84.3457
647841,326.93,84.2937
647861,320.47,84.2691
647881,314.03,84.2738
647901,307.6,84.3094
647921,301.19,84.3772
647941,294.79,84.4779
647961,288.4,84.6119
647981,282.01,84.779
648001,275.62,84.9789
648021,269.23,85.2106
648041,262.83,85.4728
648061,256.42,85.7635
648081,249.99,86.0808
648101,243.54,86.4221
648121,237.08,86.7844
648141,230.58,87.1646
648161,224.06,87.5592
648181,217.52,87.9646
648201,210.94,88.3768
648221,204.33,88.792
648241,197.68,89.20591
648261,191.01,89.61456
648281,184.29,90.01384
648301,177.55,90.39979
648321,170.76,90.76857
648341,163.95,91.1166
648361,157.1,91.4404
648381,150.23,91.7371
648401,143.33,92.004
648421,136.4,92.2386
648441,129.45,92.4393
648461,122.48,92.6046
648481,115.5,92.7336
648501,108.51,92.8258
648521,101.51,92.8814
648541,94.501,92.9009
648561,87.497,92.8853
648581,80.497,92.8361
648601,73.506,92.7551
648621,66.526,92.6447
648641,59.562,92.5074
648661,52.616,92.3462
648681,45.691,92.1643
648701,38.79,91.9652
648721,31.915,91.7525
648741,25.068,91.53
648761,18.25,91.3016
648781,11.462,91.0711
648801,4.7052,90.84259
648821,357.98,90.6198
648841,351.28,90.40659
648861,344.62,90.20662
648881,337.98,90.023373
648901,331.37,89.86014
648921,324.79,89.71994
648941,318.23,89.60553
648961,311.69,89.51933
648981,305.17,89.46343
649001,298.66,89.43952
649021,292.17,89.44892
649041,285.68,89.49252
649061,279.2,89.57079
649081,272.72,89.68378
649101,266.24,89.83108
649121,259.76,90.011847
649141,253.27,90.22482
649161,246.76,90.4683
649181,240.25,90.74022
649201,233.71,91.0381
649221,227.15,91.3591
649241,220.57,91.7001
649261,213.97,92.0576
649281,207.34,92.428
649301,200.68,92.8073
649321,194,93.1914
649341,187.28,93.5762
649361,180.53,93.9573
649381,173.75,94.3305
649401,166.94,94.6916
649421,160.11,95.0363
649441,153.24,95.3606
649461,146.35,95.6609
649481,139.43,95.9335
649501,132.49,96.1753
649521,125.53,96.3835
649541,118.55,96.5558
649561,111.56,96.6902
649581,104.56,96.7853
649601,97.548,96.8404
649621,90.535,96.855
649641,83.522,96.8294
649661,76.512,96.7645
649681,69.509,96.6614
649701,62.517,96.5221
649721,55.539,96.3486
649741,48.577,96.1439
649761,41.635,95.9108
649781,34.714,95.6528
649801,27.819,95.3736
649821,20.949,95.077
649841,14.106,94.7672
649861,7.2924,94.4482
649881,0.50767,94.1243
649901,353.75,93.7998
649921,347.03,93.4787
649941,340.33,93.1652
649961,333.66,92.8632
649981,327.02,92.5765
650001,320.4,92.3086
650021,313.8,92.0627
650041,307.23,91.8419
650061,300.67,91.6487
650081,294.13,91.4854
650101,287.6,91.354
650121,281.09,91.2559
650141,274.57,91.1922
650161,268.06,91.1635
650181,261.55,91.17
650201,255.04,91.2115
650221,248.52,91.2874
650241,241.98,91.3965
650261,235.44,91.5373
650281,228.88,91.7079
650301,222.29,91.9061
650321,215.69,92.1291
650341,209.06,92.3741
650361,202.41,92.6377
650381,195.73,92.9165
650401,189.02,93.2067
650421,182.29,93.5044
650441,175.52,93.8056
650461,168.72,94.1062
650481,161.9,94.402
650501,155.04,94.6889
650521,148.16,94.9626
650541,141.26,95.2194
650561,134.33,95.4552
650581,127.38,95.6666
650601,120.41,95.8502
650621,113.43,96.0029
650641,106.43,96.1222
650661,99.424,96.2058
650681,92.414,96.2518
650701,85.402,96.2591
650721,78.392,96.2269
650741,71.387,96.1548
650761,64.392,96.0432
650781,57.409,95.8928
650801,50.443,95.7051
650821,43.495,95.482
650841,36.569,95.2256
650861,29.668,94.9387
650881,22.792,94.6246
650901,15.945,94.2866
650921,9.1279,93.9285
650941,2.3409,93.5543
650961,355.58,93.1681
650981,348.86,92.7741
651001,342.17,92.3766
651021,335.5,91.9799
651041,328.87,91.5881
651061,322.27,91.2054
651081,315.69,90.83553
651101,309.13,90.48227
651121,302.6,90.14901
651141,296.09,89.83889
651161,289.59,89.55469
651181,283.11,89.29887
651201,276.64,89.07348
651221,270.18,88.8802
651241,263.72,88.7201
651261,257.26,88.5942
651281,250.8,88.5028
651301,244.33,88.4458
651321,237.86,88.4226
651341,231.36,88.4324
651361,224.86,88.4738
651381,218.33,88.5451
651401,211.78,88.6442
651421,205.21,88.7686
651441,198.61,88.9156
651461,191.98,89.08216
651481,185.32,89.26506
651501,178.63,89.4608
651521,171.91,89.66576
651541,165.16,89.8762
651561,158.37,90.088304
651581,151.56,90.29823
651601,144.71,90.50214
651621,137.84,90.69627
651641,130.94,90.87694
651661,124.02,91.0406
651681,117.08,91.184
651701,110.12,91.304
651721,103.14,91.3977
651741,96.153,91.4626
651761,89.158,91.4967
651781,82.158,91.498
651801,75.159,91.4652
651821,68.164,91.3974
651841,61.177,91.294
651861,54.203,91.1551
651881,47.244,90.9811
651901,40.305,90.77287
651921,33.389,90.53182
651941,26.499,90.25976
651961,19.638,89.958943
651981,12.807,89.63199
652001,6.0087,89.28189
652021,359.24,88.9119
652041,352.52,88.5256
652061,345.82,88.1268
652081,339.16,87.7193
652101,332.54,87.3071
652121,325.95,86.8942
652141,319.4,86.4848
652161,312.88,86.0826
652181,306.38,85.6915
652201,299.91,85.3151
652221,293.47,84.9568
652241,287.05,84.6197
652261,280.65,84.3066
652281,274.26,84.0201
652301,267.89,83.7621
652321,261.52,83.5344
652341,255.15,83.3384
652361,248.79,83.1747
652381,242.42,83.044
652401,236.04,82.9462
652421,229.65,82.8808
652441,223.25,82.847
652461,216.82,82.8435
652481,210.38,82.8687
652501,203.91,82.9206
652521,197.41,82.9969
652541,190.89,83.0949
652561,184.33,83.2117
652581,177.74,83.3443
652601,171.11,83.4894
652621,164.45,83.6435
652641,157.76,83.8031
652661,151.03,83.9647
652681,144.26,84.1246
652701,137.47,84.2794
652721,130.64,84.4256
652741,123.78,84.5599
652761,116.89,84.6789
652781,109.98,84.7799
652801,103.05,84.86
652821,96.102,84.9166
652841,89.138,84.9477
652861,82.163,84.9513
652881,75.183,84.9259
652901,68.2,84.8702
652921,61.22,84.7836
652941,54.246,84.6656
652961,47.284,84.5162
652981,40.336,84.3358
653001,33.409,84.1252
653021,26.504,83.8857
653041,19.626,83.6188
653061,12.779,83.3265
653081,5.9638,83.0111
653101,359.18,82.6752
653121,352.44,82.3218
653141,345.74,81.954
653161,339.08,81.5753
653181,332.45,81.1891
653201,325.87,80.799
653221,319.32,80.4089
653241,312.82,80.0223
653261,306.35,79.643
653281,299.91,79.275
653301,293.51,78.92
653321,287.13,78.583
653341,280.79,78.267
653361,274.46,77.973
653381,268.15,77.705
653401,261.85,77.465
653421,255.57,77.253
653441,249.29,77.072
653461,243.01,76.921
653481,236.73,76.802
653501,230.44,76.714
653521,224.14,76.657
653541,217.82,76.63
653561,211.48,76.631
653581,205.12,76.66
653601,198.73,76.713
653621,192.32,76.788
653641,185.87,76.883
653661,179.38,76.996
653681,172.86,77.122
653701,166.3,77.258
653721,159.71,77.402
653741,153.07,77.55
653761,146.4,77.698
653781,139.69,77.843
653801,132.94,77.982
653821,126.16,78.111
653841,119.35,78.228
653861,112.5,78.328
653881,105.62,78.41
653901,98.72,78.471
653921,91.797,78.509
653941,84.855,78.522
653961,77.899,78.509
653981,70.933,78.467
654001,63.961,78.397
654021,56.987,78.297
654041,50.017,78.169
654061,43.055,78.01
654081,36.105,77.824
654101,29.172,77.609
654121,22.261,77.368
654141,15.375,77.103
654161,8.519,76.815
654181,1.6955,76.507
654201,354.91,76.181
654221,348.16,75.84
654241,341.45,75.487
654261,334.79,75.126
654281,328.16,74.759
654301,321.59,74.391
654321,315.05,74.024
654341,308.56,73.662
654361,302.11,73.309
654381,295.7,72.968
654401,289.33,72.643
654421,282.99,72.335
654441,276.68,72.048
654461,270.4,71.785
654481,264.14,71.547
654501,257.9,71.336
654521,251.68,71.155
654541,245.46,71.003
654561,239.24,70.881
654581,233.03,70.79
654601,226.81,70.728
654621,220.57,70.697
654641,214.32,70.694
654661,208.05,70.717
654681,201.76,70.766
654701,195.44,70.838
654721,189.09,70.929
654741,182.7,71.039
654761,176.28,71.163
654781,169.82,71.298
654801,163.32,71.441
654821,156.78,71.589
654841,150.19,71.739
654861,143.57,71.885
654881,136.9,72.027
654901,130.2,72.159
654921,123.46,72.279
654941,116.68,72.384
654961,109.86,72.471
654981,103.01,72.538
655001,96.137,72.582
655021,89.235,72.601
655041,82.31,72.593
655061,75.368,72.558
655081,68.412,72.494
655101,61.446,72.401
655121,54.475,72.278
655141,47.503,72.125
655161,40.535,71.944
655181,33.577,71.734
655201,26.632,71.498
655221,19.706,71.237
655241,12.803,70.952
655261,5.9274,70.646
655281,359.08,70.321
655301,352.27,69.981
655321,345.5,69.628
655341,338.78,69.265
655361,332.09,68.896
655381,325.45,68.525
655401,318.86,68.153
655421,312.32,67.786
655441,305.82,67.427
655461,299.37,67.079
655481,292.96,66.745
655501,286.6,66.428
655521,280.28,66.131
655541,273.99,65.858
655561,267.74,65.609
655581,261.51,65.388
655601,255.31,65.195
655621,249.13,65.032
655641,242.96,64.9
655661,236.79,64.799
655681,230.63,64.728
655701,224.47,64.688
655721,218.29,64.677
655741,212.11,64.693
655761,205.9,64.736
655781,199.67,64.802
655801,193.41,64.89
655821,187.12,64.996
655841,180.79,65.118
655861,174.43,65.252
655881,168.03,65.395
655901,161.59,65.543
655921,155.1,65.693
655941,148.57,65.841
655961,142,65.984
655981,135.38,66.118
656001,128.72,66.24
656021,122.02,66.346
656041,115.28,66.433
656061,108.5,66.5
656081,101.69,66.543
656101,94.844,66.56
656121,87.97,66.549
656141,81.071,66.509
656161,74.151,66.439
656181,67.213,66.337
656201,60.261,66.204
656221,53.301,66.039
656241,46.336,65.843
656261,39.371,65.616
656281,32.412,65.361
656301,25.462,65.078
656321,18.528,64.768
656341,11.612,64.436
656361,4.7216,64.083
656381,357.86,63.711
656401,351.03,63.325
656421,344.24,62.928
656441,337.49,62.522
656461,330.78,62.112
656481,324.12,61.702
656501,317.51,61.295
656521,310.95,60.895
656541,304.44,60.506
656561,297.99,60.132
656581,291.58,59.776
656601,285.22,59.441
656621,278.92,59.13
656641,272.65,58.846
656661,266.42,58.591
656681,260.23,58.367
656701,254.07,58.175
656721,247.94,58.017
656741,241.82,57.892
656761,235.72,57.801
656781,229.62,57.744
656801,223.53,57.719
656821,217.43,57.725
656841,211.32,57.761
656861,205.19,57.823
656881,199.04,57.909
656901,192.86,58.017
656921,186.65,58.142
656941,180.41,58.282
656961,174.13,58.433
656981,167.8,58.59
657001,161.44,58.751
657021,155.03,58.911
657041,148.57,59.066
657061,142.07,59.212
657081,135.53,59.346
657101,128.94,59.464
657121,122.3,59.563
657141,115.63,59.639
657161,108.92,59.691
657181,102.16,59.714
657201,95.379,59.707
657221,88.563,59.668
657241,81.719,59.596
657261,74.851,59.489
657281,67.963,59.347
657301,61.058,59.17
657321,54.142,58.957
657341,47.217,58.709
657361,40.29,58.428
657381,33.364,58.114
657401,26.444,57.77
657421,19.535,57.398
657441,12.642,57
657461,5.77,56.58
657481,358.92,56.141
657501,352.11,55.686
657521,345.32,55.219
657541,338.58,54.745
657561,331.88,54.268
657581,325.23,53.792
657601,318.62,53.322
657621,312.07,52.862
657641,305.57,52.417
657661,299.13,51.992
657681,292.75,51.59
657701,286.42,51.214
657721,280.15,50.87
657741,273.92,50.559
657761,267.75,50.285
657781,261.62,50.05
657801,255.53,49.854
657821,249.47,49.7
657841,243.44,49.587
657861,237.43,49.515
657881,231.43,49.484
657901,225.44,49.491
657921,219.45,49.535
657941,213.44,49.614
657961,207.43,49.723
657981,201.39,49.861
658001,195.32,50.022
658021,189.23,50.203
658041,183.09,50.4
658061,176.92,50.608
658081,170.71,50.822
658101,164.45,51.039
658121,158.14,51.253
658141,151.79,51.459
658161,145.39,51.655
658181,138.95,51.834
658201,132.46,51.994
658221,125.93,52.131
658241,119.35,52.241
658261,112.74,52.32
658281,106.09,52.368
658301,99.405,52.38
658321,92.69,52.355
658341,85.948,52.292
658361,79.183,52.189
658381,72.399,52.045
658401,65.599,51.861
658421,58.788,51.636
658441,51.969,51.371
658461,45.149,51.067
658481,38.33,50.727
658501,31.517,50.351
658521,24.716,49.942
658541,17.93,49.504
658561,11.164,49.039
658581,4.4231,48.551
658601,357.71,48.045
658621,351.03,47.526
658641,344.39,46.996
658661,337.79,46.463
658681,331.24,45.932
658701,324.74,45.407
658721,318.29,44.894
658741,311.9,44.4
658761,305.56,43.929
658781,299.28,43.487
658801,293.05,43.079
658821,286.89,42.71
658841,280.78,42.384
658861,274.71,42.105
658881,268.7,41.875
658901,262.73,41.697
658921,256.79,41.572
658941,250.88,41.501
658961,244.98,41.484
658981,239.1,41.518
659001,233.22,41.603
659021,227.34,41.734
659041,221.44,41.91
659061,215.52,42.125
659081,209.57,42.376
659101,203.59,42.656
659121,197.58,42.961
659141,191.52,43.285
659161,185.42,43.623
659181,179.27,43.969
659201,173.07,44.317
659221,166.83,44.662
659241,160.54,44.999
659261,154.2,45.322
659281,147.82,45.627
659301,141.39,45.91
659321,134.92,46.166
659341,128.42,46.391
659361,121.88,46.582
659381,115.31,46.737
659401,108.71,46.852
659421,102.09,46.926
659441,95.453,46.957
659461,88.798,46.943
659481,82.133,46.885
659501,75.462,46.782
659521,68.789,46.634
659541,62.118,46.442
659561,55.455,46.207
659581,48.803,45.931
659601,42.168,45.616
659621,35.552,45.264
659641,28.962,44.879
659661,22.4,44.465
659681,15.87,44.025
659701,9.3773,43.563
659721,2.9241,43.085
659741,356.51,42.596
659761,350.15,42.101
659781,343.83,41.605
659801,337.57,41.116
659821,331.35,40.639
659841,325.19,40.181
659861,319.07,39.747
659881,313.01,39.345
659901,306.99,38.98
659921,301.02,38.657
659941,295.08,38.382
659961,289.18,38.16
659981,283.31,37.993
660001,277.45,37.885
660021,271.6,37.838
660041,265.76,37.852
660061,259.91,37.928
660081,254.04,38.063
660101,248.16,38.256
660121,242.24,38.503
660141,236.29,38.801
660161,230.29,39.144
660181,224.25,39.527
660201,218.17,39.945
660221,212.03,40.391
660241,205.84,40.858
660261,199.6,41.342
660281,193.31,41.835
660301,186.97,42.331
660321,180.58,42.825
660341,174.15,43.31
660361,167.68,43.781
660381,161.17,44.234
660401,154.62,44.663
660421,148.05,45.064
660441,141.44,45.434
660461,134.82,45.769
660481,128.17,46.067
660501,121.51,46.325
660521,114.85,46.54
660541,108.17,46.712
660561,101.5,46.84
660581,94.83,46.923
660601,88.169,46.96
660621,81.52,46.953
660641,74.887,46.903
660661,68.276,46.81
660681,61.69,46.676
660701,55.133,46.504
660721,48.609,46.297
660741,42.12,46.057
660761,35.671,45.789
660781,29.263,45.495
660801,22.9,45.181
660821,16.582,44.851
660841,10.311,44.51
660861,4.0882,44.162
660881,357.91,43.814
660901,351.79,43.471
660921,345.7,43.138
660941,339.66,42.822
660961,333.66,42.527
660981,327.7,42.259
661001,321.77,42.024
661021,315.86,41.826
661041,309.96,41.67
661061,304.08,41.558
661081,298.2,41.496
661101,292.31,41.485
661121,286.41,41.526
661141,280.49,41.621
661161,274.53,41.769
661181,268.54,41.971
661201,262.5,42.223
661221,256.42,42.523
661241,250.28,42.869
661261,244.09,43.256
661281,237.84,43.679
661301,231.53,44.134
661321,225.16,44.616
661341,218.74,45.118
661361,212.27,45.637
661381,205.74,46.165
661401,199.16,46.697
661421,192.55,47.228
661441,185.89,47.752
661461,179.19,48.266
661481,172.46,48.763
661501,165.71,49.239
661521,158.93,49.692
661541,152.14,50.116
661561,145.33,50.509
661581,138.51,50.868
661601,131.69,51.191
661621,124.87,51.476
661641,118.06,51.722
661661,111.25,51.927
661681,104.46,52.091
661701,97.678,52.215
661721,90.923,52.299
661741,84.192,52.343
661761,77.49,52.349
661781,70.82,52.319
661801,64.186,52.255
661821,57.589,52.159
661841,51.033,52.035
661861,44.519,51.886
661881,38.05,51.715
661901,31.627,51.526
661921,25.25,51.323
661941,18.92,51.11
661961,12.636,50.893
661981,6.3966,50.675
662001,0.20129,50.461
662021,354.05,50.255
662041,347.93,50.063
662061,341.85,49.888
662081,335.8,49.736
662101,329.77,49.608
662121,323.76,49.511
662141,317.76,49.446
662161,311.77,49.416
662181,305.77,49.424
662201,299.77,49.472
662221,293.75,49.561
662241,287.71,49.691
662261,281.64,49.862
662281,275.53,50.075
662301,269.38,50.326
662321,263.18,50.616
662341,256.94,50.941
662361,250.64,51.299
662381,244.28,51.685
662401,237.87,52.098
662421,231.4,52.531
662441,224.88,52.982
662461,218.31,53.446
662481,211.68,53.918
662501,205,54.394
662521,198.28,54.87
662541,191.52,55.34
662561,184.72,55.801
662581,177.89,56.248
662601,171.03,56.678
662621,164.14,57.087
662641,157.24,57.473
662661,150.33,57.831
662681,143.41,58.16
662701,136.48,58.458
662721,129.55,58.722
662741,122.63,58.953
662761,115.72,59.148
662781,108.82,59.308
662801,101.94,59.432
662821,95.085,59.521
662841,88.254,59.576
662861,81.452,59.598
662881,74.683,59.589
662901,67.95,59.551
662921,61.255,59.486
662941,54.6,59.397
662961,47.988,59.287
662981,41.419,59.159
663001,34.896,59.017
663021,28.417,58.863
663041,21.984,58.703
663061,15.596,58.54
663081,9.2512,58.378
663101,2.9485,58.22
663121,356.69,58.072
663141,350.46,57.935
663161,344.27,57.815
663181,338.1,57.714
663201,331.97,57.636
663221,325.85,57.583
663241,319.74,57.559
663261,313.65,57.564
663281,307.55,57.602
663301,301.46,57.672
663321,295.35,57.776
663341,289.23,57.914
663361,283.08,58.085
663381,276.91,58.29
663401,270.71,58.527
663421,264.46,58.794
663441,258.18,59.089
663461,251.85,59.41
663481,245.47,59.755
663501,239.04,60.118
663521,232.56,60.499
663541,226.02,60.892
663561,219.44,61.295
663581,212.81,61.704
663601,206.12,62.113
663621,199.4,62.521
663641,192.62,62.923
663661,185.81,63.316
663681,178.97,63.695
663701,172.09,64.058
663721,165.19,64.402
663741,158.26,64.724
663761,151.32,65.021
663781,144.37,65.291
663801,137.41,65.533
663821,130.44,65.746
663841,123.48,65.927
663861,116.52,66.077
663881,109.58,66.195
663901,102.65,66.282
663921,95.736,66.338
663941,88.849,66.363
663961,81.99,66.36
663981,75.161,66.33
664001,68.366,66.275
664021,61.606,66.198
664041,54.886,66.1
664061,48.206,65.985
664081,41.567,65.856
664101,34.972,65.717
664121,28.421,65.57
664141,21.913,65.419
664161,15.449,65.268
664181,9.0263,65.12
664201,2.645,64.979
664221,356.3,64.849
664241,350,64.732
664261,343.72,64.632
664281,337.48,64.552
664301,331.26,64.495
664321,325.07,64.462
664341,318.89,64.457
664361,312.72,64.48
664381,306.56,64.532
664401,300.4,64.615
664421,294.24,64.73
664441,288.07,64.875
664461,281.88,65.05
664481,275.66,65.255
664501,269.43,65.488
664521,263.16,65.747
664541,256.86,66.031
664561,250.52,66.337
664581,244.14,66.661
664601,237.71,67.002
664621,231.24,67.355
664641,224.72,67.718
664661,218.15,68.088
664681,211.54,68.46
664701,204.88,68.831
664721,198.17,69.198
664741,191.42,69.557
664761,184.63,69.905
664781,177.81,70.239
664801,170.95,70.556
664821,164.06,70.853
664841,157.14,71.128
664861,150.2,71.379
664881,143.25,71.604
664901,136.29,71.802
664921,129.32,71.971
664941,122.35,72.111
664961,115.38,72.221
664981,108.42,72.301
665001,101.47,72.353
665021,94.533,72.376
665041,87.619,72.372
665061,80.73,72.342
665081,73.868,72.288
665101,67.036,72.213
665121,60.238,72.118
665141,53.476,72.006
665161,46.751,71.88
665181,40.066,71.744
665201,33.422,71.6
665221,26.819,71.452
665241,20.257,71.303
665261,13.737,71.157
665281,7.257,71.017
665301,0.81647,70.886
665321,354.41,70.769
665341,348.05,70.667
665361,341.71,70.584
665381,335.41,70.523
665401,329.13,70.485
665421,322.87,70.474
665441,316.63,70.49
665461,310.4,70.535
665481,304.19,70.61
665501,297.97,70.715
665521,291.76,70.851
665541,285.54,71.017
665561,279.31,71.212
665581,273.06,71.435
665601,266.79,71.685
665621,260.5,71.96
665641,254.18,72.257
665661,247.83,72.573
665681,241.44,72.907
665701,235.01,73.254
665721,228.54,73.612
665741,222.03,73.977
665761,215.47,74.346
665781,208.88,74.715
665801,202.23,75.08
665821,195.55,75.439
665841,188.82,75.788
665861,182.05,76.124
665881,175.25,76.443
665901,168.41,76.744
665921,161.53,77.023
665941,154.63,77.279
665961,147.71,77.509
665981,140.77,77.713
666001,133.81,77.888
666021,126.85,78.035
666041,119.87,78.152
666061,112.9,78.24
666081,105.93,78.299
666101,98.968,78.329
666121,92.018,78.332
666141,85.084,78.309
666161,78.171,78.262
666181,71.281,78.193
666201,64.419,78.104
666221,57.586,77.998
666241,50.785,77.877
666261,44.02,77.745
666281,37.29,77.605
666301,30.598,77.459
666321,23.944,77.313
666341,17.328,77.168
666361,10.752,77.028
666381,4.2126,76.898
666401,357.71,76.779
666421,351.24,76.676
666441,344.81,76.591
666461,338.41,76.527
666481,332.03,76.486
666501,325.69,76.471
666521,319.36,76.484
666541,313.05,76.526
666561,306.76,76.599
666581,300.47,76.702
666601,294.19,76.837
666621,287.91,77.003
666641,281.63,77.199
666661,275.34,77.426
666681,269.04,77.68
666701,262.73,77.962
666721,256.39,78.267
666741,250.03,78.594
666761,243.64,78.941
666781,237.22,79.303
666801,230.77,79.678
666821,224.29,80.0626
666841,217.76,80.4524
666861,211.2,80.8442
666881,204.6,81.2342
666901,197.95,81.6188
666921,191.27,81.9942
666941,184.55,82.3572
666961,177.79,82.7044
666981,170.99,83.0326
667001,164.16,83.3393
667021,157.3,83.6218
667041,150.4,83.878
667061,143.49,84.1061
667081,136.55,84.3047
667101,129.59,84.4727
667121,122.62,84.6096
667141,115.65,84.715
667161,108.66,84.7893
667181,101.68,84.8329
667201,94.701,84.8468
667221,87.73,84.8324
667241,80.772,84.7913
667261,73.829,84.7256
667281,66.907,84.6377
667301,60.007,84.5301
667321,53.133,84.4057
667341,46.288,84.2676
667361,39.473,84.1191
667381,32.69,83.9635
667401,25.941,83.8043
667421,19.227,83.6451
667441,12.547,83.4895
667461,5.9032,83.341
667481,359.29,83.2031
667501,352.72,83.0792
667521,346.17,82.9724
667541,339.66,82.8858
667561,333.18,82.8221
667581,326.72,82.7839
667601,320.28,82.7733
667621,313.87,82.7921
667641,307.47,82.8419
667661,301.09,82.9236
667681,294.72,83.0381
667701,288.35,83.1854
667721,281.98,83.3654
667741,275.62,83.5775
667761,269.25,83.8207
667781,262.86,84.0933
667801,256.47,84.3937
667821,250.06,84.7194
667841,243.63,85.0678
667861,237.17,85.436
667881,230.69,85.8208
667901,224.19,86.2187
667921,217.65,86.6258
667941,211.08,87.0385
667961,204.47,87.4526
667981,197.83,87.8642
668001,191.16,88.2693
668021,184.45,88.664
668041,177.7,89.04429
668061,170.92,89.40663
668081,164.11,89.74756
668101,157.26,90.063934
668121,150.38,90.35292
668141,143.48,90.61208
668161,136.55,90.83934
668181,129.6,91.0331
668201,122.63,91.1922
668221,115.65,91.3159
668241,108.66,91.404
668261,101.66,91.4568
668281,94.661,91.4749
668301,87.662,91.4595
668321,80.668,91.4121
668341,73.684,91.3347
668361,66.713,91.2297
668381,59.758,91.0998
668401,52.824,90.94774
668421,45.911,90.77689
668441,39.024,90.59064
668461,32.164,90.39258
668481,25.332,90.18644
668501,18.531,89.976008
668521,11.761,89.76514
668541,5.0223,89.55767
668561,358.32,89.35738
668581,351.64,89.16797
668601,344.99,88.993
668621,338.38,88.8358
668641,331.79,88.6996
668661,325.23,88.5872
668681,318.69,88.5014
668701,312.17,88.4442
668721,305.67,88.4178
668741,299.18,88.4236
668761,292.71,88.4629
668781,286.24,88.5362
668801,279.78,88.6441
668821,273.32,88.7862
668841,266.86,88.9622
668861,260.39,89.17086
668881,253.92,89.41091
668901,247.43,89.68046
668921,240.93,89.977286
668941,234.4,90.29878
668961,227.86,90.642
668981,221.3,91.0037
669001,214.7,91.3802
669021,208.09,91.7679
669041,201.44,92.1628
669061,194.76,92.5607
669081,188.05,92.9573
669101,181.31,93.3485
669121,174.54,93.73
669141,167.74,94.0976
669161,160.91,94.4471
669181,154.05,94.7749
669201,147.16,95.0771
669221,140.24,95.3505
669241,133.31,95.5922
669261,126.35,95.7995
669281,119.37,95.9704
669301,112.38,96.1033
669321,105.38,96.197
669341,98.376,96.2509
669361,91.364,96.2651
669381,84.351,96.24
669401,77.342,96.1766
669421,70.34,96.0765
669441,63.349,95.9416
669461,56.371,95.7744
669481,49.41,95.5777
669501,42.469,95.3546
669521,35.55,95.1087
669541,28.655,94.8436
669561,21.787,94.5633
669581,14.946,94.2717
669601,8.1335,93.9731
669621,1.3504,93.6716
669641,354.6,93.3713
669661,347.87,93.0763
669681,341.18,92.7907
669701,334.51,92.5183
669721,327.87,92.2626
669741,321.25,92.0271
669761,314.66,91.8149
669781,308.09,91.6288
669801,301.53,91.4714
669821,294.99,91.3447
669841,288.46,91.2504
669861,281.95,91.1899
669881,275.43,91.1641
669901,268.92,91.1734
669921,262.41,91.218
669941,255.9,91.2973
669961,249.37,91.4106
669981,242.84,91.5565
670001,236.29,91.7335
670021,229.73,91.9394
670041,223.15,92.1718
670061,216.54,92.4279
670081,209.91,92.7046
670101,203.26,92.9985
670121,196.57,93.306
670141,189.86,93.6233
670161,183.13,93.9462
670181,176.36,94.2708
670201,169.56,94.5927
670221,162.73,94.9079
670241,155.88,95.212
670261,148.99,95.5009
670281,142.09,95.7707
670301,135.16,96.0176
670321,128.21,96.2379
670341,121.24,96.4286
670361,114.25,96.5866
670381,107.25,96.7095
670401,100.25,96.7952
670421,93.236,96.8422
670441,86.223,96.8494
670461,79.211,96.8162
670481,72.205,96.7426
670501,65.208,96.6294
670521,58.223,96.4774
670541,51.254,96.2884
670561,44.303,96.0645
670581,37.374,95.8082
670601,30.468,95.5225
670621,23.588,95.2108
670641,16.735,94.8766
670661,9.9111,94.524
670681,3.1171,94.1569
670701,356.35,93.7796
670721,349.62,93.3963
670741,342.92,93.0113
670761,336.24,92.629
670781,329.6,92.2534
670801,322.98,91.8885
670821,316.39,91.5383
670841,309.82,91.2062
670861,303.28,90.89553
670881,296.75,90.60939
670901,290.24,90.35041
670921,283.74,90.12088
670941,277.26,89.922713
670961,270.78,89.7574
670981,264.3,89.62602
671001,257.82,89.5292
671021,251.34,89.46716
671041,244.85,89.43965
671061,238.35,89.44601
671081,231.84,89.48516
671101,225.31,89.55559
671121,218.77,89.65543
671141,212.2,89.78243
671161,205.6,89.934025
671181,198.98,90.10733
671201,192.33,90.29919
671221,185.65,90.50623
671241,178.94,90.72487
671261,172.2,90.95138
671281,165.43,91.1819
671301,158.63,91.4126
671321,151.8,91.6395
671341,144.94,91.8586
671361,138.06,92.0663
671381,131.15,92.2586
671401,124.21,92.4322
671421,117.26,92.5836
671441,110.29,92.7097
671461,103.3,92.8077
671481,96.309,92.8752
671501,89.308,92.91
671521,82.304,92.9105
671541,75.302,92.8754
671561,68.304,92.8039
671581,61.317,92.6956
671601,54.342,92.5507
671621,47.383,92.3699
671641,40.445,92.1543
671661,33.53,91.9054
671681,26.641,91.6255
671701,19.78,91.3168
671721,12.95,90.98234
671741,6.1518,90.62524
671761,359.39,90.24901
671781,352.66,89.85736
671801,345.96,89.4542
671821,339.3,89.04355
671841,332.67,88.6295
671861,326.08,88.2162
671881,319.51,87.8076
671901,312.98,87.4077
671921,306.48,87.0203
671941,300,86.6489
671961,293.54,86.297
671981,287.1,85.9676
672001,280.68,85.6633
672021,274.28,85.3866
672041,267.88,85.1395
672061,261.49,84.9235
672081,255.1,84.7399
672101,248.71,84.5892
672121,242.32,84.4719
672141,235.91,84.3878
672161,229.5,84.3363
672181,223.07,84.3165
672201,216.62,84.327
672221,210.14,84.366
672241,203.65,84.4314
672261,197.12,84.5207
672281,190.57,84.6313
672301,183.98,84.7602
672321,177.36,84.9042
672341,170.71,85.0598
672361,164.02,85.2237
672381,157.3,85.3922
672401,150.55,85.5618
672421,143.76,85.7288
672441,136.94,85.8895
672461,130.09,86.0406
672481,123.22,86.1787
672501,116.31,86.3004
672521,109.39,86.403
672541,102.44,86.4834
672561,95.482,86.5394
672581,88.509,86.5686
672601,81.527,86.5693
672621,74.542,86.5398
672641,67.556,86.4792
672661,60.574,86.3866
672681,53.601,86.2617
672701,46.641,86.1047
672721,39.698,85.9159
672741,32.776,85.6965
672761,25.878,85.4476
672781,19.008,85.171
672801,12.168,84.8689
672821,5.3622,84.5437
672841,358.59,84.1981
672861,351.86,83.8353
672881,345.16,83.4585
672901,338.51,83.0713
672921,331.89,82.6773
672941,325.31,82.2802
672961,318.77,81.8838
672981,312.27,81.4918
673001,305.8,81.1081
673021,299.36,80.7361
673041,292.95,80.3793
673061,286.57,80.0408
673081,280.22,79.724
673101,273.88,79.43
673121,267.56,79.163
673141,261.25,78.924
673161,254.95,78.715
673181,248.65,78.536
673201,242.35,78.389
673221,236.05,78.274
673241,229.74,78.19
673261,223.41,78.137
673281,217.07,78.114
673301,210.71,78.119
673321,204.32,78.151
673341,197.9,78.208
673361,191.46,78.287
673381,184.98,78.386
673401,178.47,78.501
673421,171.93,78.63
673441,165.34,78.769
673461,158.72,78.915
673481,152.06,79.064
673501,145.36,79.213
673521,138.63,79.358
673541,131.86,79.497
673561,125.06,79.625
673581,118.22,79.74
673601,111.36,79.839
673621,104.47,79.918
673641,97.554,79.977
673661,90.62,80.0115
673681,83.669,80.0207
673701,76.706,80.003
673721,69.735,79.957
673741,62.76,79.882
673761,55.787,79.777
673781,48.818,79.643
673801,41.86,79.479
673821,34.917,79.286
673841,27.992,79.066
673861,21.091,78.82
673881,14.217,78.548
673901,7.3733,78.254
673921,0.56378,77.94
673941,353.79,77.609
673961,347.06,77.263
673981,340.36,76.905
674001,333.71,76.539
674021,327.11,76.168
674041,320.54,75.796
674061,314.02,75.426
674081,307.54,75.062
674101,301.1,74.707
674121,294.7,74.365
674141,288.33,74.038
674161,281.99,73.73
674181,275.69,73.444
674201,269.4,73.181
674221,263.14,72.944
674241,256.89,72.735
674261,250.66,72.555
674281,244.43,72.405
674301,238.2,72.286
674321,231.97,72.197
674341,225.73,72.138
674361,219.47,72.109
674381,213.2,72.108
674401,206.91,72.134
674421,200.6,72.184
674441,194.25,72.257
674461,187.88,72.351
674481,181.47,72.461
674501,175.02,72.586
674521,168.53,72.722
674541,162.01,72.865
674561,155.44,73.013
674581,148.84,73.162
674601,142.19,73.308
674621,135.5,73.448
674641,128.77,73.58
674661,122.01,73.698
674681,115.21,73.802
674701,108.38,73.887
674721,101.52,73.952
674741,94.628,73.994
674761,87.714,74.011
674781,80.78,74.001
674801,73.83,73.964
674821,66.868,73.899
674841,59.899,73.804
674861,52.926,73.68
674881,45.956,73.526
674901,38.992,73.344
674921,32.04,73.134
674941,25.103,72.898
674961,18.187,72.637
674981,11.296,72.353
675001,4.4343,72.048
675021,357.61,71.725
675041,350.81,71.387
675061,344.06,71.036
675081,337.35,70.677
675101,330.68,70.311
675121,324.06,69.943
675141,317.49,69.576
675161,310.96,69.214
675181,304.48,68.859
675201,298.05,68.516
675221,291.65,68.188
675241,285.3,67.877
675261,278.99,67.586
675281,272.71,67.318
675301,266.45,67.076
675321,260.23,66.86
675341,254.02,66.674
675361,247.83,66.516
675381,241.66,66.39
675401,235.48,66.293
675421,229.3,66.228
675441,223.12,66.192
675461,216.93,66.185
675481,210.72,66.205
675501,204.49,66.251
675521,198.24,66.32
675541,191.96,66.41
675561,185.64,66.518
675581,179.29,66.641
675601,172.9,66.776
675621,166.47,66.919
675641,160,67.067
675661,153.49,67.217
675681,146.93,67.365
675701,140.33,67.507
675721,133.69,67.64
675741,127,67.76
675761,120.28,67.865
675781,113.52,67.952
675801,106.72,68.017
675821,99.886,68.059
675841,93.024,68.076
675861,86.134,68.065
675881,79.221,68.025
675901,72.288,67.956
675921,65.339,67.855
675941,58.38,67.724
675961,51.413,67.562
675981,44.445,67.369
676001,37.479,67.147
676021,30.52,66.896
676041,23.574,66.618
676061,16.645,66.316
676081,9.7383,65.991
676101,2.8578,65.646
676121,356.01,65.284
676141,349.19,64.908
676161,342.42,64.522
676181,335.68,64.128
676201,328.99,63.73
676221,322.35,63.333
676241,315.76,62.939
676261,309.22,62.553
676281,302.73,62.177
676301,296.29,61.817
676321,289.89,61.474
676341,283.55,61.152
676361,277.25,60.854
676381,270.99,60.583
676401,264.76,60.339
676421,258.57,60.126
676441,252.41,59.945
676461,246.27,59.796
676481,240.14,59.679
676501,234.02,59.596
676521,227.91,59.545
676541,221.79,59.525
676561,215.67,59.534
676581,209.53,59.572
676601,203.38,59.635
676621,197.2,59.722
676641,190.99,59.829
676661,184.75,59.952
676681,178.47,60.089
676701,172.15,60.236
676721,165.79,60.39
676741,159.39,60.546
676761,152.95,60.7
676781,146.46,60.849
676801,139.93,60.989
676821,133.35,61.117
676841,126.73,61.228
676861,120.06,61.32
676881,113.36,61.391
676901,106.61,61.436
676921,99.832,61.453
676941,93.02,61.441
676961,86.178,61.398
676981,79.309,61.322
677001,72.418,61.213
677021,65.508,61.069
677041,58.584,60.891
677061,51.649,60.678
677081,44.709,60.433
677101,37.768,60.155
677121,30.83,59.846
677141,23.9,59.508
677161,16.984,59.143
677181,10.086,58.754
677201,3.2107,58.345
677221,356.36,57.917
677241,349.55,57.476
677261,342.77,57.024
677281,336.03,56.566
677301,329.34,56.106
677321,322.69,55.649
677341,316.09,55.198
677361,309.55,54.758
677381,303.06,54.333
677401,296.63,53.927
677421,290.25,53.544
677441,283.93,53.187
677461,277.65,52.861
677481,271.43,52.567
677501,265.25,52.308
677521,259.12,52.086
677541,253.01,51.902
677561,246.94,51.757
677581,240.89,51.651
677601,234.86,51.583
677621,228.84,51.554
677641,222.82,51.561
677661,216.79,51.602
677681,210.76,51.674
677701,204.71,51.776
677721,198.63,51.903
677741,192.53,52.052
677761,186.39,52.219
677781,180.22,52.4
677801,174.01,52.59
677821,167.75,52.786
677841,161.46,52.982
677861,155.11,53.175
677881,148.72,53.36
677901,142.28,53.533
677921,135.8,53.69
677941,129.27,53.826
677961,122.7,53.94
677981,116.09,54.027
678001,109.44,54.084
678021,102.75,54.109
678041,96.031,54.1
678061,89.28,54.054
678081,82.502,53.971
678101,75.702,53.849
678121,68.882,53.687
678141,62.047,53.487
678161,55.202,53.247
678181,48.35,52.969
678201,41.495,52.653
678221,34.644,52.303
678241,27.799,51.919
678261,20.965,51.504
678281,14.148,51.062
678301,7.3524,50.595
678321,0.58183,50.108
678341,353.84,49.605
678361,347.14,49.089
678381,340.47,48.567
678401,333.85,48.042
678421,327.27,47.52
678441,320.74,47.007
678461,314.27,46.507
678481,307.86,46.027
678501,301.5,45.57
678521,295.2,45.143
678541,288.95,44.75
678561,282.77,44.394
678581,276.64,44.081
678601,270.55,43.813
678621,264.52,43.592
678641,258.52,43.42
678661,252.56,43.299
678681,246.63,43.229
678701,240.71,43.208
678721,234.81,43.236
678741,228.9,43.31
678761,223,43.428
678781,217.08,43.586
678801,211.14,43.781
678821,205.17,44.007
678841,199.17,44.26
678861,193.14,44.535
678881,187.06,44.827
678901,180.94,45.13
678921,174.78,45.439
678941,168.57,45.749
678961,162.31,46.054
678981,156,46.35
679001,149.65,46.631
679021,143.25,46.893
679041,136.81,47.132
679061,130.32,47.344
679081,123.8,47.525
679101,117.24,47.672
679121,110.66,47.782
679141,104.04,47.853
679161,97.396,47.883
679181,90.734,47.871
679201,84.055,47.814
679221,77.363,47.714
679241,70.664,47.57
679261,63.96,47.381
679281,57.258,47.149
679301,50.561,46.876
679321,43.874,46.563
679341,37.201,46.212
679361,30.546,45.826
679381,23.915,45.408
679401,17.31,44.962
679421,10.737,44.492
679441,4.1985,44.002
679461,357.7,43.498
679481,351.24,42.984
679501,344.83,42.467
679521,338.47,41.951
679541,332.15,41.444
679561,325.89,40.951
679581,319.69,40.478
679601,313.53,40.032
679621,307.43,39.62
679641,301.37,39.245
679661,295.37,38.915
679681,289.41,38.634
679701,283.48,38.406
679721,277.59,38.235
679741,271.72,38.122
679761,265.86,38.07
679781,260.02,38.079
679801,254.17,38.148
679821,248.31,38.276
679841,242.44,38.461
679861,236.54,38.698
679881,230.61,38.983
679901,224.65,39.311
679921,218.64,39.678
679941,212.59,40.077
679961,206.49,40.502
679981,200.34,40.947
680001,194.14,41.405
680021,187.89,41.871
680041,181.59,42.338
680061,175.25,42.8
680081,168.86,43.252
680101,162.42,43.689
680121,155.95,44.105
680141,149.44,44.496
680161,142.9,44.859
680181,136.33,45.189
680201,129.73,45.483
680221,123.12,45.738
680241,116.49,45.953
680261,109.84,46.124
680281,103.19,46.251
680301,96.54,46.334
680321,89.889,46.37
680341,83.243,46.362
680361,76.608,46.308
680381,69.988,46.21
680401,63.388,46.07
680421,56.81,45.89
680441,50.261,45.671
680461,43.742,45.417
680481,37.258,45.131
680501,30.812,44.817
680521,24.407,44.479
680541,18.046,44.121
680561,11.73,43.747
680581,5.4617,43.364
680601,359.24,42.977
680621,353.07,42.59
680641,346.94,42.211
680661,340.87,41.844
680681,334.83,41.496
680701,328.84,41.172
680721,322.89,40.879
680741,316.96,40.621
680761,311.07,40.403
680781,305.19,40.231
680801,299.32,40.108
680821,293.46,40.037
680841,287.59,40.02
680861,281.71,40.059
680881,275.81,40.155
680901,269.87,40.307
680921,263.9,40.514
680941,257.89,40.774
680961,251.83,41.084
680981,245.72,41.44
681001,239.56,41.837
681021,233.33,42.271
681041,227.06,42.737
681061,220.72,43.228
681081,214.33,43.739
681101,207.89,44.264
681121,201.39,44.797
681141,194.85,45.332
681161,188.27,45.865
681181,181.65,46.389
681201,174.99,46.899
681221,168.3,47.391
681241,161.58,47.861
681261,154.84,48.304
681281,148.08,48.716
681301,141.31,49.096
681321,134.53,49.44
681341,127.75,49.746
681361,120.97,50.012
681381,114.19,50.238
681401,107.42,50.421
681421,100.66,50.563
681441,93.918,50.662
681461,87.198,50.721
681481,80.504,50.739
681501,73.838,50.718
681521,67.204,50.661
681541,60.605,50.569
681561,54.045,50.445
681581,47.525,50.293
681601,41.048,50.115
681621,34.616,49.916
681641,28.23,49.7
681661,21.89,49.47
681681,15.598,49.231
681701,9.3517,48.989
681721,3.1509,48.747
681741,356.99,48.511
681761,350.88,48.285
681781,344.8,48.074
681801,338.75,47.883
681821,332.74,47.716
681841,326.74,47.577
681861,320.77,47.471
681881,314.8,47.399
681901,308.84,47.367
681921,302.87,47.374
681941,296.89,47.425
681961,290.89,47.519
681981,284.87,47.657
682001,278.81,47.839
682021,272.71,48.064
682041,266.57,48.331
682061,260.38,48.637
682081,254.13,48.98
682101,247.83,49.357
682121,241.48,49.763
682141,235.06,50.195
682161,228.59,50.649
682181,222.07,51.12
682201,215.49,51.603
682221,208.86,52.093
682241,202.18,52.587
682261,195.46,53.078
682281,188.7,53.563
682301,181.9,54.036
682321,175.08,54.495
682341,168.22,54.935
682361,161.35,55.352
682381,154.46,55.744
682401,147.56,56.107
682421,140.65,56.439
682441,133.75,56.738
682461,126.84,57.003
682481,119.94,57.231
682501,113.05,57.424
682521,106.18,57.579
682541,99.323,57.699
682561,92.493,57.782
682581,85.691,57.83
682601,78.919,57.844
682621,72.181,57.827
682641,65.479,57.78
682661,58.817,57.706
682681,52.196,57.607
682701,45.618,57.487
682721,39.084,57.35
682741,32.596,57.198
682761,26.154,57.036
682781,19.757,56.868
682801,13.405,56.697
682821,7.0962,56.527
682841,0.82935,56.364
682861,354.6,56.21
682881,348.41,56.069
682901,342.25,55.946
682921,336.12,55.843
682941,330.01,55.764
682961,323.92,55.713
682981,317.84,55.69
683001,311.77,55.699
683021,305.7,55.742
683041,299.62,55.819
683061,293.52,55.931
683081,287.41,56.078
683101,281.27,56.26
683121,275.1,56.477
683141,268.89,56.726
683161,262.65,57.007
683181,256.35,57.316
683201,250.01,57.652
683221,243.62,58.012
683241,237.18,58.391
683261,230.68,58.787
683281,224.13,59.196
683301,217.53,59.614
683321,210.88,60.037
683341,204.18,60.461
683361,197.44,60.882
683381,190.65,61.296
683401,183.83,61.7
683421,176.97,62.091
683441,170.09,62.464
683461,163.18,62.816
683481,156.25,63.146
683501,149.3,63.449
683521,142.35,63.726
683541,135.39,63.972
683561,128.43,64.188
683581,121.48,64.373
683601,114.53,64.525
683621,107.6,64.644
683641,100.68,64.731
683661,93.786,64.787
683681,86.917,64.812
683701,80.076,64.808
683721,73.268,64.777
683741,66.495,64.72
683761,59.76,64.64
683781,53.064,64.541
683801,46.409,64.424
683821,39.798,64.293
683841,33.23,64.152
683861,26.706,64.003
683881,20.226,63.851
683901,13.79,63.699
683921,7.3963,63.551
683941,1.0431,63.41
683961,354.73,63.28
683981,348.45,63.164
684001,342.2,63.066
684021,335.98,62.988
684041,329.79,62.934
684061,323.62,62.904
684081,317.46,62.903
684101,311.31,62.93
684121,305.16,62.988
684141,299.02,63.077
684161,292.86,63.197
684181,286.69,63.348
684201,280.51,63.531
684221,274.3,63.742
684241,268.06,63.983
684261,261.79,64.249
684281,255.48,64.54
684301,249.13,64.853
684321,242.73,65.185
684341,236.29,65.533
684361,229.8,65.893
684381,223.27,66.263
684401,216.68,66.639
684421,210.05,67.017
684441,203.37,67.394
684461,196.64,67.765
684481,189.87,68.129
684501,183.07,68.481
684521,176.23,68.819
684541,169.35,69.139
684561,162.45,69.438
684581,155.53,69.715
684601,148.58,69.968
684621,141.62,70.194
684641,134.66,70.392
684661,127.69,70.561
684681,120.72,70.7
684701,113.75,70.81
684721,106.79,70.89
684741,99.852,70.94
684761,92.928,70.961
684781,86.027,70.956
684801,79.151,70.924
684821,72.305,70.868
684841,65.49,70.791
684861,58.711,70.694
684881,51.969,70.58
684901,45.265,70.453
684921,38.603,70.315
684941,31.982,70.17
684961,25.402,70.021
684981,18.865,69.872
685001,12.37,69.726
685021,5.9153,69.586
685041,359.5,69.456
685061,353.12,69.339
685081,346.78,69.238
685101,340.47,69.157
685121,334.18,69.097
685141,327.93,69.061
685161,321.69,69.052
685181,315.47,69.07
685201,309.26,69.117
685221,303.06,69.195
685241,296.86,69.302
685261,290.66,69.441
685281,284.45,69.609
685301,278.22,69.806
685321,271.98,70.031
685341,265.71,70.283
685361,259.42,70.558
685381,253.09,70.856
685401,246.73,71.173
685421,240.34,71.507
685441,233.9,71.854
685461,227.42,72.21
685481,220.89,72.574
685501,214.32,72.941
685521,207.71,73.307
685541,201.05,73.67
685561,194.35,74.025
685581,187.6,74.37
685601,180.82,74.702
685621,174,75.017
685641,167.15,75.314
685661,160.26,75.588
685681,153.35,75.839
685701,146.42,76.065
685721,139.47,76.264
685741,132.51,76.434
685761,125.54,76.576
685781,118.57,76.689
685801,111.6,76.772
685821,104.63,76.827
685841,97.675,76.853
685861,90.734,76.853
685881,83.811,76.826
685901,76.911,76.776
685921,70.036,76.704
685941,63.19,76.612
685961,56.375,76.504
685981,49.595,76.382
686001,42.85,76.248
686021,36.143,76.107
686041,29.475,75.961
686061,22.845,75.815
686081,16.255,75.67
686101,9.7043,75.532
686121,3.1917,75.402
686141,356.72,75.285
686161,350.28,75.184
686181,343.87,75.101
686201,337.49,75.04
686221,331.15,75.002
686241,324.82,74.99
686261,318.52,75.005
686281,312.23,75.05
686301,305.96,75.125
686321,299.7,75.231
686341,293.44,75.368
686361,287.17,75.536
686381,280.91,75.734
686401,274.63,75.961
686421,268.34,76.216
686441,262.03,76.497
686461,255.7,76.801
686481,249.35,77.126
686501,242.96,77.47
686521,236.54,77.829
686541,230.09,78.199
686561,223.6,78.578
686581,217.07,78.962
686601,210.5,79.347
686621,203.89,79.73
686641,197.24,80.1064
686661,190.54,80.4734
686681,183.81,80.8275
686701,177.04,81.1656
686721,170.23,81.4846
686741,163.39,81.782
686761,156.52,82.0553
686781,149.62,82.3026
686801,142.69,82.5221
686821,135.75,82.7126
686841,128.79,82.8731
686861,121.82,83.003
686881,114.84,83.1022
686901,107.86,83.171
686921,100.88,83.21
686941,93.913,83.2202
686961,86.951,83.203
686981,80.004,83.16
687001,73.075,83.0934
687021,66.167,83.0055
687041,59.284,82.8989
687061,52.429,82.7765
687081,45.604,82.6412
687101,38.811,82.4965
687121,32.052,82.3455
687141,25.328,82.1919
687161,18.639,82.039
687181,11.986,81.8905
687201,5.3694,81.7499
687221,358.79,81.6205
687241,352.24,81.5056
687261,345.73,81.4085
687281,339.24,81.3319
687301,332.79,81.2787
687321,326.36,81.2511
687341,319.95,81.2513
687361,313.56,81.2811
687381,307.19,81.3416
687401,300.84,81.4341
687421,294.49,81.5589
687441,288.15,81.7161
687461,281.8,81.9056
687481,275.46,82.1264
687501,269.11,82.3775
687521,262.74,82.6573
687541,256.37,82.9637
687561,249.97,83.2944
687581,243.55,83.6467
687601,237.11,84.0175
687621,230.64,84.4037
687641,224.14,84.8016
687661,217.61,85.2075
687681,211.04,85.6177
687701,204.44,86.0281
687721,197.8,86.4349
687741,191.13,86.8341
687761,184.42,87.2219
687781,177.67,87.5947
687801,170.89,87.9488
687821,164.07,88.2812
687841,157.22,88.5887
687861,150.34,88.8689
687881,143.43,89.11951
687901,136.5,89.33862
687921,129.55,89.52486
687941,122.58,89.67725
687961,115.6,89.79528
687981,108.61,89.87888
688001,101.62,89.928447
688021,94.621,89.944788
688041,87.628,89.929149
688061,80.642,89.88318
688081,73.666,89.80888
688101,66.706,89.70864
688121,59.763,89.58511
688141,52.842,89.44125
688161,45.945,89.28025
688181,39.074,89.1055
688201,32.231,88.9206
688221,25.418,88.7291
688241,18.636,88.5348
688261,11.887,88.3415
688281,5.1697,88.1529
688301,358.48,87.9728
688321,351.83,87.8046
688341,345.21,87.6519
688361,338.62,87.518
688381,332.05,87.4058
688401,325.51,87.3182
688421,319,87.2576
688441,312.5,87.2261
688461,306.02,87.2257
688481,299.56,87.2576
688501,293.11,87.3229
688521,286.67,87.4222
688541,280.23,87.5556
688561,273.79,87.7228
688581,267.35,87.9232
688601,260.9,88.1556
688621,254.44,88.4184
688641,247.97,88.7096
688661,241.49,89.02682
688681,234.98,89.36741
688701,228.45,89.72827
688721,221.9,90.10603
688741,215.32,90.49707
688761,208.72,90.89754
688781,202.08,91.3034
688801,195.41,91.7106
688821,188.71,92.1148
688841,181.98,92.5119
688861,175.22,92.8976
688881,168.42,93.2678
688901,161.59,93.6187
688921,154.74,93.9464
688941,147.85,94.2476
688961,140.94,94.5192
688981,134.01,94.7584
689001,127.05,94.9629
689021,120.08,95.131
689041,113.09,95.2611
689061,106.09,95.3526
689081,99.085,95.405
689101,92.075,95.4186
689121,85.064,95.3942
689141,78.057,95.3329
689161,71.057,95.2366
689181,64.068,95.1072
689201,57.093,94.9473
689221,50.136,94.76
689241,43.198,94.5484
689261,36.283,94.3159
689281,29.393,94.0665
689301,22.529,93.8038
689321,15.693,93.532
689341,8.8863,93.2551
689361,2.1091,92.9772
689381,355.36,92.7024
689401,348.64,92.4347
689421,341.95,92.1779
689441,335.29,91.9359
689461,328.66,91.712
689481,322.05,91.5095
689501,315.46,91.3314
689521,308.9,91.1805
689541,302.35,91.0589
689561,295.82,90.96875
689581,289.29,90.91154
689601,282.78,90.88843
689621,276.27,90.90016
689641,269.77,90.94703
689661,263.26,91.0289
689681,256.75,91.1452
689701,250.24,91.295
689721,243.71,91.4767
689741,237.16,91.6886
689761,230.6,91.9284
689781,224.02,92.1936
689801,217.42,92.4812
689821,210.79,92.7879
689841,204.14,93.1103
689861,197.46,93.4446
689881,190.75,93.7868
689901,184.01,94.1329
689921,177.25,94.4786
689941,170.45,94.8197
689961,163.62,95.1519
689981,156.77,95.471
690001,149.89,95.773
690021,142.98,96.0537
690041,136.05,96.3096
690061,129.1,96.5371
690081,122.14,96.7332
690101,115.15,96.8951
690121,108.15,97.0205
690141,101.15,97.1076
690161,94.136,97.155
690181,87.122,97.1619
690201,80.11,97.1281
690221,73.102,97.0539
690241,66.104,96.9401
690261,59.116,96.7881
690281,52.144,96.5997
690301,45.191,96.3774
690321,38.257,96.124
690341,31.347,95.8425
690361,24.462,95.5366
690381,17.604,95.2099
690401,10.774,94.8665
690421,3.9738,94.5105
690441,357.2,94.1462
690461,350.46,93.7778
690481,343.75,93.4098
690501,337.07,93.0461
690521,330.42,92.6911
690541,323.79,92.3485
690561,317.19,92.0221
690581,310.61,91.7155
690601,304.05,91.4317
690621,297.51,91.1737
690641,290.99,90.94406
690661,284.48,90.74481
690681,277.98,90.57776
690701,271.48,90.44423
690721,264.99,90.34515
690741,258.5,90.28099
690761,252,90.25178
690781,245.49,90.25712
690801,238.98,90.29619
690821,232.45,90.36774
690841,225.91,90.47011
690861,219.34,90.60128
690881,212.75,90.75886
690901,206.14,90.94012
690921,199.5,91.1421
690941,192.84,91.3614
690961,186.14,91.5946
690981,179.42,91.838
691001,172.66,92.0878
691021,165.88,92.34
691041,159.07,92.5906
691061,152.22,92.8357
691081,145.35,93.0711
691101,138.45,93.2932
691121,131.53,93.498
691141,124.59,93.682
691161,117.63,93.8419
691181,110.65,93.9746
691201,103.66,94.0773
691221,96.657,94.1476
691241,89.652,94.1835
691261,82.644,94.1835
691281,75.639,94.1463
691301,68.64,94.0714
691321,61.651,93.9587
691341,54.675,93.8085
691361,47.716,93.6217
691381,40.778,93.3998
691401,33.862,93.1444
691421,26.972,92.858
691441,20.11,92.5433
691461,13.279,92.2033
691481,6.4781,91.8414
691501,359.71,91.4614
691521,352.98,91.0671
691541,346.27,90.66251
691561,339.61,90.25183
691581,332.97,89.83921
691601,326.37,89.42878
691621,319.79,89.02463
691641,313.25,88.6307
691661,306.73,88.2507
691681,300.24,87.8883
691701,293.76,87.5466
691721,287.31,87.2287
691741,280.87,86.9372
691761,274.45,86.6743
691781,268.03,86.4419
691801,261.61,86.2415
691821,255.2,86.074
691841,248.79,85.9402
691861,242.37,85.84
691881,235.94,85.7734
691901,229.5,85.7395
691921,223.04,85.7372
691941,216.56,85.7651
691961,210.06,85.8212
691981,203.54,85.9033
692001,196.98,86.0089
692021,190.4,86.1352
692041,183.79,86.279
692061,177.14,86.4371
692081,170.46,86.606
692101,163.75,86.7823
692121,157.01,86.9621
692141,150.23,87.1419
692161,143.42,87.3179
692181,136.58,87.4865
692201,129.71,87.6442
692221,122.82,87.7876
692241,115.9,87.9134
692261,108.96,88.0187
692281,102.01,88.1005
692301,95.034,88.1566
692321,88.052,88.1846
692341,81.064,88.1827
692361,74.074,88.1496
692381,67.085,88.084
692401,60.103,87.9855
692421,53.13,87.8537
692441,46.172,87.6888
692461,39.233,87.4915
692481,32.315,87.2629
692501,25.423,87.0045
692521,18.559,86.718
692541,11.727,86.4059
692561,4.928,86.0707
692581,358.16,85.7155
692601,351.44,85.3433
692621,344.75,84.9577
692641,338.1,84.5623
692661,331.48,84.1609
692681,324.91,83.7573
692701,318.37,83.3554
692721,311.86,82.9589
692741,305.39,82.5717
692761,298.95,82.1972
692781,292.54,81.839
692801,286.15,81.5002
692821,279.78,81.1836
692841,273.43,80.8918
692861,267.09,80.6271
692881,260.77,80.3912
692901,254.45,80.1857
692921,248.13,80.0115
692941,241.81,79.869
692961,235.49,79.759
692981,229.15,79.681
693001,222.8,79.633
693021,216.43,79.616
693041,210.04,79.627
693061,203.63,79.665
693081,197.18,79.727
693101,190.71,79.812
693121,184.21,79.915
693141,177.67,80.0346
693161,171.09,80.1672
693181,164.48,80.3096
693201,157.84,80.4582
693221,151.15,80.6096
693241,144.43,80.7603
693261,137.68,80.9068
693281,130.89,81.0458
693301,124.06,81.174
693321,117.21,81.2882
693341,110.33,81.3855
693361,103.42,81.4633
693381,96.495,81.519
693401,89.55,81.5505
693421,82.591,81.556
693441,75.621,81.5339
693461,68.646,81.483
693481,61.67,81.4025
693501,54.696,81.292
693521,47.731,81.1515
693541,40.777,80.9811
693561,33.84,80.7818
693581,26.924,80.5545
693601,20.032,80.3006
693621,13.169,80.0222
693641,6.3382,79.721
693661,359.54,79.4
693681,352.78,79.062
693701,346.06,78.709
693721,339.38,78.345
693741,332.75,77.973
693761,326.15,77.597
693781,319.6,77.22
693801,313.09,76.846
693821,306.62,76.478
693841,300.18,76.12
693861,293.79,75.775
693881,287.42,75.447
693901,281.08,75.138
693921,274.77,74.851
693941,268.49,74.588
693961,262.22,74.352
693981,255.96,74.144
694001,249.71,73.965
694021,243.47,73.817
694041,237.23,73.7
694061,230.98,73.613
694081,224.72,73.556
694101,218.44,73.529
694121,212.15,73.53
694141,205.84,73.558
694161,199.5,73.611
694181,193.13,73.686
694201,186.73,73.781
694221,180.29,73.892
694241,173.82,74.018
694261,167.31,74.154
694281,160.76,74.298
694301,154.17,74.446
694321,147.54,74.594
694341,140.87,74.739
694361,134.16,74.878
694381,127.41,75.008
694401,120.63,75.125
694421,113.81,75.227
694441,106.97,75.31
694461,100.09,75.372
694481,93.186,75.412
694501,86.262,75.426
694521,79.319,75.414
694541,72.363,75.375
694561,65.396,75.307
694581,58.425,75.209
694601,51.453,75.083
694621,44.485,74.927
694641,37.526,74.743
694661,30.58,74.531
694681,23.652,74.294
694701,16.747,74.031
694721,9.8691,73.746
694741,3.0217,73.441
694761,356.21,73.118
694781,349.43,72.78
694801,342.7,72.43
694821,336.01,72.071
694841,329.36,71.707
694861,322.76,71.341
694881,316.2,70.976
694901,309.69,70.617
694921,303.22,70.265
694941,296.8,69.925
694961,290.42,69.6
694981,284.07,69.293
695001,277.76,69.007
695021,271.49,68.744
695041,265.24,68.506
695061,259.01,68.295
695081,252.8,68.113
695101,246.6,67.96
695121,240.41,67.838
695141,234.23,67.746
695161,228.04,67.685
695181,221.84,67.653
695201,215.63,67.649
695221,209.4,67.673
695241,203.15,67.721
695261,196.87,67.793
695281,190.56,67.885
695301,184.22,67.995
695321,177.84,68.119
695341,171.43,68.255
695361,164.97,68.399
695381,158.48,68.547
695401,151.94,68.697
695421,145.36,68.844
695441,138.73,68.985
695461,132.07,69.117
695481,125.36,69.237
695501,118.61,69.341
695521,111.83,69.427
695541,105.01,69.491
695561,98.163,69.533
695581,91.284,69.549
695601,84.381,69.537
695621,77.455,69.498
695641,70.512,69.429
695661,63.556,69.329
695681,56.59,69.199
695701,49.62,69.039
695721,42.65,68.849
695741,35.686,68.63
695761,28.731,68.384
695781,21.79,68.111
695801,14.87,67.815
695821,7.973,67.496
695841,1.1048,67.159
695861,354.27,66.804
695881,347.47,66.437
695901,340.71,66.059
695921,334,65.675
695941,327.33,65.288
695961,320.7,64.901
695981,314.13,64.519
696001,307.61,64.144
696021,301.13,63.78
696041,294.71,63.431
696061,288.33,63.1
696081,281.99,62.79
696101,275.7,62.503
696121,269.44,62.242
696141,263.22,62.009
696161,257.03,61.806
696181,250.86,61.634
696201,244.71,61.493
696221,238.57,61.384
696241,232.44,61.307
696261,226.31,61.262
696281,220.18,61.247
696301,214.03,61.261
696321,207.87,61.301
696341,201.68,61.367
696361,195.48,61.454
696381,189.24,61.561
696401,182.97,61.684
696421,176.66,61.82
696441,170.31,61.965
696461,163.92,62.116
696481,157.49,62.269
696501,151.01,62.42
696521,144.49,62.565
696541,137.92,62.701
696561,131.31,62.824
696581,124.66,62.931
696601,117.97,63.019
696621,111.23,63.085
696641,104.46,63.127
696661,97.657,63.141
696681,90.82,63.126
696701,83.955,63.081
696721,77.065,63.003
696741,70.155,62.893
696761,63.227,62.75
696781,56.287,62.573
696801,49.339,62.363
696821,42.387,62.12
696841,35.436,61.847
696861,28.492,61.544
696881,21.557,61.213
696901,14.639,60.857
696921,7.7403,60.479
696941,0.86713,60.08
696961,354.02,59.666
696981,347.21,59.238
697001,340.44,58.802
697021,333.71,58.36
697041,327.03,57.917
697061,320.4,57.478
697081,313.81,57.045
697101,307.28,56.623
697121,300.81,56.217
697141,294.38,55.83
697161,288.01,55.466
697181,281.7,55.127
697201,275.43,54.817
697221,269.21,54.539
697241,263.03,54.294
697261,256.88,54.085
697281,250.77,53.912
697301,244.69,53.776
697321,238.62,53.677
697341,232.57,53.615
697361,226.52,53.588
697381,220.47,53.596
697401,214.42,53.635
697421,208.35,53.704
697441,202.26,53.8
697461,196.15,53.92
697481,190.01,54.06
697501,183.84,54.216
697521,177.63,54.385
697541,171.38,54.561
697561,165.08,54.742
697581,158.74,54.923
697601,152.36,55.099
697621,145.93,55.267
697641,139.45,55.422
697661,132.93,55.561
697681,126.36,55.68
697701,119.76,55.775
697721,113.11,55.844
697741,106.42,55.884
697761,99.696,55.892
697781,92.94,55.867
697801,86.155,55.805
697821,79.343,55.708
697841,72.51,55.572
697861,65.658,55.399
697881,58.792,55.187
697901,51.916,54.938
697921,45.034,54.652
697941,38.151,54.331
697961,31.272,53.976
697981,24.401,53.59
698001,17.542,53.175
698021,10.702,52.734
698041,3.883,52.271
698061,357.09,51.79
698081,350.33,51.294
698101,343.61,50.788
698121,336.92,50.277
698141,330.29,49.765
698161,323.7,49.258
698181,317.16,48.761
698201,310.67,48.278
698221,304.24,47.814
698241,297.87,47.376
698261,291.56,46.966
698281,285.3,46.589
698301,279.11,46.25
698321,272.96,45.951
698341,266.86,45.695
698361,260.81,45.485
698381,254.79,45.321
698401,248.81,45.204
698421,242.85,45.135
698441,236.91,45.112
698461,230.98,45.135
698481,225.05,45.2
698501,219.12,45.306
698521,213.17,45.448
698541,207.2,45.623
698561,201.2,45.827
698581,195.18,46.055
698601,189.11,46.302
698621,183.01,46.564
698641,176.86,46.835
698661,170.67,47.11
698681,164.43,47.384
698701,158.15,47.652
698721,151.82,47.91
698741,145.44,48.152
698761,139.01,48.375
698781,132.55,48.574
698801,126.04,48.746
698821,119.49,48.887
698841,112.91,48.994
698861,106.29,49.064
698881,99.645,49.096
698901,92.973,49.087
698921,86.28,49.037
698941,79.569,48.943
698961,72.845,48.806
698981,66.111,48.626
699001,59.372,48.403
699021,52.633,48.139
699041,45.897,47.834
699061,39.17,47.49
699081,32.456,47.11
699101,25.758,46.697
699121,19.083,46.254
699141,12.433,45.785
699161,5.8134,45.294
699181,359.23,44.785
699201,352.68,44.263
699221,346.18,43.734
699241,339.72,43.203
699261,333.31,42.677
699281,326.95,42.16
699301,320.64,41.659
699321,314.39,41.181
699341,308.19,40.731
699361,302.05,40.315
699381,295.96,39.939
699401,289.92,39.608
699421,283.92,39.326
699441,277.97,39.097
699461,272.06,38.924
699481,266.17,38.809
699501,260.3,38.753
699521,254.45,38.757
699541,248.6,38.819
699561,242.74,38.937
699581,236.88,39.11
699601,230.99,39.332
699621,225.08,39.6
699641,219.13,39.909
699661,213.14,40.253
699681,207.11,40.627
699701,201.04,41.025
699721,194.92,41.44
699741,188.75,41.866
699761,182.53,42.298
699781,176.26,42.729
699801,169.94,43.153
699821,163.58,43.566
699841,157.18,43.962
699861,150.73,44.337
699881,144.25,44.685
699901,137.73,45.004
699921,131.18,45.289
699941,124.61,45.537
699961,118.01,45.746
699981,111.39,45.913
700001,104.76,46.037
700021,98.123,46.117
700041,91.478,46.151
700061,84.833,46.139
700081,78.192,46.082
700101,71.559,45.98
700121,64.939,45.834
700141,58.336,45.645
700161,51.755,45.417
700181,45.199,45.151
700201,38.673,44.85
700221,32.18,44.518
700241,25.724,44.158
700261,19.308,43.775
700281,12.934,43.373
700301,6.6054,42.958
700321,0.32393,42.534
700341,354.09,42.107
700361,347.91,41.684
700381,341.77,41.269
700401,335.68,40.87
700421,329.64,40.491
700441,323.64,40.14
700461,317.69,39.822
700481,311.76,39.543
700501,305.87,39.307
700521,299.99,39.12
700541,294.13,38.984
700561,288.28,38.905
700581,282.43,38.882
700601,276.56,38.918
700621,270.68,39.014
700641,264.77,39.167
700661,258.83,39.378
700681,252.84,39.642
700701,246.81,39.957
700721,240.73,40.318
700741,234.6,40.721
700761,228.42,41.16
700781,222.18,41.629
700801,215.88,42.123
700821,209.53,42.635
700841,203.13,43.16
700861,196.68,43.69
700881,190.18,44.222
700901,183.64,44.748
700921,177.06,45.263
700941,170.44,45.763
700961,163.8,46.242
700981,157.12,46.696
701001,150.42,47.122
701021,143.71,47.516
701041,136.98,47.875
701061,130.24,48.197
701081,123.49,48.479
701101,116.75,48.719
701121,110,48.918
701141,103.27,49.073
701161,96.549,49.185
701181,89.844,49.254
701201,83.159,49.281
701221,76.499,49.267
701241,69.867,49.213
701261,63.266,49.122
701281,56.701,48.997
701301,50.174,48.839
701321,43.687,48.653
701341,37.243,48.442
701361,30.844,48.21
701381,24.491,47.961
701401,18.185,47.699
701421,11.926,47.43
701441,5.7144,47.158
701461,359.55,46.888
701481,353.43,46.626
701501,347.34,46.375
701521,341.3,46.142
701541,335.29,45.932
701561,329.31,45.748
701581,323.35,45.595
701601,317.4,45.477
701621,311.47,45.398
701641,305.53,45.36
701661,299.59,45.367
701681,293.64,45.419
701701,287.66,45.517
701721,281.65,45.663
701741,275.61,45.856
701761,269.52,46.093
701781,263.39,46.375
701801,257.21,46.698
701821,250.97,47.059
701841,244.67,47.454
701861,238.32,47.88
701881,231.91,48.332
701901,225.44,48.805
701921,218.92,49.295
701941,212.34,49.796
701961,205.72,50.303
701981,199.05,50.812
702001,192.33,51.318
702021,185.58,51.815
702041,178.8,52.299
702061,171.99,52.767
702081,165.15,53.214
702101,158.29,53.636
702121,151.42,54.031
702141,144.54,54.395
702161,137.65,54.727
702181,130.77,55.024
702201,123.89,55.285
702221,117.01,55.509
702241,110.15,55.695
702261,103.31,55.843
702281,96.482,55.953
702301,89.683,56.027
702321,82.912,56.064
702341,76.173,56.067
702361,69.468,56.038
702381,62.801,55.978
702401,56.174,55.891
702421,49.588,55.78
702441,43.047,55.647
702461,36.551,55.497
702481,30.1,55.333
702501,23.695,55.158
702521,17.336,54.978
702541,11.022,54.797
702561,4.7519,54.617
702581,358.52,54.444
702601,352.33,54.282
702621,346.18,54.135
702641,340.05,54.007
702661,333.95,53.901
702681,327.88,53.82
702701,321.81,53.768
702721,315.76,53.747
702741,309.71,53.759
702761,303.66,53.807
702781,297.6,53.89
702801,291.52,54.01
702821,285.42,54.168
702841,279.28,54.361
702861,273.12,54.591
702881,266.91,54.854
702901,260.66,55.15
702921,254.36,55.475
702941,248,55.828
702961,241.6,56.204
702981,235.14,56.601
703001,228.63,57.014
703021,222.07,57.44
703041,215.45,57.874
703061,208.79,58.313
703081,202.07,58.753
703101,195.32,59.188
703121,188.52,59.617
703141,181.69,60.033
703161,174.82,60.435
703181,167.93,60.818
703201,161.02,61.18
703221,154.09,61.518
703241,147.15,61.828
703261,140.2,62.11
703281,133.25,62.362
703301,126.29,62.581
703321,119.35,62.768
703341,112.42,62.921
703361,105.5,63.042
703381,98.599,63.129
703401,91.724,63.184
703421,84.875,63.207
703441,78.057,63.201
703461,71.272,63.168
703481,64.523,63.109
703501,57.814,63.026
703521,51.145,62.924
703541,44.518,62.804
703561,37.935,62.671
703581,31.396,62.527
703601,24.902,62.376
703621,18.452,62.221
703641,12.046,62.068
703661,5.6821,61.918
703681,359.36,61.777
703701,353.07,61.647
703721,346.82,61.532
703741,340.6,61.435
703761,334.41,61.359
703781,328.24,61.307
703801,322.09,61.282
703821,315.95,61.284
703841,309.82,61.317
703861,303.69,61.38
703881,297.55,61.475
703901,291.41,61.602
703921,285.24,61.761
703941,279.06,61.952
703961,272.85,62.172
703981,266.61,62.421
704001,260.33,62.697
704021,254.01,62.997
704041,247.65,63.319
704061,241.24,63.66
704081,234.78,64.017
704101,228.28,64.387
704121,221.72,64.765
704141,215.12,65.149
704161,208.47,65.535
704181,201.77,65.92
704201,195.02,66.299
704221,188.24,66.669
704241,181.42,67.027
704261,174.56,67.37
704281,167.67,67.694
704301,160.76,67.998
704321,153.83,68.278
704341,146.88,68.534
704361,139.92,68.762
704381,132.95,68.961
704401,125.98,69.132
704421,119.01,69.272
704441,112.05,69.381
704461,105.1,69.461
704481,98.168,69.51
704501,91.255,69.531
704521,84.367,69.524
704541,77.507,69.491
704561,70.677,69.434
704581,63.881,69.355
704601,57.122,69.256
704621,50.401,69.141
704641,43.72,69.013
704661,37.08,68.874
704681,30.483,68.728
704701,23.928,68.578
704721,17.416,68.428
704741,10.946,68.282
704761,4.5168,68.142
704781,358.13,68.013
704801,351.77,67.897
704821,345.45,67.797
704841,339.17,67.717
704861,332.91,67.66
704881,326.67,67.626
704901,320.45,67.619
704921,314.25,67.64
704941,308.06,67.691
704961,301.87,67.771
704981,295.68,67.882
705001,289.49,68.023
705021,283.29,68.194
705041,277.07,68.395
705061,270.83,68.623
705081,264.56,68.877
705101,258.26,69.155
705121,251.93,69.455
705141,245.56,69.774
705161,239.16,70.109
705181,232.71,70.456
705201,226.21,70.814
705221,219.67,71.177
705241,213.09,71.544
705261,206.45,71.909
705281,199.78,72.271
705301,193.06,72.625
705321,186.3,72.968
705341,179.5,73.298
705361,172.66,73.61
705381,165.79,73.904
705401,158.9,74.175
705421,151.98,74.423
705441,145.04,74.645
705461,138.08,74.84
705481,131.12,75.007
705501,124.15,75.146
705521,117.18,75.255
705541,110.21,75.334
705561,103.25,75.385
705581,96.297,75.408
705601,89.365,75.404
705621,82.454,75.374
705641,75.567,75.321
705661,68.707,75.246
705681,61.878,75.152
705701,55.082,75.042
705721,48.322,74.917
705741,41.599,74.782
705761,34.914,74.64
705781,28.269,74.494
705801,21.664,74.346
705821,15.099,74.202
705841,8.5738,74.064
705861,2.0871,73.935
705881,355.64,73.819
705901,349.22,73.719
705921,342.84,73.638
705941,336.49,73.578
705961,330.17,73.542
705981,323.87,73.532
706001,317.59,73.55
706021,311.32,73.597
706041,305.07,73.674
706061,298.82,73.782
706081,292.58,73.92
706101,286.33,74.089
706121,280.08,74.288
706141,273.82,74.516
706161,267.53,74.771
706181,261.23,75.051
706201,254.91,75.353
706221,248.55,75.677
706241,242.16,76.018
706261,235.74,76.373
706281,229.29,76.739
706301,222.79,77.113
706321,216.25,77.491
706341,209.67,77.87
706361,203.05,78.246
706381,196.38,78.615
706401,189.68,78.974
706421,182.93,79.32
706441,176.15,79.65
706461,169.33,79.96
706481,162.48,80.2491
706501,155.59,80.5141
706521,148.69,80.7532
706541,141.76,80.9648
706561,134.81,81.1478
706581,127.84,81.3012
706601,120.87,81.4245
706621,113.9,81.5178
706641,106.92,81.5812
706661,99.946,81.6155
706681,92.981,81.6217
706701,86.029,81.6013
706721,79.094,81.5559
706741,72.178,81.4876
706761,65.286,81.3988
706781,58.421,81.2921
706801,51.586,81.1704
706821,44.781,81.0366
706841,38.011,80.8941
706861,31.275,80.7461
706881,24.576,80.5962
706901,17.913,80.4477
706921,11.287,80.3043
706941,4.6981,80.1693
706961,358.14,80.0461
706981,351.63,79.938
707001,345.14,79.848
707021,338.68,79.779
707041,332.26,79.734
707061,325.86,79.714
707081,319.48,79.722
707101,313.12,79.76
707121,306.78,79.829
707141,300.44,79.929
707161,294.12,80.0612
707181,287.8,80.2255
707201,281.48,80.4214
707221,275.15,80.6481
707241,268.82,80.9043
707261,262.47,81.1883
707281,256.11,81.4979
707301,249.72,81.8309
707321,243.32,82.1843
707341,236.88,82.5552
707361,230.42,82.9401
707381,223.93,83.3357
707401,217.4,83.7381
707421,210.83,84.1437
707441,204.23,84.5484
707461,197.59,84.9485
707481,190.91,85.3402
707501,184.2,85.7198
707521,177.45,86.0837
707541,170.66,86.4286
707561,163.84,86.7514
707581,156.98,87.0494
707601,150.1,87.3202
707621,143.19,87.5617
707641,136.26,87.7723
707661,129.31,87.9507
707681,122.34,88.0961
707701,115.36,88.2082
707721,108.37,88.287
707741,101.37,88.333
707761,94.384,88.3472
707781,87.397,88.3308
707801,80.42,88.2855
707821,73.455,88.2134
707841,66.507,88.117
707861,59.578,87.9988
707881,52.672,87.8617
707901,45.792,87.7091
707921,38.939,87.5442
707941,32.116,87.3704
707961,25.324,87.1916
707981,18.565,87.0112
708001,11.838,86.833
708021,5.1447,86.6608
708041,358.48,86.498
708061,351.86,86.3482
708081,345.26,86.2148
708101,338.69,86.1009
708121,332.15,86.0094
708141,325.64,85.943
708161,319.15,85.9041
708181,312.68,85.8947
708201,306.23,85.9163
708221,299.79,85.9704
708241,293.37,86.0578
708261,286.95,86.1789
708281,280.53,86.3336
708301,274.12,86.5217
708321,267.7,86.7422
708341,261.27,86.9938
708361,254.83,87.2748
708381,248.38,87.5831
708401,241.91,87.9162
708421,235.42,88.2713
708441,228.91,88.6452
708461,222.37,89.03447
708481,215.8,89.43543
708501,209.21,89.8442
708521,202.58,90.25673
708541,195.92,90.6689
708561,189.23,91.0765
708581,182.5,91.4755
708601,175.75,91.8616
708621,168.95,92.231
708641,162.13,92.5799
708661,155.28,92.9047
708681,148.4,93.2022
708701,141.49,93.4696
708721,134.56,93.7044
708741,127.6,93.9044
708761,120.63,94.0683
708781,113.64,94.1948
708801,106.65,94.2833
708821,99.642,94.3339
708841,92.633,94.3469
708861,85.625,94.3233
708881,78.622,94.2645
708901,71.626,94.1723
708921,64.641,94.049
708941,57.671,93.8973
708961,50.72,93.72
708981,43.789,93.5205
709001,36.881,93.3023
709021,29.998,93.069
709041,23.143,92.8246
709061,16.316,92.573
709081,9.519,92.3182
709101,2.7519,92.0642
709121,356.01,91.8151
709141,349.31,91.5746
709161,342.63,91.3466
709181,335.98,91.1346
709201,329.36,90.94202
709221,322.76,90.77201
709241,316.19,90.62739
709261,309.63,90.51068
709281,303.09,90.42405
709301,296.57,90.36932
709321,290.06,90.34789
709341,283.56,90.36074
709361,277.06,90.40845
709381,270.57,90.49116
709401,264.07,90.60855
709421,257.57,90.7599
709441,251.06,90.94401
709461,244.54,91.1593
709481,238.01,91.4038
709501,231.45,91.6751
709521,224.88,91.9704
709541,218.28,92.2868
709561,211.66,92.6208
709581,205.02,92.9688
709601,198.34,93.3269
709621,191.64,93.6911
709641,184.91,94.0572
709661,178.15,94.4211
709681,171.35,94.7783
709701,164.53,95.1246
709721,157.68,95.4558
709741,150.81,95.7678
709761,143.9,96.0569
709781,136.98,96.3193
709801,130.03,96.5518
709821,123.06,96.7513
709841,116.08,96.9155
709861,109.08,97.0421
709881,102.08,97.1296
709901,95.066,97.1769
709921,88.052,97.1836
709941,81.039,97.1495
709961,74.031,97.0754
709981,67.031,96.9623
710001,60.042,96.8119
710021,53.068,96.6263
710041,46.111,96.4081
710061,39.175,96.1602
710081,32.262,95.8859
710101,25.373,95.589
710121,18.511,95.2733
710141,11.676,94.9427
710161,4.8707,94.6016
710181,358.09,94.2542
710201,351.35,93.9047
710221,344.63,93.5573
710241,337.94,93.2163
710261,331.28,92.8857
710281,324.65,92.5692
710301,318.04,92.2706
710321,311.45,91.9931
710341,304.89,91.7398
710361,298.34,91.5135
710381,291.81,91.3165
710401,285.29,91.1508
710421,278.77,91.0181
710441,272.27,90.91941
710461,265.76,90.85557
710481,259.26,90.82687
710501,252.75,90.83317
710521,246.24,90.87391
710541,239.71,90.94809
710561,233.17,91.0543
710581,226.61,91.1908
710601,220.03,91.3552
710621,213.43,91.5452
710641,206.81,91.7579
710661,200.16,91.99
710681,193.48,92.2382
710701,186.77,92.4988
710721,180.04,92.7681
710741,173.27,93.042
710761,166.48,93.3167
710781,159.65,93.5879
710801,152.8,93.8516
710821,145.92,94.1037
710841,139.01,94.3404
710861,132.09,94.5579
710881,125.14,94.7525
710901,118.17,94.9209
710921,111.18,95.0601
710941,104.19,95.1674
710961,97.185,95.2405
710981,90.176,95.2776
711001,83.166,95.2771
711021,76.159,95.2382
711041,69.158,95.1605
711061,62.167,95.044
711081,55.19,94.8894
711101,48.23,94.6978
711121,41.289,94.4709
711141,34.372,94.2108
711161,27.48,93.9199
711181,20.615,93.6014
711201,13.78,93.2585
711221,6.975,92.8947
711241,0.20198,92.514
711261,353.46,92.1204
711281,346.75,91.718
711301,340.08,91.311
711321,333.43,90.90368
711341,326.82,90.50018
711361,320.23,90.10459
711381,313.67,89.72081
711401,307.14,89.35255
711421,300.63,89.00329
711441,294.14,88.6762
711461,287.67,88.3741
711481,281.21,88.0996
711501,274.77,87.8548
711521,268.33,87.6414
711541,261.89,87.4607
711561,255.46,87.3136
711581,249.02,87.2006
711601,242.58,87.1216
711621,236.12,87.0763
711641,229.66,87.0637
711661,223.17,87.0828
711681,216.67,87.1317
711701,210.14,87.2084
711721,203.59,87.3107
711741,197.01,87.4359
711761,190.4,87.581
711781,183.76,87.7428
711801,177.09,87.9179
711821,170.39,88.1029
711841,163.65,88.294
711861,156.89,88.4876
711881,150.09,88.6798
711901,143.26,88.867
711921,136.4,89.04541
711941,129.52,89.21146
711961,122.6,89.36172
711981,115.67,89.49292
712001,108.72,89.60203
712021,101.75,89.68627
712041,94.771,89.74316
712061,87.781,89.77056
712081,80.787,89.76668
712101,73.793,89.73014
712121,66.802,89.65995
712141,59.818,89.55557
712161,52.846,89.41688
712181,45.89,89.24423
712201,38.954,89.03842
712221,32.04,88.8007
712241,25.152,88.5327
712261,18.293,88.2365
712281,11.466,87.9147
712301,4.672,87.5699
712321,357.91,87.2054
712341,351.19,86.8246
712361,344.5,86.431
712381,337.85,86.0284
712401,331.24,85.6206
712421,324.67,85.2118
712441,318.12,84.8056
712461,311.61,84.4061
712481,305.14,84.017
712501,298.69,83.6419
712521,292.26,83.2841
712541,285.86,82.9468
712561,279.48,82.6328
712581,273.12,82.3446
712601,266.76,82.0844
712621,260.42,81.8538
712641,254.08,81.6542
712661,247.74,81.4866
712681,241.4,81.3513
712701,235.05,81.2485
712721,228.69,81.1777
712741,222.31,81.1382
712761,215.91,81.1287
712781,209.5,81.1477
712801,203.05,81.1931
712821,196.58,81.2628
712841,190.08,81.354
712861,183.55,81.4641
712881,176.98,81.5899
712901,170.38,81.7282
712921,163.75,81.8756
712941,157.07,82.0286
712961,150.36,82.1837
712981,143.62,82.3375
713001,136.84,82.4863
713021,130.03,82.6269
713041,123.19,82.7558
713061,116.32,82.8701
713081,109.42,82.9667
713101,102.5,83.043
713121,95.559,83.0964
713141,88.603,83.1249
713161,81.636,83.1267
713181,74.661,83.1001
713201,67.682,83.0441
713221,60.704,82.9578
713241,53.731,82.841
713261,46.768,82.6936
713281,39.819,82.5159
713301,32.889,82.3089
713321,25.981,82.0736
713341,19.099,81.8116
713361,12.246,81.5248
713381,5.4269,81.2154
713401,358.64,80.8861
713421,351.9,80.5396
713441,345.19,80.179
713461,338.52,79.808
713481,331.9,79.429
713501,325.31,79.046
713521,318.77,78.664
713541,312.27,78.285
713561,305.8,77.912
713581,299.37,77.551
713601,292.97,77.203
713621,286.61,76.873
713641,280.27,76.562
713661,273.96,76.275
713681,267.66,76.012
713701,261.38,75.776
713721,255.11,75.569
713741,248.85,75.392
713761,242.59,75.245
713781,236.33,75.13
713801,230.06,75.045
713821,223.79,74.991
713841,217.49,74.966
713861,211.18,74.97
713881,204.84,75
713901,198.47,75.055
713921,192.08,75.132
713941,185.65,75.228
713961,179.19,75.341
713981,172.69,75.468
714001,166.16,75.605
714021,159.58,75.749
714041,152.97,75.897
714061,146.31,76.045
714081,139.62,76.189
714101,132.89,76.327
714121,126.12,76.455
714141,119.32,76.571
714161,112.49,76.67
714181,105.62,76.751
714201,98.733,76.811
714221,91.818,76.847
714241,84.884,76.859
714261,77.933,76.844
714281,70.971,76.801
714301,64.001,76.729
714321,57.029,76.629
714341,50.058,76.499
714361,43.093,76.34
714381,36.139,76.153
714401,29.201,75.938
714421,22.284,75.697
714441,15.39,75.432
714461,8.5251,75.144
714481,1.6923,74.837
714501,354.9,74.512
714521,348.14,74.172
714541,341.42,73.821
714561,334.74,73.461
714581,328.11,73.097
714601,321.53,72.73
714621,314.99,72.366
714641,308.49,72.007
714661,302.04,71.657
714681,295.62,71.319
714701,289.25,70.996
714721,282.91,70.691
714741,276.61,70.408
714761,270.33,70.147
714781,264.08,69.913
714801,257.85,69.705
714821,251.64,69.527
714841,245.43,69.378
714861,239.23,69.259
714881,233.03,69.171
714901,226.82,69.113
714921,220.61,69.084
714941,214.38,69.083
714961,208.13,69.11
714981,201.86,69.161
715001,195.56,69.235
715021,189.22,69.329
715041,182.86,69.44
715061,176.46,69.565
715081,170.02,69.702
715101,163.54,69.846
715121,157.01,69.995
715141,150.45,70.144
715161,143.84,70.291
715181,137.2,70.431
715201,130.51,70.563
715221,123.78,70.681
715241,117.01,70.784
715261,110.21,70.869
715281,103.38,70.933
715301,96.51,70.973
715321,89.618,70.988
715341,82.702,70.976
715361,75.766,70.936
715381,68.815,70.867
715401,61.852,70.768
715421,54.883,70.639
715441,47.911,70.481
715461,40.942,70.293
715481,33.981,70.076
715501,27.031,69.833
715521,20.099,69.564
715541,13.188,69.271
715561,6.3033,68.958
715581,359.45,68.626
715601,352.63,68.278
715621,345.85,67.917
715641,339.11,67.547
715661,332.41,67.17
715681,325.76,66.792
715701,319.16,66.414
715721,312.6,66.04
715741,306.09,65.674
715761,299.64,65.32
715781,293.22,64.981
715801,286.86,64.66
715821,280.53,64.359
715841,274.25,64.082
715861,268,63.83
715881,261.78,63.606
715901,255.58,63.411
715921,249.41,63.247
715941,243.25,63.114
715961,237.1,63.012
715981,230.96,62.941
716001,224.81,62.901
716021,218.65,62.891
716041,212.49,62.909
716061,206.3,62.953
716081,200.09,63.021
716101,193.86,63.11
716121,187.59,63.218
716141,181.29,63.342
716161,174.95,63.477
716181,168.57,63.622
716201,162.15,63.771
716221,155.69,63.922
716241,149.18,64.071
716261,142.63,64.213
716281,136.03,64.347
716301,129.4,64.467
716321,122.72,64.572
716341,116,64.657
716361,109.24,64.721
716381,102.44,64.76
716401,95.614,64.772
716421,88.755,64.756
716441,81.871,64.71
716461,74.963,64.632
716481,68.036,64.523
716501,61.095,64.38
716521,54.143,64.206
716541,47.185,63.999
716561,40.225,63.761
716581,33.269,63.493
716601,26.321,63.197
716621,19.387,62.874
716641,12.47,62.527
716661,5.5758,62.159
716681,358.71,61.772
716701,351.87,61.37
716721,345.08,60.956
716741,338.32,60.534
716761,331.6,60.108
716781,324.93,59.681
716801,318.31,59.258
716821,311.74,58.843
716841,305.23,58.439
716861,298.77,58.05
716881,292.36,57.681
716901,286,57.333
716921,279.69,57.011
716941,273.42,56.717
716961,267.2,56.453
716981,261.02,56.222
717001,254.87,56.024
717021,248.75,55.862
717041,242.65,55.734
717061,236.57,55.643
717081,230.5,55.586
717101,224.43,55.563
717121,218.35,55.572
717141,212.27,55.611
717161,206.17,55.679
717181,200.05,55.772
717201,193.91,55.886
717221,187.73,56.02
717241,181.52,56.168
717261,175.27,56.327
717281,168.98,56.494
717301,162.64,56.664
717321,156.27,56.832
717341,149.84,56.996
717361,143.38,57.151
717381,136.86,57.292
717401,130.3,57.418
717421,123.7,57.523
717441,117.06,57.605
717461,110.37,57.661
717481,103.65,57.688
717501,96.893,57.684
717521,90.104,57.647
717541,83.287,57.575
717561,76.445,57.468
717581,69.582,57.323
717601,62.702,57.143
717621,55.809,56.925
717641,48.907,56.671
717661,42.001,56.382
717681,35.095,56.059
717701,28.194,55.705
717721,21.303,55.321
717741,14.426,54.91
717761,7.5692,54.475
717781,0.73598,54.02
717801,353.93,53.548
717821,347.16,53.064
717841,340.43,52.571
717861,333.74,52.075
717881,327.09,51.579
717901,320.49,51.089
717921,313.95,50.61
717941,307.46,50.146
717961,301.03,49.702
717981,294.66,49.283
718001,288.34,48.892
718021,282.08,48.534
718041,275.87,48.211
718061,269.71,47.927
718081,263.6,47.685
718101,257.53,47.485
718121,251.5,47.33
718141,245.5,47.218
718161,239.52,47.152
718181,233.55,47.128
718201,227.59,47.146
718221,221.63,47.204
718241,215.66,47.299
718261,209.68,47.427
718281,203.68,47.585
718301,197.65,47.77
718321,191.59,47.975
718341,185.49,48.198
718361,179.35,48.433
718381,173.17,48.676
718401,166.95,48.921
718421,160.68,49.163
718441,154.36,49.399
718461,148,49.623
718481,141.58,49.832
718501,135.13,50.02
718521,128.63,50.184
718541,122.09,50.321
718561,115.51,50.427
718581,108.89,50.499
718601,102.24,50.536
718621,95.56,50.534
718641,88.854,50.492
718661,82.126,50.409
718681,75.38,50.285
718701,68.619,50.118
718721,61.848,49.909
718741,55.071,49.659
718761,48.293,49.368
718781,41.518,49.039
718801,34.75,48.673
718821,27.994,48.272
718841,21.255,47.84
718861,14.537,47.38
718881,7.8438,46.896
718901,1.1807,46.392
718921,354.55,45.872
718941,347.96,45.342
718961,341.41,44.807
718981,334.91,44.271
719001,328.46,43.742
719021,322.05,43.225
719041,315.71,42.725
719061,309.42,42.249
719081,303.18,41.803
719101,297,41.391
719121,290.88,41.019
719141,284.81,40.692
719161,278.78,40.414
719181,272.81,40.188
719201,266.87,40.016
719221,260.96,39.901
719241,255.07,39.843
719261,249.21,39.841
719281,243.35,39.895
719301,237.48,40.003
719321,231.61,40.161
719341,225.72,40.366
719361,219.81,40.614
719381,213.87,40.899
719401,207.89,41.217
719421,201.87,41.562
719441,195.81,41.928
719461,189.7,42.309
719481,183.55,42.699
719501,177.34,43.092
719521,171.09,43.483
719541,164.79,43.866
719561,158.44,44.236
719581,152.05,44.588
719601,145.62,44.918
719621,139.15,45.22
719641,132.64,45.492
719661,126.1,45.729
719681,119.53,45.93
719701,112.94,46.09
719721,106.33,46.209
719741,99.698,46.285
719761,93.057,46.315
719781,86.409,46.301
719801,79.758,46.241
719821,73.108,46.135
719841,66.465,45.985
719861,59.832,45.791
719881,53.214,45.556
719901,46.616,45.281
719921,40.041,44.969
719941,33.494,44.624
719961,26.978,44.247
719981,20.497,43.845
720001,14.056,43.42
720021,7.6554,42.978
720041,1.2997,42.524
720061,354.99,42.063
720081,348.73,41.601
720101,342.52,41.144
720121,336.36,40.698
720141,330.25,40.27
720161,324.18,39.865
720181,318.16,39.49
720201,312.19,39.151
720221,306.25,38.853
720241,300.35,38.602
720261,294.47,38.401
720281,288.61,38.255
720301,282.76,38.168
720321,276.91,38.139
720341,271.06,38.172
720361,265.19,38.265
720381,259.31,38.417
720401,253.39,38.627
720421,247.43,38.891
720441,241.44,39.206
720461,235.39,39.567
720481,229.3,39.968
720501,223.16,40.405
720521,216.96,40.87
720541,210.71,41.359
720561,204.4,41.864
720581,198.05,42.379
720601,191.65,42.899
720621,185.2,43.417
720641,178.7,43.928
720661,172.17,44.426
720681,165.6,44.906
720701,159,45.364
720721,152.37,45.796
720741,145.71,46.197
720761,139.04,46.564
720781,132.35,46.894
720801,125.65,47.186
720821,118.94,47.437
720841,112.23,47.644
720861,105.53,47.809
720881,98.827,47.929
720901,92.138,48.005
720921,85.464,48.037
720941,78.81,48.027
720961,72.18,47.975
720981,65.576,47.883
721001,59.004,47.753
721021,52.466,47.589
721041,45.966,47.392
721061,39.506,47.167
721081,33.089,46.917
721101,26.716,46.647
721121,20.39,46.361
721141,14.111,46.063
721161,7.8792,45.759
721181,1.6948,45.453
721201,355.56,45.151
721221,349.46,44.859
721241,343.41,44.581
721261,337.39,44.323
721281,331.41,44.089
721301,325.46,43.886
721321,319.53,43.717
721341,313.61,43.586
721361,307.71,43.497
721381,301.8,43.453
721401,295.88,43.457
721421,289.95,43.51
721441,283.99,43.612
721461,278.01,43.765
721481,271.98,43.967
721501,265.91,44.217
721521,259.8,44.513
721541,253.62,44.852
721561,247.4,45.23
721581,241.11,45.643
721601,234.77,46.087
721621,228.37,46.557
721641,221.91,47.048
721661,215.4,47.554
721681,208.84,48.071
721701,202.23,48.592
721721,195.57,49.114
721741,188.88,49.63
721761,182.14,50.136
721781,175.38,50.628
721801,168.58,51.1
721821,161.77,51.55
721841,154.94,51.973
721861,148.09,52.367
721881,141.24,52.729
721901,134.38,53.056
721921,127.52,53.347
721941,120.67,53.6
721961,113.82,53.814
721981,106.99,53.989
722001,100.18,54.125
722021,93.389,54.222
722041,86.623,54.281
722061,79.887,54.303
722081,73.182,54.29
722101,66.513,54.244
722121,59.883,54.168
722141,53.292,54.064
722161,46.745,53.935
722181,40.241,53.786
722201,33.783,53.618
722221,27.372,53.438
722241,21.006,53.247
722261,14.687,53.052
722281,8.4119,52.856
722301,2.1804,52.663
722321,355.99,52.478
722341,349.84,52.305
722361,343.72,52.149
722381,337.63,52.013
722401,331.57,51.901
722421,325.52,51.817
722441,319.49,51.763
722461,313.47,51.742
722481,307.44,51.757
722501,301.41,51.809
722521,295.37,51.899
722541,289.3,52.028
722561,283.21,52.195
722581,277.08,52.401
722601,270.92,52.644
722621,264.71,52.923
722641,258.45,53.235
722661,252.15,53.578
722681,245.79,53.948
722701,239.37,54.343
722721,232.91,54.758
722741,226.38,55.19
722761,219.8,55.634
722781,213.18,56.087
722801,206.5,56.543
722821,199.77,56.999
722841,193.01,57.45
722861,186.21,57.892
722881,179.37,58.322
722901,172.5,58.735
722921,165.61,59.129
722941,158.7,59.5
722961,151.77,59.845
722981,144.83,60.162
723001,137.89,60.449
723021,130.95,60.704
723041,124.01,60.926
723061,117.08,61.115
723081,110.16,61.269
723101,103.26,61.388
723121,96.384,61.474
723141,89.53,61.527
723161,82.705,61.548
723181,75.911,61.539
723201,69.152,61.502
723221,62.431,61.439
723241,55.75,61.352
723261,49.11,61.246
723281,42.513,61.122
723301,35.961,60.984
723321,29.454,60.836
723341,22.991,60.681
723361,16.574,60.524
723381,10.199,60.367
723401,3.8667,60.216
723421,357.57,60.073
723441,351.32,59.942
723461,345.1,59.827
723481,338.91,59.731
723501,332.74,59.657
723521,326.59,59.607
723541,320.47,59.585
723561,314.35,59.592
723581,308.23,59.63
723601,302.12,59.699
723621,295.99,59.802
723641,289.86,59.937
723661,283.7,60.104
723681,277.52,60.304
723701,271.31,60.534
723721,265.06,60.793
723741,258.78,61.08
723761,252.45,61.391
723781,246.07,61.724
723801,239.65,62.077
723821,233.18,62.445
723841,226.65,62.826
723861,220.08,63.215
723881,213.46,63.61
723901,206.79,64.006
723921,200.07,64.399
723941,193.31,64.787
723961,186.51,65.166
723981,179.67,65.532
724001,172.8,65.881
724021,165.9,66.212
724041,158.98,66.521
724061,152.04,66.807
724081,145.09,67.066
724101,138.12,67.297
724121,131.15,67.499
724141,124.19,67.671
724161,117.22,67.813
724181,110.27,67.923
724201,103.33,68.003
724221,96.41,68.052
724241,89.511,68.072
724261,82.638,68.064
724281,75.794,68.03
724301,68.983,67.972
724321,62.207,67.892
724341,55.468,67.792
724361,48.77,67.676
724381,42.112,67.546
724401,35.497,67.406
724421,28.924,67.259
724441,22.395,67.108
724461,15.909,66.958
724481,9.4646,66.812
724501,3.0611,66.672
724521,356.7,66.544
724541,350.37,66.429
724561,344.07,66.331
724581,337.81,66.253
724601,331.57,66.197
724621,325.36,66.167
724641,319.16,66.163
724661,312.97,66.187
724681,306.8,66.241
724701,300.62,66.325
724721,294.45,66.44
724741,288.26,66.586
724761,282.06,66.761
724781,275.85,66.966
724801,269.61,67.198
724821,263.34,67.456
724841,257.03,67.738
724861,250.7,68.042
724881,244.32,68.364
724901,237.9,68.702
724921,231.43,69.052
724941,224.92,69.412
724961,218.37,69.777
724981,211.76,70.145
725001,205.12,70.512
725021,198.42,70.874
725041,191.68,71.229
725061,184.91,71.572
725081,178.09,71.901
725101,171.24,72.213
725121,164.36,72.505
725141,157.45,72.775
725161,150.52,73.021
725181,143.57,73.241
725201,136.61,73.434
725221,129.65,73.598
725241,122.67,73.734
725261,115.7,73.84
725281,108.74,73.917
725301,101.78,73.965
725321,94.842,73.985
725341,87.92,73.978
725361,81.021,73.945
725381,74.148,73.889
725401,67.305,73.812
725421,60.493,73.716
725441,53.716,73.603
725461,46.976,73.477
725481,40.274,73.34
725501,33.612,73.196
725521,26.991,73.049
725541,20.41,72.901
725561,13.87,72.757
725581,7.3701,72.618
725601,0.90884,72.49
725621,354.48,72.375
725641,348.1,72.276
725661,341.74,72.196
725681,335.41,72.137
725701,329.11,72.103
725721,322.84,72.095
725741,316.58,72.115
725761,310.33,72.164
725781,304.1,72.242
725801,297.87,72.352
725821,291.64,72.492
725841,285.41,72.662
725861,279.16,72.862
725881,272.91,73.09
725901,266.63,73.344
725921,260.33,73.624
725941,254.01,73.926
725961,247.65,74.247
725981,241.26,74.585
726001,234.83,74.938
726021,228.37,75.3
726041,221.86,75.67
726061,215.31,76.043
726081,208.72,76.416
726101,202.08,76.786
726121,195.41,77.149
726141,188.69,77.501
726161,181.93,77.84
726181,175.13,78.163
726201,168.3,78.466
726221,161.43,78.747
726241,154.54,79.005
726261,147.62,79.237
726281,140.69,79.441
726301,133.73,79.618
726321,126.77,79.764
726341,119.8,79.882
726361,112.82,79.969
726381,105.85,80.0277
726401,98.879,80.0574
726421,91.922,80.0596
726441,84.98,80.0357
726461,78.057,79.987
726481,71.156,79.917
726501,64.28,79.826
726521,57.433,79.719
726541,50.617,79.597
726561,43.834,79.463
726581,37.087,79.322
726601,30.375,79.175
726621,23.701,79.028
726641,17.064,78.882
726661,10.465,78.742
726681,3.9029,78.611
726701,357.38,78.492
726721,350.89,78.389
726741,344.43,78.304
726761,338,78.24
726781,331.6,78.2
726801,325.23,78.186
726821,318.88,78.201
726841,312.54,78.244
726861,306.22,78.319
726881,299.92,78.424
726901,293.61,78.562
726921,287.32,78.731
726941,281.01,78.931
726961,274.71,79.161
726981,268.39,79.42
727001,262.05,79.706
727021,255.7,80.0169
727041,249.33,80.35
727061,242.93,80.7025
727081,236.5,81.0715
727101,230.04,81.4535
727121,223.55,81.845
727141,217.02,82.2424
727161,210.46,82.6418
727181,203.85,83.0396
727201,197.21,83.432
727221,190.53,83.8152
727241,183.81,84.1857
727261,177.05,84.5401
727281,170.25,84.8752
727301,163.42,85.1882
727321,156.56,85.4764
727341,149.67,85.7376
727361,142.76,85.9699
727381,135.82,86.1718
727401,128.87,86.3423
727421,121.9,86.4807
727441,114.92,86.5866
727461,107.93,86.6604
727481,100.94,86.7025
727501,93.957,86.714
727521,86.979,86.6962
727541,80.011,86.6509
727561,73.058,86.5802
727581,66.123,86.4864
727601,59.21,86.3722
727621,52.321,86.2405
727641,45.459,86.0945
727661,38.626,85.9375
727681,31.825,85.7729
727701,25.056,85.6044
727721,18.32,85.4355
727741,11.618,85.2699
727761,4.9505,85.1112
727781,358.32,84.9629
727801,351.72,84.8285
727821,345.15,84.7111
727841,338.61,84.6139
727861,332.1,84.5397
727881,325.61,84.491
727901,319.15,84.4702
727921,312.71,84.4789
727941,306.28,84.5189
727961,299.87,84.5912
727981,293.47,84.6966
728001,287.08,84.8353
728021,280.68,85.0073
728041,274.29,85.2119
728061,267.89,85.4481
728081,261.49,85.7146
728101,255.07,86.0095
728121,248.63,86.3305
728141,242.18,86.6751
728161,235.71,87.0403
728181,229.21,87.4229
728201,222.68,87.8194
728221,216.13,88.2261
728241,209.54,88.639
728261,202.92,89.05411
728281,196.27,89.46741
728301,189.58,89.87475
728321,182.86,90.27206
728341,176.11,90.65538
728361,169.32,91.0209
728381,162.5,91.365
728401,155.65,91.6844
728421,148.77,91.9761
728441,141.86,92.2374
728461,134.93,92.4661
728481,127.97,92.6604
728501,121,92.819
728521,114.02,92.9411
728541,107.02,93.0263
728561,100.02,93.0747
728581,93.014,93.0869
728601,86.01,93.0641
728621,79.011,93.0078
728641,72.021,92.92
728661,65.043,92.8029
728681,58.081,92.6593
728701,51.137,92.4922
728721,44.216,92.3048
728741,37.318,92.1007
728761,30.447,91.8835
728781,23.604,91.6571
728801,16.79,91.4252
728821,10.007,91.192
728841,3.2539,90.96119
728861,356.53,90.73678
728881,349.84,90.52253
728901,343.18,90.32207
728921,336.54,90.13889
728941,329.94,89.97622
728961,323.36,89.83706
728981,316.8,89.72412
729001,310.26,89.63977
729021,303.74,89.58603
729041,297.23,89.56455
729061,290.74,89.57658
729081,284.25,89.62295
729101,277.77,89.70407
729121,271.29,89.81989
729141,264.81,89.969961
729161,258.32,90.15337
729181,251.82,90.36877
729201,245.32,90.61443
729221,238.79,90.8882
729241,232.25,91.1875
729261,225.69,91.5096
729281,219.1,91.8511
729301,212.49,92.2087
729321,205.86,92.5786
729341,199.19,92.9567
729361,192.5,93.3392
729381,185.77,93.7216
729401,179.02,94.0998
729421,172.23,94.4695
729441,165.41,94.8263
729461,158.57,95.1662
729481,151.7,95.4852
729501,144.8,95.7795
729521,137.88,96.0457
729541,130.93,96.2806
729561,123.97,96.4816
729581,116.99,96.6462
729601,109.99,96.7727
729621,102.99,96.8597
729641,95.976,96.9065
729661,88.963,96.9128
729681,81.95,96.879
729701,74.941,96.8058
729721,67.94,96.6947
729741,60.951,96.5475
729761,53.975,96.3666
729781,47.018,96.1547
729801,40.08,95.9149
729821,33.165,95.6506
729841,26.274,95.3657
729861,19.41,95.0639
729881,12.573,94.7494
729901,5.7654,94.4263
729921,358.99,94.099
729941,352.24,93.7716
729961,345.52,93.4482
729981,338.83,93.133
730001,332.16,92.8299
730021,325.53,92.5426
730041,318.91,92.2746
730061,312.32,92.0291
730081,305.75,91.809
730101,299.2,91.617
730121,292.66,91.4552
730141,286.14,91.3254
730161,279.62,91.2292
730181,273.11,91.1675
730201,266.6,91.1409
730221,260.09,91.1495
730241,253.57,91.193
730261,247.05,91.2706
730281,240.52,91.3814
730301,233.97,91.5235
730321,227.4,91.6951
730341,220.82,91.8939
730361,214.21,92.1172
730381,207.58,92.3618
730401,200.92,92.6247
730421,194.23,92.9021
730441,187.52,93.1904
730461,180.78,93.4857
730481,174.01,93.7839
730501,167.2,94.0808
730521,160.37,94.3723
730541,153.51,94.6544
730561,146.63,94.9228
730581,139.72,95.1736
730601,132.79,95.4031
730621,125.83,95.6077
730641,118.86,95.7841
730661,111.87,95.9294
730681,104.88,96.0409
730701,97.869,96.1165
730721,90.858,96.1545
730741,83.847,96.1537
730761,76.838,96.1134
730781,69.835,96.0334
730801,62.842,95.914
730821,55.863,95.7562
730841,48.9,95.5613
730861,41.958,95.3313
730881,35.037,95.0685
730901,28.141,94.7758
730921,21.272,94.4563
730941,14.432,94.1135
730961,7.6217,93.7513
730981,0.84206,93.3735
731001,354.09,92.9844
731021,347.38,92.5882
731041,340.69,92.1891
731061,334.04,91.7914
731081,327.41,91.3992
731101,320.81,91.0167
731121,314.24,90.64757
731141,307.69,90.29556
731161,301.17,89.964039
731181,294.66,89.65607
731201,288.17,89.37439
731221,281.7,89.12139
731241,275.23,88.8991
731261,268.77,88.709
731281,262.32,88.5523
731301,255.86,88.4298
731321,249.4,88.3418
731341,242.93,88.288
731361,236.46,88.268
731381,229.96,88.2806
731401,223.46,88.3247
731421,216.93,88.3982
731441,210.38,88.4991
731461,203.8,88.625
731481,197.2,88.7729
731501,190.57,88.9399
731521,183.9,89.12262
731541,177.21,89.31762
731561,170.49,89.52126
731581,163.73,89.72979
731601,156.94,89.939383
731621,150.13,90.14621
731641,143.28,90.34647
731661,136.4,90.5364
731681,129.5,90.71236
731701,122.58,90.87088
731721,115.63,91.0087
731741,108.67,91.1227
731761,101.69,91.2101
731781,94.701,91.2686
731801,87.705,91.296
731821,80.706,91.2905
731841,73.707,91.2509
731861,66.714,91.1764
731881,59.73,91.0664
731901,52.758,90.92105
731921,45.803,90.74087
731941,38.869,90.52681
731961,31.958,90.28034
731981,25.073,90.0033146
732001,18.217,89.69804
732021,11.393,89.36719
732041,4.6014,89.01379
732061,357.84,88.6411
732081,351.12,88.2528
732101,344.44,87.8526
732121,337.79,87.4444
732141,331.17,87.0322
732161,324.59,86.62
732181,318.04,86.2118
732201,311.53,85.8115
732221,305.04,85.4229
732241,298.58,85.0495
732261,292.15,84.6946
732281,285.73,84.3615
732301,279.34,84.0528
732321,272.95,83.7708
732341,266.58,83.5178
732361,260.22,83.2952
732381,253.85,83.1043
732401,247.49,82.946
732421,241.13,82.8205
732441,234.75,82.7278
732461,228.36,82.6673
732481,221.96,82.6382
732501,215.53,82.6392
732521,209.09,82.6684
732541,202.62,82.724
732561,196.12,82.8034
732581,189.59,82.904
732601,183.03,83.023
732621,176.43,83.1571
732641,169.81,83.3031
732661,163.14,83.4575
732681,156.44,83.6168
732701,149.71,83.7774
732721,142.94,83.9358
732741,136.14,84.0884
732761,129.31,84.2319
732781,122.45,84.3629
732801,115.56,84.4782
732821,108.65,84.575
732841,101.71,84.6504
732861,94.76,84.7022
732881,87.795,84.728
732901,80.82,84.7262
732921,73.84,84.6952
732941,66.857,84.6339
732961,59.878,84.5417
732981,52.906,84.4181
733001,45.946,84.2633
733021,39.002,84.0777
733041,32.078,83.8623
733061,25.178,83.6182
733081,18.305,83.3471
733101,11.462,83.0511
733121,4.6533,82.7326
733141,357.88,82.3942
733161,351.14,82.0388
733181,344.45,81.6697
733201,337.79,81.2902
733221,331.18,80.904
733241,324.6,80.5146
733261,318.06,80.1257
733281,311.56,79.741
733301,305.1,79.364
733321,298.67,78.999
733341,292.28,78.649
733361,285.91,78.316
733381,279.56,78.004
733401,273.24,77.716
733421,266.94,77.453
733441,260.65,77.218
733461,254.37,77.013
733481,248.09,76.837
733501,241.81,76.693
733521,235.53,76.58
733541,229.24,76.498
733561,222.94,76.447
733581,216.62,76.425
733601,210.28,76.432
733621,203.92,76.465
733641,197.53,76.522
733661,191.11,76.601
733681,184.66,76.7
733701,178.17,76.815
733721,171.65,76.943
733741,165.08,77.082
733761,158.48,77.227
733781,151.85,77.375
733801,145.17,77.522
733821,138.45,77.667
733841,131.7,77.804
733861,124.91,77.931
733881,118.09,78.044
733901,111.24,78.141
733921,104.36,78.22
733941,97.458,78.277
733961,90.532,78.31
733981,83.589,78.318
734001,76.631,78.299
734021,69.664,78.253
734041,62.691,78.177
734061,55.718,78.072
734081,48.749,77.938
734101,41.788,77.774
734121,34.841,77.582
734141,27.911,77.363
734161,21.003,77.118
734181,14.122,76.848
734201,7.2701,76.557
734221,0.45188,76.245
734241,353.67,75.916
734261,346.93,75.573
734281,340.23,75.219
734301,333.57,74.857
734321,326.95,74.49
734341,320.38,74.122
734361,313.86,73.756
734381,307.37,73.396
734401,300.93,73.046
734421,294.53,72.708
734441,288.16,72.385
734461,281.83,72.082
734481,275.53,71.8
734501,269.25,71.541
734521,263,71.309
734541,256.76,71.104
734561,250.54,70.928
734581,244.32,70.782
734601,238.11,70.666
734621,231.89,70.58
734641,225.67,70.525
734661,219.44,70.499
734681,213.19,70.501
734701,206.92,70.53
734721,200.62,70.583
734741,194.3,70.659
734761,187.94,70.755
734781,181.55,70.867
734801,175.13,70.994
734821,168.66,71.131
734841,162.15,71.275
734861,155.61,71.424
734881,149.02,71.573
734901,142.39,71.719
734921,135.72,71.859
734941,129.01,71.989
734961,122.26,72.106
734981,115.48,72.208
735001,108.66,72.291
735021,101.8,72.354
735041,94.924,72.393
735061,88.019,72.407
735081,81.092,72.394
735101,74.148,72.353
735121,67.19,72.283
735141,60.223,72.184
735161,53.251,72.055
735181,46.28,71.896
735201,39.313,71.709
735221,32.357,71.494
735241,25.414,71.252
735261,18.491,70.985
735281,11.592,70.696
735301,4.7204,70.385
735321,357.88,70.057
735341,351.08,69.713
735361,344.31,69.357
735381,337.59,68.993
735401,330.91,68.622
735421,324.28,68.249
735441,317.7,67.878
735461,311.16,67.512
735481,304.67,67.153
735501,298.23,66.807
735521,291.83,66.475
735541,285.47,66.161
735561,279.16,65.869
735581,272.88,65.599
735601,266.63,65.355
735621,260.41,65.139
735641,254.21,64.951
735661,248.03,64.794
735681,241.87,64.667
735701,235.71,64.571
735721,229.55,64.506
735741,223.38,64.471
735761,217.21,64.466
735781,211.02,64.487
735801,204.81,64.534
735821,198.58,64.605
735841,192.32,64.697
735861,186.02,64.806
735881,179.7,64.931
735901,173.33,65.067
735921,166.92,65.211
735941,160.47,65.36
735961,153.98,65.51
735981,147.45,65.657
736001,140.87,65.798
736021,134.24,65.93
736041,127.58,66.049
736061,120.87,66.152
736081,114.13,66.236
736101,107.35,66.298
736121,100.53,66.336
736141,93.682,66.347
736161,86.806,66.33
736181,79.904,66.284
736201,72.982,66.207
736221,66.042,66.099
736241,59.089,65.959
736261,52.129,65.787
736281,45.164,65.584
736301,38.2,65.351
736321,31.243,65.089
736341,24.295,64.799
736361,17.364,64.484
736381,10.452,64.146
736401,3.5658,63.787
736421,356.71,63.411
736441,349.89,63.021
736461,343.1,62.619
736481,336.36,62.211
736501,329.66,61.799
736521,323,61.387
736541,316.4,60.979
736561,309.85,60.58
736581,303.35,60.191
736601,296.9,59.818
736621,290.51,59.464
736641,284.16,59.132
736661,277.86,58.824
736681,271.6,58.544
736701,265.38,58.294
736721,259.2,58.075
736741,253.04,57.889
736761,246.91,57.736
736781,240.8,57.617
736801,234.7,57.533
736821,228.61,57.481
736841,222.52,57.462
736861,216.42,57.474
736881,210.31,57.515
736901,204.18,57.582
736921,198.03,57.673
736941,191.85,57.785
736961,185.64,57.914
736981,179.39,58.057
737001,173.11,58.211
737021,166.78,58.37
737041,160.41,58.532
737061,153.99,58.692
737081,147.53,58.846
737101,141.03,58.991
737121,134.48,59.124
737141,127.89,59.239
737161,121.25,59.334
737181,114.57,59.407
737201,107.85,59.453
737221,101.1,59.472
737241,94.312,59.459
737261,87.494,59.414
737281,80.648,59.336
737301,73.779,59.222
737321,66.89,59.073
737341,59.986,58.889
737361,53.07,58.669
737381,46.147,58.414
737401,39.222,58.126
737421,32.299,57.805
737441,25.382,57.454
737461,18.478,57.076
737481,11.59,56.672
737501,4.723,56.246
737521,357.88,55.801
737541,351.07,55.342
737561,344.3,54.871
737581,337.56,54.394
737601,330.87,53.914
737621,324.23,53.437
737641,317.63,52.966
737661,311.09,52.506
737681,304.61,52.062
737701,298.18,51.638
737721,291.8,51.239
737741,285.49,50.867
737761,279.22,50.527
737781,273.01,50.221
737801,266.85,49.953
737821,260.73,49.724
737841,254.64,49.535
737861,248.59,49.388
737881,242.57,49.283
737901,236.57,49.219
737921,230.58,49.196
737941,224.59,49.211
737961,218.6,49.263
737981,212.6,49.349
738001,206.58,49.466
738021,200.54,49.611
738041,194.48,49.778
738061,188.38,49.965
738081,182.24,50.167
738101,176.07,50.38
738121,169.85,50.598
738141,163.58,50.818
738161,157.28,51.034
738181,150.92,51.242
738201,144.52,51.438
738221,138.07,51.617
738241,131.58,51.776
738261,125.04,51.911
738281,118.46,52.019
738301,111.85,52.095
738321,105.19,52.139
738341,98.508,52.147
738361,91.793,52.118
738381,85.051,52.05
738401,78.286,51.941
738421,71.503,51.792
738441,64.705,51.602
738461,57.897,51.371
738481,51.083,51.101
738501,44.268,50.791
738521,37.455,50.445
738541,30.649,50.063
738561,23.855,49.649
738581,17.078,49.206
738601,10.321,48.737
738621,3.5907,48.246
738641,356.89,47.737
738661,350.22,47.215
738681,343.6,46.684
738701,337.01,46.15
738721,330.47,45.618
738741,323.99,45.094
738761,317.55,44.583
738781,311.17,44.092
738801,304.85,43.625
738821,298.58,43.188
738841,292.38,42.786
738861,286.22,42.424
738881,280.13,42.105
738901,274.08,41.835
738921,268.08,41.615
738941,262.11,41.447
738961,256.18,41.333
738981,250.28,41.273
739001,244.39,41.267
739021,238.51,41.313
739041,232.64,41.409
739061,226.75,41.553
739081,220.85,41.739
739101,214.93,41.965
739121,208.98,42.226
739141,203,42.516
739161,196.97,42.829
739181,190.91,43.161
739201,184.8,43.506
739221,178.64,43.858
739241,172.44,44.212
739261,166.18,44.561
739281,159.88,44.902
739301,153.54,45.228
739321,147.15,45.535
739341,140.71,45.818
739361,134.24,46.074
739381,127.73,46.299
739401,121.18,46.489
739421,114.61,46.642
739441,108.01,46.755
739461,101.39,46.827
739481,94.746,46.855
739501,88.092,46.839
739521,81.428,46.777
739541,74.759,46.671
739561,68.09,46.52
739581,61.424,46.324
739601,54.767,46.086
739621,48.123,45.808
739641,41.496,45.49
739661,34.89,45.137
739681,28.311,44.751
739701,21.76,44.336
739721,15.244,43.895
739741,8.7648,43.434
739761,2.3263,42.958
739781,355.93,42.471
739801,349.58,41.979
739821,343.28,41.488
739841,337.03,41.003
739861,330.83,40.533
739881,324.69,40.082
739901,318.59,39.656
739921,312.54,39.263
739941,306.54,38.908
739961,300.58,38.596
739981,294.65,38.333
740001,288.76,38.123
740021,282.89,37.969
740041,277.03,37.874
740061,271.19,37.841
740081,265.34,37.868
740101,259.49,37.957
740121,253.62,38.105
740141,247.72,38.311
740161,241.8,38.57
740181,235.83,38.879
740201,229.82,39.232
740221,223.77,39.625
740241,217.67,40.051
740261,211.51,40.504
740281,205.31,40.978
740301,199.05,41.467
740321,192.75,41.964
740341,186.39,42.464
740361,179.99,42.96
740381,173.54,43.447
740401,167.05,43.919
740421,160.53,44.371
740441,153.97,44.8
740461,147.38,45.2
740481,140.77,45.568
740501,134.13,45.901
740521,127.48,46.196
740541,120.82,46.451
740561,114.14,46.663
740581,107.47,46.832
740601,100.79,46.956
740621,94.118,47.036
740641,87.456,47.07
740661,80.807,47.06
740681,74.177,47.007
740701,67.568,46.911
740721,60.986,46.776
740741,54.433,46.603
740761,47.914,46.395
740781,41.432,46.155
740801,34.99,45.887
740821,28.589,45.595
740841,22.234,45.283
740861,15.924,44.956
740881,9.6619,44.619
740901,3.4476,44.276
740921,357.28,43.934
740941,351.16,43.597
740961,345.09,43.272
740981,339.05,42.964
741001,333.06,42.678
741021,327.1,42.421
741041,321.17,42.196
741061,315.26,42.008
741081,309.37,41.863
741101,303.48,41.763
741121,297.6,41.712
741141,291.71,41.712
741161,285.8,41.765
741181,279.86,41.871
741201,273.9,42.029
741221,267.89,42.24
741241,261.85,42.501
741261,255.75,42.81
741281,249.59,43.162
741301,243.39,43.555
741321,237.12,43.984
741341,230.8,44.443
741361,224.42,44.928
741381,217.98,45.433
741401,211.49,45.952
741421,204.95,46.48
741441,198.36,47.012
741461,191.73,47.541
741481,185.06,48.063
741501,178.35,48.574
741521,171.62,49.067
741541,164.85,49.539
741561,158.07,49.987
741581,151.26,50.406
741601,144.45,50.794
741621,137.63,51.147
741641,130.8,51.464
741661,123.98,51.743
741681,117.16,51.983
741701,110.35,52.182
741721,103.55,52.341
741741,96.772,52.459
741761,90.016,52.538
741781,83.286,52.577
741801,76.586,52.579
741821,69.918,52.545
741841,63.286,52.477
741861,56.692,52.379
741881,50.14,52.253
741901,43.63,52.102
741921,37.165,51.931
741941,30.746,51.742
741961,24.373,51.54
741981,18.047,51.329
742001,11.767,51.114
742021,5.5321,50.899
742041,359.34,50.689
742061,353.19,50.489
742081,347.07,50.302
742101,340.99,50.134
742121,334.94,49.987
742141,328.91,49.867
742161,322.9,49.777
742181,316.9,49.72
742201,310.91,49.698
742221,304.91,49.714
742241,298.9,49.77
742261,292.87,49.866
742281,286.82,50.004
742301,280.74,50.182
742321,274.62,50.401
742341,268.46,50.659
742361,262.26,50.954
742381,256,51.283
742401,249.69,51.644
742421,243.32,52.034
742441,236.9,52.448
742461,230.42,52.883
742481,223.89,53.334
742501,217.3,53.798
742521,210.67,54.269
742541,203.98,54.742
742561,197.25,55.215
742581,190.48,55.681
742601,183.68,56.138
742621,176.84,56.58
742641,169.97,57.005
742661,163.08,57.408
742681,156.18,57.787
742701,149.26,58.139
742721,142.33,58.461
742741,135.4,58.752
742761,128.48,59.009
742781,121.55,59.232
742801,114.64,59.42
742821,107.74,59.573
742841,100.87,59.691
742861,94.011,59.773
742881,87.182,59.822
742901,80.383,59.839
742921,73.617,59.824
742941,66.887,59.781
742961,60.196,59.712
742981,53.545,59.619
743001,46.937,59.506
743021,40.373,59.376
743041,33.854,59.232
743061,27.38,59.078
743081,20.952,58.918
743101,14.568,58.756
743121,8.2271,58.595
743141,1.9281,58.44
743161,355.67,58.294
743181,349.44,58.161
743201,343.25,58.044
743221,337.09,57.948
743241,330.95,57.875
743261,324.84,57.828
743281,318.73,57.809
743301,312.63,57.82
743321,306.54,57.863
743341,300.44,57.94
743361,294.33,58.049
743381,288.2,58.193
743401,282.05,58.37
743421,275.87,58.58
743441,269.66,58.822
743461,263.4,59.093
743481,257.11,59.392
743501,250.77,59.716
743521,244.38,60.063
743541,237.95,60.429
743561,231.46,60.81
743581,224.92,61.204
743601,218.32,61.606
743621,211.68,62.013
743641,204.99,62.421
743661,198.26,62.826
743681,191.48,63.225
743701,184.66,63.614
743721,177.81,63.989
743741,170.93,64.347
743761,164.03,64.685
743781,157.1,65.001
743801,150.15,65.292
743821,143.2,65.556
743841,136.23,65.791
743861,129.27,65.997
743881,122.3,66.171
743901,115.35,66.314
743921,108.41,66.426
743941,101.48,66.506
743961,94.57,66.555
743981,87.686,66.575
744001,80.83,66.566
744021,74.005,66.531
744041,67.214,66.472
744061,60.46,66.39
744081,53.744,66.289
744101,47.069,66.171
744121,40.436,66.04
744141,33.847,65.898
744161,27.3,65.75
744181,20.798,65.599
744201,14.338,65.449
744221,7.9209,65.302
744241,1.5441,65.163
744261,355.21,65.035
744281,348.9,64.922
744301,342.63,64.825
744321,336.39,64.75
744341,330.18,64.697
744361,323.98,64.669
744381,317.81,64.669
744401,311.64,64.697
744421,305.48,64.755
744441,299.31,64.844
744461,293.15,64.964
744481,286.97,65.115
744501,280.78,65.296
744521,274.56,65.506
744541,268.32,65.743
744561,262.04,66.007
744581,255.74,66.294
744601,249.39,66.603
744621,243,66.931
744641,236.57,67.273
744661,230.09,67.628
744681,223.56,67.992
744701,216.99,68.362
744721,210.36,68.733
744741,203.7,69.103
744761,196.98,69.468
744781,190.23,69.825
744801,183.43,70.17
744821,176.6,70.5
744841,169.74,70.813
744861,162.84,71.105
744881,155.92,71.376
744901,148.99,71.621
744921,142.03,71.841
744941,135.07,72.033
744961,128.1,72.196
744981,121.12,72.33
745001,114.16,72.434
745021,107.2,72.509
745041,100.25,72.554
745061,93.316,72.572
745081,86.406,72.563
745101,79.52,72.528
745121,72.662,72.47
745141,65.835,72.39
745161,59.041,72.292
745181,52.284,72.177
745201,45.564,72.049
745221,38.885,71.911
745241,32.246,71.766
745261,25.648,71.618
745281,19.091,71.469
745301,12.576,71.324
745321,6.1011,71.186
745341,359.67,71.058
745361,353.27,70.943
745381,346.9,70.845
745401,340.57,70.766
745421,334.27,70.71
745441,327.99,70.677
745461,321.73,70.671
745481,315.49,70.692
745501,309.27,70.743
745521,303.05,70.824
745541,296.84,70.935
745561,290.62,71.077
745581,284.4,71.249
745601,278.16,71.45
745621,271.91,71.679
745641,265.64,71.934
745661,259.34,72.213
745681,253.01,72.514
745701,246.65,72.835
745721,240.26,73.172
745741,233.82,73.522
745761,227.35,73.882
745781,220.83,74.248
745801,214.27,74.618
745821,207.66,74.987
745841,201.01,75.352
745861,194.32,75.709
745881,187.58,76.056
745901,180.81,76.389
745921,174,76.706
745941,167.15,77.003
745961,160.28,77.278
745981,153.37,77.53
746001,146.45,77.755
746021,139.5,77.954
746041,132.54,78.124
746061,125.58,78.265
746081,118.6,78.377
746101,111.63,78.46
746121,104.66,78.513
746141,97.699,78.538
746161,90.751,78.537
746181,83.82,78.509
746201,76.91,78.458
746221,70.023,78.385
746241,63.164,78.292
746261,56.335,78.183
746281,49.539,78.06
746301,42.778,77.926
746321,36.053,77.784
746341,29.365,77.638
746361,22.716,77.492
746381,16.105,77.348
746401,9.5321,77.209
746421,2.9972,77.081
746441,356.5,76.965
746461,350.04,76.865
746481,343.61,76.783
746501,337.21,76.723
746521,330.83,76.688
746541,324.49,76.678
746561,318.16,76.696
746581,311.85,76.744
746601,305.56,76.822
746621,299.27,76.932
746641,292.99,77.073
746661,286.71,77.245
746681,280.42,77.447
746701,274.13,77.68
746721,267.83,77.94
746741,261.5,78.226
746761,255.16,78.537
746781,248.79,78.868
746801,242.4,79.219
746821,235.98,79.584
746841,229.52,79.962
746861,223.02,80.3488
746881,216.49,80.7402
746901,209.92,81.1329
746921,203.31,81.5232
746941,196.66,81.9073
746961,189.97,82.2816
746981,183.24,82.6429
747001,176.48,82.9877
747021,169.67,83.313
747041,162.84,83.6162
747061,155.97,83.8947
747081,149.07,84.1465
747101,142.15,84.3698
747121,135.21,84.5633
747141,128.25,84.726
747161,121.28,84.8573
747181,114.3,84.9571
747201,107.32,85.0257
747221,100.33,85.0636
747241,93.354,85.072
747261,86.384,85.0523
747281,79.427,85.0061
747301,72.487,84.9357
747321,65.567,84.8433
747341,58.67,84.7318
747361,51.799,84.6039
747381,44.957,84.4628
747401,38.145,84.3118
747421,31.367,84.1543
747441,24.621,83.9939
747461,17.911,83.8341
747481,11.235,83.6785
747501,4.5941,83.5307
747521,357.99,83.394
747541,351.41,83.2719
747561,344.87,83.1675
747581,338.36,83.0838
747601,331.88,83.0235
747621,325.42,82.9891
747641,318.99,82.9827
747661,312.58,83.0061
747681,306.18,83.0606
747701,299.79,83.1474
747721,293.42,83.267
747741,287.05,83.4195
747761,280.68,83.6047
747781,274.31,83.8219
747801,267.93,84.0699
747821,261.55,84.3473
747841,255.15,84.652
747861,248.73,84.9817
747881,242.29,85.3337
747901,235.83,85.7051
747921,229.35,86.0925
747941,222.83,86.4923
747961,216.28,86.9009
747981,209.7,87.3144
748001,203.09,87.7287
748021,196.44,88.1398
748041,189.76,88.5438
748061,183.04,88.9366
748081,176.29,89.31439
748101,169.5,89.6736
748121,162.68,90.010784
748141,155.83,90.32284
748161,148.95,90.60698
748181,142.04,90.86081
748201,135.11,91.0823
748221,128.15,91.27
748241,121.18,91.4226
748261,114.2,91.5397
748281,107.2,91.621
748301,100.2,91.6669
748321,93.202,91.6781
748341,86.203,91.6559
748361,79.21,91.6019
748381,72.227,91.5181
748401,65.258,91.407
748421,58.306,91.2711
748441,51.374,91.1137
748461,44.464,90.93785
748481,37.58,90.7471
748501,30.724,90.54508
748521,23.896,90.33552
748541,17.099,90.12226
748561,10.333,89.909145
748581,3.5977,89.70002
748601,356.89,89.49868
748621,350.22,89.30879
748641,343.58,89.13389
748661,336.97,88.9773
748681,330.38,88.8422
748701,323.82,88.7315
748721,317.28,88.6476
748741,310.76,88.5929
748761,304.26,88.5691
748781,297.77,88.5779
748801,291.3,88.6202
748821,284.83,88.6968
748841,278.37,88.808
748861,271.91,88.9534
748881,265.44,89.1325
748901,258.97,89.34423
748921,252.49,89.58709
748941,246,89.85918
748961,239.49,90.15819
748981,232.96,90.48148
749001,226.41,90.82604
749021,219.84,91.1886
749041,213.24,91.5654
749061,206.62,91.9529
749081,199.96,92.3469
749101,193.28,92.7433
749121,186.56,93.1378
749141,179.81,93.5263
749161,173.03,93.9044
749181,166.22,94.2679
749201,159.39,94.6129
749221,152.52,94.9354
749241,145.62,95.2318
749261,138.7,95.499
749281,131.76,95.734
749301,124.8,95.9342
749321,117.82,96.0976
749341,110.83,96.2227
749361,103.83,96.3084
749381,96.817,96.3543
749401,89.805,96.3603
749421,82.793,96.3271
749441,75.785,96.2557
749461,68.784,96.1477
749481,61.795,96.0051
749501,54.82,95.8306
749521,47.863,95.6269
749541,40.926,95.3973
749561,34.011,95.1452
749581,27.122,94.8746
749601,20.258,94.5892
749621,13.423,94.2931
749641,6.616,93.9906
749661,359.84,93.6858
749681,353.09,93.3828
749701,346.37,93.0857
749721,339.68,92.7985
749741,333.02,92.525
749761,326.38,92.2689
749781,319.77,92.0334
749801,313.18,91.8216
749821,306.61,91.6364
749841,300.06,91.4802
749861,293.52,91.3549
749881,287,91.2624
749901,280.48,91.2038
749921,273.97,91.18
749941,267.46,91.1914
749961,260.95,91.238
749981,254.43,91.3192
750001,247.9,91.4343
750021,241.37,91.5818
750041,234.82,91.76
750061,228.25,91.9668
750081,221.66,92.1997
750101,215.05,92.4559
750121,208.42,92.7322
750141,201.76,93.0252
750161,195.07,93.3312
750181,188.35,93.6464
750201,181.61,93.9667
750221,174.83,94.288
750241,168.03,94.6061
750261,161.2,94.9168
750281,154.33,95.2159
750301,147.45,95.4992
750321,140.54,95.763
750341,133.6,96.0033
750361,126.65,96.2167
750381,119.67,96.4
750401,112.68,96.5503
750421,105.69,96.6653
750441,98.678,96.7429
750461,91.666,96.7816
750481,84.653,96.7805
750501,77.643,96.7391
750521,70.638,96.6574
750541,63.644,96.5362
750561,56.662,96.3765
750581,49.697,96.1802
750601,42.751,95.9492
750621,35.826,95.6864
750641,28.926,95.3947
750661,22.052,95.0774
750681,15.206,94.7383
750701,8.3895,94.3813
750721,1.6027,94.0105
750741,354.85,93.6301
750761,348.12,93.2443
750781,341.43,92.8575
750801,334.76,92.4739
750821,328.12,92.0977
750841,321.51,91.7327
750861,314.93,91.3829
750881,308.37,91.0518
750901,301.83,90.74256
750921,295.31,90.45823
750941,288.8,90.20141
750961,282.31,89.974319
750981,275.82,89.77882
751001,269.35,89.61633
751021,262.87,89.48787
751041,256.4,89.394
751061,249.92,89.33486
751081,243.43,89.31014
751101,236.93,89.31912
751121,230.42,89.36063
751141,223.89,89.43314
751161,217.34,89.53469
751181,210.77,89.663
751201,204.17,89.81544
751221,197.55,89.989102
751241,190.89,90.18079
751261,184.21,90.3871
751281,177.5,90.60443
751301,170.76,90.82905
751321,163.98,91.0571
751341,157.18,91.2847
751361,150.34,91.5079
751381,143.48,91.7229
751401,136.59,91.9258
751421,129.68,92.1129
751441,122.74,92.2808
751461,115.78,92.4261
751481,108.81,92.5458
751501,101.82,92.6371
751521,94.828,92.6977
751541,87.826,92.7255
751561,80.823,92.7188
751581,73.822,92.6766
751601,66.827,92.598
751621,59.841,92.4828
751641,52.87,92.3312
751661,45.915,92.144
751681,38.981,91.9223
751701,32.071,91.6679
751721,25.188,91.3828
751741,18.333,91.0695
751761,11.51,90.731
751781,4.7187,90.37048
751801,357.96,89.9914493
751821,351.24,89.59766
751841,344.55,89.19301
751861,337.9,88.7815
751881,331.28,88.3673
751901,324.69,87.9545
751921,318.13,87.547
751941,311.61,87.1488
751961,305.11,86.7637
751981,298.64,86.3952
752001,292.19,86.0465
752021,285.76,85.7208
752041,279.34,85.4206
752061,272.94,85.1483
752081,266.55,84.9057
752101,260.16,84.6945
752121,253.78,84.5157
752141,247.39,84.3699
752161,241,84.2574
752181,234.6,84.178
752201,228.18,84.131
752221,221.75,84.1155
752241,215.3,84.1299
752261,208.83,84.1724
752281,202.33,84.241
752301,195.8,84.333
752321,189.24,84.4457
752341,182.65,84.5762
752361,176.03,84.7211
752381,169.38,84.8772
752401,162.69,85.0408
752421,155.96,85.2085
752441,149.2,85.3767
752461,142.41,85.5416
752481,135.59,85.6997
752501,128.74,85.8476
752521,121.86,85.982
752541,114.95,86.0996
752561,108.03,86.1975
752581,101.08,86.2731
752601,94.116,86.3237
752621,87.142,86.3474
752641,80.16,86.3424
752661,73.175,86.3071
752681,66.19,86.2406
752701,59.21,86.1422
752721,52.239,86.0117
752741,45.282,85.8491
752761,38.342,85.6551
752781,31.423,85.4307
752801,24.53,85.1773
752821,17.665,84.8966
752841,10.831,84.5908
752861,4.0316,84.2625
752881,357.27,83.9145
752901,350.54,83.5498
752921,343.85,83.1718
752941,337.2,82.784
752961,330.59,82.3901
752981,324.02,81.9937
753001,317.49,81.5988
753021,310.99,81.2089
753041,304.53,80.8278
753061,298.1,80.4591
753081,291.7,80.1061
753101,285.33,79.772
753121,278.98,79.459
753141,272.64,79.171
753161,266.33,78.91
753181,260.02,78.676
753201,253.72,78.473
753221,247.43,78.3
753241,241.13,78.159
753261,234.83,78.05
753281,228.52,77.972
753301,222.2,77.924
753321,215.85,77.907
753341,209.49,77.917
753361,203.1,77.954
753381,196.68,78.015
753401,190.24,78.098
753421,183.76,78.2
753441,177.24,78.318
753461,170.69,78.448
753481,164.1,78.588
753501,157.48,78.735
753521,150.81,78.884
753541,144.11,79.032
753561,137.37,79.176
753581,130.6,79.313
753601,123.79,79.439
753621,116.96,79.551
753641,110.09,79.646
753661,103.19,79.722
753681,96.276,79.776
753701,89.339,79.806
753721,82.387,79.811
753741,75.423,79.788
753761,68.451,79.736
753781,61.477,79.656
753801,54.504,79.546
753821,47.537,79.406
753841,40.581,79.237
753861,33.64,79.04
753881,26.719,78.815
753901,19.821,78.564
753921,12.951,78.288
753941,6.1129,77.991
753961,359.31,77.674
753981,352.54,77.34
754001,345.81,76.992
754021,339.13,76.633
754041,332.49,76.267
754061,325.89,75.896
754081,319.33,75.525
754101,312.81,75.156
754121,306.34,74.794
754141,299.91,74.442
754161,293.51,74.103
754181,287.15,73.78
754201,280.82,73.476
754221,274.52,73.194
754241,268.24,72.937
754261,261.98,72.705
754281,255.74,72.502
754301,249.51,72.328
754321,243.28,72.184
754341,237.05,72.07
754361,230.82,71.988
754381,224.58,71.935
754401,218.33,71.911
754421,212.06,71.915
754441,205.76,71.946
754461,199.44,72.002
754481,193.1,72.079
754501,186.72,72.176
754521,180.3,72.29
754541,173.85,72.417
754561,167.36,72.554
754581,160.83,72.699
754601,154.26,72.847
754621,147.65,72.996
754641,141,73.141
754661,134.3,73.28
754681,127.57,73.409
754701,120.8,73.525
754721,114,73.625
754741,107.16,73.707
754761,100.3,73.767
754781,93.403,73.804
754801,86.487,73.816
754821,79.55,73.802
754841,72.599,73.759
754861,65.635,73.688
754881,58.665,73.587
754901,51.693,73.457
754921,44.723,73.298
754941,37.761,73.11
754961,30.81,72.895
754981,23.876,72.653
755001,16.964,72.387
755021,10.077,72.099
755041,3.2193,71.79
755061,356.4,71.464
755081,349.61,71.122
755101,342.86,70.769
755121,336.16,70.408
755141,329.5,70.041
755161,322.89,69.673
755181,316.32,69.306
755201,309.8,68.944
755221,303.33,68.591
755241,296.9,68.25
755261,290.51,67.925
755281,284.17,67.617
755301,277.86,67.33
755321,271.58,67.067
755341,265.34,66.829
755361,259.12,66.619
755381,252.92,66.437
755401,246.73,66.285
755421,240.55,66.164
755441,234.38,66.074
755461,228.21,66.014
755481,222.03,65.983
755501,215.83,65.981
755521,209.62,66.007
755541,203.39,66.057
755561,197.14,66.13
755581,190.85,66.224
755601,184.53,66.335
755621,178.17,66.461
755641,171.78,66.598
755661,165.35,66.742
755681,158.87,66.891
755701,152.35,67.041
755721,145.79,67.187
755741,139.19,67.328
755761,132.54,67.459
755781,125.85,67.576
755801,119.12,67.678
755821,112.35,67.761
755841,105.55,67.822
755861,98.713,67.859
755881,91.847,67.87
755901,84.954,67.853
755921,78.038,67.807
755941,71.103,67.731
755961,64.153,67.624
755981,57.193,67.486
756001,50.226,67.317
756021,43.258,67.118
756041,36.293,66.889
756061,29.336,66.632
756081,22.393,66.348
756101,15.467,66.04
756121,8.5638,65.71
756141,1.6877,65.36
756161,354.84,64.994
756181,348.03,64.614
756201,341.26,64.224
756221,334.54,63.827
756241,327.86,63.428
756261,321.22,63.029
756281,314.64,62.635
756301,308.1,62.249
756321,301.62,61.875
756341,295.19,61.516
756361,288.8,61.175
756381,282.47,60.857
756401,276.17,60.562
756421,269.92,60.295
756441,263.7,60.056
756461,257.52,59.848
756481,251.36,59.672
756501,245.22,59.528
756521,239.1,59.418
756541,232.98,59.34
756561,226.87,59.294
756581,220.76,59.28
756601,214.64,59.295
756621,208.5,59.338
756641,202.34,59.406
756661,196.16,59.497
756681,189.95,59.608
756701,183.71,59.735
756721,177.42,59.874
756741,171.1,60.024
756761,164.74,60.178
756781,158.34,60.334
756801,151.89,60.489
756821,145.4,60.637
756841,138.86,60.775
756861,132.27,60.901
756881,125.65,61.009
756901,118.98,61.098
756921,112.27,61.164
756941,105.52,61.204
756961,98.738,61.216
756981,91.923,61.199
757001,85.078,61.149
757021,78.208,61.067
757041,71.315,60.95
757061,64.405,60.8
757081,57.48,60.614
757101,50.547,60.395
757121,43.608,60.142
757141,36.668,59.856
757161,29.733,59.541
757181,22.807,59.196
757201,15.894,58.825
757221,9.0009,58.43
757241,2.1309,58.015
757261,355.29,57.583
757281,348.48,57.137
757301,341.71,56.681
757321,334.98,56.221
757341,328.29,55.758
757361,321.65,55.299
757381,315.07,54.847
757401,308.54,54.407
757421,302.06,53.983
757441,295.63,53.579
757461,289.27,53.199
757481,282.95,52.846
757501,276.69,52.524
757521,270.48,52.235
757541,264.31,51.981
757561,258.18,51.765
757581,252.09,51.587
757601,246.02,51.449
757621,239.98,51.35
757641,233.95,51.29
757661,227.93,51.268
757681,221.92,51.282
757701,215.9,51.33
757721,209.86,51.41
757741,203.81,51.518
757761,197.74,51.652
757781,191.63,51.806
757801,185.49,51.978
757821,179.32,52.163
757841,173.1,52.358
757861,166.85,52.556
757881,160.54,52.754
757901,154.19,52.949
757921,147.8,53.134
757941,141.36,53.307
757961,134.87,53.463
757981,128.34,53.598
758001,121.77,53.709
758021,115.15,53.793
758041,108.5,53.846
758061,101.81,53.867
758081,95.085,53.853
758101,88.334,53.802
758121,81.556,53.713
758141,74.756,53.585
758161,67.937,53.418
758181,61.104,53.211
758201,54.262,52.965
758221,47.413,52.68
758241,40.563,52.359
758261,33.717,52.002
758281,26.878,51.612
758301,20.052,51.192
758321,13.243,50.744
758341,6.4552,50.273
758361,359.69,49.782
758381,352.96,49.275
758401,346.27,48.756
758421,339.61,48.232
758441,333,47.706
758461,326.44,47.184
758481,319.93,46.671
758501,313.47,46.173
758521,307.07,45.694
758541,300.72,45.241
758561,294.44,44.818
758581,288.21,44.43
758601,282.04,44.081
758621,275.92,43.775
758641,269.85,43.515
758661,263.82,43.303
758681,257.84,43.141
758701,251.89,43.03
758721,245.96,42.97
758741,240.05,42.96
758761,234.15,42.998
758781,228.25,43.083
758801,222.34,43.212
758821,216.42,43.381
758841,210.48,43.585
758861,204.51,43.82
758881,198.51,44.082
758901,192.47,44.365
758921,186.39,44.664
758941,180.26,44.974
758961,174.09,45.288
758981,167.87,45.603
759001,161.61,45.912
759021,155.29,46.21
759041,148.93,46.494
759061,142.53,46.757
759081,136.08,46.996
759101,129.59,47.208
759121,123.07,47.388
759141,116.51,47.534
759161,109.92,47.642
759181,103.3,47.71
759201,96.653,47.737
759221,89.99,47.722
759241,83.312,47.662
759261,76.623,47.558
759281,69.926,47.41
759301,63.228,47.217
759321,56.531,46.982
759341,49.841,46.705
759361,43.161,46.388
759381,36.497,46.034
759401,29.853,45.646
759421,23.232,45.226
759441,16.64,44.778
759461,10.08,44.308
759481,3.556,43.818
759501,357.07,43.314
759521,350.63,42.802
759541,344.24,42.287
759561,337.89,41.775
759581,331.59,41.272
759601,325.35,40.784
759621,319.16,40.318
759641,313.02,39.88
759661,306.93,39.475
759681,300.9,39.111
759701,294.9,38.791
759721,288.95,38.521
759741,283.04,38.305
759761,277.15,38.146
759781,271.29,38.046
759801,265.44,38.008
759821,259.59,38.03
759841,253.74,38.113
759861,247.88,38.254
759881,242.01,38.451
759901,236.1,38.7
759921,230.16,38.996
759941,224.18,39.336
759961,218.16,39.712
759981,212.1,40.12
760001,205.98,40.553
760021,199.82,41.005
760041,193.6,41.469
760061,187.34,41.94
760081,181.03,42.411
760101,174.66,42.876
760121,168.26,43.331
760141,161.81,43.769
760161,155.33,44.186
760181,148.81,44.577
760201,142.26,44.939
760221,135.68,45.267
760241,129.07,45.56
760261,122.45,45.813
760281,115.81,46.025
760301,109.16,46.194
760321,102.51,46.318
760341,95.856,46.397
760361,89.203,46.431
760381,82.558,46.42
760401,75.925,46.363
760421,69.307,46.264
760441,62.711,46.122
760461,56.138,45.94
760481,49.594,45.72
760501,43.083,45.466
760521,36.607,45.18
760541,30.169,44.867
760561,23.774,44.53
760581,17.422,44.174
760601,11.117,43.805
760621,4.8585,43.426
760641,358.65,43.044
760661,352.49,42.663
760681,346.37,42.291
760701,340.3,41.932
760721,334.28,41.593
760741,328.3,41.279
760761,322.35,40.996
760781,316.43,40.749
760801,310.54,40.543
760821,304.66,40.382
760841,298.79,40.271
760861,292.93,40.212
760881,287.05,40.208
760901,281.17,40.259
760921,275.25,40.367
760941,269.31,40.53
760961,263.33,40.747
760981,257.31,41.017
761001,251.23,41.335
761021,245.11,41.699
761041,238.92,42.103
761061,232.69,42.543
761081,226.39,43.013
761101,220.04,43.508
761121,213.63,44.022
761141,207.17,44.548
761161,200.67,45.082
761181,194.11,45.617
761201,187.51,46.149
761221,180.88,46.671
761241,174.21,47.179
761261,167.5,47.668
761281,160.78,48.134
761301,154.03,48.572
761321,147.26,48.981
761341,140.48,49.355
761361,133.7,49.694
761381,126.91,49.995
761401,120.12,50.256
761421,113.34,50.476
761441,106.56,50.654
761461,99.803,50.79
761481,93.062,50.885
761501,86.342,50.939
761521,79.648,50.953
761541,72.984,50.929
761561,66.352,50.868
761581,59.757,50.773
761601,53.2,50.648
761621,46.684,50.494
761641,40.211,50.316
761661,33.783,50.117
761681,27.402,49.902
761701,21.067,49.674
761721,14.779,49.438
761741,8.5372,49.199
761761,2.3405,48.961
761781,356.19,48.73
761801,350.07,48.51
761821,344,48.305
761841,337.95,48.121
761861,331.94,47.962
761881,325.94,47.831
761901,319.97,47.733
761921,314,47.67
761941,308.03,47.646
761961,302.06,47.663
761981,296.07,47.722
762001,290.06,47.824
762021,284.03,47.97
762041,277.96,48.16
762061,271.85,48.392
762081,265.7,48.665
762101,259.5,48.976
762121,253.24,49.324
762141,246.93,49.704
762161,240.56,50.114
762181,234.14,50.548
762201,227.65,51.003
762221,221.12,51.474
762241,214.53,51.956
762261,207.89,52.445
762281,201.2,52.936
762301,194.47,53.425
762321,187.7,53.906
762341,180.9,54.375
762361,174.06,54.829
762381,167.21,55.263
762401,160.33,55.674
762421,153.43,56.059
762441,146.53,56.416
762461,139.62,56.741
762481,132.71,57.033
762501,125.8,57.291
762521,118.9,57.512
762541,112.01,57.698
762561,105.13,57.847
762581,98.281,57.959
762601,91.453,58.036
762621,84.652,58.078
762641,77.882,58.087
762661,71.147,58.065
762681,64.449,58.013
762701,57.79,57.935
762721,51.173,57.834
762741,44.599,57.712
762761,38.07,57.573
762781,31.587,57.42
762801,25.148,57.258
762821,18.756,57.09
762841,12.408,56.92
762861,6.1029,56.752
762881,359.84,56.591
762901,353.61,56.44
762921,347.42,56.304
762941,341.27,56.185
762961,335.14,56.087
762981,329.03,56.014
763001,322.94,55.968
763021,316.86,55.952
763041,310.78,55.967
763061,304.7,56.016
763081,298.62,56.099
763101,292.52,56.217
763121,286.4,56.37
763141,280.26,56.558
763161,274.08,56.78
763181,267.86,57.034
763201,261.61,57.319
763221,255.31,57.632
763241,248.96,57.971
763261,242.55,58.333
763281,236.1,58.713
763301,229.6,59.11
763321,223.04,59.519
763341,216.43,59.936
763361,209.77,60.357
763381,203.06,60.779
763401,196.31,61.197
763421,189.52,61.608
763441,182.7,62.008
763461,175.83,62.393
763481,168.94,62.761
763501,162.03,63.108
763521,155.1,63.431
763541,148.15,63.728
763561,141.2,63.998
763581,134.24,64.238
763601,127.28,64.447
763621,120.32,64.624
763641,113.37,64.769
763661,106.44,64.882
763681,99.529,64.962
763701,92.637,65.011
763721,85.771,65.031
763741,78.934,65.021
763761,72.13,64.984
763781,65.361,64.923
763801,58.63,64.839
763821,51.939,64.736
763841,45.29,64.617
763861,38.684,64.484
763881,32.121,64.341
763901,25.603,64.191
763921,19.128,64.039
763941,12.697,63.888
763961,6.3073,63.741
763981,359.96,63.602
764001,353.65,63.475
764021,347.37,63.362
764041,341.13,63.268
764061,334.91,63.194
764081,328.72,63.144
764101,322.55,63.12
764121,316.39,63.124
764141,310.24,63.157
764161,304.09,63.22
764181,297.94,63.314
764201,291.78,63.44
764221,285.61,63.597
764241,279.42,63.785
764261,273.2,64.002
764281,266.96,64.246
764301,260.68,64.517
764321,254.36,64.812
764341,248,65.128
764361,241.6,65.462
764381,235.15,65.812
764401,228.66,66.173
764421,222.11,66.543
764441,215.52,66.919
764461,208.88,67.296
764481,202.19,67.671
764501,195.46,68.041
764521,188.69,68.401
764541,181.88,68.75
764561,175.03,69.084
764581,168.15,69.399
764601,161.25,69.694
764621,154.32,69.966
764641,147.37,70.213
764661,140.41,70.433
764681,133.44,70.625
764701,126.47,70.788
764721,119.5,70.921
764741,112.54,71.024
764761,105.58,71.098
764781,98.644,71.142
764801,91.723,71.158
764821,84.825,71.147
764841,77.953,71.111
764861,71.111,71.05
764881,64.301,70.969
764901,57.526,70.869
764921,50.789,70.752
764941,44.091,70.623
764961,37.434,70.483
764981,30.818,70.337
765001,24.245,70.188
765021,17.713,70.039
765041,11.222,69.894
765061,4.7725,69.756
765081,358.36,69.628
765101,351.99,69.514
765121,345.65,69.417
765141,339.34,69.34
765161,333.06,69.285
765181,326.8,69.254
765201,320.57,69.25
765221,314.35,69.274
765241,308.14,69.327
765261,301.94,69.41
765281,295.73,69.524
765301,289.53,69.668
765321,283.31,69.841
765341,277.09,70.044
765361,270.84,70.275
765381,264.57,70.531
765401,258.27,70.811
765421,251.94,71.113
765441,245.57,71.434
765461,239.17,71.77
765481,232.72,72.119
765501,226.23,72.478
765521,219.7,72.843
765541,213.12,73.21
765561,206.5,73.576
765581,199.84,73.938
765601,193.13,74.292
765621,186.38,74.635
765641,179.59,74.964
765661,172.76,75.276
765681,165.9,75.568
765701,159.02,75.839
765721,152.1,76.085
765741,145.17,76.306
765761,138.22,76.5
765781,131.25,76.665
765801,124.28,76.801
765821,117.31,76.909
765841,110.34,76.987
765861,103.38,77.036
765881,96.421,77.057
765901,89.482,77.051
765921,82.562,77.02
765941,75.665,76.966
765961,68.794,76.89
765981,61.952,76.795
766001,55.141,76.684
766021,48.365,76.559
766041,41.625,76.424
766061,34.923,76.282
766081,28.259,76.136
766101,21.634,75.989
766121,15.049,75.846
766141,8.5027,75.709
766161,1.9943,75.581
766181,355.52,75.467
766201,349.09,75.369
766221,342.68,75.29
766241,336.31,75.233
766261,329.96,75.2
766281,323.64,75.193
766301,317.34,75.215
766321,311.05,75.265
766341,304.78,75.347
766361,298.51,75.459
766381,292.25,75.602
766401,285.99,75.776
766421,279.72,75.98
766441,273.44,76.212
766461,267.14,76.473
766481,260.83,76.759
766501,254.49,77.068
766521,248.13,77.398
766541,241.74,77.745
766561,235.31,78.107
766581,228.85,78.48
766601,222.36,78.861
766621,215.82,79.247
766641,209.24,79.632
766661,202.62,80.0151
766681,195.96,80.391
766701,189.26,80.7568
766721,182.52,81.109
766741,175.75,81.4446
766761,168.93,81.7606
766781,162.09,82.0544
766801,155.21,82.3237
766821,148.3,82.5666
766841,141.38,82.7813
766861,134.43,82.9667
766881,127.47,83.1219
766901,120.5,83.2464
766921,113.52,83.3401
766941,106.54,83.4034
766961,99.56,83.437
766981,92.589,83.4419
767001,85.628,83.4195
767021,78.683,83.3718
767041,71.756,83.3008
767061,64.851,83.2088
767081,57.972,83.0986
767101,51.12,82.973
767121,44.298,82.8352
767141,37.509,82.6884
767161,30.754,82.5361
767181,24.033,82.3816
767201,17.349,82.2286
767221,10.7,82.0806
767241,4.0861,81.941
767261,357.51,81.8133
767281,350.96,81.7008
767301,344.45,81.6065
767321,337.97,81.5333
767341,331.52,81.4839
767361,325.09,81.4606
767381,318.68,81.4655
767401,312.3,81.5002
767421,305.92,81.566
767441,299.57,81.6638
767461,293.22,81.794
767481,286.87,81.9568
767501,280.52,82.1517
767521,274.18,82.378
767541,267.82,82.6343
767561,261.45,82.9189
767581,255.07,83.2299
767601,248.67,83.5649
767621,242.24,83.9209
767641,235.79,84.2951
767661,229.31,84.684
767681,222.81,85.084
767701,216.27,85.4915
767721,209.69,85.9026
767741,203.08,86.3133
767761,196.44,86.7196
767781,189.76,87.1177
767801,183.04,87.5038
767821,176.28,87.8741
767841,169.49,88.2252
767861,162.67,88.554
767881,155.82,88.8573
767901,148.93,89.13283
767921,142.02,89.37823
767941,135.09,89.59178
767961,128.13,89.77212
767981,121.16,89.918346
768001,114.18,90.030017
768021,107.18,90.10714
768041,100.19,90.15017
768061,93.191,90.16
768081,86.198,90.13796
768101,79.213,90.085744
768121,72.239,90.0054542
768141,65.28,89.89951
768161,58.34,89.77065
768181,51.421,89.62188
768201,44.527,89.45643
768221,37.659,89.27774
768241,30.82,89.0894
768261,24.011,88.8951
768281,17.233,88.6986
768301,10.487,88.5036
768321,3.7732,88.314
768341,357.09,88.1334
768361,350.44,87.9653
768381,343.82,87.8133
768401,337.23,87.6806
768421,330.67,87.5701
768441,324.13,87.4847
768461,317.62,87.4267
768481,311.12,87.3982
768501,304.64,87.4009
768521,298.18,87.4363
768541,291.73,87.5053
768561,285.28,87.6083
768581,278.84,87.7455
768601,272.4,87.9165
768621,265.96,88.1205
768641,259.5,88.3563
768661,253.04,88.6223
768681,246.57,88.9164
768701,240.07,89.23623
768721,233.56,89.57896
768741,227.03,89.941486
768761,220.47,90.3204
768781,213.88,90.71204
768801,207.27,91.1125
768821,200.62,91.5178
768841,193.95,91.9238
768861,187.24,92.3261
768881,180.5,92.7206
768901,173.73,93.1031
768921,166.92,93.4696
768941,160.09,93.816
768961,153.23,94.1388
768981,146.34,94.4344
769001,139.42,94.6999
769021,132.48,94.9326
769041,125.52,95.1302
769061,118.55,95.291
769081,111.55,95.4136
769101,104.55,95.4973
769121,97.546,95.5419
769141,90.535,95.5476
769161,83.524,95.5153
769181,76.518,95.4462
769201,69.519,95.3422
769221,62.533,95.2054
769241,55.561,95.0385
769261,48.606,94.8445
769281,41.672,94.6266
769301,34.761,94.3883
769321,27.876,94.1335
769341,21.017,93.8661
769361,14.186,93.5901
769381,7.3841,93.3095
769401,0.61198,93.0286
769421,353.87,92.7514
769441,347.16,92.4818
769461,340.47,92.2237
769481,333.82,91.9809
769501,327.19,91.7567
769521,320.58,91.5545
769541,314,91.3771
769561,307.43,91.2272
769581,300.89,91.1071
769601,294.35,91.0186
769621,287.83,90.96329
769641,281.32,90.94224
769661,274.82,90.95612
769681,268.31,91.0052
769701,261.8,91.0892
769721,255.29,91.2075
769741,248.77,91.3591
769761,242.23,91.5424
769781,235.69,91.7556
769801,229.12,91.9964
769821,222.54,92.2621
769841,215.93,92.5497
769861,209.3,92.8561
769881,202.64,93.1775
769901,195.95,93.5103
769921,189.24,93.8504
769941,182.49,94.1938
769961,175.72,94.5362
769981,168.91,94.8734
770001,162.08,95.2011
770021,155.22,95.5151
770041,148.34,95.8114
770061,141.43,96.086
770081,134.49,96.3353
770101,127.54,96.5557
770121,120.56,96.7444
770141,113.58,96.8985
770161,106.58,97.0159
770181,99.571,97.0947
770201,92.558,97.1337
770221,85.544,97.1323
770241,78.533,97.0901
770261,71.527,97.0077
770281,64.53,96.8858
770301,57.547,96.726
770321,50.578,96.5302
770341,43.629,96.3008
770361,36.701,96.0407
770381,29.796,95.753
770401,22.917,95.4414
770421,16.066,95.1097
770441,9.2428,94.7618
770461,2.4492,94.4019
770481,355.69,94.0343
770501,348.95,93.6633
770521,342.25,93.2932
770541,335.57,92.9281
770561,328.93,92.5722
770581,322.31,92.2293
770601,315.71,91.9032
770621,309.14,91.5972
770641,302.59,91.3146
770661,296.05,91.0581
770681,289.53,90.83027
770701,283.03,90.63314
770721,276.53,90.46841
770741,270.04,90.33735
770761,263.54,90.24081
770781,257.05,90.1792
770801,250.56,90.15247
770821,244.05,90.16018
770841,237.54,90.20142
770861,231.01,90.27488
770881,224.46,90.37885
770901,217.89,90.51125
770921,211.3,90.66964
770941,204.69,90.85126
770961,198.05,91.053
770981,191.38,91.2717
771001,184.68,91.5037
771021,177.95,91.7453
771041,171.19,91.9926
771061,164.4,92.2418
771081,157.58,92.4889
771101,150.74,92.7297
771121,143.86,92.9605
771141,136.96,93.1773
771161,130.03,93.3765
771181,123.09,93.5544
771201,116.12,93.7077
771221,109.14,93.8336
771241,102.15,93.9292
771261,95.149,93.9922
771281,88.143,94.0206
771301,81.137,94.0131
771321,74.133,93.9685
771341,67.136,93.8862
771361,60.149,93.7663
771381,53.177,93.6091
771401,46.222,93.4157
771421,39.288,93.1875
771441,32.378,92.9263
771461,25.494,92.6346
771481,18.638,92.315
771501,11.813,91.9708
771521,5.0198,91.6054
771541,358.26,91.2224
771561,351.53,90.82577
771581,344.84,90.41955
771601,338.18,90.0078775
771621,331.55,89.59491
771641,324.96,89.18478
771661,318.39,88.7815
771681,311.85,88.3891
771701,305.34,88.0112
771721,298.85,87.6512
771741,292.39,87.3126
771761,285.94,86.998
771781,279.51,86.7102
771801,273.09,86.4513
771821,266.67,86.2231
771841,260.26,86.0271
771861,253.85,85.864
771881,247.44,85.7346
771901,241.03,85.6388
771921,234.6,85.5763
771941,228.16,85.5464
771961,221.7,85.5479
771981,215.22,85.5792
772001,208.72,85.6383
772021,202.19,85.723
772041,195.63,85.8307
772061,189.05,85.9585
772081,182.43,86.1034
772101,175.79,86.2619
772121,169.1,86.4307
772141,162.39,86.6061
772161,155.64,86.7846
772181,148.86,86.9624
772201,142.05,87.1358
772221,135.2,87.3013
772241,128.33,87.4554
772261,121.44,87.5946
772281,114.51,87.7158
772301,107.57,87.816
772321,100.61,87.8925
772341,93.642,87.9429
772361,86.659,87.965
772381,79.671,87.9571
772401,72.681,87.9179
772421,65.694,87.8463
772441,58.713,87.7417
772461,51.744,87.604
772481,44.789,87.4335
772501,37.853,87.2308
772521,30.94,86.9972
772541,24.052,86.7341
772561,17.194,86.4435
772581,10.368,86.1278
772601,3.575,85.7895
772621,356.82,85.4318
772641,350.1,85.0578
772661,343.42,84.6711
772681,336.77,84.2752
772701,330.17,83.8739
772721,323.6,83.4712
772741,317.07,83.0707
772761,310.57,82.6764
772781,304.1,82.2919
772801,297.67,81.9207
772821,291.26,81.5663
772841,284.88,81.2318
772861,278.52,80.9199
772881,272.17,80.6332
772901,265.84,80.3739
772921,259.52,80.1436
772941,253.2,79.944
772961,246.89,79.775
772981,240.57,79.639
773001,234.25,79.535
773021,227.91,79.462
773041,221.56,79.42
773061,215.19,79.408
773081,208.8,79.424
773101,202.38,79.466
773121,195.94,79.532
773141,189.47,79.62
773161,182.96,79.726
773181,176.42,79.848
773201,169.84,79.982
773221,163.22,80.1257
773241,156.57,80.2747
773261,149.88,80.4258
773281,143.16,80.5757
773301,136.4,80.7207
773321,129.6,80.8576
773341,122.78,80.9831
773361,115.92,81.0941
773381,109.04,81.1878
773401,102.13,81.2615
773421,95.199,81.3127
773441,88.252,81.3395
773461,81.291,81.3399
773481,74.321,81.3125
773501,67.346,81.2563
773521,60.37,81.1704
773541,53.397,81.0545
773561,46.434,80.9087
773581,39.482,80.7332
773601,32.548,80.529
773621,25.636,80.2971
773641,18.749,80.0391
773661,11.89,79.757
773681,5.0645,79.452
773701,358.27,79.129
773721,351.52,78.788
773741,344.81,78.434
773761,338.14,78.069
773781,331.51,77.696
773801,324.92,77.321
773821,318.37,76.945
773841,311.87,76.572
773861,305.4,76.207
773881,298.98,75.852
773901,292.59,75.51
773921,286.23,75.186
773941,279.9,74.881
773961,273.59,74.599
773981,267.31,74.342
774001,261.04,74.112
774021,254.79,73.909
774041,248.55,73.737
774061,242.31,73.595
774081,236.06,73.483
774101,229.82,73.402
774121,223.56,73.352
774141,217.28,73.33
774161,210.99,73.337
774181,204.67,73.37
774201,198.33,73.427
774221,191.96,73.506
774241,185.56,73.604
774261,179.12,73.719
774281,172.64,73.847
774301,166.12,73.985
774321,159.57,74.13
774341,152.97,74.278
774361,146.34,74.426
774381,139.66,74.57
774401,132.95,74.708
774421,126.2,74.836
774441,119.41,74.95
774461,112.59,75.048
774481,105.74,75.127
774501,98.856,75.186
774521,91.95,75.22
774541,85.023,75.23
774561,78.078,75.213
774581,71.12,75.168
774601,64.153,75.094
774621,57.181,74.991
774641,50.209,74.859
774661,43.242,74.698
774681,36.285,74.508
774701,29.341,74.291
774721,22.417,74.049
774741,15.515,73.782
774761,8.6413,73.493
774781,1.7987,73.184
774801,354.99,72.857
774821,348.22,72.517
774841,341.49,72.165
774861,334.81,71.805
774881,328.17,71.44
774901,321.57,71.073
774921,315.02,70.709
774941,308.52,70.351
774961,302.06,70.001
774981,295.64,69.664
775001,289.27,69.342
775021,282.93,69.038
775041,276.63,68.756
775061,270.36,68.497
775081,264.11,68.264
775101,257.89,68.059
775121,251.68,67.882
775141,245.49,67.735
775161,239.3,67.618
775181,233.12,67.532
775201,226.93,67.477
775221,220.73,67.45
775241,214.52,67.452
775261,208.29,67.48
775281,202.03,67.534
775301,195.75,67.609
775321,189.44,67.705
775341,183.1,67.818
775361,176.72,67.945
775381,170.3,68.082
775401,163.84,68.227
775421,157.33,68.376
775441,150.79,68.525
775461,144.2,68.672
775481,137.57,68.812
775501,130.9,68.941
775521,124.19,69.058
775541,117.44,69.159
775561,110.65,69.241
775581,103.83,69.301
775601,96.976,69.337
775621,90.094,69.348
775641,83.187,69.331
775661,76.259,69.285
775681,69.314,69.21
775701,62.356,69.104
775721,55.39,68.968
775741,48.42,68.801
775761,41.451,68.605
775781,34.487,68.379
775801,27.534,68.127
775821,20.597,67.848
775841,13.679,67.546
775861,6.7867,67.223
775881,359.92,66.881
775901,353.09,66.522
775921,346.3,66.152
775941,339.55,65.771
775961,332.84,65.385
775981,326.18,64.996
776001,319.56,64.609
776021,312.99,64.226
776041,306.48,63.852
776061,300.01,63.489
776081,293.59,63.142
776101,287.22,62.814
776121,280.89,62.506
776141,274.61,62.223
776161,268.36,61.967
776181,262.15,61.739
776201,255.96,61.54
776221,249.8,61.373
776241,243.65,61.238
776261,237.51,61.135
776281,231.39,61.064
776301,225.26,61.024
776321,219.12,61.014
776341,212.98,61.033
776361,206.81,61.079
776381,200.63,61.149
776401,194.42,61.241
776421,188.18,61.351
776441,181.9,61.477
776461,175.59,61.616
776481,169.24,61.762
776501,162.84,61.914
776521,156.41,62.067
776541,149.92,62.217
776561,143.4,62.361
776581,136.83,62.495
776601,130.21,62.616
776621,123.56,62.72
776641,116.86,62.804
776661,110.12,62.866
776681,103.35,62.902
776701,96.537,62.911
776721,89.697,62.89
776741,82.83,62.838
776761,75.938,62.754
776781,69.026,62.637
776801,62.098,62.487
776821,55.158,62.303
776841,48.21,62.085
776861,41.259,61.836
776881,34.31,61.555
776901,27.368,61.246
776921,20.437,60.908
776941,13.522,60.546
776961,6.6281,60.162
776981,359.76,59.758
777001,352.92,59.339
777021,346.12,58.907
777041,339.36,58.467
777061,332.63,58.023
777081,325.96,57.578
777101,319.33,57.137
777121,312.76,56.704
777141,306.24,56.283
777161,299.77,55.878
777181,293.36,55.492
777201,287,55.131
777221,280.69,54.795
777241,274.43,54.49
777261,268.22,54.216
777281,262.05,53.977
777301,255.91,53.773
777321,249.81,53.606
777341,243.73,53.477
777361,237.67,53.385
777381,231.62,53.329
777401,225.58,53.309
777421,219.53,53.324
777441,213.48,53.37
777461,207.41,53.445
777481,201.33,53.547
777501,195.21,53.672
777521,189.07,53.817
777541,182.89,53.977
777561,176.68,54.149
777581,170.43,54.329
777601,164.13,54.512
777621,157.79,54.694
777641,151.4,54.871
777661,144.96,55.038
777681,138.48,55.192
777701,131.96,55.33
777721,125.39,55.446
777741,118.78,55.539
777761,112.12,55.604
777781,105.43,55.64
777801,98.708,55.643
777821,91.95,55.612
777841,85.163,55.545
777861,78.352,55.441
777881,71.518,55.3
777901,64.667,55.12
777921,57.803,54.901
777941,50.929,54.645
777961,44.051,54.353
777981,37.172,54.025
778001,30.297,53.664
778021,23.432,53.271
778041,16.579,52.85
778061,9.7456,52.404
778081,2.9348,51.936
778101,356.15,51.45
778121,349.4,50.951
778141,342.69,50.442
778161,336.01,49.928
778181,329.39,49.415
778201,322.81,48.907
778221,316.28,48.41
778241,309.81,47.928
778261,303.39,47.467
778281,297.04,47.031
778301,290.74,46.626
778321,284.5,46.254
778341,278.31,45.921
778361,272.17,45.628
778381,266.09,45.38
778401,260.05,45.178
778421,254.04,45.023
778441,248.07,44.915
778461,242.12,44.856
778481,236.18,44.843
778501,230.26,44.875
778521,224.33,44.95
778541,218.4,45.065
778561,212.45,45.217
778581,206.48,45.401
778601,200.48,45.613
778621,194.45,45.849
778641,188.38,46.103
778661,182.28,46.371
778681,176.13,46.648
778701,169.93,46.928
778721,163.69,47.206
778741,157.4,47.477
778761,151.06,47.737
778781,144.67,47.981
778801,138.24,48.204
778821,131.77,48.403
778841,125.26,48.574
778861,118.71,48.713
778881,112.12,48.818
778901,105.5,48.886
778921,98.855,48.915
778941,92.183,48.902
778961,85.491,48.848
778981,78.781,48.75
779001,72.06,48.609
779021,65.329,48.424
779041,58.595,48.197
779061,51.862,47.928
779081,45.133,47.619
779101,38.414,47.271
779121,31.708,46.888
779141,25.021,46.471
779161,18.357,46.026
779181,11.719,45.554
779201,5.1126,45.061
779221,358.54,44.551
779241,352.01,44.029
779261,345.52,43.501
779281,339.08,42.972
779301,332.68,42.448
779321,326.34,41.934
779341,320.05,41.438
779361,313.82,40.966
779381,307.64,40.523
779401,301.51,40.114
779421,295.43,39.747
779441,289.41,39.425
779461,283.43,39.154
779481,277.49,38.936
779501,271.58,38.775
779521,265.7,38.673
779541,259.84,38.63
779561,253.99,38.646
779581,248.14,38.721
779601,242.28,38.853
779621,236.41,39.037
779641,230.52,39.272
779661,224.6,39.552
779681,218.64,39.871
779701,212.64,40.226
779721,206.6,40.609
779741,200.52,41.015
779761,194.38,41.437
779781,188.2,41.87
779801,181.97,42.307
779821,175.68,42.742
779841,169.35,43.17
779861,162.98,43.586
779881,156.56,43.984
779901,150.11,44.359
779921,143.61,44.708
779941,137.09,45.026
779961,130.53,45.31
779981,123.95,45.557
780001,117.34,45.764
780021,110.72,45.929
780041,104.09,46.051
780061,97.449,46.128
780081,90.804,46.159
780101,84.159,46.144
780121,77.52,46.085
780141,70.89,45.98
780161,64.274,45.832
780181,57.676,45.642
780201,51.101,45.412
780221,44.553,45.145
780241,38.035,44.843
780261,31.552,44.511
780281,25.106,44.153
780301,18.701,43.771
780321,12.339,43.372
780341,6.0225,42.96
780361,359.75,42.541
780381,353.53,42.12
780401,347.36,41.702
780421,341.24,41.295
780441,335.16,40.904
780461,329.13,40.534
780481,323.14,40.193
780501,317.2,39.886
780521,311.28,39.618
780541,305.39,39.394
780561,299.52,39.219
780581,293.66,39.096
780601,287.81,39.029
780621,281.95,39.02
780641,276.08,39.069
780661,270.19,39.176
780681,264.27,39.342
780701,258.32,39.563
780721,252.32,39.838
780741,246.27,40.162
780761,240.18,40.532
780781,234.03,40.942
780801,227.83,41.388
780821,221.57,41.863
780841,215.26,42.361
780861,208.89,42.876
780881,202.47,43.403
780901,196.01,43.936
780921,189.49,44.467
780941,182.94,44.993
780961,176.34,45.507
780981,169.72,46.005
781001,163.06,46.482
781021,156.37,46.934
781041,149.66,47.356
781061,142.94,47.746
781081,136.2,48.101
781101,129.45,48.418
781121,122.7,48.695
781141,115.95,48.931
781161,109.2,49.125
781181,102.47,49.275
781201,95.744,49.383
781221,89.038,49.448
781241,82.354,49.471
781261,75.695,49.453
781281,69.064,49.397
781301,62.467,49.304
781321,55.905,49.176
781341,49.381,49.017
781361,42.899,48.831
781381,36.46,48.62
781401,30.066,48.389
781421,23.719,48.141
781441,17.418,47.882
781461,11.165,47.617
781481,4.9579,47.349
781501,358.8,47.084
781521,352.68,46.828
781541,346.6,46.584
781561,340.56,46.359
781581,334.55,46.156
781601,328.57,45.98
781621,322.61,45.836
781641,316.66,45.728
781661,310.72,45.658
781681,304.78,45.63
781701,298.84,45.646
781721,292.87,45.707
781741,286.89,45.815
781761,280.87,45.97
781781,274.82,46.17
781801,268.72,46.415
781821,262.58,46.704
781841,256.38,47.032
781861,250.13,47.398
781881,243.82,47.798
781901,237.46,48.227
781921,231.03,48.681
781941,224.55,49.155
781961,218.02,49.645
781981,211.43,50.146
782001,204.79,50.652
782021,198.11,51.158
782041,191.39,51.66
782061,184.63,52.154
782081,177.84,52.634
782101,171.02,53.097
782121,164.17,53.538
782141,157.31,53.954
782161,150.43,54.343
782181,143.55,54.701
782201,136.66,55.026
782221,129.77,55.316
782241,122.88,55.571
782261,116.01,55.788
782281,109.15,55.967
782301,102.3,56.108
782321,95.478,56.212
782341,88.68,56.28
782361,81.911,56.312
782381,75.174,56.31
782401,68.472,56.276
782421,61.808,56.212
782441,55.185,56.122
782461,48.603,56.008
782481,42.066,55.873
782501,35.574,55.722
782521,29.127,55.557
782541,22.727,55.383
782561,16.372,55.204
782581,10.062,55.024
782601,3.7946,54.848
782621,357.57,54.678
782641,351.38,54.52
782661,345.23,54.378
782681,339.1,54.254
782701,333,54.154
782721,326.93,54.079
782741,320.86,54.033
782761,314.81,54.019
782781,308.76,54.038
782801,302.7,54.092
782821,296.63,54.182
782841,290.55,54.309
782861,284.44,54.472
782881,278.3,54.671
782901,272.12,54.906
782921,265.9,55.174
782941,259.64,55.474
782961,253.33,55.803
782981,246.97,56.159
783001,240.56,56.537
783021,234.09,56.935
783041,227.57,57.348
783061,221,57.774
783081,214.37,58.207
783101,207.7,58.645
783121,200.98,59.081
783141,194.22,59.514
783161,187.41,59.938
783181,180.58,60.35
783201,173.71,60.747
783221,166.81,61.125
783241,159.9,61.48
783261,152.96,61.811
783281,146.02,62.115
783301,139.07,62.39
783321,132.11,62.635
783341,125.16,62.847
783361,118.22,63.027
783381,111.28,63.173
783401,104.37,63.286
783421,97.469,63.367
783441,90.595,63.415
783461,83.75,63.433
783481,76.935,63.422
783501,70.154,63.383
783521,63.41,63.319
783541,56.705,63.233
783561,50.04,63.127
783581,43.419,63.005
783601,36.841,62.869
783621,30.307,62.724
783641,23.818,62.572
783661,17.373,62.418
783681,10.971,62.265
783701,4.6117,62.118
783721,358.29,61.978
783741,352.01,61.851
783761,345.76,61.74
783781,339.54,61.647
783801,333.35,61.575
783821,327.18,61.528
783841,321.03,61.508
783861,314.89,61.516
783881,308.76,61.554
783901,302.63,61.623
783921,296.49,61.724
783941,290.34,61.856
783961,284.17,62.021
783981,277.98,62.216
784001,271.77,62.441
784021,265.52,62.695
784041,259.23,62.974
784061,252.91,63.278
784081,246.54,63.603
784101,240.12,63.946
784121,233.66,64.305
784141,227.14,64.675
784161,220.58,65.054
784181,213.97,65.437
784201,207.31,65.822
784221,200.6,66.204
784241,193.85,66.58
784261,187.06,66.947
784281,180.23,67.302
784301,173.37,67.64
784321,166.48,67.96
784341,159.57,68.258
784361,152.63,68.533
784381,145.68,68.783
784401,138.71,69.005
784421,131.75,69.198
784441,124.77,69.362
784461,117.81,69.495
784481,110.85,69.599
784501,103.9,69.672
784521,96.972,69.715
784541,90.063,69.73
784561,83.178,69.718
784581,76.322,69.68
784601,69.496,69.618
784621,62.705,69.535
784641,55.95,69.433
784661,49.234,69.316
784681,42.559,69.185
784701,35.925,69.044
784721,29.333,68.897
784741,22.784,68.747
784761,16.277,68.598
784781,9.8117,68.453
784801,3.3871,68.315
784821,357,68.188
784841,350.65,68.075
784861,344.34,67.979
784881,338.05,67.903
784901,331.79,67.85
784921,325.56,67.822
784941,319.34,67.82
784961,313.14,67.846
784981,306.95,67.903
785001,300.76,67.989
785021,294.57,68.105
785041,288.37,68.252
785061,282.16,68.429
785081,275.94,68.635
785101,269.69,68.868
785121,263.42,69.127
785141,257.12,69.41
785161,250.78,69.713
785181,244.41,70.035
785201,237.99,70.373
785221,231.54,70.722
785241,225.03,71.081
785261,218.49,71.446
785281,211.89,71.812
785301,205.26,72.177
785321,198.57,72.538
785341,191.85,72.89
785361,185.08,73.231
785381,178.27,73.557
785401,171.43,73.866
785421,164.56,74.155
785441,157.66,74.423
785461,150.74,74.666
785481,143.8,74.883
785501,136.84,75.073
785521,129.87,75.234
785541,122.9,75.367
785561,115.93,75.47
785581,108.96,75.544
785601,102,75.59
785621,95.056,75.607
785641,88.127,75.598
785661,81.218,75.564
785681,74.335,75.507
785701,67.479,75.428
785721,60.654,75.331
785741,53.863,75.217
785761,47.107,75.091
785781,40.389,74.954
785801,33.709,74.811
785821,27.069,74.664
785841,20.469,74.517
785861,13.909,74.374
785881,7.3883,74.237
785901,0.90594,74.111
785921,354.46,73.998
785941,348.05,73.901
785961,341.67,73.824
785981,335.32,73.769
786001,329,73.738
786021,322.7,73.733
786041,316.42,73.757
786061,310.16,73.81
786081,303.91,73.893
786101,297.66,74.007
786121,291.41,74.151
786141,285.16,74.326
786161,278.91,74.531
786181,272.64,74.765
786201,266.35,75.025
786221,260.04,75.31
786241,253.71,75.617
786261,247.35,75.945
786281,240.96,76.289
786301,234.53,76.647
786321,228.06,77.016
786341,221.56,77.392
786361,215.01,77.771
786381,208.42,78.151
786401,201.8,78.526
786421,195.12,78.894
786441,188.41,79.252
786461,181.66,79.596
786481,174.87,79.923
786501,168.05,80.2306
786521,161.19,80.5159
786541,154.3,80.7768
786561,147.39,81.0114
786581,140.46,81.2182
786601,133.51,81.396
786621,126.54,81.5442
786641,119.57,81.6622
786661,112.59,81.75
786681,105.61,81.808
786701,98.641,81.8371
786721,91.678,81.8382
786741,84.727,81.8129
786761,77.794,81.7629
786781,70.881,81.6905
786801,63.993,81.5979
786821,57.131,81.4879
786841,50.299,81.3633
786861,43.498,81.2273
786881,36.732,81.0831
786901,30,80.9341
786921,23.305,80.7838
786941,16.646,80.6356
786961,10.024,80.493
786981,3.4388,80.3595
787001,356.89,80.2384
787021,350.37,80.133
787041,343.89,80.0462
787061,337.44,79.981
787081,331.01,79.94
787101,324.61,79.925
787121,318.23,79.938
787141,311.87,79.981
787161,305.53,80.0555
787181,299.2,80.1614
787201,292.87,80.2994
787221,286.55,80.4695
787241,280.22,80.6712
787261,273.89,80.9034
787281,267.55,81.165
787301,261.2,81.454
787321,254.83,81.7684
787341,248.44,82.1057
787361,242.03,82.463
787381,235.59,82.8373
787401,229.12,83.225
787421,222.62,83.6228
787441,216.08,84.0268
787461,209.51,84.4332
787481,202.9,84.8383
787501,196.25,85.238
787521,189.57,85.6286
787541,182.85,86.0064
787561,176.09,86.3679
787581,169.29,86.7098
787601,162.47,87.0291
787621,155.61,87.323
787641,148.72,87.5892
787661,141.8,87.8257
787681,134.87,88.0308
787701,127.91,88.2035
787721,120.94,88.343
787741,113.96,88.449
787761,106.97,88.5216
787781,99.973,88.5614
787801,92.982,88.5694
787821,85.996,88.547
787841,79.019,88.4959
787861,72.056,88.4183
787881,65.11,88.3166
787901,58.184,88.1936
787921,51.28,88.0521
787941,44.403,87.8956
787961,37.554,87.7272
787981,30.734,87.5507
788001,23.946,87.3696
788021,17.19,87.1875
788041,10.467,87.0083
788061,3.7769,86.8356
788081,357.12,86.673
788101,350.49,86.524
788121,343.9,86.3918
788141,337.34,86.2797
788161,330.8,86.1906
788181,324.29,86.127
788201,317.8,86.0912
788221,311.33,86.0853
788241,304.88,86.1107
788261,298.44,86.1688
788281,292.01,86.2604
788301,285.59,86.3857
788321,279.17,86.5447
788341,272.75,86.7369
788361,266.33,86.9615
788381,259.9,87.217
788401,253.45,87.5016
788421,247,87.8132
788441,240.52,88.1492
788461,234.02,88.5068
788481,227.5,88.8827
788501,220.96,89.27339
788521,214.38,89.67523
788541,207.78,90.084262
788561,201.15,90.49644
788581,194.48,90.90761
788601,187.78,91.3136
788621,181.05,91.7102
788641,174.28,92.0934
788661,167.48,92.4592
788681,160.65,92.8038
788701,153.79,93.1239
788721,146.9,93.416
788741,139.99,93.6776
788761,133.05,93.906
788781,126.1,94.0994
788801,119.12,94.2562
788821,112.13,94.3754
788841,105.13,94.4565
788861,98.125,94.4995
788881,91.116,94.5049
788901,84.108,94.4737
788921,77.105,94.4074
788941,70.111,94.308
788961,63.128,94.1776
788981,56.161,94.0192
789001,49.212,93.8355
789021,42.285,93.6301
789041,35.381,93.4064
789061,28.503,93.1683
789081,21.652,92.9195
789101,14.83,92.664
789121,8.037,92.406
789141,1.2744,92.1494
789161,354.54,91.8981
789181,347.84,91.6562
789201,341.17,91.4272
789221,334.52,91.2149
789241,327.9,91.0224
789261,321.31,90.85301
789281,314.73,90.70941
789301,308.18,90.59411
789321,301.65,90.50922
789341,295.12,90.45648
789361,288.61,90.43725
789381,282.11,90.45245
789401,275.62,90.50258
789421,269.12,90.5877
789441,262.62,90.70746
789461,256.12,90.86103
789481,249.6,91.0472
789501,243.08,91.2643
789521,236.54,91.5102
789541,229.98,91.7826
789561,223.4,92.0786
789581,216.8,92.3952
789601,210.17,92.7289
789621,203.52,93.076
789641,196.84,93.4327
789661,190.13,93.7949
789681,183.39,94.1584
789701,176.62,94.519
789721,169.82,94.8723
789741,162.99,95.2141
789761,156.14,95.5403
789781,149.25,95.8468
789801,142.35,96.1297
789821,135.41,96.3854
789841,128.46,96.6108
789861,121.49,96.8029
789881,114.5,96.9593
789901,107.51,97.0779
789921,100.5,97.1571
789941,93.487,97.1961
789961,86.473,97.1943
789981,79.461,97.1519
790001,72.454,97.0696
790021,65.456,96.9484
790041,58.47,96.7902
790061,51.5,96.5971
790081,44.547,96.3717
790101,37.616,96.1171
790121,30.708,95.8366
790141,23.825,95.534
790161,16.969,95.2131
790181,10.141,94.878
790201,3.3419,94.5329
790221,356.57,94.1821
790241,349.83,93.8298
790261,343.12,93.4803
790281,336.44,93.1378
790301,329.79,92.8061
790321,323.16,92.4892
790341,316.55,92.1906
790361,309.97,91.9136
790381,303.41,91.6613
790401,296.87,91.4363
790421,290.34,91.2409
790441,283.82,91.0771
790461,277.31,90.94646
790481,270.81,90.84998
790501,264.31,90.78839
790521,257.8,90.76193
790541,251.3,90.7704
790561,244.78,90.81316
790581,238.25,90.88916
790601,231.71,90.99693
790621,225.15,91.1346
790641,218.57,91.2999
790661,211.96,91.4903
790681,205.34,91.7029
790701,198.68,91.9344
790721,192,92.1815
790741,185.29,92.4405
790761,178.55,92.7075
790781,171.78,92.9787
790801,164.98,93.2499
790821,158.15,93.5171
790841,151.29,93.7762
790861,144.41,94.0232
790881,137.5,94.2543
790901,130.56,94.4656
790921,123.61,94.6537
790941,116.64,94.8152
790961,109.65,94.9472
790981,102.66,95.0471
791001,95.652,95.1125
791021,88.643,95.1418
791041,81.634,95.1335
791061,74.628,95.0869
791081,67.629,95.0015
791101,60.641,94.8775
791121,53.667,94.7157
791141,46.711,94.5173
791161,39.776,94.2838
791181,32.864,94.0177
791201,25.977,93.7213
791221,19.119,93.3978
791241,12.291,93.0504
791261,5.4932,92.6829
791281,358.73,92.299
791301,351.99,91.9029
791321,345.29,91.4986
791341,338.63,91.0904
791361,331.99,90.68251
791381,325.38,90.27906
791401,318.8,89.88411
791421,312.25,89.50153
791441,305.73,89.13501
791461,299.22,88.788
791481,292.74,88.4635
791501,286.28,88.1645
791521,279.82,87.8933
791541,273.38,87.6521
791561,266.95,87.4424
791581,260.52,87.2656
791601,254.08,87.1225
791621,247.65,87.0134
791641,241.21,86.9383
791661,234.75,86.8966
791681,228.29,86.8875
791701,221.8,86.9097
791721,215.29,86.9615
791741,208.77,87.0407
791761,202.21,87.145
791781,195.63,87.2716
791801,189.02,87.4177
791821,182.38,87.5799
791841,175.71,87.7549
791861,169,87.9391
791881,162.26,88.1289
791901,155.49,88.3205
791921,148.69,88.5102
791941,141.85,88.6942
791961,134.99,88.8689
791981,128.1,89.03078
792001,121.19,89.17636
792021,114.26,89.30246
792041,107.3,89.40609
792061,100.33,89.48452
792081,93.35,89.53536
792101,86.361,89.55651
792121,79.367,89.54627
792141,72.373,89.50332
792161,65.384,89.42675
792181,58.402,89.31608
792201,51.433,89.1713
792221,44.481,88.9928
792241,37.548,88.7814
792261,30.639,88.5386
792281,23.757,88.2659
792301,16.904,87.9655
792321,10.082,87.64
792341,3.2949,87.2921
792361,356.54,86.9252
792381,349.83,86.5425
792401,343.15,86.1477
792421,336.51,85.7446
792441,329.9,85.3371
792461,323.33,84.929
792481,316.8,84.5244
792501,310.3,84.127
792521,303.83,83.7406
792541,297.38,83.3687
792561,290.97,83.0147
792581,284.57,82.6816
792601,278.2,82.3723
792621,271.84,82.089
792641,265.49,81.834
792661,259.15,81.6088
792681,252.81,81.4148
792701,246.48,81.2528
792721,240.14,81.1231
792741,233.79,81.0258
792761,227.43,80.9603
792781,221.05,80.9259
792801,214.65,80.9212
792821,208.23,80.9446
792841,201.79,80.9941
792861,195.32,81.0673
792881,188.81,81.1616
792901,182.28,81.2742
792921,175.71,81.4019
792941,169.1,81.5415
792961,162.46,81.6895
792981,155.79,81.8426
793001,149.07,81.9971
793021,142.32,82.1496
793041,135.54,82.2967
793061,128.73,82.4348
793081,121.88,82.5609
793101,115.01,82.6717
793121,108.11,82.7644
793141,101.18,82.8363
793161,94.243,82.8851
793181,87.286,82.9086
793201,80.317,82.9051
793221,73.341,82.8731
793241,66.363,82.8117
793261,59.386,82.7199
793281,52.414,82.5977
793301,45.454,82.445
793321,38.507,82.2622
793341,31.58,82.0503
793361,24.676,81.8105
793381,17.799,81.5444
793401,10.952,81.254
793421,4.1378,80.9415
793441,357.36,80.6095
793461,350.62,80.261
793481,343.92,79.899
793501,337.26,79.527
793521,330.64,79.148
793541,324.06,78.766
793561,317.53,78.385
793581,311.03,78.007
793601,304.57,77.638
793621,298.15,77.279
793641,291.76,76.935
793661,285.4,76.609
793681,279.07,76.303
793701,272.76,76.021
793721,266.47,75.763
793741,260.19,75.533
793761,253.93,75.332
793781,247.67,75.161
793801,241.42,75.021
793821,235.16,74.911
793841,228.89,74.833
793861,222.61,74.784
793881,216.31,74.765
793901,210,74.774
793921,203.66,74.809
793941,197.29,74.868
793961,190.89,74.949
793981,184.46,75.049
794001,178,75.165
794021,171.5,75.294
794041,164.96,75.433
794061,158.38,75.578
794081,151.76,75.726
794101,145.1,75.873
794121,138.4,76.017
794141,131.67,76.153
794161,124.89,76.279
794181,118.09,76.392
794201,111.25,76.488
794221,104.38,76.565
794241,97.487,76.621
794261,90.57,76.653
794281,83.633,76.659
794301,76.68,76.639
794321,69.717,76.591
794341,62.746,76.514
794361,55.774,76.407
794381,48.803,76.272
794401,41.84,76.108
794421,34.888,75.915
794441,27.953,75.695
794461,21.039,75.45
794481,14.149,75.18
794501,7.2885,74.889
794521,0.46079,74.578
794541,353.67,74.25
794561,346.92,73.908
794581,340.21,73.555
794601,333.54,73.194
794621,326.91,72.829
794641,320.33,72.463
794661,313.8,72.1
794681,307.31,71.742
794701,300.86,71.394
794721,294.46,71.059
794741,288.09,70.739
794761,281.76,70.438
794781,275.46,70.159
794801,269.19,69.904
794821,262.95,69.674
794841,256.72,69.472
794861,250.51,69.299
794881,244.31,69.156
794901,238.11,69.043
794921,231.91,68.961
794941,225.7,68.908
794961,219.49,68.885
794981,213.26,68.89
795001,207.01,68.921
795021,200.73,68.977
795041,194.43,69.055
795061,188.09,69.153
795081,181.72,69.267
795101,175.32,69.395
795121,168.87,69.533
795141,162.39,69.678
795161,155.86,69.827
795181,149.29,69.977
795201,142.68,70.122
795221,136.02,70.261
795241,129.33,70.39
795261,122.6,70.506
795281,115.83,70.606
795301,109.02,70.687
795321,102.18,70.746
795341,95.311,70.781
795361,88.415,70.791
795381,81.496,70.774
795401,74.558,70.728
795421,67.605,70.652
795441,60.641,70.547
795461,53.671,70.412
795481,46.7,70.247
795501,39.732,70.053
795521,32.772,69.83
795541,25.825,69.581
795561,18.895,69.307
795581,11.988,69.009
795601,5.1071,68.691
795621,358.26,68.355
795641,351.44,68.003
795661,344.67,67.639
795681,337.93,67.267
795701,331.24,66.889
795721,324.6,66.508
795741,318,66.13
795761,311.46,65.757
795781,304.96,65.392
795801,298.51,65.04
795821,292.1,64.703
795841,285.74,64.384
795861,279.43,64.087
795881,273.15,63.813
795901,266.9,63.566
795921,260.69,63.347
795941,254.5,63.157
795961,248.33,62.998
795981,242.17,62.871
796001,236.03,62.774
796021,229.88,62.709
796041,223.74,62.675
796061,217.58,62.67
796081,211.42,62.693
796101,205.23,62.741
796121,199.02,62.814
796141,192.78,62.907
796161,186.51,63.018
796181,180.21,63.145
796201,173.86,63.282
796221,167.48,63.428
796241,161.06,63.578
796261,154.59,63.729
796281,148.08,63.877
796301,141.52,64.018
796321,134.92,64.15
796341,128.28,64.268
796361,121.59,64.369
796381,114.87,64.45
796401,108.1,64.509
796421,101.3,64.543
796441,94.472,64.55
796461,87.611,64.528
796481,80.724,64.475
796501,73.814,64.391
796521,66.886,64.274
796541,59.944,64.125
796561,52.991,63.943
796581,46.034,63.73
796601,39.075,63.485
796621,32.121,63.21
796641,25.176,62.907
796661,18.244,62.578
796681,11.331,62.225
796701,4.4412,61.851
796721,357.58,61.459
796741,350.75,61.053
796761,343.96,60.635
796781,337.21,60.21
796801,330.5,59.781
796821,323.84,59.353
796841,317.23,58.929
796861,310.67,58.513
796881,304.16,58.11
796901,297.71,57.723
796921,291.3,57.355
796941,284.95,57.01
796961,278.65,56.691
796981,272.4,56.401
797001,266.19,56.142
797021,260.01,55.916
797041,253.87,55.724
797061,247.76,55.567
797081,241.66,55.446
797101,235.59,55.361
797121,229.52,55.311
797141,223.45,55.294
797161,217.38,55.309
797181,211.3,55.355
797201,205.2,55.428
797221,199.08,55.526
797241,192.93,55.645
797261,186.75,55.783
797281,180.54,55.935
797301,174.28,56.097
797321,167.99,56.266
797341,161.65,56.437
797361,155.27,56.606
797381,148.84,56.77
797401,142.37,56.924
797421,135.85,57.064
797441,129.29,57.187
797461,122.68,57.29
797481,116.04,57.368
797501,109.35,57.42
797521,102.62,57.442
797541,95.865,57.433
797561,89.074,57.39
797581,82.256,57.312
797601,75.413,57.198
797621,68.55,57.047
797641,61.67,56.859
797661,54.778,56.635
797681,47.878,56.374
797701,40.975,56.078
797721,34.072,55.749
797741,27.176,55.387
797761,20.29,54.997
797781,13.419,54.58
797801,6.568,54.139
797821,359.74,53.679
797841,352.95,53.203
797861,346.18,52.715
797881,339.46,52.219
797901,332.78,51.72
797921,326.14,51.223
797941,319.56,50.732
797961,313.03,50.253
797981,306.55,49.791
798001,300.13,49.349
798021,293.77,48.932
798041,287.46,48.545
798061,281.21,48.191
798081,275.01,47.874
798101,268.87,47.597
798121,262.77,47.361
798141,256.71,47.169
798161,250.69,47.022
798181,244.69,46.919
798201,238.72,46.861
798221,232.76,46.846
798241,226.8,46.873
798261,220.85,46.94
798281,214.88,47.043
798301,208.9,47.18
798321,202.9,47.346
798341,196.87,47.538
798361,190.8,47.751
798381,184.7,47.98
798401,178.56,48.22
798421,172.38,48.467
798441,166.15,48.716
798461,159.87,48.962
798481,153.55,49.2
798501,147.18,49.425
798521,140.76,49.634
798541,134.3,49.822
798561,127.8,49.986
798581,121.25,50.121
798601,114.67,50.225
798621,108.05,50.294
798641,101.4,50.327
798661,94.72,50.321
798681,88.014,50.275
798701,81.287,50.188
798721,74.542,50.059
798741,67.784,49.887
798761,61.017,49.673
798781,54.245,49.417
798801,47.472,49.122
798821,40.704,48.787
798841,33.944,48.417
798861,27.197,48.012
798881,20.467,47.576
798901,13.759,47.112
798921,7.0776,46.625
798941,0.42693,46.118
798961,353.81,45.597
798981,347.23,45.066
799001,340.7,44.53
799021,334.21,43.996
799041,327.78,43.469
799061,321.39,42.954
799081,315.06,42.458
799101,308.79,41.987
799121,302.57,41.546
799141,296.4,41.141
799161,290.3,40.778
799181,284.24,40.46
799201,278.23,40.191
799221,272.26,39.976
799241,266.33,39.815
799261,260.43,39.712
799281,254.56,39.666
799301,248.69,39.676
799321,242.83,39.743
799341,236.97,39.863
799361,231.1,40.033
799381,225.21,40.25
799401,219.29,40.509
799421,213.34,40.805
799441,207.36,41.133
799461,201.33,41.487
799481,195.25,41.861
799501,189.14,42.249
799521,182.97,42.646
799541,176.75,43.045
799561,170.49,43.44
799581,164.18,43.827
799601,157.82,44.2
799621,151.42,44.553
799641,144.98,44.884
799661,138.5,45.187
799681,131.98,45.458
799701,125.44,45.695
799721,118.86,45.894
799741,112.27,46.053
799761,105.65,46.169
799781,99.018,46.242
799801,92.377,46.27
799821,85.729,46.253
799841,79.08,46.19
799861,72.433,46.082
799881,65.794,45.929
799901,59.166,45.733
799921,52.555,45.496
799941,45.964,45.219
799961,39.398,44.906
799981,32.861,44.56
