               0.299 0 0 0   -0.0120109  -0.00906255 -0.000576143 0 0 0 -0.023404   0.02329 -0.038985  -0.139327  -0.115616 -0.0158937 0.00112274  0.0876971  0.0198633 0 0 0 -0.386274 -0.196028  -9.79943 
               0.399 -0.243662 -0.576663 -0.238035  -0.0196987   -0.014311 0.000238888 0 0 0 -0.023404   0.02329 -0.038985  -0.170741  -0.123223 -0.0181295 0.00112271  0.0876969  0.0198632 -8.88486e-08 -1.37037e-07 -4.31093e-08 -0.386274 -0.196028  -9.79943 
                 0.5   0.04911  -1.24594 -0.448218  0.00734949  -0.0091386 -0.00836498 0 0 0 -0.023404   0.02329 -0.038985  0.0313108 -0.0279754 -0.0602038 0.00135972  0.0863575  0.0190972 -5.79473e-05 -2.08411e-05  7.33044e-06 -0.386218 -0.196008  -9.79943 
               0.605 -0.0615305   -1.01594  -0.210309    0.002938 -0.00735965  -0.0108284 0 0 0 -0.023404   0.02329 -0.038985 -0.0411558 -0.0268607 -0.0335663 0.00153883  0.0825455   0.017211  0.000462575  -0.00067769 -0.000463451 -0.386741 -0.195381  -9.79943 
               0.701  0.155275 -0.524952 -0.124181 -0.00339556    0.004743 -0.00786767 0 0 0 -0.023404   0.02329 -0.038985  -0.122987 -0.0518613 -0.0243412 1.94538e-05   0.0775704   0.0174647 -0.00188294  -0.0095874  -0.0044067 -0.384673 -0.186903  -9.79967 
               0.799 -0.243792 -0.583571 -0.196297  -0.0080106 -0.00414093 0.000616922 0 0 0 -0.023404   0.02329 -0.038985  -0.0552771  -0.0323225 -0.00936635 0.000292211   0.0731193   0.0160515  -0.0103806 -0.00424921  -0.0133749 -0.377042 -0.192256  -9.79987 
                 0.9 -0.066388  -1.16321 -0.415154   -0.0074097 -0.000662174  0.000559602 0 0 0 -0.023404   0.02329 -0.038985 -0.0321807   0.017089 -0.0200157 0.00118489  0.0718542   0.015467  -0.0238147   0.0011241 -0.00840671 -0.363897 -0.197406  -9.80026 
               1.001   0.01081 -0.977837 -0.415613 -0.00576033 -0.00162536  0.00096701 0 0 0 -0.023404   0.02329 -0.038985  -0.012581 0.00862145  -0.022102 0.000528522   0.0676283   0.0152033 -0.0345244  0.0018876 -0.0047209 -0.353418 -0.198138  -9.80063 
               1.099  0.075075 -0.379928 -0.197093 -0.00969695 -0.00567906  0.00433412 0 0 0 -0.023404   0.02329 -0.038985 -0.0906592 -0.0873635  0.0243655 0.000513194   0.0642228   0.0140855  -0.0429195 -0.00180584 0.000882552 -0.345032 -0.194544    -9.801 
               1.199  -0.18115 -0.492623 -0.173295  -0.00815382  -0.00572401 -0.000118918 0 0 0 -0.023404   0.02329 -0.038985 -0.0519121 -0.0596919 -0.0266349 0.000627336   0.0619934   0.0134005  -0.0562997 -0.00493771  0.00743397 -0.331827 -0.191506  -9.80152 
               1.299 -0.0209514    -1.0077  -0.488273 -0.00737361 -0.00125127  0.00151162 0 0 0 -0.023404   0.02329 -0.038985 -0.0303982  0.0201699 -0.0218021 0.000256127   0.0601573   0.0135346  -0.0663636 -0.00958501  0.00762321 -0.322123 -0.187101  -9.80192 
               1.399 0.0485102  -1.08881 -0.446775 -0.00544455 -0.00217532  0.00176276 0 0 0 -0.023404   0.02329 -0.038985  4.3476e-06 0.000735151  -0.0148495 0.00045621  0.0575627  0.0127603  -0.0747449 -0.00688289   0.0091295 -0.314017 -0.189736  -9.80214 
               1.499  0.086184 -0.587685 -0.298576 -0.00815188 -0.00419027  0.00342195 0 0 0 -0.023404   0.02329 -0.038985 -0.0687351 -0.0711803  0.0230995 0.000444242   0.0553584   0.0120757  -0.0815545 -0.00293556   0.0156616 -0.307192  -0.19347  -9.80228 
                 1.6 -0.0220185  -0.435572  -0.238123 -0.00912035 -0.00705116 0.000534456 0 0 0 -0.023404   0.02329 -0.038985 -0.0659479 -0.0875889 -0.0280302 0.000626371   0.0530039   0.0119364  -0.0896611 -0.00759761   0.0210924 -0.299127 -0.188949  -9.80262 
                 1.7 -0.114244 -0.818301 -0.430071 -0.00724516 -0.00239353  0.00135946 0 0 0 -0.023404   0.02329 -0.038985  -0.031565 0.00661987 -0.0217176 0.000369213     0.05141   0.0115455 -0.0978258 -0.0110332  0.0205072 -0.291285 -0.185716  -9.80292 
               1.799  0.134781   -1.2821 -0.478276 -0.00539232 -0.00126346  0.00167566 0 0 0 -0.023404   0.02329 -0.038985 -0.00126169  0.00963767 -0.00340711 0.000631653    0.050582   0.0110394    -0.10456 -0.00467469   0.0253772 -0.284661 -0.191793  -9.80299 
                 1.9  0.234969 -0.842056 -0.309169 -0.00607006 -0.00214511 0.000653045 0 0 0 -0.023404   0.02329 -0.038985 -0.0351446 -0.0290523 0.00120601 8.54603e-05   0.0485704    0.010644   -0.109074 -0.00367499   0.0295006 -0.280159 -0.192717   -9.8031 
               2.001  0.235322 -0.500505  -0.13277 -0.00883039  -0.0060598 0.000977495 0 0 0 -0.023404   0.02329 -0.038985 -0.0645438 -0.0783858 -0.0217656 0.000315239   0.0469613   0.0104032   -0.114481 -0.00463884   0.0306882 -0.274908 -0.191811  -9.80327 
                 2.1 -0.0568605  -0.802535  -0.293247 -0.00719399 -0.00323973  0.00110307 0 0 0 -0.023404   0.02329 -0.038985 -0.0358187 -0.0145583 -0.0129447 2.11471e-05   0.0458131  0.00998681   -0.121255 -0.00510485   0.0302408 -0.268415 -0.191412  -9.80346 
               2.199 0.0926543  -1.50846 -0.477146  -0.00574022 -6.59984e-05  5.62181e-05 0 0 0 -0.023404   0.02329 -0.038985 -0.00563087     0.02324  -0.0172864 0.000479428   0.0461143  0.00975023   -0.127699 -0.00448417    0.033877 -0.26209 -0.19196 -9.80362 
               2.299  0.153658 -0.884143 -0.319989 -0.00540273 -0.00215907  0.00073006 0 0 0 -0.023404   0.02329 -0.038985  -0.0185103  -0.0224292 0.000459805 0.000180975   0.0433034  0.00965326   -0.130211 -0.00173359   0.0332544 -0.259713 -0.194634  -9.80363 
               2.402    0.32167  -0.446865 -0.0700705 -0.00682415 -0.00895486  0.00128462 0 0 0 -0.023404   0.02329 -0.038985 -0.0620336  -0.102067 -0.0151941 -0.000102166    0.0418833    0.0092534   -0.132118 -0.00127958   0.0329896 -0.257895 -0.195088  -9.80367 
               2.499 -0.149351 -0.803893  -0.22591 -0.00594953 -0.00801863    0.311349 0 0 0 -0.023404   0.02329 -0.038985 -0.0420488 -0.0592244 -0.0192279 0.000233633   0.0414411  0.00909818   -0.135913 -0.00554951   0.0334236 -0.254222 -0.190989  -9.80384 
               2.599 -0.0156956   0.027674  -0.389028 -0.00564617 -0.00654831    0.309163 0 0 0 -0.023404   0.02329 -0.038985 -0.00103072 0.000180058  -0.0288164 0.00025306  0.0341015 0.00843697   -0.122594 -0.00512681   0.0658932  -0.26597 -0.190664  -9.80354 
                 2.7  0.135071  0.987494 -0.196135 -0.00495201 -0.00486806    0.310052 0 0 0 -0.023404   0.02329 -0.038985  0.00945335 -0.00288242 -0.00671383 0.000144784   0.0299214  0.00758837   -0.101687 0.000703739   0.0876679 -0.285453 -0.195769  -9.80289 
                 2.8   0.18455  0.868481 0.0279996 -0.00519136 -0.00491954    0.311987 0 0 0 -0.023404   0.02329 -0.038985  -0.0124188  -0.0539163 -0.00853164 0.000569405   0.0314076  0.00759607   -0.096038 -0.00189702    0.092833 -0.290809 -0.193154  -9.80279 
               2.899   -0.43984   0.858118 -0.0750749 -0.000993382  -0.00769638      0.31062 0 0 0 -0.023404   0.02329 -0.038985   0.056626 -0.0402208 -0.0448625 0.00143704  0.0299619 0.00793268  -0.0893077 -0.00270487   0.0995054 -0.297332 -0.192245  -9.80261 
               2.999 -0.133302  0.422949 -0.162699  0.0126475 -0.0115537   0.311095 0 0 0 -0.023404   0.02329 -0.038985   0.195385 -0.0872499  0.0122878 -0.00117561   0.0286123  0.00772544  -0.0827353 -0.00166426    0.101573 -0.303684 -0.193248  -9.80239 
               3.099 -0.108093 -0.264799  -0.10251  0.0439544 -0.0175233   0.309044 0 0 0 -0.023404   0.02329 -0.038985   0.382807 -0.0928803 -0.0443309 0.000116299   0.0290327  0.00759062 -0.0743392 -0.0026082   0.101256 -0.311762 -0.192404  -9.80216 
               3.199  0.469077  -1.10478 -0.127874  0.0895245 -0.0219019   0.309149 0 0 0 -0.023404   0.02329 -0.038985   0.485147 -0.0843943 -0.0503423 0.00185788  0.0297348 0.00802178   -0.072577 -0.00804818    0.101176 -0.313493 -0.187189   -9.8022 
               3.299   1.58921  -1.39747 -0.303721   0.149863 -0.0119611   0.319708 0 0 0 -0.023404   0.02329 -0.038985  0.721215  0.120121 0.0942929 0.00136473  0.0290199 0.00796927  -0.0687163 -0.00967535    0.105117 -0.317119  -0.18555  -9.80212 
               3.399  1.34678 -2.00751 0.415435   0.229347 -0.0182981   0.311949 0 0 0 -0.023404   0.02329 -0.038985   0.783923 -0.0116763  0.0474274 0.00147854    0.02883 0.00709268  -0.0675205 -0.00623987    0.110845 -0.317969 -0.188602  -9.80203 
               3.498 0.0552771  -1.56999   0.79341  0.323513 -0.014642  0.310869 0 0 0 -0.023404   0.02329 -0.038985     0.922095 -0.000599496    -0.203217 0.00185784  0.0278066 0.00756617  -0.0663751 -0.00894487    0.108214 -0.319291 -0.186172  -9.80203 
               3.599  -0.76507 -0.681372  0.207645    0.420964 -0.00278714    0.326143 0 0 0 -0.023404   0.02329 -0.038985  0.892211 0.0522145   0.18483 0.00179418  0.0276827 0.00727965   -0.062505 -0.00718462     0.10547 -0.323166 -0.188121  -9.80187 
               3.699  0.121419 -0.576662  0.128067   0.515529 0.00753637   0.313755 0 0 0 -0.023404   0.02329 -0.038985  0.935816  0.113912 -0.124674 0.00149651   0.027356 0.00736861  -0.0583325 -0.00662312     0.11746 -0.326172 -0.188475  -9.80176 
               3.801 0.142738 0.202443 0.569943   0.609393 -0.0037952   0.324333 0 0 0 -0.023404   0.02329 -0.038985   0.906911  -0.211949 0.00727777 0.00146613  0.0259106 0.00689201  -0.0539225 -0.00444748    0.119079  -0.33021 -0.190731  -9.80158 
                 3.9 0.932239 0.718948 0.748353    0.694336 -0.00858147    0.331296 0 0 0 -0.023404   0.02329 -0.038985    0.818724   -0.135166 -0.00823037 0.00108141  0.0255142  0.0067849  -0.0524213 -0.00526793    0.128167 -0.331329 -0.189908  -9.80156 
               3.999 0.823761 0.402703 0.834396  0.785495 -0.012983   0.32877 0 0 0 -0.023404   0.02329 -0.038985    0.924641 -0.00382724   0.0136008 0.00171071   0.024592 0.00668555  -0.0517276 -0.00463281    0.138754 -0.331812 -0.190312  -9.80154 
                 4.1   1.56584 0.0177954   0.60035    0.885584 -0.00953173    0.327349 0 0 0 -0.023404   0.02329 -0.038985   0.901992  0.0458235 -0.0177204 0.00177229  0.0241419 0.00651765   -0.049172 -0.00394308    0.146756 -0.334215 -0.190794  -9.80145 
               4.199    2.28753  -0.700832 0.00126494   0.979737 0.00216689   0.319596 0 0 0 -0.023404   0.02329 -0.038985   0.949572  0.0661876 -0.0542908 0.00167587  0.0239635 0.00640364   -0.0444432 -0.000976851      0.15254 -0.338557 -0.193544  -9.80124 
                 4.3  1.78924 0.297991 0.389521    1.08011 -0.0126732   0.325814 0 0 0 -0.023404   0.02329 -0.038985  0.907814 -0.106797  0.062402 0.00160385  0.0238992 0.00630237 -0.0418302 0.00299872   0.156361 -0.340805 -0.197114   -9.8011 
                 4.4  2.07881 0.368075 0.550334    1.16928 -0.0132855   0.323329 0 0 0 -0.023404   0.02329 -0.038985   0.872851 -0.0860884  -0.109882 0.00157722  0.0235453 0.00607841 -0.0379344 0.00290265   0.162337 -0.344462 -0.196528  -9.80098 
               4.499     1.58945 -0.00132523    0.425438    1.26115 -0.0143385   0.325895 0 0 0 -0.023404   0.02329 -0.038985   0.959495  0.0442801 -0.0803174 0.00127573  0.0226269 0.00625373 -0.0346037 0.00389666   0.165178 -0.347584 -0.197286  -9.80085 
               4.599  1.92477 0.168167 0.331441   1.35547 -0.011711  0.330045 0 0 0 -0.023404   0.02329 -0.038985   0.935001  0.0664476 -0.0311188 0.00161627  0.0217909 0.00603333 -0.0322615 0.00480669   0.172237 -0.349701 -0.197466  -9.80078 
               4.699   2.67092 -0.632131 -0.165764    1.45108 -0.0016435   0.325915 0 0 0 -0.023404   0.02329 -0.038985   0.953522 0.00662707   0.023419 0.00134796  0.0223719 0.00576869 -0.0286439 0.00946854   0.180058 -0.352856 -0.201161  -9.80059 
               4.799   1.38704 -0.168236 0.0941677    1.54773 -0.0124272   0.323883 0 0 0 -0.023404   0.02329 -0.038985   0.818324 -0.0859842  0.0420387 0.00189584  0.0230076 0.00509301 -0.0265879  0.0137701   0.188843 -0.354489 -0.204233  -9.80046 
               4.898     1.7526 -0.0425701   0.174475    1.63275 -0.0141088   0.319426 0 0 0 -0.023404   0.02329 -0.038985  0.836598  -0.11152 -0.124797 0.00184258  0.0223571 0.00484337 -0.0252072  0.0152654   0.194598 -0.355626 -0.204995  -9.80041 
               4.999    1.00162 -0.0653604 -0.0686126    1.72629 -0.0107672   0.326346 0 0 0 -0.023404   0.02329 -0.038985   0.891693 -0.0111171  -0.039589 0.00156074  0.0214786 0.00480012 -0.0230921  0.0168461   0.197432 -0.35755 -0.20622 -9.80031 
               5.099    1.45019 -0.0115784  -0.177387     1.81664 -0.00213268    0.331384 0 0 0 -0.023404   0.02329 -0.038985      0.88546      0.11873 -0.000429674 0.00152417  0.0214737  0.0047404 -0.0206239  0.0196146   0.205119  -0.35965 -0.208197  -9.80019 
               5.199   1.83831 -0.253677 -0.455872    1.91762 0.00448009   0.329845 0 0 0 -0.023404   0.02329 -0.038985  0.864621 -0.036245 0.0715553 0.00173597  0.0203113  0.0045061 -0.0198417  0.0234889   0.215868 -0.360031 -0.211006  -9.80012 
                 5.3 0.648201 0.201035 -0.13406      2.00688 -0.000899126     0.324619 0 0 0 -0.023404   0.02329 -0.038985   0.802963 -0.0199623  0.0344314 0.00169893  0.0200489  0.0042837 -0.0173376  0.0251664   0.223766 -0.36213 -0.21188 -9.80002 
               5.399     1.0426  -0.512549 -0.0338703     2.08755 -0.00919074    0.318134 0 0 0 -0.023404   0.02329 -0.038985   0.87733 -0.141576 -0.123843 0.00180119  0.0204281 0.00413657 -0.0169034  0.0277125   0.228194 -0.362456 -0.213966  -9.79997 
               5.499   0.770463  -0.484092 -0.0918217     2.18399 -0.00724066    0.324596 0 0 0 -0.023404   0.02329 -0.038985   0.924383 -0.0283972 -0.0883292 0.00140853   0.019953 0.00394542 -0.015342 0.0273531  0.227588 -0.363966 -0.213626  -9.79992 
               5.599   1.50653 -0.342395 -0.137199     2.27504 -0.00417099    0.332532 0 0 0 -0.023404   0.02329 -0.038985   0.900715  0.0548659 0.00803896 0.00129927  0.0192705 0.00395803 -0.0138355  0.0293627   0.233708 -0.365143 -0.215163  -9.79984 
               5.699   1.89995 -0.547098 -0.498844    2.37739 0.00790861   0.323855 0 0 0 -0.023404   0.02329 -0.038985    0.937164 -0.00407583  -0.0363695 0.00173041  0.0187162 0.00406834 -0.0117093  0.0308422   0.241809 -0.366706  -0.21595  -9.79976 
               5.799   0.565343  -0.035448 -0.0600317     2.46896 -0.00564043    0.324808 0 0 0 -0.023404   0.02329 -0.038985  0.802856 -0.101438 0.0433124 0.00132329   0.018923 0.00393625 -0.00917642   0.0309234    0.245281 -0.368903 -0.215637  -9.79969 
               5.899    1.14161  -0.543474 -0.0143813    2.56094 -0.0116403   0.316116 0 0 0 -0.023404   0.02329 -0.038985  0.891117 -0.125375 -0.176714 0.00170272   0.019031 0.00385153 -0.00688697    0.029165    0.247326 -0.370957 -0.213725  -9.79965 
               5.999    1.19854  -0.664727 -0.0943831    2.65248 -0.0132177   0.327892 0 0 0 -0.023404   0.02329 -0.038985   0.960104 -0.0559492 -0.0358816 0.00121361  0.0188068 0.00366684 -0.00322949   0.0282878    0.244724 -0.374551 -0.212999  -9.79953 
               6.099   2.33474 -0.996707 -0.163506     2.74325 -0.00625678    0.328577 0 0 0 -0.023404   0.02329 -0.038985  0.929425 0.0930078 -0.072199 0.00149739  0.0183027  0.0039541 -0.00181592   0.0282171    0.247763 -0.375728 -0.212691  -9.79949 
               6.199   2.83171 -0.738632 -0.323675     2.84146 -0.00567973    0.333806 0 0 0 -0.023404   0.02329 -0.038985   0.953049 -0.0824227  0.0596903 0.00205345  0.0177259 0.00372362 0.000196585    0.029689    0.252255 -0.377294 -0.213607  -9.79941 
               6.299   2.05807 0.0485715 -0.159953     2.93999 -0.00977552    0.329971 0 0 0 -0.023404   0.02329 -0.038985    0.85853 -0.0136915  0.0671464 0.00159234  0.0173647 0.00382482 0.00128031  0.0304288   0.260407 -0.377605  -0.21318  -9.79941 
               6.399   1.77991 -0.638931 0.0391106    3.03075 -0.0197656   0.316522 0 0 0 -0.023404   0.02329 -0.038985  0.877994 -0.115335 -0.149441 0.00196723  0.0171001 0.00363373 0.00491161   0.030654   0.264959  -0.38076 -0.212636   -9.7993 
               6.499   1.64344 -0.671802  -0.25746    3.11733 -0.0111506   0.322501 0 0 0 -0.023404   0.02329 -0.038985   0.907632 0.00765681 -0.0398052 0.00169881  0.0172549 0.00361374 0.00818141  0.0287696   0.262833 -0.383988  -0.21108  -9.79921 
               6.599   2.33159 -0.876036 -0.626555     3.20772 -0.00264425    0.318134 0 0 0 -0.023404   0.02329 -0.038985  0.905242  0.109329 -0.122952 0.00180639  0.0168066  0.0038163 0.00901896  0.0304725   0.265213 -0.384673 -0.212394  -9.79915 
                 6.7   2.29495   -0.3821 -0.543433    3.29575 -0.0122259   0.327384 0 0 0 -0.023404   0.02329 -0.038985   0.791893  -0.193252 -0.0028033 0.00196543  0.0166896 0.00348993 0.0109677 0.0313034  0.265982 -0.386499 -0.213023  -9.79907 
                 6.8   2.35279  0.647166 -0.312816    3.37328 -0.0128459    0.33059 0 0 0 -0.023404   0.02329 -0.038985   0.681575 -0.0464813 -0.0198027 0.00141669  0.0163445 0.00326962 0.0129873 0.0291339  0.271771 -0.387933 -0.210085  -9.79907 
               6.903   2.28241  0.493429 -0.202784    3.43843 -0.0139398   0.321612 0 0 0 -0.023404   0.02329 -0.038985   0.635818  0.0467878 -0.0955186 0.00175061  0.0161076 0.00339909 0.0143172  0.028969  0.278744  -0.38891 -0.208902  -9.79906 
                   7   2.37094  0.987993 -0.427557     3.50058 -0.00737877    0.326197 0 0 0 -0.023404   0.02329 -0.038985    0.525708 -0.00792139   0.0587777 0.00166559  0.0159736 0.00313719 0.0151545 0.0270908  0.282229 -0.389601 -0.206574  -9.79908 
               7.099   1.89569  0.438727 -0.394479     3.56393 -0.00228676    0.310398 0 0 0 -0.023404   0.02329 -0.038985  0.580691 0.0194276 -0.227027 0.00149817  0.0164622 0.00311557 0.0167864  0.026226  0.286148 -0.391213 -0.205113  -9.79905 
               7.199  1.67592 0.734397 -0.15767    3.61878 -0.0123889    0.32531 0 0 0 -0.023404   0.02329 -0.038985  0.472225 -0.128798  0.102314 0.00170618  0.0162748 0.00312106 0.0184591 0.0258682  0.286188 -0.392804 -0.204707  -9.79899 
                 7.3      1.7461    0.499624 -0.00600427    3.67322 -0.0128573   0.316228 0 0 0 -0.023404   0.02329 -0.038985   0.501746 -0.0762628  -0.116585 0.00145956   0.016199 0.00303191 0.0190476 0.0242181  0.291323 -0.393467 -0.202491  -9.79901 
               7.399    1.59075   0.201217 -0.0456272     3.72756 -0.00762828     0.31914 0 0 0 -0.023404   0.02329 -0.038985   0.576042  0.0527238 -0.0356756 0.00158145   0.015675  0.0030793   0.02092 0.0228952  0.292083 -0.395257 -0.201128  -9.79897 
               7.499    1.82336   0.308726 -0.0374121     3.78438 -0.00557567    0.323282 0 0 0 -0.023404   0.02329 -0.038985   0.435057 -0.0322508 -0.0608448 0.00145737  0.0156002 0.00301249 0.0222614 0.0230526   0.29498 -0.39653 -0.20099 -9.79892 
               7.599    2.4135 0.0218451  0.154882    3.82336 -0.0135722   0.319156 0 0 0 -0.023404   0.02329 -0.038985  0.242571 -0.126131  0.011141 0.00136154   0.015377 0.00300355 0.0237755 0.0226856  0.298852 -0.397926 -0.200255  -9.79888 
                 7.7  3.57058  1.39995 0.619909    3.84409 -0.0123312   0.320907 0 0 0 -0.023404   0.02329 -0.038985  0.0890148  0.0836863 -0.0276268 0.00135299  0.0150844 0.00292364 0.0249336 0.0223658  0.304606 -0.398935  -0.19925  -9.79886 
                 7.8   3.2472  1.86877 0.271377    3.86056 0.00426371   0.317593 0 0 0 -0.023404   0.02329 -0.038985 -0.0192066   0.101969  0.0392852 0.00141118  0.0150264 0.00298498 0.0245911 0.0222613  0.311392 -0.398728 -0.197951  -9.79889 
               7.899   1.68111   2.02789 -0.159299     3.86082 -0.00917909    0.311705 0 0 0 -0.023404   0.02329 -0.038985 -0.0430524  -0.122402   -0.12196 0.00155613  0.0151328 0.00286195 0.0251827 0.0239856  0.316979 -0.399599 -0.198489  -9.79885 
               7.999   1.48842   2.10855 0.0352936    3.86305 -0.0114185   0.316083 0 0 0 -0.023404   0.02329 -0.038985 -0.0729552 -0.0608791  0.0171452 0.00117522  0.0146693 0.00256327 0.0257078 0.0226767  0.319546 -0.400478 -0.196845  -9.79884 
               8.101  1.69463  1.58937 0.406539     3.86335 -0.00553831    0.310323 0 0 0 -0.023404   0.02329 -0.038985 -0.0151697  0.0228619 -0.0870253 0.00129517  0.0147835 0.00253497 0.0255388  0.021453  0.324484 -0.401049 -0.195088  -9.79886 
               8.199  1.48576  1.47029 0.248729     3.86975 0.000960442    0.311994 0 0 0 -0.023404   0.02329 -0.038985 -0.00730221    0.029048  0.00833649 0.00116762  0.0145099 0.00253087 0.0262929 0.0218836  0.325517 -0.401887 -0.195441  -9.79881 
               8.299 1.29635 1.44002 0.27989     3.86652 -0.00246836    0.307466 0 0 0 -0.023404   0.02329 -0.038985 -0.0619971 -0.0957404  -0.104983 0.00127211  0.0144774 0.00227724 0.0275964 0.0213936  0.328022 -0.403439 -0.194869  -9.79876 
                 8.4  1.39133   1.3284 0.237465     3.86544 -0.00221913    0.312039 0 0 0 -0.023404   0.02329 -0.038985  -0.0602156 -0.00372056 -0.00239898 0.00106696  0.0141178 0.00219769 0.0284589 0.0201791  0.328585 -0.404381 -0.193732  -9.79875 
               8.498 0.985997 0.790544 0.514343     3.87204 -0.00451255    0.309927 0 0 0 -0.023404   0.02329 -0.038985   0.0751344  -0.0447367 -0.00684397  0.0013117  0.0140522 0.00208135 0.0300347 0.0202762  0.331008 -0.406068 -0.193801  -9.79867 
               8.599   0.444091 -0.0792423   0.598687     3.90347 -0.00829688    0.307447 0 0 0 -0.023404   0.02329 -0.038985   0.370561 -0.0708394 -0.0749262 0.00121403  0.0140765 0.00197558 0.0314107 0.0199104  0.330961 -0.407403 -0.193553  -9.79862 
               8.699  0.948015 -0.748291  0.542092      3.9408 -0.00614521    0.306683 0 0 0 -0.023404   0.02329 -0.038985   0.415635 -0.0316325  -0.058896 0.00112317  0.0138805    0.00204 0.0333981 0.0184395  0.328429 -0.409417 -0.192365  -9.79856 
               8.799  1.33778 -1.11014 0.455083     3.99324 0.000862508    0.313538 0 0 0 -0.023404   0.02329 -0.038985  0.600043 0.0744481 0.0227611 0.000973104   0.0137304  0.00210105  0.035352 0.0178666  0.326486 -0.411445 -0.192031  -9.79849 
               8.899 0.947233 -1.63393  1.36703     4.07251 -0.00685859    0.308306 0 0 0 -0.023404   0.02329 -0.038985   0.698933 -0.0264561  0.0160967  0.0011984  0.0135864 0.00182738 0.0364489 0.0176771  0.324557 -0.412731 -0.192023  -9.79843 
               8.999 -0.0605179    -1.7156    1.62855      4.1481 -0.00455082    0.306624 0 0 0 -0.023404   0.02329 -0.038985    0.84142 -0.0258329  -0.170421 0.00133252  0.0133823 0.00198473 0.0381938 0.0157653  0.318868 -0.415574 -0.190698  -9.79834 
               9.099 0.0845086  -1.33679   1.18807     4.2382 0.00687858   0.321267 0 0 0 -0.023404   0.02329 -0.038985 0.803921 0.069526 0.141149 0.00109613  0.0131289 0.00183824 0.0388741 0.0142016   0.31158 -0.417926 -0.189502  -9.79826 
               9.199  1.03939 -1.92735  1.13315   4.33796 0.0171184  0.306381 0 0 0 -0.023404   0.02329 -0.038985  0.918471  0.102389 -0.241996 0.000993043   0.0133454  0.00185905 0.0396855 0.0138999  0.309449 -0.419166 -0.189369  -9.79821 
               9.299 0.439342 -1.21181  1.62417    4.43221 0.00957251   0.324578 0 0 0 -0.023404   0.02329 -0.038985   0.913215  -0.108073 -0.0535741 0.00118734  0.0128781  0.0017446 0.0417734 0.0132252  0.302058  -0.42274 -0.189197  -9.79806 
               9.399  0.79958 -1.06097  1.49377   4.52225 0.0114296  0.326159 0 0 0 -0.023404   0.02329 -0.038985   0.845114 -0.0928202 -0.0244702 0.000897683   0.0128864  0.00175161 0.0439893 0.0106615  0.301622 -0.425464 -0.187363  -9.79798 
                 9.5  0.118699 -0.919269   1.50983    4.61602 0.00942338   0.326819 0 0 0 -0.023404   0.02329 -0.038985   0.943105  0.0270975 -0.0889053 0.00116896  0.0125676 0.00182698  0.0456765 0.00978814   0.302192 -0.427119 -0.186979  -9.79791 
                 9.6  0.892848 -0.838044   1.56113   4.71644 0.0110524  0.332887 0 0 0 -0.023404   0.02329 -0.038985   0.890488 0.00969093 -0.0180947 0.00121896  0.0124451 0.00170854  0.0475612 0.00934761   0.303029 -0.428809 -0.187061  -9.79784 
                 9.7   2.04208 -0.580665   1.05353   4.81034 0.0219049   0.32688 0 0 0 -0.023404   0.02329 -0.038985    0.887799 0.000169696  -0.0145039 0.000947925    0.012221  0.00172708  0.0496982 0.00794129   0.305903   -0.4307 -0.186271  -9.79777 
               9.801  1.31761 0.170208  1.35688    4.91115 0.00828944   0.329707 0 0 0 -0.023404   0.02329 -0.038985   0.810196 -0.0831194   0.120769 0.00115262  0.0122354 0.00169796   0.051646 0.00803951   0.307523 -0.432262 -0.186729  -9.79769 
                 9.9   1.81711 -0.215887   1.26579    4.99904 0.00572666   0.317429 0 0 0 -0.023404   0.02329 -0.038985   0.856538 -0.0864807  -0.217993 0.00116079  0.0123958 0.00164655  0.0543196 0.00766453   0.309098 -0.434694 -0.186862  -9.79758 
               9.999   1.53819 -0.123776  0.984783   5.08881 0.0080065  0.328105 0 0 0 -0.023404   0.02329 -0.038985   0.927982  0.0372536 -0.0964665 0.000951429   0.0117804  0.00172787 0.0582018 0.0061336  0.307181 -0.438713 -0.186531  -9.79741 
                10.1   1.96245 -0.303452  0.904644   5.18314 0.0136794  0.330088 0 0 0 -0.023404   0.02329 -0.038985   0.905694  0.0963582 -0.0481928 0.000871487   0.0119639  0.00175685  0.0609068 0.00639892   0.309783 -0.441029  -0.18707  -9.79729 
              10.199   2.63467 -0.605962  0.599437   5.28077 0.0199686  0.324724 0 0 0 -0.023404   0.02329 -0.038985   0.957185 0.00259066 -0.0253315 0.00110195  0.0117864 0.00163688  0.0641484 0.00699758   0.312697 -0.443742 -0.187868  -9.79716 
                10.3 1.76764   0.174 0.78483    5.37102 0.00897826   0.328706 0 0 0 -0.023404   0.02329 -0.038985   0.791933 -0.0763513   0.091956 0.00100605   0.011742 0.00171438  0.0675455 0.00790991   0.315017 -0.446578 -0.188884  -9.79701 
                10.4   1.76547 -0.686076  0.842085     5.46557 0.000994262    0.316006 0 0 0 -0.023404   0.02329 -0.038985  0.864651 -0.129361 -0.180378  0.0011255  0.0117299 0.00178717 0.0700175  0.007482  0.315979 -0.448891 -0.188667  -9.79691 
              10.499   1.58674 -0.645722  0.520432    5.55174 0.00488135   0.326636 0 0 0 -0.023404   0.02329 -0.038985    0.866383  -0.0668901 -0.00542698 0.000998123   0.0116085  0.00189401  0.0729747 0.00580748   0.313345 -0.452104 -0.187852  -9.79677 
                10.6  2.42624 -0.74461 0.224021   5.65054 0.0170595  0.324551 0 0 0 -0.023404   0.02329 -0.038985  0.922853  0.130092 -0.126216 0.00114272  0.0114284 0.00197186  0.0748461 0.00572546   0.314624 -0.453747 -0.187836   -9.7967 
              10.699   2.37192 -0.432903  0.339125    5.74929 0.00904336   0.327145 0 0 0 -0.023404   0.02329 -0.038985   0.955278  -0.152945 -0.0346067    0.0014 0.0113108 0.0018549  0.0767946 0.00649342   0.314967 -0.455457  -0.18869   -9.7966 
              10.799  2.39759 0.555561 0.503868    5.83898 0.00930342   0.333584 0 0 0 -0.023404   0.02329 -0.038985   0.825337 -0.0595914  0.0571848  0.0010115  0.0110771 0.00199009 0.0793287 0.0059257  0.317388 -0.457574 -0.187946  -9.79652 
              10.899     2.2698 0.00897337   0.453174    5.93305 0.00181439   0.324091 0 0 0 -0.023404   0.02329 -0.038985   0.869365 -0.0337529 -0.0673094 0.00103113  0.0108388 0.00218548  0.0813047 0.00630956   0.321155 -0.459036 -0.187831  -9.79645 
              10.999    2.32799 -0.0251967  0.0660712   6.03039 0.0139549  0.327127 0 0 0 -0.023404   0.02329 -0.038985  0.882772  0.105756 0.0362337 0.00107245  0.0108613  0.0022425  0.0832612 0.00571419   0.321893 -0.460867 -0.187259  -9.79638 
              11.099    2.2898  -1.08578 -0.454432   6.12186 0.0241394  0.314472 0 0 0 -0.023404   0.02329 -0.038985  0.899145  0.116061 -0.147828 0.00108654  0.0110325 0.00231896  0.0867547 0.00695367    0.32299 -0.464043 -0.188379  -9.79621 
              11.198    1.58846  -0.314538 -0.0481772   6.21648 0.0123596  0.324324 0 0 0 -0.023404   0.02329 -0.038985    0.87979  -0.142255 -0.0363965 0.00129119  0.0108196 0.00237148   0.090029 0.00758179   0.320923 -0.467318   -0.1893  -9.79603 
              11.299     1.7593  0.0951196 -0.0365819    6.30261 0.00699685    0.33148 0 0 0 -0.023404   0.02329 -0.038985    0.87264  -0.155461 -0.0176697 0.00121718   0.010888 0.00226786  0.0939197 0.00768317   0.323833 -0.470695 -0.188842  -9.79588 
                11.4   1.02858 -0.588149  0.125503    6.39507 0.00389373   0.324924 0 0 0 -0.023404   0.02329 -0.038985   0.882825 -0.0429276 -0.0528999 0.00108109  0.0107854 0.00214045  0.0983158 0.00738263   0.326543 -0.474557 -0.188065  -9.79571 
                11.5   1.82593 -0.979126  0.109266    6.48254 0.00528397   0.327106 0 0 0 -0.023404   0.02329 -0.038985    0.876357   0.0179695 -0.00343191 0.0010381 0.0107522 0.0018842   0.102671 0.00762627   0.326502  -0.47868 -0.188144  -9.79551 
                11.6   2.63158 -0.868384 -0.562861  6.58855 0.017447 0.326516 0 0 0 -0.023404   0.02329 -0.038985  0.888472 0.0143148 0.0552865 0.00104495  0.0107176   0.001693  0.105954 0.0085763   0.32869 -0.481465 -0.188782  -9.79536 
              11.699   1.57305 -0.283688 -0.292112    6.68256 0.00422882   0.325136 0 0 0 -0.023404   0.02329 -0.038985   0.822276 -0.0796704  0.0648219 0.00109867  0.0108048 0.00137522  0.110347 0.0100138  0.329769 -0.485471 -0.189795  -9.79514 
              11.799   2.36813 -0.156893 -0.270633    6.76837 0.00229191   0.323997 0 0 0 -0.023404   0.02329 -0.038985   0.753478 -0.0851643 -0.0279054 0.00110983  0.0107972 0.00117697  0.113768 0.0107007  0.331069 -0.488518 -0.190046  -9.79498 
                11.9   1.78459 -0.389392 -0.471449     6.86548 -0.00015345    0.321023 0 0 0 -0.023404   0.02329 -0.038985  0.888598 0.0290617 -0.123415  0.00106227   0.0106086 0.000893071  0.117749 0.0115915  0.331654 -0.492233 -0.190494  -9.79479 
              11.999   1.66608 -0.275282 -0.798249    6.95339 0.00444316   0.324298 0 0 0 -0.023404   0.02329 -0.038985  0.824848 0.0319243 -0.010822  0.00117796   0.0103522 0.000658447  0.120018 0.0123822  0.332579 -0.494297 -0.190907  -9.79468 
              12.099   1.88271 -0.508524  -1.38645   7.04001 0.0144776  0.323942 0 0 0 -0.023404   0.02329 -0.038985    0.78311 -0.0125446 -0.0191157  0.00111197   0.0104124 0.000355269  0.122462 0.0130249  0.333898 -0.496464  -0.19104  -9.79457 
              12.199  0.574999 -0.258948  -1.09383    7.12127 0.00406704   0.323314 0 0 0 -0.023404   0.02329 -0.038985   0.656367 -0.0747231 0.00460185  0.00125616   0.0103356 0.000129581  0.124583 0.0140221  0.335598 -0.498348 -0.191414  -9.79446 
              12.306   1.18772 -0.524284 -0.851622    7.20078 0.00204761   0.322327 0 0 0 -0.023404   0.02329 -0.038985   0.650568 -0.0828181   -0.10501   0.00122445    0.0105041 -0.000204288  0.126843 0.0146028  0.336466  -0.50042 -0.191398  -9.79436 
                12.4  0.505661 -0.222437  -0.98424   7.26993 0.0116665  0.323099 0 0 0 -0.023404   0.02329 -0.038985   0.658474  0.0922133 -0.0150723   0.00118357    0.0102133 -0.000319399  0.128216 0.0147572  0.337188 -0.501604 -0.191199   -9.7943 
                12.5  0.849006  0.105542 -0.748918    7.32916 0.00960307   0.325885 0 0 0 -0.023404   0.02329 -0.038985  0.491084 0.0106776 -0.108343   0.00102252    0.0103932 -0.000338838   0.12936 0.0156426  0.338808 -0.502636 -0.191771  -9.79424 
              12.599   1.13389 -0.208262 -0.824135    7.38408 0.00931993   0.326419 0 0 0 -0.023404   0.02329 -0.038985    0.47125 -0.0913729  0.0579089   0.00116424    0.0101105 -0.000458476  0.130735 0.0154958  0.340398 -0.503667 -0.191371  -9.79419 
              12.699   1.01049  0.420522 -0.576202    7.45122 0.00415221   0.321663 0 0 0 -0.023404   0.02329 -0.038985    0.501356 -0.00440294  -0.0674993   0.00111451   0.00995889 -0.000622956  0.131241 0.0150872  0.343674 -0.503669 -0.190967   -9.7942 
              12.799   1.27142 0.0508431 -0.508959    7.50624 0.00166461   0.317227 0 0 0 -0.023404   0.02329 -0.038985    0.499725 -0.00941588  -0.0666451   0.00121276   0.00989012 -0.000751561  0.131389 0.0150209  0.345529 -0.503617 -0.190888   -9.7942 
              12.898  1.20526 0.222162 -0.87547  7.56815 0.011307 0.318995 0 0 0 -0.023404   0.02329 -0.038985  0.461727 0.0287711 0.0535727   0.00120538   0.00994586 -0.000848955  0.132096 0.0148544  0.346292 -0.504185 -0.190598  -9.79418 
              12.999  0.929128 0.0406508 -0.765328    7.61838 0.00770081   0.308507 0 0 0 -0.023404   0.02329 -0.038985   0.506561 -0.0320446  -0.217446   0.00119146   0.00979059 -0.000845709  0.131982 0.0148268  0.347482 -0.503994 -0.190561  -9.79419 
              13.099   1.32978  0.106097 -0.431537     7.67421 0.000624316    0.322671 0 0 0 -0.023404   0.02329 -0.038985   0.42164 -0.115864 0.0586893   0.00111667   0.00941708 -0.000943834  0.132829 0.0143394  0.346921 -0.504743 -0.189981  -9.79416 
                13.2    1.48766 -0.0953618  -0.461732     7.7031 0.00873893   0.316285 0 0 0 -0.023404   0.02329 -0.038985  0.133695 0.0879852 -0.153816  0.00100264  0.00947126 -0.00100519  0.132967 0.0136963  0.349161 -0.504581   -0.1893  -9.79418 
              13.299   1.38167   1.11898 -0.913741  7.72263 0.025798 0.322789 0 0 0 -0.023404   0.02329 -0.038985 0.0424038  0.204303 0.0533209   0.00117003    0.0093116 -0.000807705 0.133034 0.013771 0.350148 -0.504565 -0.189317  -9.79418 
              13.399 -0.351074    2.1566  -1.17929   7.72947 0.0231446  0.320897 0 0 0 -0.023404   0.02329 -0.038985 -0.0509976 -0.0255793 -0.0539377  0.00117316   0.0093883 -0.00095191  0.132688 0.0140419  0.353564 -0.504112 -0.189438  -9.79421 
              13.499 -0.755066   1.57315  -1.00197   7.73732 0.0185569    0.3168 0 0 0 -0.023404   0.02329 -0.038985 -0.0674786 -0.0556761 -0.0158012   0.00113326   0.00933055 -0.000922298  0.132236 0.0131985  0.355729 -0.503607 -0.188743  -9.79425 
              13.599 -0.545269   1.39056 -0.736822   7.73843 0.0241872  0.314799 0 0 0 -0.023404   0.02329 -0.038985 -0.0317659  0.0317347 -0.0540489   0.00111738   0.00929432 -0.000920142  0.132246 0.0122134  0.357667 -0.503592 -0.188003  -9.79426 
                13.7 -0.747056   1.22232 -0.866415   7.74686 0.0318117  0.313974 0 0 0 -0.023404   0.02329 -0.038985 -0.0455487  0.0324331  0.0016191    0.0010836   0.00913389 -0.000961496    0.1321 0.0114442  0.359282 -0.503495 -0.187571  -9.79427 
                13.8  -0.72405  0.987954 -0.885002   7.74439 0.0265649  0.310804 0 0 0 -0.023404   0.02329 -0.038985 -0.0852267  -0.073528 -0.0553067   0.00102349   0.00923428 -0.000983467  0.132629 0.0108122  0.360438 -0.503994 -0.187106  -9.79426 
                13.9 -0.487337  0.774208  -0.86153   7.74748 0.0251905  0.311195 0 0 0 -0.023404   0.02329 -0.038985 -0.0841543 -0.0259767 -0.0247627   0.00118784   0.00935611 -0.000853309   0.132362 0.00995982   0.360388 -0.503554 -0.186369  -9.79429 
              13.999 -0.117458  0.545964 -0.520246   7.75318 0.0219017   0.31193 0 0 0 -0.023404   0.02329 -0.038985  0.0350042  -0.061665 -0.0144038   0.00115221   0.00921006 -0.000852568   0.132446 0.00916908   0.361235 -0.503533 -0.185807  -9.79431 
                14.1  -0.140064 -0.0113483  -0.453796   7.77731 0.0211199  0.307813 0 0 0 -0.023404   0.02329 -0.038985   0.237499  -0.035702 -0.0733451   0.00104734    0.0088777 -0.000893175   0.132679 0.00829642   0.361861 -0.503611 -0.185079  -9.79431 
              14.198  0.418892 -0.555872 -0.440652    7.8124 0.0210395   0.30737 0 0 0 -0.023404   0.02329 -0.038985   0.348974 -0.0200451 -0.0887884  0.00100542  0.00877541 -0.00095013   0.133006 0.00779867   0.361329 -0.503851 -0.184468  -9.79431 
                14.3  0.757433  -1.07212 -0.307493   7.86314 0.0243761  0.315089 0 0 0 -0.023404   0.02329 -0.038985  0.515052 0.0622646 0.0470783    0.0010712   0.00884884 -0.000880979    0.13413 0.00724238   0.361291 -0.504834 -0.183794  -9.79428 
                14.4 0.834289 -1.70865 0.339436    7.9394 0.0207065  0.304005 0 0 0 -0.023404   0.02329 -0.038985    0.648318 0.000269262  -0.0239024  0.00104474  0.00876157 -0.00100578    0.13422 0.00682271   0.361357 -0.504868 -0.183396  -9.79428 
              14.499 0.00583347   -1.14606    0.74466  8.00945  0.01966 0.309928 0 0 0 -0.023404   0.02329 -0.038985   0.826262 -0.0581848  -0.128828    0.0010816    0.0084827 -0.000835873   0.135221 0.00534698   0.359458 -0.506232 -0.181859  -9.79424 
              14.599 -0.278533  -1.45113  0.314516   8.11371 0.0283212  0.314112 0 0 0 -0.023404   0.02329 -0.038985  0.875454 0.0726316 0.0276971   0.00110887   0.00856265 -0.000835333    0.13454 0.00408061    0.35743 -0.506273 -0.180542  -9.79426 
              14.699 0.844951  -2.4285 0.142067   8.20461 0.0382709  0.309057 0 0 0 -0.023404   0.02329 -0.038985  0.912636  0.125668 -0.181481   0.00113288   0.00909427 -0.000658489  0.135407 0.0040833  0.354957 -0.507824 -0.180414  -9.79418 
              14.799 0.669114 -1.57452 0.732194   8.29983 0.0270841  0.322808 0 0 0 -0.023404   0.02329 -0.038985    0.902789  -0.0826494 -0.00298253  0.00099115  0.00853631 -0.00047537   0.135089 0.00392027   0.352555 -0.508367 -0.180053  -9.79416 
              14.899  0.92525 -1.39736 0.589147   8.38518 0.0295069  0.326231 0 0 0 -0.023404   0.02329 -0.038985   0.799187  -0.105039 -0.0630924   0.00101643     0.008607 -0.000460461   0.135515 0.00308033   0.353442 -0.508559 -0.179366  -9.79417 
                  15 -0.211873  -1.34607  0.448914    8.4893 0.0264849  0.326638 0 0 0 -0.023404   0.02329 -0.038985  0.947555 0.0368836 -0.146583   0.00102556    0.0086266 -0.000385841   0.136464 0.00252445   0.353692 -0.509422 -0.179006  -9.79413 
              15.099 0.558722 -1.08056 0.658169   8.58404 0.0264295  0.339097 0 0 0 -0.023404   0.02329 -0.038985  0.864177 0.0256329 0.0545465   0.00100282   0.00858196 -0.000452457   0.136599 0.00178952   0.354428 -0.509422 -0.178371  -9.79414 
                15.2  1.74887 -1.36441  0.21582   8.68694 0.0405606  0.324215 0 0 0 -0.023404   0.02329 -0.038985   0.915762 0.00775619 -0.0451346   0.00102469   0.00845619 -0.000561867   0.137573 0.00115729   0.357459 -0.509444 -0.178039  -9.79414 
              15.299   1.00952 -0.217134  0.807799   8.78223 0.0231564  0.328696 0 0 0 -0.023404   0.02329 -0.038985   0.777019 -0.0906079   0.103621  0.000937053   0.00836996 -0.000508197    0.1378 0.0011232   0.35833   -0.5094 -0.178033  -9.79415 
              15.399   1.67133 -0.503755   0.69845    8.8715 0.0237294   0.31929 0 0 0 -0.023404   0.02329 -0.038985   0.816841 -0.0810802  -0.175588   0.00112811   0.00855406 -0.000367428    0.137364 8.00735e-05    0.360071 -0.508772 -0.176912   -9.7942 
              15.499  1.44728 -0.32728 0.445927   8.96234 0.0310581  0.325331 0 0 0 -0.023404   0.02329 -0.038985    0.808195   0.0579102 -0.00208845   0.00108071   0.00827263 -0.000211686     0.138165 -0.000322154     0.360346 -0.509531 -0.176663  -9.79416 
              15.599   1.81368 -0.527757  0.185011   9.04825 0.0417134  0.331406 0 0 0 -0.023404   0.02329 -0.038985  0.811197  0.176502 0.0166679  0.000934617   0.00843168 -0.000192367     0.138811 -0.000192614     0.362318 -0.509808 -0.176703  -9.79415 
              15.699   2.18561 -0.923874 0.0733775    9.1482 0.0403834  0.325288 0 0 0 -0.023404   0.02329 -0.038985   0.871872 -0.0577952 0.00663614  0.000912003   0.00825704 -0.000287196    0.138483 0.000483877    0.364107 -0.509142 -0.177061  -9.79418 
                15.8  1.38755 -0.40158 0.221689   9.24263 0.0348977  0.324378 0 0 0 -0.023404   0.02329 -0.038985   0.791649 -0.0414711  0.0450588  0.000871162   0.00804283 -0.000253875   0.139364 0.00014283   0.365384 -0.509783 -0.176677  -9.79415 
              15.899  1.14693 -1.20538 0.275989   9.31883 0.0276143   0.31633 0 0 0 -0.023404   0.02329 -0.038985  0.792815 -0.118969 -0.141735   0.00106455   0.00813133 -0.000292621     0.139103 -0.000267857     0.365779  -0.50951 -0.176215  -9.79417 
              15.999   0.922098  -0.967215 -0.0192916   9.42286 0.0337907  0.328357 0 0 0 -0.023404   0.02329 -0.038985  0.849598 0.0317353 0.0696831  0.000984384   0.00793581 -0.000255039    0.139842 -0.00122487    0.364966 -0.510435  -0.17548  -9.79414 
              16.099    1.90718   -1.41812 -0.0747186   9.52049 0.0446164  0.329009 0 0 0 -0.023404   0.02329 -0.038985   0.899627   0.177961 -0.0566565  0.000878466   0.00789667 -0.000203337    0.140208 -0.00119168    0.366081 -0.510521 -0.175455  -9.79413 
              16.199   2.45782  -1.46124 0.0728431   9.61514 0.0389124  0.333389 0 0 0 -0.023404   0.02329 -0.038985  0.914338 -0.101537 0.0309102  0.000927154   0.00792201 -0.000302495     0.140154 -0.000379987     0.367496 -0.510043 -0.176097  -9.79415 
                16.3   1.60763 -0.451114  0.200373   9.70183 0.0367841   0.33669 0 0 0 -0.023404   0.02329 -0.038985   0.796401 -0.0341846  0.0614498  0.000870021   0.00778817 -0.000234358     0.141442 -0.000455379     0.369843 -0.510519 -0.175802  -9.79413 
                16.4  1.38104 -1.29838 0.407513     9.802 0.0252338  0.324129 0 0 0 -0.023404   0.02329 -0.038985   0.862618 -0.0658645 -0.0916599  0.000762992   0.00784752 -0.000202356    0.142274 -0.00101675    0.371742 -0.510785 -0.175072  -9.79413 
              16.499  1.43602 -1.17217 0.238218   9.89888 0.0320497  0.328451 0 0 0 -0.023404   0.02329 -0.038985  0.837514 0.0804481  0.104195  0.000866092   0.00786716 -0.000222703    0.142709 -0.00211257    0.372554  -0.51107 -0.173982  -9.79413 
              16.599   1.96946  -1.53058 -0.251345   9.98594 0.0443732  0.315348 0 0 0 -0.023404   0.02329 -0.038985  0.903267  0.168316 -0.122183   0.00082122   0.00769072 -0.000308005    0.143478 -0.00217695    0.373764 -0.511472 -0.173852  -9.79411 
              16.699    1.74262  -0.827428 -0.0736004   10.0793 0.0341963  0.325837 0 0 0 -0.023404   0.02329 -0.038985  0.897272 -0.155299 -0.090023 0.000811146  0.00769575 -0.00039135    0.143422 -0.00208694    0.373438 -0.511501  -0.17397  -9.79411 
                16.8    1.72613 -0.0742645   0.168129   10.1677 0.0346377  0.338588 0 0 0 -0.023404   0.02329 -0.038985   0.718749 -0.0372099  0.0346719  0.000636767    0.0076464 -0.000353982    0.144218 -0.00273981    0.374746 -0.511926 -0.173237   -9.7941 
              16.899   1.42526 -0.940859   0.25177  10.2622  0.02383 0.328815 0 0 0 -0.023404   0.02329 -0.038985    0.78532  -0.037152 -0.0230162   0.00078219    0.0075901 -0.000286187   0.145538 -0.0027406   0.376898 -0.512671 -0.173037  -9.79406 
                  17  2.27842 -1.15774 0.145196   10.3482 0.0272953  0.328872 0 0 0 -0.023404   0.02329 -0.038985   0.800215 0.00380507  0.0602137  0.000756292   0.00748894 -0.000322779   0.145597 -0.0029821   0.377618 -0.512596 -0.172735  -9.79407 
              17.099   2.30927  -1.70444 -0.180541   10.4392 0.0336949   0.31294 0 0 0 -0.023404   0.02329 -0.038985  0.915514 0.0503061 -0.197536 0.000812688  0.00733342 -0.00027836     0.14615 -0.00314827    0.377973 -0.513042 -0.172566  -9.79405 
              17.199   2.22339  -1.20492 0.0573325   10.5376 0.0283049  0.325777 0 0 0 -0.023404   0.02329 -0.038985   0.911772   -0.14422 -0.0672415 0.000830216  0.00739644 -0.00016469    0.146109 -0.00386949    0.376332 -0.513478 -0.172186  -9.79404 
              17.299   1.72983 -0.727448  0.122189   10.6301 0.0293537  0.328163 0 0 0 -0.023404   0.02329 -0.038985   0.861589 -0.0619673 -0.0683854  0.00092916  0.00763434 -0.00012153    0.146261 -0.00457335    0.376729 -0.513558 -0.171465  -9.79405 
                17.4  1.19691 -1.08097 0.291179   10.7193 0.0227999  0.326347 0 0 0 -0.023404   0.02329 -0.038985    0.882174 -0.00827588  -0.0760988  0.000922443   0.00736054 -7.84252e-05     0.14665 -0.00490916    0.377507 -0.513731 -0.171036  -9.79404 
              17.499   1.79682  -1.08608 0.0750226   10.8135 0.0283317  0.330981 0 0 0 -0.023404   0.02329 -0.038985  0.816635 0.0376283 0.0550224  0.000830447   0.00729081 -0.000112353    0.146095 -0.00560718    0.378386 -0.513047 -0.170235  -9.79409 
              17.601  2.13259 -1.81632 -0.43379  10.9159 0.044462 0.317266 0 0 0 -0.023404   0.02329 -0.038985   0.902845   0.100552 -0.0962521  0.000784754   0.00723943 -0.000155647   0.146936 -0.0060099     0.3793 -0.513601 -0.169809  -9.79407 
              17.701    1.26043  -0.972649 -0.0333283   11.0067 0.0317701  0.325271 0 0 0 -0.023404   0.02329 -0.038985   0.842154  -0.145613 -0.0212718  0.000728235   0.00721656 -0.000100712    0.147042 -0.00627995    0.378667 -0.513893 -0.169637  -9.79406 
                17.8    1.75504  -0.879245 -0.0238342   11.0888 0.0347443  0.330652 0 0 0 -0.023404   0.02329 -0.038985   0.798985 -0.0677538 -0.0624294  0.000672299   0.00737396 -1.52523e-05   0.146875 -0.0073071   0.379258 -0.513589 -0.168616  -9.79409 
                17.9  0.779957  -1.21867 0.0766939  11.1842 0.024016 0.329519 0 0 0 -0.023404   0.02329 -0.038985   0.858767 -0.0375414 -0.0421705 0.000749433  0.00712257 1.12758e-05   0.147106 -0.0078149   0.379859 -0.513647  -0.16809   -9.7941 
                  18   1.8143 -1.52823 0.120267  11.2893 0.029596 0.324329 0 0 0 -0.023404   0.02329 -0.038985   0.917644  0.0449611 -0.0918229  0.000730181   0.00723248 -7.21199e-06    0.147067 -0.00843307    0.380512 -0.513452 -0.167469  -9.79412 
              18.099   2.68621  -1.72249 -0.563485    11.384 0.0382919  0.323164 0 0 0 -0.023404   0.02329 -0.038985   0.914823  0.0419311 -0.0517826  0.00059719  0.00725858 2.63214e-05    0.146731 -0.00865127    0.380115 -0.513273  -0.16729  -9.79413 
              18.199   1.71498 -0.923424 -0.207889   11.4792 0.0262984  0.326539 0 0 0 -0.023404   0.02329 -0.038985   0.801801 -0.0458016  0.0685114 0.000643397  0.00720603 5.53062e-05    0.147419 -0.00874184    0.380099 -0.513906  -0.16721   -9.7941 
              18.301    2.27172   -1.07085 -0.0710323   11.5804 0.0199961  0.315981 0 0 0 -0.023404   0.02329 -0.038985  0.830822 -0.111721 -0.177349 0.000626833  0.00730567 3.23939e-05    0.147139 -0.00921794    0.380666  -0.51348 -0.166681  -9.79413 
                18.4   1.99904  -1.66383 -0.250684  11.6634  0.02132 0.325107 0 0 0 -0.023404   0.02329 -0.038985   0.881317 0.00944062 -0.0787778 0.000483514  0.00748778 3.89432e-05   0.146094 -0.0100608   0.379253  -0.51291 -0.166184  -9.79417 
              18.502    2.5534  -1.54583 -0.378059   11.7588 0.0304914  0.330093 0 0 0 -0.023404   0.02329 -0.038985   0.915496   0.149932 -0.0573137 0.000464729  0.00723915 3.09488e-05   0.146247 -0.0103122   0.379346 -0.513024 -0.165932  -9.79417 
              18.601   2.90471  -1.67122 -0.608502   11.8563 0.0330195  0.330048 0 0 0 -0.023404   0.02329 -0.038985    0.879981  -0.0346891 0.000739401 0.000493755  0.00700922 2.19066e-05   0.145833 -0.0103093   0.380118  -0.51239 -0.165788  -9.79421 
                18.7   1.74058  -1.19389 -0.338002   11.9514 0.0271234  0.327383 0 0 0 -0.023404   0.02329 -0.038985   0.767065 -0.0260929  0.0551419 0.000490451  0.00715401  6.3741e-05   0.145056 -0.0107214   0.380962 -0.511358 -0.165269  -9.79427 
              18.801   1.67285  -1.52576 -0.147897  12.0461 0.020048 0.317952 0 0 0 -0.023404   0.02329 -0.038985    0.79375  -0.113305 -0.0826069 0.000567095  0.00715351 8.70139e-05   0.145047 -0.0114901   0.381326 -0.511172 -0.164487  -9.79429 
                18.9   1.56501   -1.6717 -0.199352   12.1393 0.0244564  0.323527 0 0 0 -0.023404   0.02329 -0.038985   0.906957 0.00348816 -0.0807671 0.000480727  0.00714133 0.000183697   0.144509 -0.0125234   0.380144 -0.511024  -0.16378  -9.79431 
              19.001  2.62527 -1.70639 -0.24417   12.2274 0.0336187  0.326208 0 0 0 -0.023404   0.02329 -0.038985   0.859954   0.125244 -0.0223668 0.000411378  0.00698299 0.000393471   0.145465 -0.0127911   0.380132 -0.511888 -0.163484  -9.79427 
                19.1   2.62636  -0.75321 -0.557561   12.3176 0.0268512  0.326797 0 0 0 -0.023404   0.02329 -0.038985   0.90094 -0.137007 -0.068244 0.000416751  0.00674174 0.000279029   0.145085 -0.0125031   0.380841 -0.511295 -0.163661   -9.7943 
                19.2    2.03902 -0.0415705 -0.0911546   12.4094 0.0163546  0.332865 0 0 0 -0.023404   0.02329 -0.038985  0.744368 -0.128309 0.0216443 0.000225456  0.00676745 0.000237551   0.145523 -0.0130195   0.381385 -0.511507 -0.163065   -9.7943 
                19.3   2.25213 -0.872964   0.11353   12.4995 0.0116984  0.323937 0 0 0 -0.023404   0.02329 -0.038985   0.798469 -0.0929914  -0.072309 0.000403293  0.00687546  0.00030138   0.145342 -0.0137995   0.382616 -0.511043 -0.162122  -9.79434 
              19.401   2.64253  -1.29388 -0.140309  12.5969 0.016476 0.325191 0 0 0 -0.023404   0.02329 -0.038985   0.840575  0.0146929 -0.0277666 0.000316118  0.00691026 0.000348663   0.144493 -0.0144372   0.382197 -0.510351 -0.161634  -9.79438 
              19.501   2.87021  -1.87578 -0.771666   12.6887 0.0274254  0.317265 0 0 0 -0.023404   0.02329 -0.038985   0.868974   0.134065 -0.0626914  0.00038375  0.00700507 0.000410892   0.144233 -0.0146382   0.381958 -0.510165 -0.161502  -9.79439 
              19.602   2.41292  -1.28579 -0.650852   12.7802 0.0195854  0.323473 0 0 0 -0.023404   0.02329 -0.038985   0.900523   -0.15156 -0.0950365 0.000549807   0.0068077 0.000319608   0.144099 -0.0145461   0.381001  -0.51028 -0.161838  -9.79438 
                19.7   2.40383 -0.789854 -0.504477  12.8694 0.022194 0.331847 0 0 0 -0.023404   0.02329 -0.038985   0.774692 -0.0155827  0.0375241  0.00033746  0.00680946 0.000376878   0.143613 -0.0153073   0.380627 -0.509906 -0.161275  -9.79441 
              19.802   1.84742  -1.63594 -0.339757   12.9571 0.0133653  0.322602 0 0 0 -0.023404   0.02329 -0.038985   0.807841 -0.0475328 -0.0635145 0.000404382  0.00681859 0.000413202   0.143499 -0.0153309   0.380923 -0.509707 -0.161198  -9.79442 
                19.9   2.04615  -1.86967 -0.635431  13.0598 0.018842 0.321417 0 0 0 -0.023404   0.02329 -0.038985   0.882217  0.0413337 -0.0194078 0.000414348  0.00676411 0.000371001   0.143897 -0.0156412   0.379408 -0.510521 -0.161145  -9.79438 
              20.001     2.353  -2.31656 -0.966576   13.1529 0.0327602   0.32013 0 0 0 -0.023404   0.02329 -0.038985   0.878417   0.128446 -0.0793136 0.000441722  0.00682813   0.0001815   0.143774 -0.0158742   0.378121 -0.510829 -0.161131  -9.79436 
              20.101  1.67674   -1.444 -0.62184   13.2387 0.0204485  0.325635 0 0 0 -0.023404   0.02329 -0.038985    0.87712  -0.131874 -0.0788244 0.000567791  0.00674241 0.000155803   0.143354 -0.0158319   0.376774 -0.510985 -0.161425  -9.79435 
                20.2   1.78405 -0.689716 -0.475883   13.3312 0.0197638  0.333172 0 0 0 -0.023404   0.02329 -0.038985   0.765345 -0.0623571  0.0057026 0.000450309   0.0066991 0.000151977   0.143774 -0.0163379   0.376507 -0.511378 -0.160925  -9.79434 
                20.3   1.71153  -1.50544 -0.166626    13.4295 0.00864587   0.322423 0 0 0 -0.023404   0.02329 -0.038985   0.823711 -0.0549675 -0.0958946 0.000422426  0.00669612  0.00017692   0.143096 -0.0165962   0.376564 -0.510721 -0.160799  -9.79438 
                20.4   2.34415  -1.65202 -0.475986   13.5098 0.0174099  0.326277 0 0 0 -0.023404   0.02329 -0.038985  0.753332 0.0923203 0.0597234 0.000434098  0.00666959 8.75767e-05   0.142438 -0.0169588   0.375074  -0.51057 -0.160677  -9.79439 
              20.499   2.59266  -2.31493 -0.977867   13.6017 0.0293833   0.31702 0 0 0 -0.023404   0.02329 -0.038985   0.842109   0.124521 -0.0816812 0.000483704  0.00665515 0.000217911   0.142404 -0.0170766   0.373917 -0.510911 -0.160704  -9.79437 
              20.602   1.93607  -1.78815 -0.788058   13.6949 0.0229654   0.32359 0 0 0 -0.023404   0.02329 -0.038985   0.850675  -0.137038 -0.0664038 0.000579783  0.00652288 0.000170481   0.142088 -0.0168722   0.371423 -0.511606 -0.161349  -9.79432 
                20.7   1.91303  -1.24954 -0.537368   13.7703 0.0221192  0.329964 0 0 0 -0.023404   0.02329 -0.038985   0.771929 -0.0915916 -0.0100999 0.000434051  0.00655804 0.000190434   0.142189 -0.0172151   0.370352 -0.512086 -0.161198   -9.7943 
                20.8   1.26092  -2.19594 -0.251424   13.8687 0.0126932   0.32253 0 0 0 -0.023404   0.02329 -0.038985   0.845998   -0.09573 -0.0736574 0.000516849  0.00659295 0.000239103   0.142206 -0.0175999   0.369504  -0.51237 -0.160945  -9.79429 
              20.901   1.90498  -2.18635 -0.519895   13.9627 0.0121021  0.327112 0 0 0 -0.023404   0.02329 -0.038985   0.768367 -0.0462339  0.0255519 0.000419834  0.00648615 0.000251576   0.142391 -0.0180597   0.367257 -0.513378 -0.160624  -9.79424 
              21.001  2.59867 -2.43764 -1.24597   14.0556 0.0288321   0.31686 0 0 0 -0.023404   0.02329 -0.038985  0.817772  0.136571 -0.123202 0.000553967  0.00649991 0.000286195   0.143073 -0.0183726    0.36582  -0.51457 -0.160302  -9.79418 
                21.1  2.09231 -1.67262 -1.05985  14.1435  0.01833 0.326381 0 0 0 -0.023404   0.02329 -0.038985   0.76848 -0.100758 0.0186928 0.000603998  0.00648564 0.000151043   0.142746 -0.0177334   0.363102 -0.515667  -0.16123  -9.79411 
              21.199   2.26296  -1.07912 -0.927962    14.216 0.0177696  0.325084 0 0 0 -0.023404   0.02329 -0.038985   0.622146 -0.0221213 -0.0978858 0.000460211  0.00656927 0.000132437   0.143933 -0.0176867   0.362064 -0.517173 -0.161163  -9.79403 
              21.301   1.90054 -0.962666 -0.694997  14.2856 0.018203 0.326031 0 0 0 -0.023404   0.02329 -0.038985   0.591273  0.0817231 -0.0369851 0.000491271  0.00646982 0.000206658   0.144474 -0.0177515   0.360941 -0.518054 -0.161129  -9.79398 
                21.4   1.62592 -0.152667 -0.970629   14.3406 0.0283044  0.332914 0 0 0 -0.023404   0.02329 -0.038985  0.459598 0.0482487 0.0798873 0.000536875  0.00638462 0.000122775  0.144867 -0.017682  0.360922 -0.518416 -0.161094  -9.79397 
              21.499    1.1874 -0.793985 -0.641015  14.4067 0.029866 0.314413 0 0 0 -0.023404   0.02329 -0.038985   0.483492 -0.0348642  -0.106252 0.000493897  0.00636014 1.81956e-05    0.14496 -0.0174597   0.361441 -0.518446 -0.161217  -9.79396 
                21.6  0.595947 -0.214263 -0.506592   14.4568 0.0209295  0.323706 0 0 0 -0.023404   0.02329 -0.038985  0.413664 -0.102203 0.0221562 0.000565335  0.00623592 8.80585e-05   0.145674 -0.0175365   0.360081 -0.519241  -0.16102  -9.79392 
              21.701   1.20384 -0.656618 -0.448291    14.512 0.0224174  0.316595 0 0 0 -0.023404   0.02329 -0.038985    0.45881 -0.0310279  -0.126718 0.000501488  0.00624425 1.85963e-05   0.146007 -0.0177051   0.359546 -0.519561  -0.16078  -9.79391 
                21.8    1.1742 -0.726934 -0.629811   14.5679 0.0255358  0.321216 0 0 0 -0.023404   0.02329 -0.038985   0.493142  0.0293336 -0.0110939 0.000484357  0.00620271 7.63418e-05   0.146109 -0.0177231   0.357894 -0.519827 -0.160636   -9.7939 
                21.9   1.51487 -0.884439   -0.4385    14.617 0.0269628  0.322645 0 0 0 -0.023404   0.02329 -0.038985    0.41087  0.0151545 -0.0798404 0.000442287    0.006299 0.000101597   0.146239 -0.0177021   0.356861 -0.520091 -0.160573  -9.79389 
              22.001   1.71985   -1.4215 -0.288301   14.6807 0.0268646  0.319957 0 0 0 -0.023404   0.02329 -0.038985   0.466642  -0.107633 -0.0315342 0.000487023  0.00633389  0.00011206   0.146186 -0.0177964   0.355635 -0.520251 -0.160462  -9.79388 
              22.101   1.55313 -0.907234 -0.161525   14.7159 0.0229824  0.321546 0 0 0 -0.023404   0.02329 -0.038985   0.164664 -0.0131059 -0.0224581 0.000417133  0.00610658 0.000144447   0.146898 -0.0178735   0.354642 -0.521127 -0.160341  -9.79383 
                22.2    1.57679  -0.157756 -0.0962775   14.7368 0.0361812  0.315093 0 0 0 -0.023404   0.02329 -0.038985 0.0801144  0.164224 -0.114981 0.000534592  0.00607969 0.000165386   0.146859 -0.0181298   0.353864 -0.521287 -0.160149  -9.79383 
                22.3 0.103143  1.40539 -0.81239   14.7479 0.0476609  0.326191 0 0 0 -0.023404   0.02329 -0.038985 -0.0458431 0.00551655  0.0379437   0.0006077  0.00594686 0.000223608   0.147103 -0.0184107   0.353951 -0.521493 -0.159881  -9.79382 
              22.401  -0.85642   0.86527 -0.817214   14.7525 0.0432373  0.313256 0 0 0 -0.023404   0.02329 -0.038985 -0.0486593  -0.085822  -0.108534 0.000626583    0.005979 0.000270705   0.14708 -0.018261  0.355197 -0.521464 -0.160063  -9.79382 
                22.5 -0.660643  0.895097 -0.590995   14.7509 0.0461748  0.322885 0 0 0 -0.023404   0.02329 -0.038985 -0.106187  0.123817 0.0783013 0.000447178  0.00598238 0.000318724   0.146809 -0.0185892   0.354896 -0.521131 -0.159721  -9.79384 
                22.6 -0.540768  0.255555  0.161316   14.7559 0.0554647  0.310279 0 0 0 -0.023404   0.02329 -0.038985  -0.054651   0.175495 -0.0612559 0.000413649  0.00596271 0.000143724   0.146953 -0.0189191    0.35572 -0.521369  -0.15968  -9.79383 
              22.701 -0.334243  0.581553   5.81331   14.7566 0.0432333  0.313996 0 0 0 -0.023404   0.02329 -0.038985  -0.104486 -0.0969372 -0.0391932  0.000185433   0.00577626 -0.000148724   0.147584 -0.0203172   0.354766 -0.521738 -0.157968  -9.79384 
                22.8 -0.337228  0.175282   11.7166   14.7624 0.0447403  0.309645 0 0 0 -0.023404   0.02329 -0.038985 -0.0256585 -0.0557086 -0.0863198  0.000316719    0.0057128 -0.000629317   0.146928 -0.0235657   0.353853 -0.523495 -0.154707   -9.7938 
                22.9 -0.0286394   0.407731    18.0476   14.7678 0.0384389   0.31594 0 0 0 -0.023404   0.02329 -0.038985   -0.064068  -0.0489735 0.000732905   0.00039139   0.00556871 -0.000785332   0.142022 -0.0270307    0.35283 -0.527978 -0.150278  -9.79363 
              23.003 -0.624207 -0.291752   24.0189   14.7697 0.0400997  0.310383 0 0 0 -0.023404   0.02329 -0.038985 -0.0800772  0.0152788  -0.115642 0.000370015  0.00557579 -0.00112849   0.130271 -0.0295133    0.35229 -0.537936 -0.143363  -9.79319 
                23.1 -0.119183 0.0128688   30.4304   14.7693 0.0445061  0.320252 0 0 0 -0.023404   0.02329 -0.038985 -0.0949136 -0.0394328 0.00524551 0.000445362  0.00558701 -0.00146415  0.112821 -0.031746  0.351058 -0.554379 -0.136153  -9.79237 
                23.2 -0.116577 -0.170267    35.975   14.7737 0.0453965   0.31386 0 0 0 -0.023404   0.02329 -0.038985 -0.0390095 -0.0226686  -0.102476 0.000412517  0.00539743 -0.00165004 0.0882498 -0.030641  0.351352 -0.576477  -0.12529  -9.79124 
                23.3  0.402051 0.0497148   42.4524   14.7805 0.0449239   0.32108 0 0 0 -0.023404   0.02329 -0.038985 -0.0871929  -0.032881  0.0656594 0.000324277  0.00527192 -0.00196146   0.055305 -0.0282941   0.351633 -0.606842  -0.11249  -9.78956 
              23.401 -0.0699755  -0.179021    48.9112   14.7831 0.0473264  0.313818 0 0 0 -0.023404   0.02329 -0.038985 -0.0686429 0.00929328 -0.0849712 0.000405038  0.00521012 -0.00219372  0.0164982 -0.0225737    0.35297  -0.642571 -0.0966435   -9.78745 
              23.501 -0.0400393    0.10599    54.9059   14.7787 0.0545177  0.317316 0 0 0 -0.023404   0.02329 -0.038985  -0.118074 0.00232414  0.0102316 0.000325064  0.00518786 -0.00250155 -0.0287679 -0.0133579   0.353375  -0.684479 -0.0775022   -9.78478 
              23.599 -0.401624  0.252674    60.944   14.7844 0.0557514   0.31313 0 0 0 -0.023404   0.02329 -0.038985 -0.0608562  0.0120968  -0.125211 0.000312211  0.00510112 -0.00248308  -0.0816074 -0.00121982     0.35426  -0.733716 -0.0553308   -9.78136 
                23.7 -0.0979555   0.179909    67.3313   14.7901 0.0591501   0.31954 0 0 0 -0.023404   0.02329 -0.038985 -0.0634571 -0.0326453  0.0897675  0.00030286  0.00509157 -0.00248522 -0.139557 0.0150575  0.355137   -0.78773 -0.0294168   -9.77727 
                23.8 0.0242548  0.117943   73.6707   14.7924 0.0613616  0.312739 0 0 0 -0.023404   0.02329 -0.038985 -0.0987823  0.0160195 -0.0924359 0.000262251  0.00505733 -0.00216115 -0.194211 0.0306982  0.356548   -0.839085 -0.00578964    -9.77304 
                23.9 -0.352221   0.08332   79.6365    14.789 0.0676369  0.313905 0 0 0 -0.023404   0.02329 -0.038985 -0.00701606     0.01175   0.0214704  0.00020125  0.00490852 -0.00164056 -0.248701 0.0464187  0.356593 -0.890659 0.0169859  -9.76847 
              24.001 -0.592392  0.559091   84.9296   14.8055 0.0683541  0.314033 0 0 0 -0.023404   0.02329 -0.038985  0.115569 0.0383563 -0.125746 0.000106004  0.00492013 -0.00131257 -0.307735 0.0512258  0.357984 -0.948251 0.0287723  -9.76302 
                24.1 -0.302016  0.461987   85.4059   14.8003 0.0757905  0.314997 0 0 0 -0.023404   0.02329 -0.038985 -0.0315654  0.0766942 0.00438092  0.000172519   0.00492755 -0.000936741 -0.359688 0.0548528  0.358902 -0.999111 0.0379227  -9.75791 
                24.2 0.650316 0.974136  85.4783   14.7957 0.0787889  0.313636 0 0 0 -0.023404   0.02329 -0.038985  -0.154181  0.0812373 -0.0577466 0.000199535   0.0048973 -0.00055012 -0.396106 0.0591061  0.360246  -1.03459 0.0457407  -9.75418 
                24.3 0.384293 0.845103  85.3969   14.7906 0.0863528  0.311296 0 0 0 -0.023404   0.02329 -0.038985  -0.198449   0.140254 -0.0538944  0.000239412   0.00487966 -0.000450188 -0.423143 0.0630033   0.36081  -1.0609 0.052165 -9.75132 
                24.4 -0.0737014    1.16629    85.2447   14.7889 0.0892792  0.315466 0 0 0 -0.023404   0.02329 -0.038985 -0.0695719  0.0265518 -0.0115639   0.00028525   0.00500639 -0.000267345 -0.447232 0.0653991  0.361461  -1.08444 0.0567783  -9.74871 
                24.5 -0.00996097    0.962459     85.2816   14.7922 0.0892908  0.310181 0 0 0 -0.023404   0.02329 -0.038985 -0.0944433   0.040829 -0.0310454  0.000252671   0.00502943 -0.000125449 -0.467081 0.0665778  0.362551  -1.10389 0.0597811   -9.7465 
                24.6 0.550793  1.09591  85.6053   14.7953 0.0886993  0.310606 0 0 0 -0.023404   0.02329 -0.038985  -0.112662  0.0470791 -0.0397352  0.000295518   0.00497246 -3.90077e-05 -0.481391 0.0718968  0.362613  -1.11751 0.0663865  -9.74491 
                24.7 0.0364872  0.648993   85.6978   14.7893 0.0910211  0.308485 0 0 0 -0.023404   0.02329 -0.038985  -0.176284   0.120652 -0.0939228 0.000298496  0.00495226 0.000167258 -0.493096 0.0745748  0.362731  -1.12882 0.0701439  -9.74358 
              24.801 -0.0182747   0.938679    85.6446   14.7849 0.0909325  0.314961 0 0 0 -0.023404   0.02329 -0.038985  -0.124044  0.0188876 0.00404325 0.000236622  0.00486251 0.000278892 -0.506062 0.0781574  0.362371   -1.1413 0.0749261  -9.74209 
                24.9 -0.319167  0.873555   85.6961   14.7902 0.0877187  0.308716 0 0 0 -0.023404   0.02329 -0.038985  -0.058576  0.0162777 -0.0450726 0.000188051  0.00473188 0.000493405 -0.520445 0.0810257  0.362806  -1.1552 0.079144 -9.74042 
              25.001 0.00966077   0.651194    85.6656   14.7878 0.0844815  0.310658 0 0 0 -0.023404   0.02329 -0.038985  -0.148535  0.0150687 -0.0279166 0.000197747  0.00478565 0.000567738 -0.526149 0.0829697  0.362537  -1.16066 0.0816179  -9.73975 
                25.1 -0.211127    0.1154    85.762   14.7873 0.0840879  0.307914 0 0 0 -0.023404   0.02329 -0.038985  -0.138194  0.0848486 -0.0498755 0.000188175  0.00470872 0.000888632  -0.53524 0.0860313  0.362314  -1.16935 0.0855265  -9.73867 
              25.201 -0.52615  0.44536  85.8333   14.7821 0.0868486  0.309975 0 0 0 -0.023404   0.02329 -0.038985  -0.133866  0.0733582 -0.0206173 0.000149338  0.00454638  0.00104013 -0.542811 0.0909455  0.361447  -1.17639 0.0911207  -9.73778 
                25.3 -0.55811 0.449323  85.9197  14.7849 0.082694 0.309837 0 0 0 -0.023404   0.02329 -0.038985 -0.0841422 0.00417381 -0.0631063 0.000147744  0.00460028  0.00107714 -0.552164 0.0947659  0.360645   -1.1853 0.0958029  -9.73665 
                25.4 -0.755768 0.0877711   85.8867   14.7837 0.0802111  0.310422 0 0 0 -0.023404   0.02329 -0.038985  -0.141204   0.021994 -0.0147837 4.10468e-05  0.00460455  0.00119612 -0.558853  0.100186  0.359818 -1.19141 0.101814 -9.73584 
                25.5 -0.723747 -0.143087   86.6008   14.7816 0.0782079  0.307557 0 0 0 -0.023404   0.02329 -0.038985  -0.197381  0.0778584 -0.0677712 0.000152293  0.00444421  0.00156286 -0.571524  0.102089  0.359575 -1.20374 0.104928 -9.73429 
                25.6 -0.939398  -0.26734   88.0949   14.7801 0.0789277  0.310254 0 0 0 -0.023404   0.02329 -0.038985  -0.153029  0.0818018 -0.0077952 5.12973e-05  0.00448069   0.0014615 -0.588423  0.102446  0.359357 -1.22041  0.10691  -9.7322 
                25.7  -1.25977 -0.142264   91.0382   14.7827 0.0796209  0.307457 0 0 0 -0.023404   0.02329 -0.038985  -0.140018  0.0954186 -0.0610003 0.000181358  0.00455006   0.0015033 -0.606593  0.108728  0.359055 -1.23773 0.114856 -9.72992 
              25.801  -0.839864 -0.0579601    93.9469   14.7844 0.0846338  0.309172 0 0 0 -0.023404   0.02329 -0.038985 -0.0955576   0.134974 -0.0390448 -7.15482e-05   0.00459877   0.00146786 -0.625284  0.109296  0.359218 -1.25612 0.117135 -9.72753 
              25.901 -0.457601  0.432534   98.2778    14.791 0.0905081  0.312396 0 0 0 -0.023404   0.02329 -0.038985   -0.0934095     0.100192 -0.000998346 -6.63309e-05   0.00447913   0.00152692 -0.638595  0.110512  0.358842 -1.26918 0.119474 -9.72581 
              26.002 -0.833394  0.311202   102.037   14.7853 0.0926498  0.309823 0 0 0 -0.023404   0.02329 -0.038985  -0.22099  0.105234 -0.107247 8.46099e-05   0.0044638  0.00150737 -0.653155  0.110857  0.358754 -1.28354 0.120946 -9.72391 
                26.1 -0.130837  0.711832   105.465   14.7796 0.0936659  0.318201 0 0 0 -0.023404   0.02329 -0.038985 -0.168398 0.0589056 0.0184946 -3.88633e-05   0.00445415   0.00165501 -0.661321    0.1156  0.357872 -1.29133 0.126206 -9.72281 
              26.201 -0.554584  0.579161   108.601   14.7822 0.0958195   0.31356 0 0 0 -0.023404   0.02329 -0.038985  -0.15113 0.0969623 -0.074903 3.83358e-05  0.00453254  0.00203496 -0.672397  0.116861  0.358459 -1.30217 0.128117 -9.72134 
                26.3 -0.251052  0.509418   113.112  14.7858 0.103898 0.314823 0 0 0 -0.023404   0.02329 -0.038985 -0.106426  0.103618 0.0111767 0.000110751  0.00463953  0.00206965 -0.684545  0.118677  0.358454 -1.31409 0.130522  -9.7197 
                26.4 0.200023 0.276715  117.041  14.7819 0.105733 0.311374 0 0 0 -0.023404   0.02329 -0.038985  -0.204939  0.0978003 -0.0575754 -2.8807e-05  0.00469508  0.00223532 -0.688539  0.120122   0.35819 -1.31799  0.13212 -9.71915 
              26.501 -0.1226 0.51966 120.548  14.7714 0.106619 0.312903 0 0 0 -0.023404   0.02329 -0.038985  -0.245432  0.0679112 0.00315866 0.000165551  0.00457176  0.00234683 -0.691431  0.117414  0.357511   -1.321 0.129513 -9.71878 
                26.6 -0.366418  0.360636   124.057  14.7751 0.109719 0.309189 0 0 0 -0.023404   0.02329 -0.038985 -0.151668  0.101424 -0.105767 0.000118737  0.00478572   0.0024454 -0.698303  0.110517  0.357289   -1.328 0.122796 -9.71791 
                26.7 -0.157621  0.705213   127.864  14.7755 0.117001  0.31182 0 0 0 -0.023404   0.02329 -0.038985   -0.1661  0.127635 -0.013797 -2.67537e-05   0.00459784   0.00262121 -0.698101  0.103124  0.356589 -1.32797 0.115433 -9.71801 
              26.805 0.410523 0.900264  131.913  14.7756 0.119966 0.313911 0 0 0 -0.023404   0.02329 -0.038985 -0.196283 0.0617239 0.0041713 3.74129e-05  0.00459243  0.00261184  -0.69745 0.0966672  0.356705 -1.32737 0.109001 -9.71816 
              26.902 0.222859 0.487914  135.855  14.7694 0.118974 0.308286 0 0 0 -0.023404   0.02329 -0.038985  -0.272612  0.0418918 -0.0701215 4.63125e-07  0.00457875  0.00258722 -0.698731 0.0840587  0.356676  -1.32862 0.0964368  -9.71812 
              27.001 0.187103  0.83947  139.359  14.7675 0.120945 0.313307 0 0 0 -0.023404   0.02329 -0.038985  -0.171001  0.0545832 -0.0170224 -5.05312e-05   0.00457869   0.00272491 -0.699895 0.0737424   0.35578  -1.32971 0.0861466  -9.71807 
                27.1 0.0926115  0.846629   142.516  14.7675   0.1238 0.310893 0 0 0 -0.023404   0.02329 -0.038985  -0.198901   0.113944 -0.0877514 -7.14326e-05   0.00454121   0.00276602 -0.69689 0.060734 0.355564  -1.32648 0.0732668  -9.71862 
              27.201 0.875446 0.816648  146.581  14.7662 0.130237 0.315313 0 0 0 -0.023404   0.02329 -0.038985 -0.182241 0.0659072 0.0428547 -0.000211629   0.00468033   0.00280169 -0.700079 0.0431267  0.355962 -1.32908 0.055617 -9.71838 
              27.301 1.01063 0.46145 150.461  14.7624 0.130329 0.309717 0 0 0 -0.023404   0.02329 -0.038985  -0.255466  0.0220969 -0.0723401 -0.000179194   0.00474216   0.00278069  -0.70348 0.0282775  0.356883  -1.33178 0.0406692  -9.71809 
                27.4 0.788192  1.00985  154.027  14.7552 0.127267 0.314492 0 0 0 -0.023404   0.02329 -0.038985  -0.204307  0.0349307 -0.0103866 -0.00010079  0.00443523  0.00293108 -0.706162 0.0120978   0.35692  -1.33361 0.0244209  -9.71789 
                27.5 0.258127 0.947633  157.373  14.7552 0.128946 0.312077 0 0 0 -0.023404   0.02329 -0.038985  -0.220219  0.0353302 -0.0731976 -8.9525e-05  0.00444847  0.00275446  -0.709324 0.00127267   0.356893  -1.33608 0.0134489  -9.71757 
                27.6 0.72928 1.00451 161.487  14.7519 0.137949 0.311095 0 0 0 -0.023404   0.02329 -0.038985   -0.195846    0.100461 -0.00590463 -0.000162936   0.00444809   0.00262323   -0.708656 -0.00989994    0.356631   -1.33467 0.00240229   -9.71777 
              27.701  1.04636 0.938996  165.128  14.7482 0.135681 0.309358 0 0 0 -0.023404   0.02329 -0.038985   -0.258621 -0.00674857  -0.0542492 -0.000175519   0.00444503    0.0024917  -0.712599 -0.0210519   0.356884    -1.33766 -0.00901096    -9.71736 
                27.8 0.778017  1.18392  169.031  14.7415 0.131402 0.311341 0 0 0 -0.023404   0.02329 -0.038985    -0.238142 -0.000818615  -0.00295737 -6.93559e-05   0.00425564   0.00206148  -0.713902 -0.0295879    0.35617   -1.33823 -0.0175922   -9.71727 
              27.899 0.365954  1.01422  172.359  14.7403 0.132736 0.310975 0 0 0 -0.023404   0.02329 -0.038985 -0.215588 0.0157371 -0.068593 1.59338e-05  0.00436647  0.00201977 -0.714984 -0.037933  0.355774   -1.33851 -0.0259691   -9.71721 
                  28 0.711041  0.92057  176.259  14.7348 0.141544  0.30939 0 0 0 -0.023404   0.02329 -0.038985  -0.282697  0.0822217 -0.0524674 -0.000103232   0.00444254   0.00176344  -0.718253 -0.0443696   0.355598   -1.34104 -0.0327147   -9.71684 
                28.1 1.38768 1.27714 179.863  14.7289 0.139071 0.312693 0 0 0 -0.023404   0.02329 -0.038985   -0.26415 -0.0488319  0.0279254 2.68437e-05  0.00434329  0.00173567  -0.720042 -0.0494754   0.355493    -1.3422 -0.0379836   -9.71666 
              28.201 0.864692 0.684435 -177.188  14.7177  0.12998 0.307859 0 0 0 -0.023404   0.02329 -0.038985  -0.383041   -0.12053 -0.0956453 -3.07506e-05    0.0043654   0.00166272  -0.724862 -0.0619745   0.355445   -1.34535 -0.0509642   -9.71617 
                28.3  1.58458 0.318955  -174.74  14.6929 0.112711 0.312107 0 0 0 -0.023404   0.02329 -0.038985  -0.499358  -0.217136 0.00238721 -3.57337e-05   0.00422349   0.00128522 -0.727102 -0.068778  0.354313   -1.34667 -0.0579658   -9.71595 
                28.4   2.53665 -0.475287    -172.6   14.6548 0.0784066  0.311657 0 0 0 -0.023404   0.02329 -0.038985  -0.656275  -0.361735 -0.0866068 -1.18888e-06   0.00432794   0.00118079  -0.729423 -0.0736656    0.35354   -1.34826 -0.0631084   -9.71569 
                28.5  0.239444 -0.866287  -169.873   14.6051 0.0654933  0.314923 0 0 0 -0.023404   0.02329 -0.038985  -0.740262  -0.188468 -0.0377642 -5.04974e-06    0.0041011  0.000977812  -0.731856 -0.0802492   0.352154   -1.34968 -0.0699212   -9.71545 
              28.601 -0.655159  -1.37043  -167.583   14.5634 0.0376121  0.316545 0 0 0 -0.023404   0.02329 -0.038985   -0.60369  -0.264183 -0.0401043 -8.79941e-05   0.00426852   0.00077579  -0.736842 -0.0893225    0.35124   -1.35309 -0.0796261    -9.7149 
                28.7  -1.55802 -0.714743  -166.202   14.5182 0.0202502  0.318793 0 0 0 -0.023404   0.02329 -0.038985  -0.717242  -0.331812 -0.0285664 -5.1454e-05  0.00409418 0.000802707  -0.740557 -0.0982969   0.350425   -1.35519 -0.0890471   -9.71453 
              28.801  -1.37994 -0.115398  -164.825    14.4598 -0.0122217   0.323684 0 0 0 -0.023404   0.02329 -0.038985 -0.687977 -0.283407 0.0189269 -1.65946e-05    0.0041583  0.000599083 -0.746289 -0.109191  0.350272   -1.3588 -0.100745  -9.71391 
              28.901  -0.74674 -0.643237  -163.428    14.4104 -0.0441224   0.312111 0 0 0 -0.023404   0.02329 -0.038985  -0.718719  -0.312521 -0.0859833 6.25711e-05  0.00433875  0.00041616 -0.748507 -0.119967  0.350252  -1.35895 -0.111684  -9.71377 
                  29   -1.42594 -0.0726145   -162.006    14.3582 -0.0582737   0.318153 0 0 0 -0.023404   0.02329 -0.038985 -0.668682 -0.213686 0.0118715 -1.44561e-06   0.00423361  0.000265717 -0.751482 -0.128816  0.349332  -1.36016 -0.120893  -9.71349 
                29.1 -0.436825  0.202417  -160.987    14.3361 -0.0825558   0.311176 0 0 0 -0.023404   0.02329 -0.038985 -0.394198 -0.317876 -0.200271 -4.22129e-05   0.00417477  6.28923e-05 -0.753275 -0.138997  0.349271  -1.35988 -0.131167  -9.71339 
              29.199 -1.69178   2.1327 -161.433  14.3195 -0.11196 0.326635 0 0 0 -0.023404   0.02329 -0.038985 -0.244643 -0.208422  0.113714  5.53965e-05   0.00408249 -0.000234357 -0.754234 -0.147434  0.349023  -1.35911 -0.139571  -9.71338 
              29.301 -3.07034  2.49585 -160.703   14.3067 -0.117535  0.313551 0 0 0 -0.023404   0.02329 -0.038985  -0.263241  -0.132006 -0.0938226 -6.35015e-06   0.00418691 -0.000427623 -0.758357 -0.154506  0.351105  -1.36153 -0.147303  -9.71293 
                29.4 -3.61772  2.41613 -158.641   14.3023 -0.112066  0.318318 0 0 0 -0.023404   0.02329 -0.038985   -0.19146 -0.0814613  0.0523705 -1.99355e-05   0.00420359 -0.000661414  -0.75778 -0.164941    0.3514  -1.35878 -0.157313  -9.71316 
              29.501 -2.90359  2.14352 -155.529   14.2976 -0.121064  0.309877 0 0 0 -0.023404   0.02329 -0.038985 -0.248437 -0.196733  -0.13142 -0.000142046   0.00414877  -0.00085473 -0.759416 -0.176977  0.352697  -1.35771 -0.169318  -9.71311 
                29.6  -2.2552  2.47133 -151.844   14.2956 -0.122289  0.319432 0 0 0 -0.023404   0.02329 -0.038985  -0.216177 -0.0409754  0.0185387 -0.000118469   0.00404928  -0.00107226 -0.762616 -0.189901  0.353125  -1.35792 -0.182544  -9.71284 
              29.702 -1.77014  1.95874 -148.477   14.2912 -0.120837  0.312047 0 0 0 -0.023404   0.02329 -0.038985  -0.258171 -0.0755313  -0.098342 -0.000125804    0.0040998  -0.00120412 -0.768136 -0.204771  0.354539  -1.35972 -0.198171  -9.71228 
                29.8 -0.82027  2.10748 -144.314   14.2848 -0.116916  0.316179 0 0 0 -0.023404   0.02329 -0.038985  -0.207842 -0.0436104  0.0331198 -0.000166033   0.00400513  -0.00134427 -0.771944 -0.220516  0.355146  -1.35951 -0.214262  -9.71197 
              29.901 -0.241844     1.582  -140.544   14.2846 -0.121595  0.312017 0 0 0 -0.023404   0.02329 -0.038985  -0.187643  -0.157315 -0.0539995 -0.000197501   0.00415633  -0.00156937 -0.779871 -0.237166  0.356764  -1.36272 -0.232272   -9.7111 
                  30 0.0356259   1.69887   -137.19   14.2844 -0.127176   0.31531 0 0 0 -0.023404   0.02329 -0.038985  -0.173097  -0.107235 -0.0283565 -0.000103115    0.0040674  -0.00167491 -0.786683 -0.255985  0.357691 -1.36402 -0.25211 -9.71043 
                30.1 -0.0780741    1.46202   -133.608   14.2795 -0.124957  0.311913 0 0 0 -0.023404   0.02329 -0.038985   -0.2212 -0.112482 -0.078107 -0.000112499   0.00403061   -0.0019867 -0.794451 -0.272754  0.358881  -1.36646 -0.270293  -9.70959 
                30.2 0.675287  1.42294 -129.742   14.2718 -0.125053  0.313125 0 0 0 -0.023404   0.02329 -0.038985  -0.238978 -0.0691871  0.0202333  -0.0002007  0.00406667 -0.00236515  -0.80188 -0.286164  0.359816 -1.36932 -0.28523 -9.70876 
              30.301  1.01156  1.22205 -126.291   14.2706 -0.127946  0.309294 0 0 0 -0.023404   0.02329 -0.038985  -0.187761  -0.145957 -0.0445933 -0.000142724   0.00410444  -0.00263188 -0.811593  -0.30138  0.361303  -1.37347 -0.302636  -9.70765 
              30.401  1.06703  1.15412 -123.152  14.2741 -0.13975 0.310228 0 0 0 -0.023404   0.02329 -0.038985 -0.131133 -0.286749 -0.052687 -0.000214923   0.00400115  -0.00293064  -0.81899 -0.319634  0.361944 -1.37421 -0.32214 -9.70692 
                30.5  1.48829 0.921828 -120.529   14.2732 -0.158698  0.312258 0 0 0 -0.023404   0.02329 -0.038985  -0.162591  -0.345677 -0.0183324 -0.000192225   0.00400717  -0.00323225 -0.827627 -0.333398  0.362576  -1.37732 -0.337935  -9.70594 
                30.6  1.73831 0.207671 -118.481  14.2767 -0.19722 0.311871 0 0 0 -0.023404   0.02329 -0.038985  -0.123551  -0.585634 -0.0138291 -0.000124439   0.00399451  -0.00350313 -0.836565 -0.346115  0.363564  -1.38081 -0.352927  -9.70491 
              30.701  0.266648 -0.450165  -115.744   14.2628 -0.241138  0.311336 0 0 0 -0.023404   0.02329 -0.038985 -0.274158 -0.657766  -0.07635 -4.56024e-05   0.00401238  -0.00367704 -0.848241 -0.360936  0.364398  -1.38578 -0.370924  -9.70353 
              30.799 -0.810436 -0.835608  -113.639   14.2559 -0.298366  0.316245 0 0 0 -0.023404   0.02329 -0.038985 -0.287188 -0.727877 0.0331866 -1.73278e-05   0.00389886  -0.00402039 -0.856653 -0.372474  0.365015  -1.38881 -0.384719  -9.70256 
                30.9  -1.56122 -0.503388  -112.048   14.247 -0.36673 0.311784 0 0 0 -0.023404   0.02329 -0.038985 -0.253535 -0.895596 -0.144993 -0.000160998   0.00383229  -0.00422497 -0.866081 -0.382514  0.365547  -1.39318 -0.397612  -9.70141 
              31.001 -0.51142 -0.16377 -110.633   14.2465 -0.442355  0.332317 0 0 0 -0.023404   0.02329 -0.038985 -0.0731239  -0.902519  0.0247582 -0.000288265   0.00385755  -0.00398845 -0.877932 -0.391075  0.365916  -1.40017 -0.410254  -9.69988 
                31.1 -0.0400718   -1.17767   -109.073  14.2322 -0.51342  0.31824 0 0 0 -0.023404   0.02329 -0.038985  -0.272491  -0.783972 -0.0143288 -9.25117e-05    0.0037452  -0.00396549 -0.887722 -0.398427  0.367973  -1.40563 -0.421028  -9.69863 
              31.201   -1.1652 -0.511177  -107.528   14.2193 -0.576929  0.319849 0 0 0 -0.023404   0.02329 -0.038985  -0.229749  -0.719219 0.00458755 -3.56282e-05    0.0037163  -0.00388251  -0.89629 -0.406248  0.368815  -1.40975 -0.431722  -9.69756 
              31.301 -0.505297 -0.813576  -105.996   14.2066 -0.634825  0.315804 0 0 0 -0.023404   0.02329 -0.038985  -0.279794  -0.726421 -0.0901267 6.02247e-05  0.00376238  -0.0036346 -0.904866 -0.412739  0.369498  -1.41436 -0.441284  -9.69646 
              31.401 -0.932553 -0.064153  -105.198   14.2058 -0.696899  0.320112 0 0 0 -0.023404   0.02329 -0.038985  -0.157518  -0.777664 -0.0260117 -0.000122965   0.00377143  -0.00351018 -0.911815 -0.418972  0.369934  -1.41759 -0.449917  -9.69559 
              31.501 -0.840556  0.726014  -104.312   14.2019 -0.752781  0.323786 0 0 0 -0.023404   0.02329 -0.038985  -0.144568  -0.693855 -0.0432411 -0.000126949   0.00387841  -0.00339485 -0.919657  -0.42129  0.371498  -1.42327 -0.455585  -9.69449 
              31.601 -0.418116  0.385051  -103.366    14.192 -0.811078  0.319598 0 0 0 -0.023404   0.02329 -0.038985  -0.276829  -0.691232 0.00282576 -8.41308e-05   0.00377241   -0.0033519 -0.92659 -0.42307 0.373586  -1.42835 -0.460398  -9.69352 
              31.701 -0.613891   0.61165  -102.301   14.1821 -0.866366   0.31874 0 0 0 -0.023404   0.02329 -0.038985 -0.129857 -0.593819 0.0110466 -0.000148473   0.00368852  -0.00315745  -0.93391 -0.424498  0.375645  -1.43388 -0.465123  -9.69248 
                31.8 -0.0678539    1.08929   -101.525    14.198 -0.895084  0.310704 0 0 0 -0.023404   0.02329 -0.038985 0.0918509 -0.457468 -0.169049 -7.9651e-05  0.00365982 -0.00304184 -0.936872 -0.424339  0.376807  -1.43644 -0.466414  -9.69204 
              31.901 -1.62393  2.70782 -101.894   14.2068 -0.924043  0.329425 0 0 0 -0.023404   0.02329 -0.038985 -0.049775 -0.363366 0.0902911 -0.000113606   0.00375456  -0.00302191 -0.939673 -0.427581  0.377911   -1.4372 -0.470566  -9.69172 
              32.001 -1.60452  2.13044  -100.65   14.2174 -0.956112  0.314728 0 0 0 -0.023404   0.02329 -0.038985 -0.0546674  -0.468603 -0.0486837 -2.00863e-05   0.00386577   -0.0030682 -0.942949 -0.427932  0.381449   -1.4396 -0.472436  -9.69128 
                32.1 -3.28758  1.44809 -99.5093   14.2147 -0.995163  0.313899 0 0 0 -0.023404   0.02329 -0.038985 -0.146425 -0.556253 0.0157892 -4.83192e-06   0.00387223  -0.00323619 -0.945873 -0.429301   0.38303  -1.44131 -0.475021   -9.6909 
              32.201 -3.49507 0.442626 -98.4943  14.2069 -1.04969 0.312247 0 0 0 -0.023404   0.02329 -0.038985  -0.282941  -0.766892 -0.0461736 -2.42555e-05   0.00386952  -0.00326361 -0.946644 -0.431579  0.383703   -1.4408 -0.477332  -9.69086 
                32.3   -2.86793 -0.0142514    -98.194   14.205 -1.12208 0.313752 0 0 0 -0.023404   0.02329 -0.038985   -0.21473  -0.903789 -0.0560669 -8.79973e-05   0.00375349  -0.00312633 -0.947067 -0.432294  0.383556   -1.4408 -0.478157  -9.69082 
              32.401 -0.367733 -0.742674  -97.4405  14.2034 -1.19563 0.314088 0 0 0 -0.023404   0.02329 -0.038985 -0.134733 -0.918739 -0.125356 -0.000162561   0.00386168  -0.00325839 -0.947401   -0.4325  0.383369  -1.44098 -0.478505  -9.69077 
              32.501  0.110935 -0.433066   -96.786  14.1939 -1.26539 0.321166 0 0 0 -0.023404   0.02329 -0.038985  -0.288065    -0.8709 -0.0193581 -3.20975e-05   0.00381116  -0.00330866 -0.947504 -0.433288  0.383309  -1.44066 -0.479222  -9.69079 
                32.6 0.443058  0.15677  -96.058  14.1806  -1.3303 0.330468 0 0 0 -0.023404   0.02329 -0.038985 -0.228261 -0.697095  0.114822 -0.000135182   0.00372931  -0.00320258 -0.948858 -0.435343  0.384484  -1.44068 -0.481663  -9.69066 
              32.701  0.844299 -0.259107  -95.7482  14.1772 -1.39027 0.314655 0 0 0 -0.023404   0.02329 -0.038985 -0.145616 -0.734072 -0.128498 -3.26152e-05   0.00377273  -0.00345791 -0.948912 -0.435747  0.386138  -1.44042 -0.482061  -9.69068 
              32.803  1.14379 0.207352 -95.6176  14.1837 -1.45568 0.322193 0 0 0 -0.023404   0.02329 -0.038985 -0.0780492  -0.741338  0.0140099 -6.0714e-05   0.0038256 -0.00361924 -0.947975 -0.435867  0.386121  -1.43958 -0.481669  -9.69082 
              32.901  1.09197 0.513214 -94.9965  14.1826 -1.50572 0.317523 0 0 0 -0.023404   0.02329 -0.038985 -0.112619 -0.684788 -0.116143 -2.74937e-05   0.00387005  -0.00358905 -0.946817 -0.436585  0.387251  -1.43816 -0.481679  -9.69103 
                  33  1.26967 0.570542 -94.3327  14.1759 -1.56053 0.323182 0 0 0 -0.023404   0.02329 -0.038985 -0.226988 -0.712869 0.0509926 -5.13577e-05   0.00372212  -0.00362193 -0.947164 -0.437364  0.388184  -1.43796 -0.482527  -9.69102 
              33.101    1.508 0.514044 -94.0403  14.1719 -1.61824 0.317989 0 0 0 -0.023404   0.02329 -0.038985  -0.151199  -0.673674 -0.0854019 -6.8873e-05  0.00382303 -0.00375399 -0.946445 -0.436738  0.389824  -1.43758 -0.481654  -9.69112 
                33.2    1.29003 -0.0206137    -93.654  14.1709 -1.66858  0.31755 0 0 0 -0.023404   0.02329 -0.038985 -0.0789448  -0.715104 -0.0454882 -0.000105623   0.00370116  -0.00377281 -0.945859 -0.437688  0.390356  -1.43655 -0.482133  -9.69125 
                33.3  1.43928 0.391365  -93.427  14.1765 -1.72865 0.320233 0 0 0 -0.023404   0.02329 -0.038985  -0.115342  -0.666389 -0.0177571 -0.000107933   0.00367423  -0.00388391 -0.945139  -0.43755  0.391005  -1.43598 -0.481644  -9.69136 
                33.4  1.93259 0.123686 -92.8845  14.1678 -1.76254 0.311207 0 0 0 -0.023404   0.02329 -0.038985 -0.269475  -0.44741 -0.187931 -9.35009e-05   0.00366914  -0.00387753  -0.94416 -0.438077  0.391675 -1.43484 -0.48156 -9.69153 
                33.5  3.47033  1.26371 -92.1931  14.1565 -1.78173 0.323931 0 0 0 -0.023404   0.02329 -0.038985 -0.140879 -0.269086 0.0769555 -0.000149737   0.00356012  -0.00392673 -0.943495 -0.438719  0.392301   -1.4339 -0.481738  -9.69166 
                33.6  3.90172  1.85659 -92.0709  14.1692 -1.79751 0.312226 0 0 0 -0.023404   0.02329 -0.038985  0.0429903  -0.275619 -0.0430985 -6.73442e-05   0.00354247  -0.00376995 -0.942811  -0.44004  0.394585   -1.4324 -0.482498  -9.69185 
              33.702  3.67186  2.33502 -92.5466  14.1679 -1.80148 0.317946 0 0 0 -0.023404   0.02329 -0.038985  -0.176198  -0.143138 0.00405941 -3.64283e-05   0.00367971  -0.00378066 -0.942023 -0.440767  0.395959  -1.43121 -0.482686  -9.69201 
                33.8  2.74572  2.04679 -92.5366  14.1604 -1.80295 0.309392 0 0 0 -0.023404   0.02329 -0.038985  -0.185192  -0.131866 -0.0611254 -3.42313e-05   0.00360793  -0.00386026 -0.941393 -0.441173  0.397546  -1.43029 -0.482695  -9.69215 
                33.9  3.14282  1.81594 -92.1345  14.1627 -1.80106 0.311022 0 0 0 -0.023404   0.02329 -0.038985 -0.0879771  -0.136733  -0.026392 -3.54547e-05   0.00368739  -0.00391739  -0.94037 -0.441614  0.398676  -1.42908 -0.482501  -9.69234 
              34.001  2.94375  1.46389 -92.0197  14.1697 -1.80541 0.307935 0 0 0 -0.023404   0.02329 -0.038985 -0.0165746  -0.202173  -0.069066 -3.13317e-05    0.0036327  -0.00390528 -0.938312 -0.442514  0.399641  -1.42681 -0.482101  -9.69269 
                34.1  2.76381  1.71942 -92.0764  14.1715  -1.8037 0.311783 0 0 0 -0.023404   0.02329 -0.038985  -0.139874 -0.0859628 -0.0434172 -2.99291e-05   0.00360373  -0.00383869 -0.937248 -0.443409  0.400179   -1.4254 -0.482245  -9.69289 
                34.2 2.11351 1.36743 -92.102  14.1677 -1.80145 0.309822 0 0 0 -0.023404   0.02329 -0.038985   -0.104833  -0.0932186 -0.00169858 -0.000113605   0.00360781  -0.00385687 -0.936816 -0.443521  0.401118  -1.42489 -0.482109  -9.69297 
                34.3  2.16452 0.959608 -91.8615  14.1713 -1.79756 0.307822 0 0 0 -0.023404   0.02329 -0.038985 -0.0644773  -0.124276  -0.039064 -6.28233e-05   0.00360115  -0.00387386 -0.934914 -0.444689  0.401844  -1.42264 -0.482008  -9.69331 
              34.399  1.59046 0.879955 -91.6883  14.1749 -1.80067 0.307605 0 0 0 -0.023404   0.02329 -0.038985 -0.048284 -0.184434 -0.051389 -6.54992e-05   0.00355714  -0.00386401 -0.934191 -0.445523  0.402243  -1.42156 -0.482287  -9.69345 
                34.5  1.49516  1.13821 -91.5989  14.1755 -1.79903  0.31087 0 0 0 -0.023404   0.02329 -0.038985   -0.13675 -0.0950232 -0.0311276 -0.000126777   0.00350882  -0.00381036 -0.933507 -0.446191  0.402482  -1.42061 -0.482451  -9.69358 
              34.601  0.87668 0.675931 -91.6721  14.1731 -1.79643 0.308115 0 0 0 -0.023404   0.02329 -0.038985  -0.139989  -0.100323 -0.0409626 -6.09672e-05   0.00360931  -0.00382874  -0.93301 -0.447344  0.403117  -1.41952 -0.483115  -9.69371 
                34.7 0.984405 0.372683 -91.7412  14.1736 -1.79142 0.308321 0 0 0 -0.023404   0.02329 -0.038985 -0.0896186  -0.122055 -0.0584547 -7.20257e-05   0.00358899  -0.00383061 -0.932235 -0.447721  0.403383  -1.41866 -0.482989  -9.69384 
                34.8  0.77502 0.125513  -91.647  14.1754  -1.7924 0.308667 0 0 0 -0.023404   0.02329 -0.038985 -0.0626879  -0.178019 -0.0414425 -4.45262e-05    0.0034991  -0.00387363 -0.932279 -0.448233  0.403477  -1.41841 -0.483429  -9.69386 
                34.9 0.686393 0.452184 -91.5783  14.1778 -1.79185 0.311413 0 0 0 -0.023404   0.02329 -0.038985   -0.116525   -0.118402 -0.00971913 -9.23758e-05   0.00351784  -0.00388611 -0.931642 -0.448939  0.403712  -1.41748 -0.483647  -9.69398 
                  35  0.47118 0.414867 -91.5587  14.175   -1.79 0.30919 0 0 0 -0.023404   0.02329 -0.038985  -0.154561  -0.100179 -0.0591796 -5.86426e-05   0.00349626  -0.00387837 -0.930818 -0.449128  0.404064  -1.41669 -0.483344  -9.69411 
              35.099    0.457281 -0.00171723    -91.6944  14.1748 -1.78678  0.31041 0 0 0 -0.023404   0.02329 -0.038985  -0.104246   -0.10896 -0.0235612 -7.70805e-05   0.00349708  -0.00393875 -0.929873 -0.449478  0.404146  -1.41574 -0.483097  -9.69427 
                35.2  0.650799 -0.376058  -91.7511  14.1769 -1.78843 0.306828 0 0 0 -0.023404   0.02329 -0.038985 -0.0574944  -0.187257 -0.0419179 -7.27231e-05   0.00347871  -0.00398764 -0.928725 -0.449648  0.404271  -1.41472 -0.482594  -9.69444 
              35.301   0.486702 -0.0608099   -91.6942  14.1794 -1.78991  0.30859 0 0 0 -0.023404   0.02329 -0.038985  -0.078093  -0.173465 -0.0203534 -9.81393e-05   0.00346722  -0.00395236 -0.927313 -0.449404  0.404037  -1.41374 -0.481603  -9.69463 
              35.401 0.448391 0.194233 -91.5342  14.1783 -1.78793 0.309691 0 0 0 -0.023404   0.02329 -0.038985  -0.125183  -0.108217 -0.0486376 -6.38109e-05   0.00347348  -0.00399172 -0.926577 -0.449348  0.404112  -1.41317 -0.481148  -9.69474 
              35.501   0.14188 -0.056863  -91.3596  14.1762 -1.78538 0.309851 0 0 0 -0.023404   0.02329 -0.038985  -0.100594  -0.105785 -0.0395168 -9.07915e-05   0.00349987  -0.00399554  -0.92545 -0.450184  0.404071  -1.41181 -0.481192  -9.69493 
              35.602   0.44739 -0.530105  -90.4227  14.1786 -1.78346 0.308705 0 0 0 -0.023404   0.02329 -0.038985 -0.0314199  -0.129591 -0.0577391 -0.00011025  0.00347806 -0.00406898 -0.925246  -0.45126  0.404024  -1.41105 -0.481943  -9.69501 
              35.701   0.29999 -0.689894   -88.629  14.1825 -1.78235 0.309254 0 0 0 -0.023404   0.02329 -0.038985 -0.0453314  -0.122096  0.0142406 -8.29064e-05    0.0033984  -0.00408308 -0.923949 -0.452175  0.403882   -1.4095 -0.481945  -9.69523 
                35.8 -0.196791 -0.328734  -85.5499  14.1761 -1.78318 0.305863 0 0 0 -0.023404   0.02329 -0.038985  -0.101283  -0.160672 -0.0676692 -9.03523e-05   0.00334024  -0.00429791 -0.923157 -0.454031  0.403706  -1.40783 -0.482966  -9.69542 
              35.901 -0.267118 -0.198213  -82.5106  14.1781 -1.78642  0.30781 0 0 0 -0.023404   0.02329 -0.038985  -0.109078  -0.186159 -0.0596615 -8.1172e-05  0.00330813 -0.00465916 -0.921755 -0.456895  0.403152  -1.40508 -0.484379  -9.69575 
                  36 0.00601594  0.0610048   -78.2983  14.1707 -1.79247  0.31364 0 0 0 -0.023404   0.02329 -0.038985  -0.159994  -0.153001 0.00993173 -8.06521e-05   0.00334148  -0.00484544 -0.921119 -0.459851  0.403127  -1.40279 -0.486254  -9.69599 
              36.101  -0.139254 -0.0792024   -74.7137  14.1744 -1.79563 0.310712 0 0 0 -0.023404   0.02329 -0.038985 -0.0499545   -0.15726  -0.105994 -5.90869e-05   0.00332086  -0.00514849 -0.919489 -0.463104  0.403508  -1.39947 -0.487635   -9.6964 
              36.199 0.723766 0.426813  -71.162  14.1824 -1.79718 0.316448 0 0 0 -0.023404   0.02329 -0.038985 -0.0347876  -0.120133 0.00113873 -9.04735e-05   0.00320236  -0.00547252 -0.918547 -0.466439  0.403487  -1.39654 -0.489363  -9.69673 
                36.3 0.602707 0.500371 -67.9536  14.1854 -1.80223 0.312554 0 0 0 -0.023404   0.02329 -0.038985  0.0378425  -0.197957 -0.0644123 -9.46123e-05     0.003209  -0.00585663 -0.917109 -0.470204  0.403793  -1.39286 -0.490888  -9.69719 
              36.401 0.985224 0.732557 -64.9022  14.2028 -1.81837 0.311998 0 0 0 -0.023404   0.02329 -0.038985  0.146852 -0.263692 -0.034852 -8.41491e-05    0.0030927  -0.00625121 -0.915572 -0.473665  0.403944  -1.38926 -0.491946  -9.69765 
                36.5 0.253659 0.366436 -61.8996   14.228    -1.84 0.314766 0 0 0 -0.023404   0.02329 -0.038985  0.204657 -0.396305 0.0517396 -3.06556e-05   0.00321313  -0.00668575 -0.91454 -0.47686  0.40442   -1.3861 -0.493036  -9.69805 
                36.6 -0.570074 -0.167998  -59.6794   14.269 -1.88513 0.305381 0 0 0 -0.023404   0.02329 -0.038985   0.355038  -0.598233 -0.0876989 -6.10361e-05   0.00320663  -0.00701939 -0.913439 -0.480165  0.404814  -1.38278 -0.493965  -9.69847 
              36.701   1.04545 -0.813852   -57.645  14.3249 -1.92676 0.312417 0 0 0 -0.023404   0.02329 -0.038985  0.541233 -0.601793 -0.122072 -0.000134565    0.0032195  -0.00728411 -0.913059 -0.483298  0.403852  -1.38003 -0.495202   -9.6988 
              36.801   0.2556 -1.16742 -54.9276  14.3617  -1.9855 0.317733 0 0 0 -0.023404   0.02329 -0.038985     0.371154      -0.7297 -0.000809387 -0.000120769   0.00309468  -0.00767963 -0.912708 -0.486671  0.403307 -1.37701 -0.49643 -9.69917 
                36.9 0.359774 -1.14591 -53.5552  14.4142 -2.03131 0.320743 0 0 0 -0.023404   0.02329 -0.038985   0.405579  -0.597732 -0.0725032 -0.000149276   0.00303608  -0.00803913 -0.912515 -0.489905  0.403139  -1.3741 -0.49759 -9.69952 
              37.001 -0.384119  -1.05861  -52.1755  14.4653 -2.07897 0.324277 0 0 0 -0.023404   0.02329 -0.038985   0.592272  -0.608199 -0.0141007 -0.000107196   0.00307341  -0.00829296  -0.91202 -0.492585  0.402698  -1.37154 -0.498127  -9.69986 
              37.101 0.238973 -0.66854 -50.7356  14.5411 -2.13549 0.323652 0 0 0 -0.023404   0.02329 -0.038985   0.708872  -0.639806 -0.0127569 -0.000141124   0.00304339  -0.00865619    -0.913 -0.494291   0.40286  -1.37031 -0.499581  -9.69996 
                37.2 0.611386 -1.10382 -49.9001  14.6174 -2.18875 0.315441 0 0 0 -0.023404   0.02329 -0.038985   0.734627   -0.68595 -0.0954904 -0.00011368  0.00312923 -0.00883834 -0.913183 -0.496377  0.402309  -1.36849 -0.500353  -9.70017 
              37.301 -1.08899 -0.97516  -48.793   14.683 -2.25598 0.321616 0 0 0 -0.023404   0.02329 -0.038985   0.587668  -0.749444 -0.0407891 -8.36035e-05   0.00312797   -0.0090168 -0.913816 -0.498077  0.401325  -1.36717 -0.501357  -9.70031 
                37.4 0.141732 -1.26343 -47.8126  14.7498 -2.31378 0.323025 0 0 0 -0.023404   0.02329 -0.038985  0.537185 -0.771088 0.0161955 -0.000201704   0.00319765  -0.00912933 -0.913898 -0.499506  0.400771   -1.3659 -0.501757  -9.70047 
              37.501 -0.684336  -1.21205  -47.0271  14.8232 -2.38655 0.323279 0 0 0 -0.023404   0.02329 -0.038985  0.767568 -0.740526 -0.103784 -0.000233727   0.00308284  -0.00928813 -0.914175 -0.500288  0.399956  -1.36529 -0.502149  -9.70053 
                37.6  0.315788 -0.951722   -46.449  14.9009 -2.45158 0.326066 0 0 0 -0.023404   0.02329 -0.038985   0.761085  -0.717993 -0.0376385 -8.23038e-05   0.00297442  -0.00929104 -0.914135 -0.501189  0.399373  -1.36447 -0.502256  -9.70064 
                37.7  1.24931  -1.5302 -46.3552  14.9892 -2.50952 0.321672 0 0 0 -0.023404   0.02329 -0.038985    0.80704  -0.714663 -0.0481563  -0.0001672  0.00302571 -0.00938009  -0.91423 -0.502299   0.39897  -1.36347 -0.502516  -9.70077 
                37.8  0.138285 -0.781509   -45.527  15.0593 -2.58214 0.321956 0 0 0 -0.023404   0.02329 -0.038985   0.647733  -0.749581 0.00676056 -0.000184926   0.00299094  -0.00946568 -0.914148  -0.50285  0.398193  -1.36302 -0.502491  -9.70083 
                37.9   0.83067 -0.970766  -44.7566  15.1312 -2.65016 0.322749 0 0 0 -0.023404   0.02329 -0.038985   0.594228   -0.86521 -0.0484364 -0.00012419  0.00304721 -0.00956562 -0.913585 -0.503532  0.397641  -1.36235 -0.502032  -9.70095 
                  38 -0.0271773  -0.999867   -44.2427  15.2101 -2.71622 0.322116 0 0 0 -0.023404   0.02329 -0.038985  0.807399 -0.753439 -0.157113 -0.000262886   0.00305639  -0.00968335 -0.913013 -0.504795  0.396717  -1.36117 -0.501611  -9.70114 
                38.1  0.446312 -0.705492  -44.0878  15.2857 -2.77456  0.34147 0 0 0 -0.023404   0.02329 -0.038985  0.745903 -0.613602  0.149434 -0.000170727   0.00300462  -0.00992358 -0.912813 -0.505652  0.396019  -1.36041 -0.501485  -9.70125 
                38.2  1.40848 -1.47612 -44.1177  15.3751 -2.83506 0.321643 0 0 0 -0.023404   0.02329 -0.038985    0.75114  -0.715751 -0.0529598 -0.000146053   0.00294144   -0.0100639 -0.912814 -0.506631  0.396979 -1.35938 -0.50161 -9.70139 
                38.3  0.114286 -0.768388  -43.4627  15.4492 -2.90576 0.324718 0 0 0 -0.023404   0.02329 -0.038985  0.656251 -0.696604 0.0423219 -0.000146077   0.00298586   -0.0101931 -0.912924 -0.507298  0.395857 -1.35888 -0.50173 -9.70145 
              38.401 0.844424 -1.28981 -43.0095   15.523 -2.97844 0.319908 0 0 0 -0.023404   0.02329 -0.038985   0.590512  -0.857331 -0.0759632 -0.000114952    0.0030514   -0.0103676 -0.912776 -0.507906   0.39487   -1.3584 -0.501601  -9.70153 
              38.501  0.315943 -0.922218  -42.8407  15.6042 -3.03574 0.324022 0 0 0 -0.023404   0.02329 -0.038985     0.801 -0.695698  -0.13014 -0.00029729  0.00302189   -0.010416 -0.912369 -0.509059  0.393247  -1.35745 -0.501231  -9.70168 
                38.6  1.12511 -0.83503 -42.5554  15.6839 -3.08896 0.345046 0 0 0 -0.023404   0.02329 -0.038985  0.819567 -0.529054    0.1448 -0.000294964   0.00303671   -0.0105033 -0.912336 -0.510151  0.392313  -1.35651 -0.501223  -9.70181 
              38.702  1.95652 -1.17038 -42.5438  15.7724 -3.15659 0.327284 0 0 0 -0.023404   0.02329 -0.038985   0.776907  -0.735564 -0.0383286 -0.000251592    0.0028788   -0.0105973 -0.912169 -0.510462  0.393018  -1.35613 -0.501098  -9.70187 
              38.802 0.272792 -0.49003 -42.0511  15.8419 -3.22838  0.32827 0 0 0 -0.023404   0.02329 -0.038985  0.629058 -0.691265 0.0845237 -0.000224001   0.00290821   -0.0106538  -0.91187 -0.511272    0.3922  -1.35545 -0.500816  -9.70198 
              38.902   1.09047 -0.771669  -41.7161  15.9152 -3.29509 0.320115 0 0 0 -0.023404   0.02329 -0.038985  0.626469 -0.765235 -0.092481 -0.000164878   0.00296158   -0.0107597 -0.911928 -0.512094  0.391514  -1.35475 -0.500876  -9.70207 
              39.001   1.15068 -0.578323   -41.701  15.9925 -3.34416 0.323828 0 0 0 -0.023404   0.02329 -0.038985    0.69253  -0.539877 -0.0237248 -0.000263713   0.00293497   -0.0108425 -0.911435 -0.512989  0.389937  -1.35408 -0.500392  -9.70219 
              39.101    1.5388 -0.233423  -41.5971  16.0504 -3.38652 0.327403 0 0 0 -0.023404   0.02329 -0.038985   0.576448  -0.448455 -0.0398011 -0.000167539   0.00290768   -0.0109158 -0.911201 -0.513232  0.389292  -1.35392 -0.500161  -9.70223 
                39.2   1.81871 0.0897178  -41.6721   16.105 -3.44053 0.323155 0 0 0 -0.023404   0.02329 -0.038985   0.373994  -0.614137 -0.0154331 -0.00016596  0.00287288  -0.0110086 -0.911366 -0.514256  0.389007  -1.35298 -0.500316  -9.70235 
              39.301  1.86458   1.2464 -41.2836  16.1457  -3.4813 0.330721 0 0 0 -0.023404   0.02329 -0.038985  0.326827 -0.407252 0.0296662 -0.00032789  0.00284385  -0.0111139 -0.911537  -0.51504  0.388858  -1.35226 -0.500476  -9.70244 
                39.4  2.25666 0.525841 -40.9334  16.1899 -3.51737  0.31984 0 0 0 -0.023404   0.02329 -0.038985  0.425694 -0.382446 -0.061267 -0.000208572   0.00283391   -0.0111069 -0.911362  -0.51589  0.389257  -1.35141 -0.500296  -9.70257 
              39.501   2.3729 0.599754 -41.0273  16.2415 -3.55076 0.326113 0 0 0 -0.023404   0.02329 -0.038985  0.391056 -0.372964 0.0894785 -0.000214797   0.00281696   -0.0111259 -0.911189 -0.516778  0.388765  -1.35063 -0.500132  -9.70269 
                39.6  2.41099 0.107614  -40.785  16.2825 -3.57936 0.311831 0 0 0 -0.023404   0.02329 -0.038985  0.453748 -0.418315 -0.133037 -0.000227571   0.00281662   -0.0111797 -0.910895 -0.517495  0.388378 -1.35001 -0.49985 -9.70279 
              39.701  2.12184 0.226607 -40.3846   16.326 -3.62058 0.324347 0 0 0 -0.023404   0.02329 -0.038985  0.386256 -0.415123 0.0556104 -0.000151233    0.0027056   -0.0112196 -0.910781 -0.517998  0.387408  -1.34967 -0.499758  -9.70284 
              39.802  2.29349 0.110219 -40.3389  16.3709  -3.6512 0.316058 0 0 0 -0.023404   0.02329 -0.038985  0.369716 -0.336145 -0.214695 -0.00016733  0.00271516  -0.0112924 -0.910311 -0.518541  0.387317  -1.34919 -0.499294  -9.70293 
                39.9  2.07891 0.294534 -40.7594  16.4101 -3.65984 0.324497 0 0 0 -0.023404   0.02329 -0.038985   0.244558 -0.0837535   0.135101 -0.000231186   0.00266337   -0.0112631 -0.909851 -0.518718  0.386497  -1.34916 -0.498868  -9.70296 
              40.001 0.778964 0.938917 -41.0307  16.4187 -3.67495 0.312563 0 0 0 -0.023404   0.02329 -0.038985 0.0120292 -0.181571 -0.226515 -0.000140061   0.00279496   -0.0113032 -0.909687 -0.519128  0.386585  -1.34877 -0.498692  -9.70302 
                40.1 0.451564  1.11602 -40.7315  16.4207 -3.68333 0.323056 0 0 0 -0.023404   0.02329 -0.038985 -0.0720679  -0.121043   0.057916 -0.000169833   0.00268564   -0.0112498 -0.909547 -0.519992  0.385604  -1.34807 -0.498546  -9.70312 
              40.202  1.11137     1.27 -40.5112  16.4272 -3.68202 0.315463 0 0 0 -0.023404   0.02329 -0.038985  0.0310036 -0.0614881 -0.0682625 -0.000220052   0.00272326   -0.0112711 -0.908898 -0.520469  0.386182   -1.3476 -0.497899  -9.70322 
              40.302 0.896103  1.31022 -40.5956  16.4407   -3.681 0.314448 0 0 0 -0.023404   0.02329 -0.038985  0.0362027 -0.0371553 -0.0127781 -0.000193578    0.0026992   -0.0113803  -0.90897 -0.520885  0.386116  -1.34721 -0.497953  -9.70328 
              40.403 0.680426  1.26325  -40.612  16.4303 -3.68635 0.311108 0 0 0 -0.023404   0.02329 -0.038985  -0.117978  -0.124698 -0.0734631 -0.000167436   0.00271844   -0.0113388  -0.90889 -0.521481  0.386149  -1.34665 -0.497853  -9.70336 
              40.501 1.38358 1.33002 -40.526    16.43 -3.68708 0.313702 0 0 0 -0.023404   0.02329 -0.038985 -0.0687973 -0.0510374 0.00105263 -0.00025097   0.0026565  -0.0114021 -0.908543 -0.521891  0.385905   -1.3463 -0.497514  -9.70342 
              40.599  1.59325 0.755812 -40.2922  16.4297 -3.68592 0.309944 0 0 0 -0.023404   0.02329 -0.038985 -0.0142168  -0.066883 -0.0451816 -0.000182566   0.00272083   -0.0113546 -0.908394 -0.522177  0.385969  -1.34603 -0.497358  -9.70347 
              40.701  1.29092 0.645072 -40.3043  16.4377 -3.68378 0.310047 0 0 0 -0.023404   0.02329 -0.038985 0.00548624 -0.0431371 -0.0148584 -0.000176741   0.00267424   -0.0113885 -0.907972 -0.522606   0.38556  -1.34568 -0.496952  -9.70354 
                40.8  1.33493 0.660577 -40.2387  16.4331 -3.68319  0.30859 0 0 0 -0.023404   0.02329 -0.038985  -0.118352   -0.07229 -0.0850511 -0.000185385   0.00266418   -0.0113871 -0.907808 -0.522581  0.385306  -1.34574 -0.496806  -9.70354 
                40.9  1.04728 0.404878 -40.3161  16.4257 -3.68382 0.311612 0 0 0 -0.023404   0.02329 -0.038985  -0.244926  -0.200253 -0.0116031 -0.000201576   0.00265546   -0.0113627 -0.907635 -0.523047  0.384723  -1.34537 -0.496632   -9.7036 
              41.002  1.39212 0.178707 -41.1206  16.4097 -3.69213 0.308587 0 0 0 -0.023404   0.02329 -0.038985 -0.247443 -0.162778 -0.075765 -0.000204939   0.00261533   -0.0113663 -0.907301 -0.523617  0.384505 -1.34488 -0.49629 -9.70368 
                41.1   1.54085 0.0025026  -51.3789  16.4172 -3.68054 0.308509 0 0 0 -0.023404   0.02329 -0.038985  -0.104206 0.00991584  -0.169125 -0.000172621   0.00259821   -0.0112113 -0.907186 -0.523224  0.383913  -1.34532 -0.496202  -9.70363 
                41.2  0.885857 -0.883647   -62.037  16.4181 -3.68798 0.323019 0 0 0 -0.023404   0.02329 -0.038985 -0.0293059   -0.12811   0.300685 -0.000112525   0.00263621   -0.0111144 -0.907764 -0.521705  0.383649  -1.34678 -0.496669   -9.7034 
                41.3  0.218142 -0.476352  -72.8882  16.4263 -3.69318 0.305329 0 0 0 -0.023404   0.02329 -0.038985 -0.0995753  -0.130338 -0.0517063 -0.000135061    0.0026058   -0.0111645 -0.908366 -0.519223  0.384372   -1.3491 -0.496625  -9.70308 
                41.4 -0.00929838   -0.310349    -82.4335  16.4206 -3.69677 0.318788 0 0 0 -0.023404   0.02329 -0.038985 -0.175913 -0.111915 -0.123432 -0.000202694   0.00263116   -0.0111299 -0.909619 -0.518198  0.382432  -1.35066 -0.497226  -9.70283 
                41.5 -0.284937 0.0997504  -94.6176  16.4336 -3.70581 0.322651 0 0 0 -0.023404   0.02329 -0.038985  0.0114867  -0.196592 -0.0344809 -0.000185137   0.00264201   -0.0108475 -0.910795 -0.516321  0.380815  -1.35284 -0.496871  -9.70255 
              41.601 -0.364189  0.806943  -104.891  16.4288 -3.70697 0.329494 0 0 0 -0.023404   0.02329 -0.038985 -0.0930458  -0.103905   -0.06355 -0.000285581   0.00269283   -0.0108256 -0.912843 -0.513041  0.379937  -1.35632 -0.495563  -9.70213 
              41.701 0.105735  0.45139 -116.386  16.4247 -3.71233 0.327855 0 0 0 -0.023404   0.02329 -0.038985  -0.236174 -0.0333647  0.0176869 -0.000269204    0.0026778   -0.0104902 -0.915572 -0.508098  0.379428  -1.36088 -0.492529  -9.70164 
                41.8 -0.463052  0.903212  -127.201  16.4253 -3.71667  0.32533 0 0 0 -0.023404   0.02329 -0.038985 -0.0801741   -0.11662 -0.0292041 -0.000245836   0.00268248   -0.0102853 -0.918208 -0.503333  0.378771  -1.36492 -0.489027  -9.70125 
              41.899 0.211281 0.690191   -138.9  16.4214 -3.72153 0.319921 0 0 0 -0.023404   0.02329 -0.038985  -0.137142  -0.197884 -0.0936208 -0.000230507   0.00273435  -0.00989902 -0.920601 -0.497055  0.377697 -1.36879 -0.48354 -9.70098 
                  42 -0.920795   1.10447  -149.804    16.42 -3.72386 0.330188 0 0 0 -0.023404   0.02329 -0.038985  -0.145036 -0.0977574  0.0483527 -0.00016539  0.00272258 -0.00958598 -0.922593  -0.49105  0.376397  -1.37174 -0.477922  -9.70085 
                42.1 -0.938988  0.814073  -160.884  16.4158 -3.72707 0.321119 0 0 0 -0.023404   0.02329 -0.038985  -0.174764  -0.100461 -0.0651206 -0.000179159   0.00266624  -0.00929616 -0.923348 -0.481539  0.375562   -1.3734 -0.468477  -9.70107 
                42.2 -1.41425  1.07551 -172.122  16.4101 -3.72298 0.326821 0 0 0 -0.023404   0.02329 -0.038985  -0.182686  -0.114173 0.00882453 -0.000198244   0.00262883  -0.00914347 -0.924112 -0.470614  0.373834  -1.37445 -0.457547  -9.70144 
                42.3 -0.418026   1.36108   176.626   16.408  -3.7284 0.324744 0 0 0 -0.023404   0.02329 -0.038985 -0.217119 -0.170712 -0.108876 -0.000183558   0.00252839  -0.00888738 -0.926545 -0.461347  0.372687  -1.37639 -0.448149  -9.70161 
                42.4 -1.54089  1.74658  165.435  16.4031 -3.72758  0.33082 0 0 0 -0.023404   0.02329 -0.038985 -0.169016 -0.054823 0.0431515 -0.000203357   0.00243706  -0.00854318 -0.927501 -0.449066  0.371025 -1.37606 -0.43592 -9.70221 
                42.5 -1.44924  1.01064  153.901   16.393 -3.72707 0.322514 0 0 0 -0.023404   0.02329 -0.038985  -0.241876 -0.0736602 -0.0759057 -0.000255101   0.00253126  -0.00816339 -0.930421 -0.437358  0.369722  -1.37688 -0.423962  -9.70263 
                42.6 -1.68751  1.21684  142.862  16.3943 -3.71617 0.327303 0 0 0 -0.023404   0.02329 -0.038985   -0.205084  -0.0232507 -0.00429076 -0.000208806   0.00239868  -0.00808553 -0.932693 -0.426566  0.368083  -1.37657 -0.413072  -9.70314 
                42.7 -0.75998   1.1938  132.242  16.3907 -3.71945 0.326745 0 0 0 -0.023404   0.02329 -0.038985  -0.212786 -0.0686146 -0.0775105 -0.000278039   0.00243029  -0.00799376 -0.937147 -0.417303  0.366732   -1.378 -0.40297 -9.70336 
                42.8 -1.6232 0.96339 120.491  16.3854 -3.71679 0.327768 0 0 0 -0.023404   0.02329 -0.038985  -0.227637 -0.0496476  0.0119464 -0.000337276   0.00246519  -0.00770349 -0.943597 -0.409601  0.365641  -1.38109 -0.393474  -9.70331 
                42.9 -1.62834   0.3884  109.183  16.3806 -3.71267 0.325602 0 0 0 -0.023404   0.02329 -0.038985  -0.369323 -0.0111423 -0.0686967 -0.000363738   0.00251646   -0.0072949 -0.948213 -0.403086  0.364482  -1.38243 -0.385707  -9.70343 
              43.003 -1.39909 0.550117  99.0196  16.3695 -3.70625 0.324849 0 0 0 -0.023404   0.02329 -0.038985  -0.454006  0.0416199 -0.0277138 -0.00030461  0.00241319 -0.00702889 -0.953719 -0.396564  0.363247  -1.38399 -0.377451  -9.70353 
                43.1 -1.14192 0.709326  97.8079  16.3869 -3.70846 0.320925 0 0 0 -0.023404   0.02329 -0.038985  -0.201289  0.0149264 -0.0674106 -0.000311109   0.00246462  -0.00724254 -0.956357 -0.393403  0.362232  -1.38446 -0.373454  -9.70362 
              43.202 -1.12169  1.18647  97.6192  16.3804 -3.70984 0.322563 0 0 0 -0.023404   0.02329 -0.038985 -0.204684 0.0232843 0.0405252 -0.000283742   0.00238236  -0.00709873 -0.958334 -0.391643  0.361539  -1.38498 -0.370927  -9.70365 
              43.302 -0.962441   1.06757   97.7508  16.3824 -3.70887 0.316217 0 0 0 -0.023404   0.02329 -0.038985 -0.204153 0.0927769 -0.107553 -0.000318778   0.00250345  -0.00719112 -0.960737 -0.390426  0.361235    -1.386 -0.368509  -9.70359 
              43.399 -0.370924  0.986241   97.9063  16.3859 -3.70298 0.315954 0 0 0 -0.023404   0.02329 -0.038985  -0.173309  0.0853419 0.00741314 -0.000295684   0.00243989  -0.00715002 -0.961926 -0.389602  0.360569  -1.38635 -0.367157  -9.70359 
              43.502 0.0799046  0.937564   98.1125  16.3788 -3.70403 0.313383 0 0 0 -0.023404   0.02329 -0.038985  -0.264733  0.0685793 -0.0447333 -0.000310709   0.00247229  -0.00708824  -0.96245 -0.388368  0.360137  -1.38592 -0.365952   -9.7037 
                43.6 -0.44726  1.14929  97.9811  16.3734 -3.69741 0.313668 0 0 0 -0.023404   0.02329 -0.038985 -0.257246 0.0924015 0.0282041 -0.000279801   0.00243332  -0.00701978 -0.963689 -0.387225  0.359213  -1.38607 -0.364332  -9.70374 
                43.7 -0.584013   1.23983   97.9573 16.3753 -3.6967 0.30895 0 0 0 -0.023404   0.02329 -0.038985  -0.139686  0.0588801 -0.0799316 -0.000296604   0.00248783  -0.00699297  -0.96428 -0.386457  0.358815  -1.38599 -0.363399  -9.70379 
                43.8 -0.42734  1.18436  97.9486  16.3794 -3.69717 0.311245 0 0 0 -0.023404   0.02329 -0.038985  -0.180085  0.0357005 -0.0309622 -0.000299808   0.00246881  -0.00695657 -0.964456 -0.385439  0.357881  -1.38548 -0.362557  -9.70389 
                43.9 -0.0569187   0.888438    98.2024  16.3777 -3.69945 0.310372 0 0 0 -0.023404   0.02329 -0.038985  -0.233376  0.0576419 -0.0295618 -0.000233421    0.0024684  -0.00688071 -0.964809 -0.384142  0.357163  -1.38491 -0.361399  -9.70401 
              44.001 -0.393746  0.793917   98.2574  16.3715 -3.69479 0.308689 0 0 0 -0.023404   0.02329 -0.038985  -0.257729  0.0783164 -0.0251345 -0.000237103    0.0024227  -0.00681477 -0.965737 -0.383905  0.356418  -1.38545 -0.360619  -9.70397 
              44.101 -0.285983  0.834467   98.3375  16.3741 -3.69878 0.309861 0 0 0 -0.023404   0.02329 -0.038985   -0.157914 -0.00105099  -0.0634192 -0.000267442   0.00248211  -0.00665331 -0.965786 -0.382718  0.355373  -1.38476 -0.359739   -9.7041 
              44.201 -0.640238  0.522979   98.2543   16.375 -3.70112 0.311301 0 0 0 -0.023404   0.02329 -0.038985  -0.218345 0.00590864 -0.0120344 -0.000255918   0.00249859  -0.00662625  -0.96599 -0.381667  0.354231  -1.38427 -0.358856   -9.7042 
              44.301 -0.362721  0.301594   99.0353  16.3749 -3.70481 0.308834 0 0 0 -0.023404   0.02329 -0.038985  -0.267164  0.0338555 -0.0594448 -0.000215486   0.00239159  -0.00655883 -0.966605 -0.381113  0.353552  -1.38437 -0.358059  -9.70421 
                44.4 -0.79234 0.183739  100.685  16.3731 -3.70454 0.310151 0 0 0 -0.023404   0.02329 -0.038985    -0.218559    0.0525263 -0.000902193 -0.000188977   0.00236919  -0.00657311 -0.967363 -0.379547  0.352384 -1.38395 -0.35645 -9.70433 
              44.501 -0.851866  0.272891   103.281  16.3731 -3.70325 0.307959 0 0 0 -0.023404   0.02329 -0.038985 -0.228148 0.0575159 -0.054288 -0.000265089   0.00241213  -0.00650881 -0.969087 -0.378506  0.351582  -1.38455 -0.354589  -9.70432 
                44.6 -0.819177  0.209711   106.179  16.3745   -3.699 0.308356 0 0 0 -0.023404   0.02329 -0.038985  -0.207803    0.11776 -0.0690295 -0.000267302    0.0024373   -0.0065743 -0.970361 -0.377885  0.350531  -1.38513 -0.353335  -9.70428 
                44.7 -0.389734  0.583132   110.567  16.3804 -3.69224 0.313375 0 0 0 -0.023404   0.02329 -0.038985 -0.170197 0.0608152 0.0150986 -0.000228455   0.00237108  -0.00646077 -0.971584 -0.378114  0.349607  -1.38621 -0.352753  -9.70415 
                44.8 -0.211244  0.482032   114.039  16.3751 -3.69191 0.310895 0 0 0 -0.023404   0.02329 -0.038985  -0.287142  0.0450689 -0.0773056 -0.000223564   0.00231778  -0.00640046 -0.973191 -0.378348  0.348988  -1.38758 -0.351964  -9.70398 
                44.9 0.139629 0.729501  117.534   16.369 -3.69123 0.315981 0 0 0 -0.023404   0.02329 -0.038985   -0.267458  0.00355751 -0.00322726 -0.000206523   0.00232941  -0.00635399 -0.974246 -0.378918  0.348049  -1.38877 -0.351798  -9.70382 
                  45 -0.20595 0.871301  121.161  16.3718 -3.68773 0.312074 0 0 0 -0.023404   0.02329 -0.038985    -0.2311  0.0605466 -0.0859934 -0.000201328    0.0022905  -0.00608931 -0.975406 -0.379049  0.347487  -1.38977 -0.351255  -9.70369 
                45.1 0.184287 0.873789  124.772   16.372 -3.68071 0.312903 0 0 0 -0.023404   0.02329 -0.038985  -0.206748   0.070796 0.00777211 -0.000234539   0.00234928  -0.00591846  -0.97599 -0.378938  0.346576  -1.39021 -0.350853  -9.70364 
                45.2 0.523559 0.914058  129.245  16.3691 -3.68017 0.309828 0 0 0 -0.023404   0.02329 -0.038985  -0.284728  0.0106415 -0.0434695 -0.00019365  0.00237572 -0.00581304  -0.97762 -0.379314  0.346156  -1.39175 -0.350331  -9.70344 
              45.301 0.454402 0.974898  132.798  16.3591 -3.67947 0.309867 0 0 0 -0.023404   0.02329 -0.038985    -0.31279 -0.00516564  -0.0192454 -0.000228596   0.00231386  -0.00565241 -0.977664 -0.379981  0.345396  -1.39215 -0.350865  -9.70336 
              45.401 0.106957  1.04586  136.234   16.359  -3.6765 0.308725 0 0 0 -0.023404   0.02329 -0.038985  -0.257379  0.0123138 -0.0691865 -0.000187509   0.00235748   -0.0052852 -0.978619 -0.380479  0.344556  -1.39322 -0.350844  -9.70321 
                45.5 0.234157 0.999117  140.079    16.36 -3.66941 0.309363 0 0 0 -0.023404   0.02329 -0.038985  -0.248174  0.0878383 -0.0570771 -0.000251222   0.00237493   -0.0051042  -0.97906 -0.380695  0.343592  -1.39374 -0.350834  -9.70314 
                45.6 0.941481  1.44523  144.156  16.3587 -3.66843 0.315895 0 0 0 -0.023404   0.02329 -0.038985 -0.271338 -0.049804 0.0527958 -0.000287017   0.00223946  -0.00485468 -0.979133 -0.381866  0.343165  -1.39431 -0.351831  -9.70302 
              45.701 0.531185  1.09433  147.625  16.3499 -3.67055 0.307386 0 0 0 -0.023404   0.02329 -0.038985  -0.368388 -0.0596086 -0.0814513 -0.000210408   0.00227812  -0.00463278 -0.979997 -0.383695  0.343176   -1.3958 -0.353127  -9.70276 
                45.8 0.287234  1.32627    150.7  16.3475 -3.66825 0.314505 0 0 0 -0.023404   0.02329 -0.038985  -0.254726  0.0180624 -0.0181305 -0.000214941   0.00240488  -0.00440127 -0.980909 -0.385524  0.342666   -1.3973 -0.354445  -9.70249 
              45.901 0.351157  1.36404  153.299  16.3298 -3.67091 0.311661 0 0 0 -0.023404   0.02329 -0.038985   -0.48798 -0.0135871 -0.0666894 -0.000258254   0.00230105  -0.00412394 -0.981143 -0.386594  0.342409  -1.39789 -0.355337  -9.70238 
                  46 0.551827  1.56546   156.18   16.308 -3.66767 0.312674 0 0 0 -0.023404   0.02329 -0.038985  -0.524224 -0.0503879  0.0601264 -0.000236423   0.00227513  -0.00373798 -0.982165 -0.388296  0.342249  -1.39938 -0.356578  -9.70212 
              46.102 -0.821098   1.09838   158.812  16.2696 -3.66168 0.308603 0 0 0 -0.023404   0.02329 -0.038985  -0.724456  0.0477852 -0.0907678 -0.000179249   0.00233215  -0.00351871 -0.982385 -0.388409  0.342126  -1.39962 -0.356617  -9.70208 
              46.201 -0.550551  0.620721   160.935  16.2105 -3.66118 0.315142 0 0 0 -0.023404   0.02329 -0.038985  -0.825938 -0.0546802   0.125523 -0.000267691   0.00230421  -0.00334765 -0.983692 -0.388884  0.341403  -1.40099 -0.356701  -9.70188 
                46.3    0.666631 0.000726607     162.739  16.1415 -3.65886 0.306659 0 0 0 -0.023404   0.02329 -0.038985  -1.00953 0.0279383 -0.150566 -0.000274936   0.00227871  -0.00308426 -0.983943 -0.391012  0.341087   -1.4018 -0.358622  -9.70169 
                46.4 -0.624219 -0.456124   165.273  16.0687 -3.64191 0.315815 0 0 0 -0.023404   0.02329 -0.038985 -0.969563 0.0452655 0.0430937 -0.000257112   0.00237761  -0.00299996 -0.984726 -0.390741   0.33985  -1.40251 -0.358182  -9.70161 
              46.499 -0.480102 -0.690865   166.973   16.004 -3.63938 0.313989 0 0 0 -0.023404   0.02329 -0.038985  -0.913615  0.0770863 -0.0640895 -0.000265037   0.00234238  -0.00287803  -0.98584 -0.391386  0.339322  -1.40372 -0.358544  -9.70142 
                46.6  -0.92785 -0.500941   168.257  15.9207 -3.63509 0.320151 0 0 0 -0.023404   0.02329 -0.038985   -1.15145 -0.0502941 -0.0479813 -0.000346631   0.00231883  -0.00269636 -0.987032 -0.392479   0.33832   -1.4051 -0.359336  -9.70119 
              46.702   0.55118 -0.480204   169.524  15.8265 -3.63764 0.327929 0 0 0 -0.023404   0.02329 -0.038985   -1.24734  -0.134534 -0.0629307 -0.00035505  0.00227328 -0.00271135 -0.987594 -0.393276  0.337821   -1.4058 -0.359987  -9.70106 
              46.801 0.505044 -1.49093  170.463  15.7263 -3.64887 0.317915 0 0 0 -0.023404   0.02329 -0.038985  -1.27702 -0.112981 -0.113393 -0.000243824   0.00231643  -0.00246955 -0.988629  -0.39401  0.337505  -1.40693 -0.360495  -9.70088 
              46.903 -1.21517 -0.42407  171.862   15.628 -3.63907  0.32605 0 0 0 -0.023404   0.02329 -0.038985   -1.14796 -0.0357297   0.102913 -0.000249238   0.00234296  -0.00235894 -0.989796 -0.394743  0.336893  -1.40817 -0.360988  -9.70068 
                  47 -0.250186 -0.932007    172.95  15.5361 -3.63302 0.317108 0 0 0 -0.023404   0.02329 -0.038985  -1.21694  0.104688 -0.123774 -0.000214875   0.00244865  -0.00225862 -0.989801 -0.395161  0.336742  -1.40825 -0.361385  -9.70065 
                47.1  -1.10892 -0.306705    173.43  15.4338 -3.63486 0.325197 0 0 0 -0.023404   0.02329 -0.038985   -1.28472 -0.0934424  -0.107481 -0.000321043   0.00236051  -0.00220889 -0.990025 -0.394864  0.335908  -1.40844 -0.361072  -9.70064 
                47.2 -0.110828 0.0202797   173.978  15.3398 -3.63931  0.33349 0 0 0 -0.023404   0.02329 -0.038985    -1.24127   -0.183738 -0.00131581 -0.00035194   0.0023265   -0.002173 -0.989969 -0.394871  0.336082  -1.40838 -0.361085  -9.70065 
                47.3  0.674106 -0.661842   174.269  15.2314 -3.64858 0.326332 0 0 0 -0.023404   0.02329 -0.038985    -1.25657  -0.0670725 -0.00623637 -0.000196311   0.00230656  -0.00212865 -0.989861 -0.395349  0.336682  -1.40833 -0.361553  -9.70064 
              47.399 -0.554005  0.188841   175.247  15.1299 -3.64419 0.323241 0 0 0 -0.023404   0.02329 -0.038985   -1.20216 -0.0758833  0.0246854 -0.000244587   0.00236111  -0.00198236 -0.990576 -0.395776  0.337063 -1.40906 -0.36186 -9.70052 
              47.502  -0.231803 -0.0886573    175.961  15.0259 -3.63705 0.315919 0 0 0 -0.023404   0.02329 -0.038985  -1.27522 0.0583119  -0.18463 -6.40603e-05   0.00239901  -0.00182976 -0.990522 -0.396099   0.33721  -1.40905 -0.362176  -9.70051 
                47.6  -0.563939 -0.0345258    176.204  14.9284 -3.64639 0.327962 0 0 0 -0.023404   0.02329 -0.038985    -1.2818  -0.136281 -0.0164597 -0.000291903   0.00235596   -0.0016105 -0.990481 -0.396148  0.336656  -1.40904 -0.362228  -9.70051 
              47.701  0.448815 -0.329408   176.537  14.8257 -3.65432 0.326216 0 0 0 -0.023404   0.02329 -0.038985  -1.29538 -0.216187 -0.102602 -0.000335043   0.00237738  -0.00138267 -0.990644 -0.396435  0.337509   -1.4092 -0.362479  -9.70048 
                47.8  0.631893 -0.393862   176.879  14.7225 -3.66314 0.328182 0 0 0 -0.023404   0.02329 -0.038985   -1.29214 -0.0722642 -0.0527832 -0.00020528  0.00232701 -0.00124178 -0.990615 -0.396216  0.337894  -1.40914 -0.362273  -9.70049 
                47.9 -0.143659  0.295985   177.556  14.6254 -3.66437 0.331661 0 0 0 -0.023404   0.02329 -0.038985  -1.20183 -0.139295 0.0762329 -0.000348753   0.00239524 -0.000909252 -0.991038 -0.396089  0.338621   -1.4095 -0.362102  -9.70045 
                  48 -0.0264403    0.20177    178.222   14.525 -3.65276 0.323087 0 0 0 -0.023404   0.02329 -0.038985   -1.18715  0.0100068 -0.0980142 -0.000337474   0.00229299 -0.000446473 -0.991709 -0.395611  0.339783  -1.41005 -0.361569  -9.70039 
              48.101 0.529295 0.180867  178.328  14.4222 -3.67022 0.327154 0 0 0 -0.023404   0.02329 -0.038985  -1.15232 -0.149082 0.0708665 -0.000446693   0.00237151 -4.37168e-05 -0.992594 -0.396037  0.340287  -1.41093 -0.361877  -9.70025 
                48.2  0.913115 -0.061393   178.119  14.3383 -3.68189  0.31746 0 0 0 -0.023404   0.02329 -0.038985  -1.12421 -0.228415 -0.114511 -0.000334921   0.00236688  0.000241986 -0.992203 -0.396521  0.341165  -1.41058 -0.362386  -9.70028 
                48.3  1.05668 0.638224   178.57 14.2587 -3.6699 0.32651 0 0 0 -0.023404   0.02329 -0.038985  -1.01145 0.0754838 0.0199661 -0.000323141   0.00228697  0.000477123 -0.991619 -0.395678  0.341598  -1.40992 -0.361647   -9.7004 
                48.4 1.40434 1.44222 178.953  14.1875 -3.67172 0.327743 0 0 0 -0.023404   0.02329 -0.038985  -0.900876 -0.0443089 -0.0494357 -0.000419685   0.00232839  0.000719484 -0.991863 -0.395049  0.343021  -1.41003 -0.361035  -9.70041 
                48.5 1.17404 1.19586 179.307  14.1311 -3.67681 0.323419 0 0 0 -0.023404   0.02329 -0.038985  -0.878286  -0.194153 -0.0567752 -0.000327936   0.00218413  0.000889465 -0.992102 -0.394295  0.344393 -1.41013 -0.36031 -9.70042 
                48.6 1.39972 1.37043 179.261  14.0585 -3.68618 0.325916 0 0 0 -0.023404   0.02329 -0.038985  -0.858406  -0.146297 -0.0275312 -0.000299602   0.00226713   0.00108124 -0.992854 -0.392653  0.345741  -1.41061 -0.358686  -9.70041 
                48.7  1.25614 0.814837  179.381       14 -3.69031 0.317145 0 0 0 -0.023404   0.02329 -0.038985   -0.86507 -0.0756847 -0.0621216 -0.000335992   0.00234213   0.00114221 -0.992745 -0.391605  0.347186  -1.41034 -0.357724  -9.70049 
                48.8 1.00731 1.12861 179.745  13.9408 -3.68562 0.323485 0 0 0 -0.023404   0.02329 -0.038985  -0.770829 -0.0533575  0.0625653 -0.000333878   0.00233677   0.00122461 -0.992403 -0.389925   0.34821   -1.4098 -0.356172  -9.70062 
                48.9  1.27305 0.654458  179.854  13.8837  -3.6909 0.313548 0 0 0 -0.023404   0.02329 -0.038985  -0.81766 -0.106549 -0.147874 -0.000276105    0.0023656   0.00124903 -0.992293 -0.387306  0.349586  -1.40937 -0.353706  -9.70078 
              49.001  1.09014 0.893311  179.565  13.8275 -3.70408 0.320241 0 0 0 -0.023404   0.02329 -0.038985 -0.799812 -0.193733 0.0204246 -0.000374766   0.00234755   0.00130995 -0.992052 -0.385667  0.350117  -1.40896 -0.352173  -9.70089 
              49.102  1.0844 0.93913 179.806  13.7706 -3.70906 0.315341 0 0 0 -0.023404   0.02329 -0.038985 -0.806179 -0.141074  -0.10828 -0.000370264   0.00238284   0.00140391 -0.991953 -0.384675  0.351307  -1.40872 -0.351255  -9.70096 
              49.202    0.877  0.83271 -179.919  13.7107 -3.70799 0.320911 0 0 0 -0.023404   0.02329 -0.038985  -0.833813 -0.0135585  0.0359253 -0.000351765   0.00230191    0.0015379 -0.991602 -0.384257  0.352278  -1.40831 -0.350904  -9.70103 
              49.302  1.22843  0.81593 -179.752  13.6546 -3.71075 0.319771 0 0 0 -0.023404   0.02329 -0.038985  -0.782837  -0.114817 -0.0365912 -0.000424327   0.00235974   0.00153799 -0.991313 -0.381702  0.353688 -1.40773 -0.34851  -9.7012 
              49.402  0.90126 0.473457 -179.773  13.6033 -3.71512 0.319167 0 0 0 -0.023404   0.02329 -0.038985  -0.805818  -0.190274 -0.0563273 -0.000355038    0.0023249   0.00158231 -0.990852 -0.380378  0.354757  -1.40713 -0.347304  -9.70133 
              49.501  1.33532 0.677861 -179.893   13.546  -3.7294 0.322709 0 0 0 -0.023404   0.02329 -0.038985 -0.767637 -0.179292 0.0418138 -0.000348631   0.00229485    0.0016074  -0.99083 -0.379046  0.355859  -1.40694 -0.346051   -9.7014 
              49.599  1.35847 0.323473 -179.773  13.4961 -3.73398 0.310623 0 0 0 -0.023404   0.02329 -0.038985  -0.664205 -0.0360178  -0.154838 -0.000354088   0.00231019    0.0017799 -0.990848 -0.378168  0.357281  -1.40682 -0.345235  -9.70145 
              49.701  1.26132 0.836196 -179.433  13.4742 -3.72456 0.320728 0 0 0 -0.023404   0.02329 -0.038985  -0.406816 -0.0556484  0.0736021 -0.000345403   0.00228462   0.00186228 -0.990122 -0.377042  0.357859  -1.40601 -0.344239   -9.7016 
                49.8  1.96329  1.41353 -179.094  13.4588 -3.73077 0.311153 0 0 0 -0.023404   0.02329 -0.038985 -0.375646 -0.176895 -0.159265 -0.000348206   0.00225007   0.00192607 -0.989838 -0.376397  0.359552  -1.40562 -0.343684  -9.70168 
              49.902  1.56237  2.30789 -179.592  13.4488  -3.7434 0.323434 0 0 0 -0.023404   0.02329 -0.038985   -0.24894 -0.0944774  0.0788682 -0.00034176  0.00221125  0.00191117 -0.989842 -0.375907  0.360861  -1.40552 -0.343249  -9.70171 
              50.001 0.520691  1.88421 -179.608  13.4465 -3.73447 0.310774 0 0 0 -0.023404   0.02329 -0.038985 -0.275086 0.0149542 -0.133178 -0.000335011   0.00235487     0.001966 -0.989617 -0.375319  0.363119  -1.40514 -0.342764  -9.70178 
                50.1 0.923129  2.04203  -179.34  13.4466 -3.73835 0.321335 0 0 0 -0.023404   0.02329 -0.038985 -0.226979  -0.27661  0.117803 -0.000425751   0.00230777   0.00211552 -0.989573 -0.375307  0.364479  -1.40502 -0.342783   -9.7018 
                50.2 0.658293    1.711  -177.95   13.444 -3.75906 0.309953 0 0 0 -0.023404   0.02329 -0.038985   -0.22865  -0.404552 -0.0778734 -0.000411353     0.002268   0.00223985 -0.989701  -0.37511  0.366795  -1.40499 -0.342619  -9.70181 
              50.301 0.537447  1.79409 -168.372  13.4456  -3.7432 0.321347 0 0 0 -0.023404   0.02329 -0.038985 -0.153331   -0.1047 0.0286009 -0.000496189   0.00226319   0.00223616 -0.990062 -0.375601  0.367929  -1.40531 -0.343072  -9.70175 
              50.402 0.0386415  0.948553  -157.714   13.436  -3.7411 0.309556 0 0 0 -0.023404   0.02329 -0.038985  -0.258609 0.00112407 -0.0491181 -0.000443912   0.00219534   0.00218128 -0.990681 -0.376639  0.369598  -1.40588 -0.344047  -9.70163 
              50.502 0.635866   1.4473 -146.708  13.4305 -3.74039 0.321513 0 0 0 -0.023404   0.02329 -0.038985  -0.146253 -0.0810144  0.0490494 -0.00054203  0.00217498  0.00219621 -0.990442   -0.3773  0.370241  -1.40563 -0.344679  -9.70164 
                50.6 -0.267937   1.47977  -135.442  13.4317 -3.74055  0.31418 0 0 0 -0.023404   0.02329 -0.038985 -0.0548608  -0.117482  -0.162896 -0.00051261   0.0020621  0.00216308   -0.9892 -0.376074   0.37106  -1.40443 -0.343393  -9.70186 
              50.701 0.403903  2.06917 -124.831  13.4269 -3.73644 0.334643 0 0 0 -0.023404   0.02329 -0.038985  -0.14813 -0.046047 0.0258842 -0.000476324   0.00206523    0.0021617 -0.988397 -0.376026  0.371518  -1.40362 -0.343181  -9.70199 
                50.8 0.368995 0.179846 -113.984  13.4275 -3.74964 0.313274 0 0 0 -0.023404   0.02329 -0.038985  -0.158463  -0.132276 -0.0648826 -0.000574205   0.00225305   0.00218662   -0.9872 -0.376629  0.372878  -1.40223 -0.343328  -9.70218 
              50.902  1.15833 0.646452 -102.151  13.4249 -3.75495 0.319963 0 0 0 -0.023404   0.02329 -0.038985  -0.151899  -0.133552 -0.0499359 -0.000519705   0.00223336   0.00214856 -0.987506 -0.377344  0.373539  -1.40222 -0.344059  -9.70216 
              51.001 -0.875255  0.398395  -90.2689  13.4264   -3.755 0.315272 0 0 0 -0.023404   0.02329 -0.038985 -0.0221687 -0.0521531 -0.0932553 -0.000477824   0.00220081   0.00206748 -0.987023 -0.378259   0.37412  -1.40131 -0.344493  -9.70227 
              51.101 -0.341934   1.51623  -79.5695  13.4311 -3.75532 0.332976 0 0 0 -0.023404   0.02329 -0.038985 -0.0194609 -0.0239357   0.115386 -0.000468385    0.0021051    0.0019051 -0.986908 -0.379723  0.374734  -1.40024 -0.345388   -9.7024 
              51.201 -0.286566   0.16161  -69.8097   13.436 -3.76549 0.309125 0 0 0 -0.023404   0.02329 -0.038985 -0.0527596   -0.12399  -0.125254 -0.000511076    0.0021986   0.00179032 -0.986869 -0.382017  0.376159   -1.3984 -0.346599  -9.70262 
              51.301 0.768438 0.697501 -57.1213  13.4311 -3.77373 0.323185 0 0 0 -0.023404   0.02329 -0.038985 -0.0713842 -0.0882751  0.0404541 -0.000543052   0.00215127   0.00142831 -0.987043 -0.383475  0.376201  -1.39718 -0.347296  -9.70277 
              51.402 -0.316302  0.164076  -46.5345  13.4317 -3.77426 0.309164 0 0 0 -0.023404   0.02329 -0.038985 -0.0675211  -0.029051  -0.196726 -0.000391296   0.00209106   0.00127333 -0.986586 -0.384955  0.376951  -1.39559 -0.347209    -9.703 
              51.501 0.245427 0.725927 -36.0976  13.4324 -3.77008 0.329418 0 0 0 -0.023404   0.02329 -0.038985  -0.129201 -0.0453258  0.0711268 -0.000437092   0.00220798   0.00132962  -0.98567 -0.386464  0.376763  -1.39402 -0.346418  -9.70326 
              51.602   0.178056 -0.0611932   -24.9217  13.4449 -3.77004 0.310355 0 0 0 -0.023404   0.02329 -0.038985 -0.0268327 -0.0305217  -0.159281 -0.000398947   0.00216573    0.0013088 -0.984894 -0.387763  0.377783 -1.39284 -0.34548 -9.70346 
              51.701 0.846325 0.287113 -12.5105  13.4459 -3.77498 0.325748 0 0 0 -0.023404   0.02329 -0.038985 -0.0907183  0.0167546  0.0728683 -0.000541324   0.00212961   0.00121131 -0.985188 -0.389094  0.377509  -1.39151 -0.345063  -9.70367 
              51.801 -0.259825 -0.164622  -1.49648  13.4491 -3.77744 0.314447 0 0 0 -0.023404   0.02329 -0.038985   -0.107693 -0.00519496   -0.177459 -0.000439682   0.00213139   0.00109944 -0.985322 -0.390837  0.378009 -1.39007 -0.34391 -9.70391 
              51.901 0.0441079  0.857294   10.0003  13.4466 -3.77175 0.330675 0 0 0 -0.023404   0.02329 -0.038985 -0.156723 0.0282985  0.103724 -0.00055971  0.00195985 0.000973225 -0.986055 -0.392173  0.377966  -1.38873 -0.342935  -9.70414 
              52.002 -0.275585  0.205109   20.3926  13.4555 -3.76809 0.313655 0 0 0 -0.023404   0.02329 -0.038985 -0.0646968  0.0784206  -0.194657 -0.000456466   0.00208858  0.000828519 -0.987318 -0.393445   0.37887  -1.38721 -0.341698   -9.7044 
              52.101 0.493473 0.496286  31.8621   13.463 -3.77489 0.324974 0 0 0 -0.023404   0.02329 -0.038985 0.00345542  -0.135939  0.0367055 -0.000549771   0.00198289  0.000726288 -0.988063 -0.394755  0.378901  -1.38662 -0.340254  -9.70453 
              52.201 -0.267287 0.0442448   42.1909  13.4766  -3.7836 0.319264 0 0 0 -0.023404   0.02329 -0.038985 0.0883236 -0.199111 -0.105495 -0.000527591    0.0020336  0.000746232 -0.989147 -0.395929  0.379703  -1.38611 -0.338683  -9.70466 
              52.301 -0.312327 0.0544732   43.5502  13.4607 -3.76432 0.324262 0 0 0 -0.023404   0.02329 -0.038985 -0.194429 0.0785887  0.072016 -0.00058198  0.00201136 0.000707152 -0.989766 -0.396513  0.379957  -1.38605 -0.337861   -9.7047 
              52.402 -0.689236 -0.286471   43.1017  13.4632 -3.76505 0.315806 0 0 0 -0.023404   0.02329 -0.038985 -0.0829821  0.0830236  -0.121333 -0.000591611   0.00203725  0.000606615 -0.991078 -0.396732  0.380495  -1.38553 -0.336636  -9.70482 
              52.502 -0.388333 -0.631942   43.3715  13.4643 -3.76345 0.318692 0 0 0 -0.023404   0.02329 -0.038985   -0.10011  0.0843053 -0.0187602 -0.000604422   0.00204588  0.000776868 -0.992072 -0.396885  0.380344  -1.38531 -0.335713  -9.70488 
              52.601 -0.499354 -0.669166   43.4672   13.465 -3.76132 0.314029 0 0 0 -0.023404   0.02329 -0.038985 -0.0713816   0.110337  -0.052568 -0.00062915  0.00199763  0.00074552 -0.992993 -0.396165   0.38061  -1.38442 -0.335057  -9.70503 
              52.704 -0.669093 -0.286936   43.3207  13.4636 -3.75185 0.314638 0 0 0 -0.023404   0.02329 -0.038985 -0.112236  0.123324 0.0147463 -0.00059261   0.0020094  0.00073006 -0.993566 -0.395917   0.38075  -1.38406 -0.334605   -9.7051 
              52.801 -0.798422 0.0491076   43.3908  13.4655 -3.75325 0.310603 0 0 0 -0.023404   0.02329 -0.038985 -0.0713478  0.0265653 -0.0732484 -0.000641187   0.00200769  0.000643469 -0.994453 -0.395396  0.381127  -1.38339 -0.333933  -9.70522 
              52.902   -0.462958 -0.00418007     43.6901  13.4653 -3.75245 0.313459 0 0 0 -0.023404   0.02329 -0.038985  -0.162055   0.103488 -0.0146068 -0.000638042   0.00200977  0.000633852 -0.995054 -0.395056  0.381234  -1.38296 -0.333479  -9.70529 
              53.001 -0.170872 -0.215262   44.7674  13.4648 -3.75085 0.311119 0 0 0 -0.023404   0.02329 -0.038985  -0.129702   0.144285 -0.0353645 -0.000581321   0.00195942  0.000618323 -0.995618 -0.394551  0.381702  -1.38236 -0.333095  -9.70539 
                53.1 -0.326557 0.0976522   46.7437  13.4654 -3.74591 0.312022 0 0 0 -0.023404   0.02329 -0.038985  -0.106883  0.0934812 -0.0194746 -0.000624451   0.00192883  0.000671323 -0.996795 -0.394358  0.381879 -1.38194 -0.33209 -9.70549 
              53.201 -0.479783  0.169958   49.5079  13.4691 -3.74979 0.309744 0 0 0 -0.023404   0.02329 -0.038985 -0.0596625   0.041248 -0.0722206 -0.000566505   0.00196949  0.000961611 -0.997716 -0.394978  0.382186   -1.3823 -0.331127  -9.70547 
              53.302 -0.122068  0.245883   52.3025  13.4753 -3.74516 0.308672 0 0 0 -0.023404   0.02329 -0.038985 -0.0409469  0.0905594 -0.0506162 -0.000651793   0.00193176  0.000995257 -0.999345 -0.394802  0.382229  -1.38184 -0.329678  -9.70558 
              53.402 0.357401 0.439326    55.43  13.4789 -3.74694 0.311916 0 0 0 -0.023404   0.02329 -0.038985   -0.116181   0.0761874 -0.00612886 -0.000585697   0.00194023   0.00121271  -1.00103 -0.395571  0.382555 -1.38226 -0.32801 -9.70558 
              53.502 0.205813 0.235793  57.8983   13.475 -3.73859 0.307814 0 0 0 -0.023404   0.02329 -0.038985  -0.152076   0.167507 -0.0855457 -0.000640704   0.00192353   0.00138912  -1.00264 -0.395438  0.382875  -1.38194 -0.326527  -9.70567 
              53.602 0.206275  0.64922  60.3851  13.4762 -3.73843 0.314281 0 0 0 -0.023404   0.02329 -0.038985 -0.0966224  0.0336854 -0.0208651 -0.000655749   0.00193962   0.00138629  -1.00376 -0.395313  0.383085  -1.38174 -0.325486  -9.70574 
              53.702 0.160168 0.529488  62.7458  13.4789 -3.73781 0.311044 0 0 0 -0.023404   0.02329 -0.038985 -0.0593353  0.0884069 -0.0954227 -0.000646158   0.00192073    0.0017266  -1.00506 -0.395011  0.383696 -1.38141 -0.32426 -9.70582 
              53.801 0.862607 0.384079  65.5465  13.4855 -3.73604 0.313262 0 0 0 -0.023404   0.02329 -0.038985 -0.112882 0.0734358 0.0223486 -0.000677689   0.00202331   0.00174864  -1.00646 -0.394657  0.384034  -1.38111 -0.322935  -9.70591 
              53.901 0.980485 0.443164  67.7671  13.4806 -3.73214   0.3098 0 0 0 -0.023404   0.02329 -0.038985  -0.172001   0.142483 -0.0578417 -0.000618278   0.00189968   0.00181215  -1.00851 -0.394142  0.384903  -1.38075 -0.320975  -9.70603 
              54.002 0.626883 0.679535  69.6923  13.4778 -3.72494 0.312642 0 0 0 -0.023404   0.02329 -0.038985  -0.152231   0.089961 -0.0225234 -0.000595111   0.00187451   0.00191981  -1.00996 -0.393198  0.385247  -1.38003 -0.319516  -9.70618 
                54.1  0.30334 0.633148  71.5266  13.4809 -3.72897 0.311429 0 0 0 -0.023404   0.02329 -0.038985  -0.122598  0.0544801 -0.0428001 -0.000591284   0.00189773   0.00196679  -1.01129 -0.392045    0.3858  -1.37916 -0.318102  -9.70635 
              54.201 0.819827 0.637126  73.6603  13.4876 -3.72515 0.309978 0 0 0 -0.023404   0.02329 -0.038985  -0.107629  0.0635696 -0.0118031 -0.000627885   0.00195173   0.00198122 -1.01264 -0.39152 0.386329  -1.37892 -0.316766  -9.70643 
              54.301  1.40555 0.763638  76.0702  13.4843 -3.72475 0.309329 0 0 0 -0.023404   0.02329 -0.038985 -0.219046  0.106201 -0.028135 -0.000662651   0.00180226   0.00187833  -1.01414 -0.390884  0.387146  -1.37865 -0.315275  -9.70651 
              54.402  0.96116 0.761654  77.9601  13.4816 -3.71865 0.308632 0 0 0 -0.023404   0.02329 -0.038985  -0.195247    0.12071 -0.0221173 -0.000631346   0.00181693   0.00182584 -1.01561 -0.38998 0.387616   -1.3782 -0.313718  -9.70663 
              54.502 0.816548 0.787217  79.8278  13.4824 -3.71557 0.308457 0 0 0 -0.023404   0.02329 -0.038985  -0.152111   0.114417 -0.0821954 -0.000673306   0.00185773   0.00171738 -1.01711  -0.3887 0.388063  -1.37747 -0.312026  -9.70679 
              54.602 0.0431537  0.345838   80.4515  13.4762 -3.69583 0.311022 0 0 0 -0.023404   0.02329 -0.038985    -0.22867    0.331809 -0.00114206 -0.000561167   0.00184179   0.00153862  -1.01838 -0.388228  0.388532  -1.37743 -0.310761  -9.70683 
              54.701 -0.804812  -0.17089   81.3672  13.4779 -3.66479 0.304018 0 0 0 -0.023404   0.02329 -0.038985  -0.130432   0.452367 -0.0791043 -0.000544533     0.001827   0.00133367  -1.01938 -0.387174  0.389008  -1.37683 -0.309543  -9.70696 
              54.801  -2.00602 -0.456268   82.2852  13.4828 -3.62201 0.310959 0 0 0 -0.023404   0.02329 -0.038985  -0.044846   0.630664 -0.0215383 -0.000560302   0.00180195   0.00122607  -1.02039 -0.386138  0.388921  -1.37629 -0.308296  -9.70707 
              54.901 -1.69675 -1.11812  82.2966  13.4854 -3.55112 0.310584 0 0 0 -0.023404   0.02329 -0.038985  -0.100136   0.813191 -0.0352657 -0.000655936   0.00185043   0.00127168  -1.02173 -0.385127  0.388728  -1.37591 -0.306778  -9.70717 
              55.002 0.229494 -1.63059  82.6353  13.4813 -3.47619 0.312257 0 0 0 -0.023404   0.02329 -0.038985 -0.234956  0.949377 -0.177472 -0.000661039   0.00182341   0.00120195  -1.02179 -0.384119  0.388511  -1.37509 -0.306345   -9.7073 
              55.102 -0.000266493     -1.76909      83.4655  13.4993 -3.39949 0.320018 0 0 0 -0.023404   0.02329 -0.038985 -0.0119888   0.881517  0.0128851 -0.000626509   0.00185516   0.00123496  -1.02253 -0.382911  0.388155  -1.37436 -0.305262  -9.70744 
              55.201 0.177106 -1.47046   83.756  13.5068 -3.32989 0.325174 0 0 0 -0.023404   0.02329 -0.038985 -0.0549211   0.734246 -0.0872396 -0.000670145   0.00185692   0.00119087  -1.02347 -0.382535  0.388366  -1.37441 -0.304309  -9.70747 
              55.301 0.331934 -1.51932  84.1368  13.5203 -3.25293 0.324992 0 0 0 -0.023404   0.02329 -0.038985 -0.123165  0.824675 -0.031746 -0.000677858   0.00180276   0.00116788  -1.02429 -0.381343  0.388572  -1.37372 -0.303142   -9.7076 
              55.401  1.16641 -1.12356  84.1318   13.519 -3.17576 0.328852 0 0 0 -0.023404   0.02329 -0.038985 -0.203634  0.719076 0.0881168 -0.000680118   0.00182101   0.00102438  -1.02494 -0.380218  0.388912  -1.37303 -0.302133  -9.70773 
              55.502  1.38779 -1.43202  83.7471  13.5147 -3.10229 0.313904 0 0 0 -0.023404   0.02329 -0.038985  -0.22882  0.781196 -0.131275 -0.000663767   0.00186311  0.000978949  -1.02557 -0.379456  0.389482  -1.37263 -0.301283  -9.70781 
              55.603   1.18388 -0.511188   84.1112  13.5323 -3.04333 0.324283 0 0 0 -0.023404   0.02329 -0.038985 -0.00425185    0.654204   0.0310526 -0.00058246  0.00181894 0.000855099  -1.02601 -0.378834  0.389412  -1.37229 -0.300662  -9.70788 
              55.701   1.53645 -0.381635   84.3353  13.5355 -2.98759 0.317173 0 0 0 -0.023404   0.02329 -0.038985 -0.114674  0.618412 -0.108138 -0.000654792   0.00192847  0.000826737  -1.02699 -0.378071  0.389947  -1.37205 -0.299521  -9.70795 
              55.802  1.22298 0.255614  84.3835  13.5347  -2.9302 0.325369 0 0 0 -0.023404   0.02329 -0.038985  -0.223687   0.696023 -0.0171168 -0.00060361  0.00178823 0.000746502  -1.02757 -0.377582   0.39022  -1.37187 -0.298839  -9.70799 
              55.903  1.16849 0.449665  84.5119  13.5391 -2.87023 0.327471 0 0 0 -0.023404   0.02329 -0.038985   -0.0850369     0.529272 -0.000795526 -0.000591566   0.00183218  0.000736048  -1.02837 -0.376852   0.39129  -1.37158 -0.297864  -9.70807 
              56.002     1.51648 -0.00409839     84.6936  13.5492  -2.8347 0.313247 0 0 0 -0.023404   0.02329 -0.038985  0.0304911   0.348683 -0.0834191 -0.000622858    0.0018386  0.000733612  -1.02862 -0.376248  0.392331  -1.37117 -0.297411  -9.70814 
              56.102 2.94715 1.44121 85.0729  13.5564 -2.82002 0.322979 0 0 0 -0.023404   0.02329 -0.038985  -0.153378   0.182511 0.00519603 -0.000681214   0.00180177  0.000730355  -1.02952 -0.375901  0.393153 -1.37124 -0.29652 -9.70815 
              56.203 3.01829  1.6403 83.8909  13.5418 -2.80517 0.313822 0 0 0 -0.023404   0.02329 -0.038985  -0.289486   0.155196 -0.0115776 -0.000608505   0.00190086  0.000745054  -1.03017 -0.375345  0.394556  -1.37103 -0.295772  -9.70821 
              56.303  1.9573 2.34352 81.5003   13.545 -2.80686 0.316775 0 0 0 -0.023404   0.02329 -0.038985 -0.0666835  0.0180748  -0.075987 -0.000511146   0.00191637  0.000698788  -1.03069 -0.374818  0.395692  -1.37081 -0.295151  -9.70826 
              56.403 0.396165   1.6478  78.6582  13.5467 -2.80348 0.314471 0 0 0 -0.023404   0.02329 -0.038985 -0.0834115  0.0280992  0.0163383 -0.000574168   0.00190524  0.000733538 -1.03142 -0.37446 0.396611  -1.37081 -0.294423  -9.70828 
              56.503 0.311716  1.42176  75.2473  13.5449 -2.80531 0.313737 0 0 0 -0.023404   0.02329 -0.038985  -0.167476  0.0550131 -0.0712555 -0.000584799   0.00192194  0.000802304  -1.03193 -0.374011  0.397374  -1.37061 -0.293845  -9.70832 
              56.602 0.635779 0.883958  71.5793  13.5427 -2.80124 0.311684 0 0 0 -0.023404   0.02329 -0.038985  -0.191376   0.133395 -0.0911227 -0.000569953   0.00185857  0.000832702  -1.03203 -0.373453  0.397703  -1.37016 -0.293587   -9.7084 
              56.702 0.541207  1.14782  67.5497  13.5406 -2.79819 0.316043 0 0 0 -0.023404   0.02329 -0.038985   -0.1193 0.0703624   0.01166 -0.000542686   0.00181098   0.00079402  -1.03177 -0.372648  0.398062  -1.36937 -0.293594  -9.70851 
              56.802 0.396067 0.703819    63.81  13.5432 -2.79753  0.31162 0 0 0 -0.023404   0.02329 -0.038985 -0.0615595  0.0802357 -0.0953645 -0.000555498   0.00188655  0.000762963 -1.03141 -0.37232 0.398681  -1.36896 -0.293853  -9.70856 
              56.903 0.500426 0.565626  60.2701  13.5431 -2.79589 0.314919 0 0 0 -0.023404   0.02329 -0.038985  -0.150232  0.0945686 -0.0149626 -0.000576666   0.00187296  0.000688578 -1.03119 -0.37183 0.398853  -1.36847 -0.293972  -9.70862 
              57.003  0.44641 0.426193  56.5599  13.5447 -2.79189  0.31045 0 0 0 -0.023404   0.02329 -0.038985  -0.119092   0.143349 -0.0811985 -0.000551014   0.00185453  0.000760174  -1.03071 -0.371751  0.399342  -1.36832 -0.294408  -9.70863 
              57.103 0.522589 0.632203  52.5044  13.5392 -2.78356 0.314678 0 0 0 -0.023404   0.02329 -0.038985 -0.171895   0.11145 0.0204966 -0.000568202   0.00185249  0.000789645 -1.03038 -0.37125 0.399555  -1.36783 -0.294697  -9.70869 
              57.204 -0.0947557   0.197713    49.2079  13.5419 -2.78612 0.312486 0 0 0 -0.023404   0.02329 -0.038985 -0.0725859  0.0658251 -0.0839681 -0.000598635   0.00193813  0.000788131 -1.02959 -0.37055 0.399835  -1.36718 -0.295455  -9.70876 
              57.303 -0.501663 -0.170519   45.7279  13.5471 -2.78453 0.312961 0 0 0 -0.023404   0.02329 -0.038985 -0.0719016  0.0750336 -0.0545514 -0.000543843   0.00188217  0.000753601 -1.02899 -0.36984 0.399805  -1.36658 -0.296089  -9.70882 
              57.403 -0.207258 -0.172333    42.418  13.5456 -2.78388 0.313618 0 0 0 -0.023404   0.02329 -0.038985 -0.0912745  0.0912157 -0.0656656 -0.000571846   0.00186838  0.000707197  -1.02829 -0.368872  0.399738 -1.36581 -0.29689 -9.70891 
              57.502 -0.178414 0.0894622   39.4083   13.545 -2.77454  0.31435 0 0 0 -0.023404   0.02329 -0.038985  -0.0986266    0.135546 -0.00687529 -0.000545275   0.00182922  0.000711435  -1.02786 -0.367912    0.3999  -1.36505 -0.297521    -9.709 
              57.602 -0.295767  0.325873   36.7135  13.5441 -2.77196 0.314525 0 0 0 -0.023404   0.02329 -0.038985 -0.0805803  0.0641802 -0.0234434 -0.000587101    0.0018208  0.000871595  -1.02732 -0.366831  0.400258  -1.36425 -0.298331  -9.70908 
              57.702 -0.480657 -0.158338   34.3501  13.5496 -2.77464 0.309724 0 0 0 -0.023404   0.02329 -0.038985 -0.0516123  0.0578079 -0.0768489 -0.000583637   0.00180797  0.000855608   -1.0267 -0.365599  0.400377  -1.36342 -0.299314  -9.70917 
              57.804 -0.0717048   -0.24309    32.2188  13.5479  -2.7755 0.313824 0 0 0 -0.023404   0.02329 -0.038985 -0.0699371  0.0542648 -0.0366622 -0.000572285    0.0017865  0.000826187   -1.0266 -0.364478  0.400307  -1.36256 -0.299892  -9.70927 
              57.902 0.0571129 -0.220429    30.102  13.5506 -2.76936 0.310796 0 0 0 -0.023404   0.02329 -0.038985 -0.0598932   0.155245 -0.0773556 -0.000579167   0.00175746  0.000928444  -1.02652 -0.363361  0.400502  -1.36173 -0.300502  -9.70937 
              58.002 -0.126175  0.180797   27.8943  13.5493 -2.76333 0.316161 0 0 0 -0.023404   0.02329 -0.038985 -0.108917 0.0587947 0.0301726 -0.000525305    0.0017416  0.000979325  -1.02649 -0.362132  0.400721  -1.36083 -0.301191  -9.70947 
              58.102  -0.434543 -0.0371959    26.1708  13.5537  -2.7702 0.311671 0 0 0 -0.023404   0.02329 -0.038985 -0.0115203 -0.0173357 -0.0943639 -0.000548339   0.00172674   0.00102212  -1.02663 -0.360825  0.401316  -1.35981 -0.301852   -9.7096 
              58.203 0.0646914 -0.311404   24.2507  13.5524 -2.76661 0.314866 0 0 0 -0.023404   0.02329 -0.038985 -0.0712866  0.0530599 0.00165726 -0.000541232   0.00172712   0.00105999  -1.02656 -0.359515  0.401551 -1.35896 -0.30271 -9.70969 
              58.303  0.190901 -0.374002   22.5622  13.5564 -2.76668 0.311013 0 0 0 -0.023404   0.02329 -0.038985 -0.0274104  0.0964372 -0.0794639 -0.000551526   0.00176442   0.00103849    -1.027 -0.358441  0.401828  -1.35799 -0.303136  -9.70981 
              58.402 0.327492 -0.12701  20.2151  13.5566 -2.75698 0.315082 0 0 0 -0.023404   0.02329 -0.038985 -0.100185  0.128742 0.0419679 -0.00051033   0.0017388  0.00111152  -1.02744 -0.358059  0.402113  -1.35745 -0.303138  -9.70989 
              58.503 -0.278177 -0.287379   18.4237  13.5588 -2.75908 0.314556 0 0 0 -0.023404   0.02329 -0.038985 -0.0150902  0.0602041 -0.0194672 -0.000476335   0.00177315   0.00103888  -1.02784 -0.357295  0.402534  -1.35673 -0.303466  -9.70998 
              58.605  -1.36679 -0.928005   17.5064  13.5706 -2.75979 0.312187 0 0 0 -0.023404   0.02329 -0.038985   0.127718 0.00801368  -0.109001 -0.000467657   0.00173299  0.000980884  -1.02827 -0.356938  0.402483  -1.35624 -0.303515  -9.71005 
              58.704 -2.38505 -1.94091  17.1854  13.5986 -2.76409 0.313541 0 0 0 -0.023404   0.02329 -0.038985     0.30549  -0.0297394 -0.00990251 -0.000522461   0.00174772  0.000774668  -1.02889 -0.356285  0.402061 -1.35549 -0.30373 -9.71014 
              58.802 -1.64113 -2.27728  16.6248  13.6447 -2.76298 0.314005 0 0 0 -0.023404   0.02329 -0.038985    0.536462   0.0231461 -0.00655468 -0.000562616    0.0017292  0.000729714  -1.02927 -0.355359  0.401727   -1.3548 -0.304286  -9.71022 
              58.902 -0.418608  -2.51521    15.921  13.7069 -2.76065 0.311365 0 0 0 -0.023404   0.02329 -0.038985   0.644148  0.0772914 -0.0845218 -0.000581498   0.00175766   0.00064206  -1.02978 -0.354708  0.401175  -1.35418 -0.304583   -9.7103 
              59.002  1.55937 -2.75176  15.3705  13.7877 -2.74678 0.317979 0 0 0 -0.023404   0.02329 -0.038985   0.795974   0.217834 -0.0280807 -0.000559672   0.00174655  0.000553362  -1.03015 -0.354188  0.400684  -1.35373 -0.304852  -9.71035 
              59.102  2.51345 -2.28444  15.4081  13.8713 -2.73967 0.318777 0 0 0 -0.023404   0.02329 -0.038985   0.770713   0.109717 -0.0280268 -0.000507159   0.00167905  0.000481178  -1.03082 -0.353649  0.400345  -1.35304 -0.305043  -9.71044 
              59.203  1.98615 -1.73173  15.0333  13.951 -2.7291 0.32207 0 0 0 -0.023404   0.02329 -0.038985  0.735609  0.125792 -0.147554 -0.00044354   0.0016907 0.000363513  -1.03158 -0.353009  0.399929  -1.35223 -0.305299  -9.71055 
              59.303  1.57425 -1.19935  14.5009  14.0292 -2.71429 0.326734 0 0 0 -0.023404   0.02329 -0.038985  0.767926  0.198902 -0.053308 -0.000463361   0.00165068   0.00011599  -1.03257 -0.352338  0.399697  -1.35122 -0.305502  -9.71068 
              59.403   1.63444 -0.684327   14.0019  14.0742  -2.6875 0.341986 0 0 0 -0.023404   0.02329 -0.038985 0.153583 0.544781 0.226502 -0.000501754   0.00169595 -0.000218384  -1.03359 -0.351765   0.40002 -1.35018 -0.30559 -9.71082 
              59.503 0.403303 -3.54278  3.89099  14.0683 -2.72028 0.312447 0 0 0 -0.023404   0.02329 -0.038985 -0.0531569 -0.0213301 -0.0562316 -0.000234278   0.00178519 -0.000396616  -1.03392 -0.351205  0.401001  -1.34966 -0.305886  -9.71089 
              59.604 -1.17132 -4.87518  2.11149  14.0662 -2.72609 0.315433 0 0 0 -0.023404   0.02329 -0.038985 -0.109471 -0.175289 0.0339418 -0.000486985   0.00173715 -0.000750255  -1.03487 -0.350618  0.400039  -1.34877 -0.306175    -9.711 
              59.702 -1.40336 -5.64156  1.16275  14.0757 -2.71903 0.306731 0 0 0 -0.023404   0.02329 -0.038985  0.0525588 -0.0815364   0.002083 -0.000481502   0.00167735 -0.000969935 -1.03574 -0.35076 0.399245  -1.34815 -0.305928   -9.7111 
              59.804 -2.80181  -6.5866 0.367256  14.0968 -2.71096 0.300124 0 0 0 -0.023404   0.02329 -0.038985    0.28779  0.0206155 -0.0532016 -0.000576875   0.00169841  -0.00117238  -1.03689 -0.350662  0.398046 -1.34731 -0.30593 -9.71121 
              59.902   -1.82738   -6.46391 -0.0520243  14.1432 -2.70554 0.293597 0 0 0 -0.023404   0.02329 -0.038985  0.668966  0.141526 -0.207688 -0.000617487   0.00164642  -0.00137673  -1.03771 -0.350422  0.396402  -1.34687 -0.306083  -9.71127 
              60.002  -0.772192   -4.68332 -0.0325441  14.2011 -2.70058   0.3139 0 0 0 -0.023404   0.02329 -0.038985  0.618174 0.0755428  0.257803 -0.000550377    0.0016401  -0.00175688  -1.03871 -0.350899  0.395076  -1.34627 -0.305639  -9.71137 
              60.102 -2.07815 -2.09088 0.320688  14.2845 -2.69024 0.296449 0 0 0 -0.023404   0.02329 -0.038985    0.633147 0.000229261   0.0172162 -0.000587133   0.00159443   -0.0019921   -1.0396 -0.351459  0.395235  -1.34546 -0.305227  -9.71149 
              60.203 -0.569311   -1.3163  0.345071  14.3499 -2.67871 0.304658 0 0 0 -0.023404   0.02329 -0.038985  0.694524  0.146469 -0.243718 -0.000716267   0.00168078  -0.00220516  -1.04071 -0.351386  0.394192  -1.34466 -0.305332   -9.7116 
              60.303 -0.848623   -1.7811   2.37632  14.4193 -2.69308 0.322767 0 0 0 -0.023404   0.02329 -0.038985   0.570788 -0.0157238   0.171286 -0.000620308   0.00162723  -0.00247254  -1.04155 -0.351565  0.393128  -1.34402 -0.305197  -9.71169 
              60.402 0.0902278  -1.65959   3.52096  14.4788 -2.68953 0.313299 0 0 0 -0.023404   0.02329 -0.038985  0.525787 0.0125666 -0.154688 -0.000624102   0.00173442  -0.00251774   -1.0424 -0.351466  0.393512  -1.34326 -0.305342  -9.71179 
              60.502  0.494827 -0.900001   4.25302  14.5384 -2.67816 0.320464 0 0 0 -0.023404   0.02329 -0.038985   0.600861   0.182153 -0.0808643 -0.000651128   0.00163125    -0.002602  -1.04295 -0.351634  0.393063   -1.3428 -0.305199  -9.71186 
              60.603  0.610387 -0.121429   5.11504  14.5953 -2.67266 0.327176 0 0 0 -0.023404   0.02329 -0.038985   0.504637    0.10621 -0.0355046 -0.000673238    0.0016798   -0.0027603  -1.04389 -0.351537  0.393287  -1.34197 -0.305268  -9.71197 
              60.704  1.31797 -0.81671  5.82074  14.6534 -2.66392 0.318801 0 0 0 -0.023404   0.02329 -0.038985   0.499396  0.0144638 -0.0220334 -0.000688792   0.00169294  -0.00281567  -1.04486 -0.351486  0.393872  -1.3411 -0.30526 -9.71209 
              60.802   1.14659 -0.146551   6.57538  14.6892 -2.67063 0.319482 0 0 0 -0.023404   0.02329 -0.038985    0.20199  0.0214621 0.00610884 -0.000725411   0.00161218  -0.00294949  -1.04547 -0.351449  0.394287  -1.34055 -0.305237  -9.71217 
              60.902  1.76112 0.364762  7.07104  14.7074 -2.65763 0.313307 0 0 0 -0.023404   0.02329 -0.038985 0.0916246  0.228449 -0.103127 -0.000660823   0.00161695  -0.00308554    -1.046 -0.351701  0.394711  -1.34009 -0.304953  -9.71224 
              61.003 0.845041  1.71467  7.04845  14.7157 -2.64423  0.32321 0 0 0 -0.023404   0.02329 -0.038985 -0.00353955   0.0609147   0.0246637 -0.000575247   0.00161414   -0.0033751   -1.0468 -0.351619  0.395212 -1.33938 -0.30491 -9.71234 
              61.102 0.158936   1.3227  9.18102 14.7231 -2.6481 0.31247 0 0 0 -0.023404   0.02329 -0.038985   0.034316 0.00621183  -0.123335 -0.000650709   0.00168073  -0.00358775  -1.04754 -0.351751   0.39621  -1.33875 -0.304672  -9.71243 
              61.207 0.516213  1.26001   12.504  14.7247 -2.65238 0.320996 0 0 0 -0.023404   0.02329 -0.038985 -0.0514444  0.0249169  0.0805456 -0.000654797   0.00169151  -0.00367507  -1.04839 -0.352178  0.396763  -1.33809 -0.304164  -9.71254 
              61.302 0.376947 0.792793  14.1052  14.7292 -2.62276 0.308565 0 0 0 -0.023404   0.02329 -0.038985 0.00858469   0.374548 -0.0894077 -0.000663384   0.00165932  -0.00377331  -1.04922 -0.352876  0.397683 -1.33752  -0.3034 -9.71264 
              61.403 -1.04374  1.79312  15.5437  14.7303 -2.62627 0.315306 0 0 0 -0.023404   0.02329 -0.038985 -0.0577479  0.0243309 -0.0532916 -0.00059698  0.00160507 -0.00398968  -1.04999 -0.353174  0.397717  -1.33695 -0.302949  -9.71274 
              61.502 -1.31596  1.36696  19.0605  14.7333 -2.62559 0.311983 0 0 0 -0.023404   0.02329 -0.038985  -0.024919 0.00857481 -0.0955607 -0.000622712   0.00164657  -0.00412876  -1.05104 -0.353805  0.398179  -1.33626 -0.302107  -9.71286 
              61.603 -1.27491  1.11008  23.4892  14.7372 -2.63179 0.315621 0 0 0 -0.023404   0.02329 -0.038985   -0.05922 0.00528188   0.014702 -0.000663861    0.0016299  -0.00435531   -1.0521 -0.354782  0.398592  -1.33575 -0.300949  -9.71297 
              61.703 -1.10367  0.63784  27.2241  14.7386 -2.62287 0.309043 0 0 0 -0.023404   0.02329 -0.038985 -0.0446142   0.155466 -0.0917034 -0.000635278   0.00162869  -0.00443414  -1.05287 -0.355169  0.399116   -1.3353 -0.300322  -9.71305 
              61.803 -0.749848    0.8691   30.8943    14.74 -2.62378 0.316544 0 0 0 -0.023404   0.02329 -0.038985  -0.0627975 -0.00286794  -0.0106128 -0.000639623   0.00161097  -0.00465728  -1.05398 -0.355787  0.399208   -1.3348 -0.299289  -9.71315 
              61.902 -0.67403 0.587284  34.1658  14.7429 -2.62287 0.311009 0 0 0 -0.023404   0.02329 -0.038985 -0.0260092  0.0496713 -0.0825852 -0.000637032   0.00159646  -0.00474897 -1.05484  -0.3561 0.399814  -1.33438 -0.298569  -9.71323 
              62.003 0.0206515  0.745081   38.3425  14.7513 -2.62501 0.314941 0 0 0 -0.023404   0.02329 -0.038985 -0.0448125   0.033989  0.0116642 -0.000634384   0.00155318  -0.00482866  -1.05536 -0.356067  0.400285  -1.33403 -0.298228  -9.71328 
              62.103 0.0252267    0.4817   42.1735  14.7512 -2.62145 0.310597 0 0 0 -0.023404   0.02329 -0.038985 -0.0848001   0.113634 -0.0705783 -0.000551655   0.00154889   -0.0048841    -1.056 -0.355745  0.400797 -1.33346  -0.2979 -9.71337 
              62.202 0.337067 0.597764  45.8154  14.7504 -2.61282 0.316248 0 0 0 -0.023404   0.02329 -0.038985  -0.081227  0.0713018 0.00896043 -0.000627426   0.00154421  -0.00490902  -1.05653 -0.355842  0.401018   -1.3333 -0.297438  -9.71341 
              62.302 0.118155 0.387234  49.1719  14.7564 -2.61618 0.312084 0 0 0 -0.023404   0.02329 -0.038985 -0.0264334    0.03994 -0.0823935 -0.00060845  0.00156333 -0.00475635  -1.05653 -0.355665  0.401508  -1.33314 -0.297488  -9.71343 
              62.403 0.580319 0.657337  52.6151  14.7637 -2.61319 0.313453 0 0 0 -0.023404   0.02329 -0.038985 -0.0704147  0.0767371  0.0126943 -0.000607209   0.00150798   -0.0047027   -1.0568 -0.355601  0.401745  -1.33302 -0.297272  -9.71345 
              62.502  1.13685 0.495393  55.4408  14.7633 -2.61049 0.310809 0 0 0 -0.023404   0.02329 -0.038985  -0.138277   0.128472 -0.0385088 -0.000613128   0.00159554  -0.00462528  -1.05672 -0.355543  0.402428  -1.33297 -0.297352  -9.71346 
              62.602  1.10232 0.746121  58.0092  14.7599 -2.60075 0.311646 0 0 0 -0.023404   0.02329 -0.038985  -0.149399   0.134992 0.00139341 -0.000651403   0.00152119  -0.00447396  -1.05664 -0.355544  0.402721  -1.33298 -0.297421  -9.71345 
              62.702 0.790093 0.709254  60.4433  14.7652 -2.60366 0.308801 0 0 0 -0.023404   0.02329 -0.038985 -0.0791737  0.0501293 -0.0820951 -0.000651105   0.00156154  -0.00440764   -1.0565 -0.355547  0.403078  -1.33298 -0.297551  -9.71345 
              62.803 0.833717 0.708647  62.8444  14.7713 -2.60132 0.309174 0 0 0 -0.023404   0.02329 -0.038985 -0.0736456  0.0910916 -0.0157872 -0.000675686    0.0015336  -0.00431629  -1.05671 -0.355516   0.40316  -1.33296 -0.297363  -9.71346 
              62.904 1.43741 0.83687 65.4819  14.7721 -2.60091 0.310868 0 0 0 -0.023404   0.02329 -0.038985  -0.137519  0.0969024 -0.0239908 -0.000635214   0.00155751  -0.00426068  -1.05678 -0.355683  0.403584  -1.33311 -0.297325  -9.71344 
              63.002 0.945731 0.642969  67.5051  14.7666 -2.59171 0.307713 0 0 0 -0.023404   0.02329 -0.038985   -0.1843  0.177714 -0.065861 -0.000626926   0.00150902  -0.00415911  -1.05705 -0.355873  0.403859  -1.33331 -0.297113  -9.71342 
              63.102 0.796116 0.823644  69.3828  14.7687 -2.59366 0.309918 0 0 0 -0.023404   0.02329 -0.038985  -0.103197  0.0479242 -0.0540428 -0.000652359   0.00153483  -0.00406333   -1.0575 -0.356136  0.404017  -1.33362 -0.296773  -9.71339 
              63.203 0.614812 0.671697  71.2268  14.7726  -2.5936 0.308102 0 0 0 -0.023404   0.02329 -0.038985 -0.0661706   0.108793  -0.102423 -0.00068188  0.00152536 -0.00392168  -1.05792 -0.356442  0.404258  -1.33397 -0.296484  -9.71335 
              63.303  1.53348 0.835565  73.7622  14.7767 -2.59289 0.312364 0 0 0 -0.023404   0.02329 -0.038985 -0.162424 0.0911788 0.0121571 -0.000742062   0.00153151  -0.00369948  -1.05848 -0.356792  0.404588  -1.33441 -0.296102   -9.7133 
              63.403 0.926184 0.423279   75.838  14.7727 -2.58943 0.307459 0 0 0 -0.023404   0.02329 -0.038985  -0.200601   0.152053 -0.0892136 -0.000613852   0.00158391  -0.00359687  -1.05915 -0.356485  0.405041  -1.33434 -0.295445  -9.71333 
              63.502 0.705278 0.846843  77.8453  14.7708 -2.58422 0.313574 0 0 0 -0.023404   0.02329 -0.038985  -0.132689   0.120496 -0.0075039 -0.000633131     0.001471  -0.00347899  -1.05977 -0.356576  0.405241  -1.33461 -0.294959  -9.71331 
              63.602 0.425872 0.395857  78.8401   14.766 -2.57336 0.309507 0 0 0 -0.023404   0.02329 -0.038985  -0.193449   0.232375 -0.0289859 -0.000655964   0.00158136  -0.00345927  -1.06062 -0.356304  0.405593  -1.33468 -0.294166  -9.71332 
              63.703 -0.144365 -0.379272   79.2411  14.7614 -2.54389 0.308648 0 0 0 -0.023404   0.02329 -0.038985  -0.171124   0.456916 -0.0935206 -0.00065666   0.0016013 -0.00341944 -1.06125 -0.35582   0.4056  -1.33453 -0.293458  -9.71336 
              63.802 -1.47394 -1.05909  80.2939  14.7633 -2.50217 0.310827 0 0 0 -0.023404   0.02329 -0.038985 -0.0725783   0.575921  0.0867809 -0.000665819   0.00158007  -0.00342217  -1.06168 -0.355564  0.405377   -1.3345 -0.293006  -9.71338 
              63.902 -2.46102 -1.61716  80.9543  14.7721  -2.4388 0.303137 0 0 0 -0.023404   0.02329 -0.038985 -0.0956585   0.862388  -0.193831 -0.000702266   0.00160101  -0.00341539  -1.06267 -0.355313     0.405  -1.33473 -0.292121  -9.71338 
              64.002 -1.41387 -1.52945  80.8512  14.7762 -2.36827 0.320926 0 0 0 -0.023404   0.02329 -0.038985 -0.153487  0.828347 0.0632291 -0.000705046   0.00154861  -0.00345276  -1.06323 -0.354966  0.403917  -1.33475 -0.291552  -9.71339 
              64.102 -0.0429018   -2.34815    81.3696    14.78 -2.28525 0.306681 0 0 0 -0.023404   0.02329 -0.038985 -0.0431551   0.909588 -0.0751883 -0.000684857   0.00154674  -0.00342165  -1.06366 -0.354378  0.403609  -1.3345 -0.29096 -9.71344 
              64.202 -0.709819  -1.73153   81.8983  14.7928 -2.20969  0.31889 0 0 0 -0.023404   0.02329 -0.038985 -0.0910073   0.848792  0.0597699 -0.000666982   0.00161793  -0.00333745  -1.06389 -0.354238  0.402518  -1.33453 -0.290762  -9.71344 
              64.303 -0.105601  -2.13972   82.3964  14.8075 -2.13547  0.31205 0 0 0 -0.023404   0.02329 -0.038985 -0.00996974    0.816844   -0.180519 -0.000684583   0.00160454  -0.00326916  -1.06437 -0.353931  0.401876  -1.33453 -0.290267  -9.71346 
              64.403 -0.0971569   -1.34406    82.1589  14.8067 -2.05793 0.327143 0 0 0 -0.023404   0.02329 -0.038985   -0.136888    0.898438 -0.00550637 -0.000723124   0.00146681  -0.00322631 -1.06509 -0.35358 0.400941  -1.33462 -0.289585  -9.71347 
              64.503 0.839019 -1.32025  82.3672  14.8082  -1.9691 0.320659 0 0 0 -0.023404   0.02329 -0.038985  -0.216748   0.953866 -0.0593496 -0.000713732   0.00153357  -0.00325656    -1.066 -0.353556  0.401038  -1.33502 -0.288869  -9.71343 
              64.604  0.960275 -0.559932   82.3829  14.8145 -1.88582 0.324746 0 0 0 -0.023404   0.02329 -0.038985 -0.0510055   0.925911  0.0271021 -0.000606102   0.00143355  -0.00320842  -1.06624 -0.353627  0.401128  -1.33519 -0.288721  -9.71341 
              64.702  0.640126 -0.238768   82.6594  14.8281 -1.80433 0.321815 0 0 0 -0.023404   0.02329 -0.038985 -0.0765044   0.837844 -0.0413647 -0.00067513  0.00152216 -0.00309925  -1.06714 -0.353688  0.401202  -1.33566 -0.288057  -9.71337 
              64.803  0.613975 -0.766348   82.9557  14.8373 -1.72593 0.319367 0 0 0 -0.023404   0.02329 -0.038985 -0.0770943   0.869667 -0.0913716 -0.000623369   0.00152927  -0.00296373  -1.06774 -0.353759  0.400973  -1.33599 -0.287634  -9.71333 
              64.902  0.485076 -0.554299   82.7292  14.8336 -1.64202  0.32325 0 0 0 -0.023404   0.02329 -0.038985  -0.193644   0.904655 0.00398263 -0.000621074   0.00147086  -0.00286137  -1.06801 -0.353476  0.400557  -1.33591 -0.287296  -9.71336 
              65.003  0.548531 -0.674573   82.7177  14.8341 -1.55897 0.316187 0 0 0 -0.023404   0.02329 -0.038985 -0.203037  0.946152 -0.172841 -0.000588506   0.00150395  -0.00278054  -1.06829 -0.353373  0.400488  -1.33596 -0.287036  -9.71336 
              65.103  0.608183 -0.269595   83.0714   14.838 -1.48692 0.314939 0 0 0 -0.023404   0.02329 -0.038985 -0.259787  0.984129 -0.202636 -0.000505777   0.00135098  -0.00284655  -1.06836 -0.353453  0.400324  -1.33606 -0.287017  -9.71334 
              65.202 -1.36712 -3.83564  81.8421  14.8177 -1.60104  0.31763 0 0 0 -0.023404   0.02329 -0.038985 0.000499119     0.17186   -0.270278 -0.000285754   0.00378233  -0.00260493  -1.06966 -0.352452  0.399877  -1.33591 -0.285557  -9.71341 
              65.303 -3.74347 -5.37919  81.0147  14.8337 -1.59599 0.307438 0 0 0 -0.023404   0.02329 -0.038985 0.0656599  0.278095 -0.128613 -0.00039195  0.00637009 -0.00232402  -1.07215 -0.352314  0.402367  -1.33691 -0.283553  -9.71333 
              65.403   1.59892 -0.100983   79.4661  14.8495 -1.58338 0.316902 0 0 0 -0.023404   0.02329 -0.038985   -0.198837    0.687554 0.000891003 -0.000126127    0.0079449  -0.00241038  -1.07295 -0.351798  0.405388  -1.33676 -0.282605  -9.71338 
              65.503 9.43096  4.1099 80.2793  14.8508 -1.56829 0.295151 0 0 0 -0.023404   0.02329 -0.038985 0.00594978   0.733371  -0.723138 0.000205695  0.00993128 -0.00281742  -1.07338 -0.352324  0.405722  -1.33735 -0.282506   -9.7133 
              65.601 11.2292 14.9729 84.3944  14.8826 -1.54353  0.35235 0 0 0 -0.023404   0.02329 -0.038985 0.297759 0.650255 0.212676 0.000512273   0.0125348 -0.00317411  -1.07369 -0.353457  0.407107  -1.33839 -0.282779  -9.71315 
              65.702 18.5605 23.9271 87.2776  14.8766 -1.50217 0.351292 0 0 0 -0.023404   0.02329 -0.038985 -0.0812152   0.875104  0.0324769  0.00112904    0.014356 -0.00344001  -1.07289 -0.354461  0.409495  -1.33894 -0.284118  -9.71303 
              65.803 17.1435 26.5604 80.4214   14.932 -1.72142 0.313438 0 0 0 -0.023404   0.02329 -0.038985  0.755223 -0.681334  -0.67055 0.00151971   0.016212 -0.0037507  -1.07245 -0.355182  0.411637  -1.33951 -0.285259  -9.71292 
              65.902  13.358 24.1012 69.9632  14.9879 -1.76948 0.310689 0 0 0 -0.023404   0.02329 -0.038985   0.835501 -0.0114628  -0.510837  0.00222882   0.0188755 -0.00404885  -1.07216 -0.356109  0.411626  -1.34009 -0.285795  -9.71282 
              66.003  15.279 26.7892 60.4045  15.0616 -1.90397 0.268971 0 0 0 -0.023404   0.02329 -0.038985   0.92163 -0.970241 -0.756882  0.00307042   0.0194221 -0.00449614  -1.07111 -0.357249   0.41243  -1.34074 -0.287289  -9.71269 
              66.102 28.3923 36.5214 46.8245   15.127 -1.99485 0.291227 0 0 0 -0.023404   0.02329 -0.038985  0.774652 -0.670226 -0.598566 0.00328144  0.0210617 -0.0047203  -1.06839 -0.358816  0.413827  -1.34157 -0.290297  -9.71249 
