                 0.3 0 0 0   -0.0148864    -0.016623 -0.000954962 0 0 0 -0.023404   0.02329 -0.038985  -0.129677  -0.134707 -0.0133622 0.00360787  0.0704593  0.0290779 0 0 0 -0.192465 -0.157662  -9.80584 
                 0.4 0.0129061   -1.0349 -0.371452  -0.0148041  -0.0203731 -0.00501723 0 0 0 -0.023404   0.02329 -0.038985  -0.126455  -0.113702 -0.0358097 0.00360783  0.0704592  0.0290779 -2.18969e-07 -1.74115e-07  2.91833e-08 -0.192465 -0.157661  -9.80584 
                 0.5 0.0683586  -1.14894 -0.244708 -0.00314984  -0.0145668 -0.00623083 0 0 0 -0.023404   0.02329 -0.038985  0.00742142 -0.00956115  -0.0522977 0.00355432  0.0675574  0.0267354 -3.11427e-05  -2.2148e-05 -1.92983e-06 -0.192435  -0.15764  -9.80585 
                 0.6  0.135719 -0.670668 -0.211646 -0.0012148  9.621e-05 -0.0039831 0 0 0 -0.023404   0.02329 -0.038985 -0.0535575 -0.0110053 0.00869883 0.00336159  0.0631211  0.0263358    -0.001224  -0.00268736 -0.000493389 -0.191293 -0.155093  -9.80591 
                 0.7 -0.0583039  -0.738903  -0.102917 -0.00702499  -0.0108899 -0.00628611 0 0 0 -0.023404   0.02329 -0.038985  -0.103634 -0.0863541  -0.010939 0.00374028  0.0602347  0.0238499 -0.00285848 0.000443778  0.00179708 -0.189653 -0.158074  -9.80589 
                 0.8  0.064531  -1.01474 -0.246038 -0.00344677 -0.00761954 -0.00326929 0 0 0 -0.023404   0.02329 -0.038985 -0.0136907  0.0162744 -0.0285598 0.00237781   0.056038  0.0225664   -0.0113386 -0.000910916  -0.00254666  -0.18165 -0.156882  -9.80606 
                 0.9  0.138016  -1.12479 -0.320608 -0.00177884   -0.007191  -0.0015914 0 0 0 -0.023404   0.02329 -0.038985 0.0100659 0.0166954 -0.010966 0.00236738  0.0524447  0.0218239   -0.012315 -0.00203474 -0.00539718  -0.18081 -0.155852  -9.80609 
                   1  0.101996 -0.750169 -0.125139  -0.00490657   -0.0099081 -2.17009e-05 0 0 0 -0.023404   0.02329 -0.038985 -0.0650456  -0.058458  0.0343434 0.00301616  0.0509432  0.0205611  -0.0156195 -0.00105718  0.00363095   -0.1773 -0.156663  -9.80615 
                 1.1 -0.120677 -0.509109 0.0472362 -0.00536353  -0.0112556 -0.00309779 0 0 0 -0.023404   0.02329 -0.038985 -0.0569016 -0.0602656 -0.0149101 0.00339943  0.0475216  0.0189527  -0.0249976 -0.00619882   0.0117747 -0.167971 -0.151627  -9.80639 
                 1.2 -0.0855188   -1.00505  -0.208465  -0.0036003  -0.0071961 -0.00304487 0 0 0 -0.023404   0.02329 -0.038985  -0.017995  0.0302228 -0.0218848 0.00231876  0.0464042  0.0188818 -0.0303978 -0.0153598  0.0110266 -0.162773  -0.14285  -9.80661 
               1.299  0.103069  -1.22568 -0.160511 -0.00174386 -0.00717346 -0.00178519 0 0 0 -0.023404   0.02329 -0.038985   0.0104882   0.0185632 -0.00853361  0.002273 0.0446392  0.017792 -0.0292216 -0.0159017   0.012332 -0.163861 -0.142307   -9.8066 
                 1.4  0.0779888  -0.768545 -0.0239237  -0.0042996 -0.00933175 -0.00103107 0 0 0 -0.023404   0.02329 -0.038985 -0.0529666 -0.0480067  0.0221528 0.00271777  0.0426891  0.0172741 -0.0275597 -0.0145135  0.0150601  -0.16537 -0.143601  -9.80655 
                 1.5 0.0193818 -0.758953 0.0441978 -0.00549572  -0.0113054 -0.00280492 0 0 0 -0.023404   0.02329 -0.038985 -0.0589111 -0.0598243 -0.0129243 0.00251217  0.0416536  0.0169332 -0.0324957 -0.0220765  0.0204988  -0.16044 -0.136258  -9.80674 
                 1.6 -0.101706  -1.02693 -0.064019  -0.0036798 -0.00805735 -0.00323972 0 0 0 -0.023404   0.02329 -0.038985 -0.0201119  0.0113858 -0.0306378 0.00205408  0.0397971  0.0160125 -0.0355943 -0.0260837  0.0190016 -0.157512 -0.132421  -9.80684 
                 1.7 0.0963841   -1.2827 -0.155207 -0.00191702 -0.00690822  -0.0015448 0 0 0 -0.023404   0.02329 -0.038985  0.00752287   0.0153755 -0.00471824 0.00221613  0.0385785  0.0158761 -0.0359207 -0.0274401  0.0182084 -0.157226 -0.131126  -9.80686 
                 1.8  0.155316 -0.828822  0.110819 -0.00401115  -0.0085907 -0.00109627 0 0 0 -0.023404   0.02329 -0.038985 -0.0483039 -0.0357825  0.0274616 0.00210233  0.0372233  0.0149389 -0.0344868 -0.0274258  0.0212509 -0.158498 -0.131106  -9.80684 
                 1.9 0.0371117 -0.688872  0.188843 -0.00495044  -0.0117212 -0.00345542 0 0 0 -0.023404   0.02329 -0.038985 -0.0506345 -0.0656624 -0.0218889 0.00233922  0.0362651     0.0148 -0.0355695 -0.0322637  0.0236295 -0.157397 -0.126419  -9.80692 
               1.999 -0.0580577  -0.914145    0.13038 -0.00367151 -0.00790836  -0.0031714 0 0 0 -0.023404   0.02329 -0.038985 -0.0213578  0.0168185 -0.0296026 0.00155203  0.0347303  0.0137521 -0.0359799 -0.0349237  0.0223991 -0.157061 -0.123873  -9.80696 
                 2.1  0.0856622   -1.22819 -0.0179573 -0.00184467 -0.00653568 -0.00202342 0 0 0 -0.023404   0.02329 -0.038985  0.00557078   0.0217715 -0.00317888 0.00165387  0.0340528  0.0138778 -0.0350355 -0.0350484  0.0215316 -0.157996 -0.123772  -9.80695 
                 2.2  0.106887 -0.681401  0.198821 -0.00365644 -0.00923367 -0.00171319 0 0 0 -0.023404   0.02329 -0.038985 -0.0419399  -0.045473  0.0198466 0.0018093 0.0324795 0.0135221  -0.032488 -0.0372089  0.0217929 -0.160457 -0.121717  -9.80693 
               2.301 0.0850551 -0.591216  0.404337 -0.00520724  -0.0108872 -0.00244902 0 0 0 -0.023404   0.02329 -0.038985  -0.0551827  -0.0538185 -0.00860114 0.00162679  0.0319235  0.0128053 -0.0339007 -0.0385484  0.0246016 -0.159029 -0.120381  -9.80697 
                 2.4 -0.198374 -0.984531  0.151019 -0.00371409 -0.00798738 -0.00360331 0 0 0 -0.023404   0.02329 -0.038985 -0.0234251    0.01721 -0.0334536 0.00164394  0.0314452  0.0128176 -0.0351168  -0.042413  0.0246147 -0.157923 -0.116646  -9.80703 
                 2.5 0.0118081  -1.14485  0.145078 -0.00215054 -0.00659389 -0.00201971 0 0 0 -0.023404   0.02329 -0.038985  0.00145788   0.0235574 -0.00136681 0.00156107  0.0303014  0.0124456 -0.0342072 -0.0440409  0.0224523 -0.158885 -0.115116  -9.80704 
                 2.6  0.138556 -0.652154  0.515469 -0.00394767 -0.00890463 -0.00125244 0 0 0 -0.023404   0.02329 -0.038985 -0.0421652 -0.0421594  0.0196939 0.00117736  0.0291865  0.0117182 -0.0328757 -0.0441105  0.0245542 -0.160099  -0.11506  -9.80702 
                 2.7  0.031601 -0.571801  0.566993 -0.00494285  -0.0102816 -0.00247348 0 0 0 -0.023404   0.02329 -0.038985   -0.050579  -0.0430107 -0.00842822 0.00166243  0.0286691  0.0116978 -0.0333014 -0.0464574  0.0250251 -0.159729  -0.11279  -9.80705 
                 2.8 -0.135459 -0.919888  0.306935 -0.00372328 -0.00846085 -0.00338697 0 0 0 -0.023404   0.02329 -0.038985 -0.0243038 0.00449798 -0.0336182 0.00138747  0.0280321   0.011623 -0.0334641  -0.050085   0.024401 -0.159695 -0.109305  -9.80709 
                 2.9 0.0208826   -1.2224  0.240344 -0.00200886  -0.0062491  -0.0027103 0 0 0 -0.023404   0.02329 -0.038985  0.00229523   0.0260648 -0.00567115 0.00130957  0.0273904  0.0111183 -0.0332887 -0.0494694  0.0229253 -0.159882 -0.109913  -9.80708 
                   3 0.0926785 -0.725385  0.520285 -0.00377267 -0.00903116 -0.00169752 0 0 0 -0.023404   0.02329 -0.038985 -0.0426882 -0.0414481  0.0216579 0.00113063  0.0265094   0.010681 -0.0316094 -0.0490271  0.0234114 -0.161465 -0.110385  -9.80705 
               3.101 0.0320726 -0.601934  0.640072 -0.00477774  -0.0108449 -0.00307549 0 0 0 -0.023404   0.02329 -0.038985 -0.0455359  -0.053376 -0.0200638 0.00136091  0.0259919  0.0105476 -0.0318085 -0.0531772  0.0246782 -0.161364 -0.106383   -9.8071 
               3.201 -0.144205 -0.917778  0.411936 -0.00367283  -0.0080719  -0.0030309 0 0 0 -0.023404   0.02329 -0.038985 -0.0266534 0.00890577 -0.0262911 0.00110071  0.0253271  0.0103155 -0.0321391  -0.055186  0.0237038 -0.161144 -0.104449  -9.80712 
                 3.3 -0.0298392   -1.36981   0.293151 -0.00222648 -0.00539066 -0.00281511 0 0 0 -0.023404   0.02329 -0.038985  0.00040243   0.0323733 -0.00440375 0.00120473  0.0252298 0.00994692 -0.0324762 -0.0534998  0.0240203  -0.16075 -0.106055  -9.80711 
               3.401 -0.0391686  -0.845568      0.453 -0.00316621 -0.00798914 -0.00251432 0 0 0 -0.023404   0.02329 -0.038985 -0.0349461  -0.026165  0.0129192 0.00110789  0.0243293 0.00994383 -0.0308739 -0.0543444  0.0246527 -0.162294 -0.105298  -9.80709 
               3.501 0.00456422  -0.614467   0.678693 -0.00515772  -0.0113241 -0.00284819 0 0 0 -0.023404   0.02329 -0.038985 -0.0562032 -0.0631014 -0.0124494 0.00111943  0.0238022 0.00959343  -0.031552 -0.0565666  0.0255765 -0.161688 -0.103138  -9.80712 
               3.601 -0.289696 -0.954341  0.493815 -0.00359642 -0.00844382 -0.00317574 0 0 0 -0.023404   0.02329 -0.038985  -0.0298327  0.00268405 -0.00759384 0.00112389  0.0237282 0.00936906 -0.0332392  -0.057702  0.0257868 -0.160107 -0.101981  -9.80716 
                 3.7 -0.0105344   -1.29575   0.217356 -0.00270149  -0.0059118 -0.00459543 0 0 0 -0.023404   0.02329 -0.038985 -0.00618359   0.0361186  -0.0217477 0.000949308   0.0231767  0.00934133 -0.0330402 -0.0587596  0.0253044 -0.160354 -0.100975  -9.80717 
                 3.8 -0.0823637   -1.01378   0.341409 -0.00197176 -0.00708468 -0.00308103 0 0 0 -0.023404   0.02329 -0.038985 -0.00936618 0.000312714  0.00283953 0.00107053  0.0222758 0.00915085 -0.0323758 -0.0588789   0.024079 -0.161036 -0.100886  -9.80716 
               3.901 -0.0494137  -0.532798   0.621581 -0.00569327  -0.0109938 -0.00124486 0 0 0 -0.023404   0.02329 -0.038985 -0.0682003 -0.0655343 0.00791188 0.00106834  0.0218317 0.00868565 -0.0327719 -0.0591777  0.0249992 -0.160631 -0.100586  -9.80717 
                   4 -0.371124 -0.798921  0.420748 -0.00357661  -0.0098354 -0.00407361 0 0 0 -0.023404   0.02329 -0.038985 -0.0276245 -0.0247091 -0.0171542 0.00102913  0.0216852 0.00885067 -0.0339973 -0.0625727  0.0264855  -0.159528 -0.0972825   -9.80722 
               4.101 -0.0985846   -1.10598   0.181428 -0.00343181 -0.00606526 -0.00301111 0 0 0 -0.023404   0.02329 -0.038985 -0.0132136  0.0356711 -0.0262677 0.000937992   0.0210764  0.00863683 -0.0346177 -0.0636596  0.0252467  -0.159006 -0.0962135   -9.80724 
                 4.2 -0.0603855   -1.19975   0.229824 -0.00181591 -0.00644391  -0.0018338 0 0 0 -0.023404   0.02329 -0.038985  0.0113324  0.0339011 -0.0147214 0.000866602   0.0207482  0.00816221  -0.035284 -0.0619823   0.026079  -0.158287 -0.0978059   -9.80724 
               4.301 -0.104595 -0.614768  0.331303  -0.00491326  -0.00953843 -3.10729e-05 0 0 0 -0.023404   0.02329 -0.038985  -0.065799 -0.0525937  0.0335855 0.00089954  0.0202346 0.00802323 -0.0355775 -0.0624383  0.0276598  -0.157963 -0.0973651   -9.80724 
                 4.4 -0.284768 -0.510555  0.336653 -0.00532543  -0.0107267 -0.00313858 0 0 0 -0.023404   0.02329 -0.038985 -0.0486403 -0.0461477 -0.0259935 0.00105799  0.0200942  0.0080795  -0.037782 -0.0647153  0.0298677  -0.155838 -0.0951278    -9.8073 
                 4.5 -0.185541 -0.815063  0.233936  -0.00406346  -0.00748645 -0.000896219 0 0 0 -0.023404   0.02329 -0.038985 -0.0341325  0.0227867 0.00390631 0.000510167   0.0198338  0.00772215 -0.0399533 -0.0654101  0.0300677  -0.153767 -0.0944052   -9.80734 
                 4.6 0.143185   -1.088 0.104344 -0.00160525 -0.00646725 -0.00240945 0 0 0 -0.023404   0.02329 -0.038985   0.0129091   0.0238194 -0.00348286 0.000719289   0.0195077  0.00792761 -0.0409733 -0.0654957  0.0320938  -0.152753 -0.0943116   -9.80736 
               4.701 0.0486353 -0.699747  0.182761 -0.00229551 -0.00695145 -0.00363417 0 0 0 -0.023404   0.02329 -0.038985 -0.0296681 -0.0115333 0.00128513 0.000858578   0.0189458   0.0076772 -0.0415157 -0.0658951  0.0332362  -0.152216 -0.0939183   -9.80737 
                 4.8 0.0685833 -0.487305  0.423154 -0.00573183  -0.0119451 -0.00393228 0 0 0 -0.023404   0.02329 -0.038985 -0.0633988  -0.077241 -0.0361171 0.00075488  0.0187617 0.00735517 -0.0437207 -0.0666067  0.0345526  -0.150087 -0.0931906   -9.80741 
                 4.9 -0.336089 -0.770255 0.0817387 -0.00380035 -0.00839713 -0.00218242 0 0 0 -0.023404   0.02329 -0.038985    -0.034138 -4.51747e-05   0.00951316 0.000739282   0.0185603  0.00775812 -0.0461489 -0.0695399   0.034619   -0.14782 -0.0903223   -9.80747 
                   5 0.0992033 -0.996386  0.112245 -0.00191039 -0.00607152  -0.0044458 0 0 0 -0.023404   0.02329 -0.038985 0.00960328  0.0292139 -0.0147295 0.0006622 0.0179732 0.0072795 -0.0472519 -0.0699915  0.0353829  -0.146762 -0.0898668   -9.80749 
                 5.1  0.022429 -0.833897  0.250222 -0.00139038 -0.00648782 -0.00372431 0 0 0 -0.023404   0.02329 -0.038985 -0.00468286  0.00731032  0.00411348 0.000601058   0.0177326   0.0070453 -0.0475281 -0.0688337  0.0356748  -0.146471 -0.0909738   -9.80748 
               5.201 -0.00166822   -0.462743    0.284539 -0.00674413  -0.0120282 -0.00197659 0 0 0 -0.023404   0.02329 -0.038985 -0.0873006 -0.0808716  -0.001664 0.000840986   0.0174792  0.00726563 -0.0488907 -0.0690978  0.0360314  -0.145162 -0.0906963   -9.80751 
               5.301 -0.297981 -0.593239  0.261427  -0.0038384  -0.0096067 -0.00379444 0 0 0 -0.023404   0.02329 -0.038985  -0.0320961   -0.018604 -0.00682307 0.000741596   0.0170346  0.00697743 -0.0514521 -0.0711947  0.0366045  -0.142742 -0.0886279   -9.80756 
                 5.4 0.0925524   -1.0176  0.134878 -0.00255456 -0.00530999 -0.00374791 0 0 0 -0.023404   0.02329 -0.038985 0.00499064  0.0453968 -0.0218847 0.00070861  0.0168966 0.00681109 -0.0526889  -0.070883  0.0368015  -0.141545 -0.0888969   -9.80758 
               5.501 0.164087 -1.05289 0.106655 -0.00131001 -0.00627989 -0.00315673 0 0 0 -0.023404   0.02329 -0.038985  0.0161974  0.0337207 -0.0271592 0.000677694   0.0166715  0.00699792 -0.0532505 -0.0698857  0.0373499 -0.140976 -0.089841  -9.80758 
                 5.6  0.201122 -0.555757  0.307224 -0.00581976  -0.0109799 0.000532409 0 0 0 -0.023404   0.02329 -0.038985 -0.0765623 -0.0680179  0.0355914 0.000816723   0.0161892  0.00663325 -0.0539193  -0.070272  0.0386058  -0.140315 -0.0894503   -9.80759 
                 5.7 -0.0627091  -0.648583   0.395406 -0.00470672   -0.011076 -0.00394155 0 0 0 -0.023404   0.02329 -0.038985 -0.0466384 -0.0467348   -0.02162 0.000837056   0.0160457  0.00643373 -0.0563392 -0.0709273   0.040727   -0.13797 -0.0887462   -9.80763 
               5.801 0.0401426  -1.11303  0.276532 -0.00287882 -0.00600324  -0.0037217 0 0 0 -0.023404   0.02329 -0.038985 -0.00048816     0.04093  -0.0289003 0.000740338   0.0159845  0.00633114 -0.0581174  -0.070616  0.0407976  -0.136255 -0.0889949   -9.80765 
                 5.9 0.124857 -1.08093 0.264048 -0.00152113 -0.00657575 -0.00174751 0 0 0 -0.023404   0.02329 -0.038985   0.0142238   0.0296038 -0.00937323 0.000670795   0.0154246  0.00636713 -0.0580008 -0.0698857  0.0407629  -0.136343 -0.0896991   -9.80764 
                   6   0.20896 -0.665287  0.474995 -0.00534636  -0.0103371 0.000630546 0 0 0 -0.023404   0.02329 -0.038985   -0.06428 -0.0558296  0.0349062 0.000696899   0.0152964  0.00621891 -0.0585404 -0.0692354  0.0421395  -0.135769 -0.0902915   -9.80764 
                 6.1 0.00876161  -0.724149   0.553527 -0.00460363  -0.0105828 -0.00357789 0 0 0 -0.023404   0.02329 -0.038985 -0.0446382 -0.0414856 -0.0193368 0.000757379    0.015134  0.00604483 -0.0602094 -0.0695646  0.0443195  -0.134136 -0.0898828   -9.80767 
                 6.2 -0.0249145   -1.07833   0.352113 -0.00260162 -0.00599633 -0.00408139 0 0 0 -0.023404   0.02329 -0.038985 0.000853401   0.0395781  -0.0248374 0.000642889   0.0147885   0.0061211 -0.0607053 -0.0700389  0.0436788  -0.133694 -0.0894119   -9.80768 
               6.301  0.111082 -0.953303  0.742144 -0.00172108 -0.00649027 -0.00256669 0 0 0 -0.023404   0.02329 -0.038985 0.00060812   0.015287 0.00305492 0.000658777    0.014256  0.00532647 -0.0604308 -0.0676205  0.0425952  -0.133853 -0.0917497   -9.80766 
                 6.4  0.280594 -0.681925  0.803852 -0.00495235  -0.0106525 -0.00117737 0 0 0 -0.023404   0.02329 -0.038985 -0.0557058 -0.0627241 0.00900444 0.000489016   0.0144149  0.00567403 -0.0607026 -0.0672673  0.0438352  -0.133544 -0.0920612   -9.80766 
                 6.5 -0.054871 -0.742444   0.70743 -0.00428953 -0.00979985 -0.00352228 0 0 0 -0.023404   0.02329 -0.038985 -0.0379367 -0.0302493 -0.0245627 0.000693699   0.0141792  0.00579669 -0.0612647 -0.0685238  0.0446118  -0.133088 -0.0908089   -9.80768 
                 6.6 0.0025969   -1.0852  0.628641  -0.0019746 -0.00526237 -0.00471179 0 0 0 -0.023404   0.02329 -0.038985 0.00652791   0.040675 -0.0261763 0.000580904   0.0139687   0.0056158 -0.0617305 -0.0687836  0.0434845   -0.13268 -0.0905334   -9.80768 
                 6.7  0.133763 -0.884575  0.945032 -0.00236531 -0.00700163 -0.00250739 0 0 0 -0.023404   0.02329 -0.038985  -0.0173448 -0.00804909   0.0096172 0.00052771  0.0138075  0.0054305 -0.0617405  -0.067901  0.0434194  -0.132593 -0.0913752   -9.80768 
                 6.8   0.21795 -0.707572   1.04854 -0.00433387  -0.0102451 -0.00279842 0 0 0 -0.023404   0.02329 -0.038985 -0.0446291 -0.0463137 -0.0108056 0.000652693   0.0137313  0.00565225 -0.0613878 -0.0689441  0.0439907   -0.13302 -0.0904107   -9.80768 
                 6.9 -0.0491088  -0.824046   0.975661 -0.00373655 -0.00880375 -0.00385583 0 0 0 -0.023404   0.02329 -0.038985  -0.0220313 -0.00366375  -0.0426111 0.000636523   0.0134959  0.00549687 -0.0616606 -0.0699457  0.0438365  -0.132876 -0.0894287   -9.80769 
               7.001 0.167793 -1.08863   1.0701 -0.00209112 -0.00546136 -0.00244058 0 0 0 -0.023404   0.02329 -0.038985 -0.0065832  0.0282228  0.0129188 0.000530046   0.0133728  0.00514887 -0.0621956 -0.0691546  0.0437762  -0.132272 -0.0901146   -9.80769 
                 7.1  0.299928 -0.738464   1.29447  -0.0040604 -0.00991376 -0.00172201 0 0 0 -0.023404   0.02329 -0.038985 -0.0378339 -0.0420572 0.00668463 0.000504727   0.0132671   0.0053136 -0.0620383 -0.0692723  0.0447706   -0.13242 -0.0900142   -9.80769 
                 7.2  0.176779 -0.819554   1.28187 -0.00362623 -0.00928584 -0.00389066 0 0 0 -0.023404   0.02329 -0.038985 -0.0270878 -0.0238684 -0.0312902 0.000633344   0.0130725   0.0052571 -0.0622639 -0.0705129  0.0448404  -0.132387 -0.0888061    -9.8077 
               7.301 0.158244 -1.03141  1.24941 -0.00240946 -0.00576306 -0.00451286 0 0 0 -0.023404   0.02329 -0.038985 -0.00304388   0.0418699   -0.025031 0.000484861   0.0127478  0.00495996 -0.0623546 -0.0702947  0.0443259  -0.132273 -0.0890075    -9.8077 
               7.401  0.198433 -0.808551   1.54463  -0.00360032  -0.00960975 -0.000740486 0 0 0 -0.023404   0.02329 -0.038985 -0.0301055 -0.0439085  0.0230492 0.000574583   0.0126707  0.00491775 -0.0617803 -0.0699752  0.0440412 -0.132766  -0.08941  -9.80769 
                 7.5  0.165082 -0.683366   1.57909 -0.00417588 -0.00929544 -0.00229839 0 0 0 -0.023404   0.02329 -0.038985  -0.0368475  -0.0286803 -0.00937816 0.000685365    0.012552  0.00504424 -0.0619698 -0.0711219  0.0447044  -0.132785 -0.0882843    -9.8077 
                 7.6 0.00921634    -1.0175    1.35072 -0.00355571 -0.00763692 -0.00363358 0 0 0 -0.023404   0.02329 -0.038985 -0.0199555  0.0188589 -0.0363977 0.000568672   0.0126038  0.00507994 -0.0623031 -0.0715799  0.0448148  -0.132563 -0.0877866   -9.80771 
                 7.7 0.176734 -1.14687  1.44943 -0.00237979 -0.00606729 -0.00249617 0 0 0 -0.023404   0.02329 -0.038985 -0.0105235  0.0212267  0.0121187 0.000411754   0.0123496   0.0047625 -0.0621482  -0.071349  0.0443058  -0.132668 -0.0880423   -9.80771 
                 7.8   0.11212 -0.822536   1.61627 -0.00419732  -0.0104479 -0.00159928 0 0 0 -0.023404   0.02329 -0.038985 -0.0394898  -0.056073 0.00629707 0.000570276   0.0123729  0.00504091 -0.0623116 -0.0717509  0.0455556  -0.132569 -0.0876178   -9.80771 
                 7.9 0.0912946 -0.654834   1.61112 -0.00374969  -0.0089156  -0.0035426 0 0 0 -0.023404   0.02329 -0.038985 -0.0318541 -0.0187865 -0.0185934 0.000490849   0.0118068   0.0049338 -0.0623514 -0.0727258  0.0457621  -0.132734 -0.0866986   -9.80772 
                   8 -0.0266517   -1.11071    1.48164 -0.00313718 -0.00773819 -0.00420112 0 0 0 -0.023404   0.02329 -0.038985 -0.0112513  0.0137837 -0.0398819 0.000420026    0.011964  0.00469523 -0.0625997 -0.0731589  0.0448772  -0.132612 -0.0862502   -9.80772 
                 8.1 0.0631603  -1.25374   1.32945 -0.00263229 -0.00650272 -0.00158525 0 0 0 -0.023404   0.02329 -0.038985 -0.0165045 0.00491362  0.0197795 0.000486072   0.0119899  0.00493571 -0.0624342 -0.0738361  0.0450438  -0.132909 -0.0856534   -9.80773 
                 8.2  0.144125 -0.640309   1.84621 -0.00434909  -0.0104051 -0.00146316 0 0 0 -0.023404   0.02329 -0.038985 -0.0426539 -0.0513359 0.00811008 0.000400595   0.0113973  0.00444715 -0.0624006 -0.0737394  0.0457578  -0.132898 -0.0857489   -9.80772 
                 8.3 -0.0842413  -0.905191     1.7088 -0.00363793 -0.00915491 -0.00380769 0 0 0 -0.023404   0.02329 -0.038985 -0.0265234 -0.0200302 -0.0244505 0.000436903   0.0115795  0.00446871 -0.0629077 -0.0748276  0.0462883  -0.132649 -0.0846211   -9.80774 
                 8.4 -0.0841689   -1.29758    1.28307 -0.00315512 -0.00652958 -0.00366826 0 0 0 -0.023404   0.02329 -0.038985 -0.0135129  0.0311306  -0.035776 0.000399518   0.0113807  0.00468797 -0.0624002 -0.0755821  0.0453841  -0.133311 -0.0840402   -9.80773 
                 8.5 -0.0107153   -1.27404    1.35583 -0.00197996 -0.00637532 -0.00167505 0 0 0 -0.023404   0.02329 -0.038985  0.00759801   0.0273075 -0.00986549 0.00040056  0.0110103 0.00442778 -0.0618055  -0.075988  0.0448741  -0.133968 -0.0837958   -9.80773 
                 8.6 -0.0432788  -0.732267    1.64557  -0.0049589  -0.0106178 0.000585664 0 0 0 -0.023404   0.02329 -0.038985 -0.0607772 -0.0651787  0.0456309 0.000380077   0.0109651  0.00425969 -0.0616188 -0.0763135  0.0458725  -0.134165 -0.0835319   -9.80773 
                 8.7 -0.167881 -0.831857   1.61055 -0.00417204  -0.0103094 -0.00424742 0 0 0 -0.023404   0.02329 -0.038985 -0.0317467 -0.0430419 -0.0377149 0.000442555   0.0111637  0.00435143 -0.0625336 -0.0781341  0.0476548 -0.133626 -0.081648  -9.80775 
                 8.8 -0.214724  -1.09094   1.34616 -0.00332202 -0.00694775  -0.0021479 0 0 0 -0.023404   0.02329 -0.038985  -0.0233462   0.0296306 -0.00999772 0.000378738   0.0107559  0.00421346 -0.0624851 -0.0791053  0.0467082  -0.133903 -0.0807473   -9.80775 
                 8.9 -0.0223861   -1.37167    1.26398 -0.00190903 -0.00658222 -0.00288641 0 0 0 -0.023404   0.02329 -0.038985   0.0061842   0.0156756 0.000461675 0.000361172   0.0106481  0.00402418 -0.0622593 -0.0788421  0.0466162  -0.134061 -0.0810392   -9.80775 
                   9 -0.155548 -0.994174    1.2926 -0.00174897 -0.00708476  -0.0042551 0 0 0 -0.023404   0.02329 -0.038985  -0.0177117 -0.00882744   0.0138063 0.000337072   0.0106311  0.00414057 -0.0621665 -0.0793121  0.0468038 -0.134232  -0.08062  -9.80775 
                 9.1 -0.0867814  -0.593681    1.47746 -0.00579541  -0.0117421 -0.00399755 0 0 0 -0.023404   0.02329 -0.038985 -0.0709339 -0.0709103  -0.027554 0.000293097   0.0105593  0.00409309 -0.0626864 -0.0800618  0.0462725 -0.133906 -0.079814  -9.80776 
                 9.2 -0.299032 -0.761135   1.30828 -0.00323461 -0.00829267 -0.00362632 0 0 0 -0.023404   0.02329 -0.038985   -0.022621 -0.00493965 -0.00631716 0.000315068   0.0104567  0.00402583 -0.0637472 -0.0809947  0.0456401  -0.133099 -0.0787318   -9.80778 
                 9.3 0.0559237   -1.0693   1.05922 -0.00358131 -0.00590288 -0.00305543 0 0 0 -0.023404   0.02329 -0.038985 -0.0151523   0.041735 -0.0222689 0.000268572   0.0104249  0.00412479 -0.0642151 -0.0812941  0.0456483  -0.132715 -0.0783654   -9.80779 
                 9.4 -0.0181293    -1.1726    1.09573 -0.00136469  -0.0064579  -0.0023229 0 0 0 -0.023404   0.02329 -0.038985  0.020252 0.0353931 -0.026933 0.000356329    0.010317  0.00398056 -0.0645002 -0.0811577  0.0459897 -0.132419 -0.078452  -9.80779 
                 9.5 -0.0174392  -0.606053    1.25449 -0.00492913 -0.00978612 0.000429781 0 0 0 -0.023404   0.02329 -0.038985   -0.06322 -0.0531297   0.030374 0.000316653   0.0100787  0.00384832 -0.0648343 -0.0810405   0.046805  -0.132065 -0.0785194    -9.8078 
               9.601 -0.154093 -0.561181   1.25572 -0.00485189  -0.0113169 -0.00390908 0 0 0 -0.023404   0.02329 -0.038985 -0.0417067 -0.0542937 -0.0285002 0.000309392  0.00997002  0.00391623 -0.0658057 -0.0819553  0.0480623  -0.131266 -0.0775192   -9.80782 
                 9.7 -0.119779 -0.973932   1.06448 -0.00345079 -0.00620309 -0.00189096 0 0 0 -0.023404   0.02329 -0.038985 -0.0192419  0.0454683 -0.0102506  0.0002604 0.00992461  0.0038484 -0.0664864 -0.0831859  0.0475538  -0.130821 -0.0762491   -9.80783 
               9.801 0.101753 -1.19283  1.09032 -0.00124927  -0.0064426 -0.00257171 0 0 0 -0.023404   0.02329 -0.038985  0.0200235  0.0256206 -0.0123138 0.000289447   0.0097701  0.00367145 -0.0667128 -0.0825473  0.0479693  -0.130507 -0.0768222   -9.80783 
                 9.9 0.0900246 -0.789986   1.12055 -0.00317942  -0.0074822 -0.00176203 0 0 0 -0.023404   0.02329 -0.038985 -0.0405106  -0.017597  0.0253862  0.0002381 0.00969912  0.0037383 -0.0667246  -0.082301  0.0483582  -0.130453 -0.0770566   -9.80783 
                  10 0.0227207 -0.643415   1.22972 -0.00542406  -0.0120872 -0.00391536 0 0 0 -0.023404   0.02329 -0.038985   -0.05699 -0.0737882 -0.0316232 0.000312452  0.00967745  0.00377143 -0.0676614 -0.0830582   0.048853  -0.129673 -0.0762101   -9.80785 
                10.1 -0.159652 -0.892028   1.14061 -0.00353903 -0.00808806 -0.00268916 0 0 0 -0.023404   0.02329 -0.038985 -0.0252911 0.00826799 -0.0108427 0.000219219  0.00951453  0.00358448 -0.0686075 -0.0838009   0.048095  -0.128899 -0.0753649   -9.80786 
              10.201 0.134919 -1.28453 0.935818 -0.00175369 -0.00498902  -0.0038273 0 0 0 -0.023404   0.02329 -0.038985  0.0115783  0.0415393 -0.0102469 0.00025465 0.00947178 0.00364054 -0.0688558  -0.083418  0.0481654  -0.128608 -0.0756888   -9.80786 
                10.3 0.0801444  -0.99287   1.05841 -0.00172366 -0.00666904 -0.00380861 0 0 0 -0.023404   0.02329 -0.038985  -0.0102635 -0.00291113  0.00385946 0.000263065  0.00936014  0.00367112 -0.0686525 -0.0832358  0.0482482  -0.128771 -0.0758901   -9.80786 
                10.4  0.135391 -0.676242   1.29225 -0.00520004  -0.0111844 -0.00299393 0 0 0 -0.023404   0.02329 -0.038985 -0.0605504 -0.0697947 -0.0184865 0.000249072  0.00929156  0.00354629 -0.0690339 -0.0835092  0.0483437  -0.128447 -0.0755803   -9.80787 
                10.5 -0.204368 -0.882277   1.19616 -0.00415989 -0.00926245  -0.0033518 0 0 0 -0.023404   0.02329 -0.038985 -0.0360667  -0.014241 -0.0160347 0.000282304  0.00927108  0.00349922 -0.0700164 -0.0840359   0.048053  -0.127604 -0.0749436   -9.80788 
              10.601 -0.0021595   -1.28762   0.936973 -0.00197121 -0.00511158  -0.0045775 0 0 0 -0.023404   0.02329 -0.038985 0.0073422 0.0421232 -0.022803 0.000239268  0.00917302  0.00362086 -0.0705033 -0.0843517  0.0475265  -0.127201 -0.0745702   -9.80789 
                10.7  0.12477 -1.05588  1.21834 -0.00199744 -0.00689178 -0.00328999 0 0 0 -0.023404   0.02329 -0.038985  -0.0150016 -0.00311548  0.00891702 0.000203868  0.00904024  0.00345736  -0.070349 -0.0838991   0.047251  -0.127285 -0.0750172   -9.80789 
                10.8  0.263214 -0.775693   1.44846 -0.00453798  -0.0103021 -0.00271694 0 0 0 -0.023404   0.02329 -0.038985 -0.0478145 -0.0521291 -0.0114996 0.000244269  0.00897273  0.00342801 -0.0706218 -0.0839615  0.0476267  -0.127026 -0.0749188   -9.80789 
                10.9 -0.113338 -0.934236   1.23472 -0.00383208 -0.00884591 -0.00345829 0 0 0 -0.023404   0.02329 -0.038985  -0.0281966 -0.00744797  -0.0280621 0.000272016  0.00888606  0.00355511 -0.0710038 -0.0847368  0.0475246 -0.126801 -0.074129   -9.8079 
                  11 0.0283502  -1.22164   1.19093 -0.00188328 -0.00509439 -0.00360805 0 0 0 -0.023404   0.02329 -0.038985 0.00749871  0.0437786 -0.0118533 0.000231811  0.00869673  0.00336387 -0.0710114 -0.0847862  0.0469931  -0.126813 -0.0740829    -9.8079 
                11.1  0.144648 -0.932693   1.42462 -0.00295677 -0.00738894  -0.0023338 0 0 0 -0.023404   0.02329 -0.038985 -0.0243504 -0.0114753 0.00786394 0.000235253  0.00868146  0.00334135 -0.0709208 -0.0842951  0.0471139 -0.126806 -0.074558   -9.8079 
                11.2 0.208495 -0.75343  1.59972 -0.00467074  -0.0101847 -0.00243351 0 0 0 -0.023404   0.02329 -0.038985  -0.0460552  -0.0405309 -0.00810801 0.000288235  0.00863543  0.00334135 -0.0710547 -0.0845565    0.04747  -0.126722 -0.0742881    -9.8079 
                11.3 -0.0902723  -0.959564    1.39817 -0.00347038 -0.00793108 -0.00370417 0 0 0 -0.023404   0.02329 -0.038985 -0.0183568  0.0154534 -0.0399903 0.00030213 0.00855276 0.00335801 -0.0711511 -0.0851542  0.0473266   -0.12676 -0.0737145    -9.8079 
                11.4 0.123913 -1.19257  1.38977 -0.00213722  -0.0054256 -0.00218925 0 0 0 -0.023404   0.02329 -0.038985   0.00179126    0.0394713 -0.000248593 0.000255643  0.00842976  0.00326357 -0.0708921 -0.0849564  0.0470022  -0.126961 -0.0739557    -9.8079 
              11.501  0.135648 -0.912793   1.64175 -0.00401234 -0.00938588 -0.00108365 0 0 0 -0.023404   0.02329 -0.038985 -0.0416219 -0.0427062   0.023777 0.000254043  0.00856212  0.00330754 -0.0708083 -0.0849748  0.0477974  -0.127025 -0.0739558    -9.8079 
                11.6  0.091555 -0.690229   1.75276 -0.00403983 -0.00974004 -0.00318217 0 0 0 -0.023404   0.02329 -0.038985 -0.0352837 -0.0359512 -0.0188368 0.00028732 0.00828779 0.00328449 -0.0707534 -0.0856017  0.0484103   -0.12721 -0.0733892    -9.8079 
                11.7 -0.096737  -1.06307   1.56467  -0.0032371 -0.00731371 -0.00404645 0 0 0 -0.023404   0.02329 -0.038985 -0.0141661  0.0239057 -0.0414635 0.000218018  0.00828535   0.0032324 -0.0707806 -0.0859386  0.0478175  -0.127279 -0.0730765    -9.8079 
                11.8 0.0628046  -1.23723   1.48185 -0.00229349 -0.00578215  -0.0016381 0 0 0 -0.023404   0.02329 -0.038985 -0.00168676   0.0296682  0.00427006 0.000266077  0.00824204  0.00334774 -0.0703979 -0.0860777   0.047644 -0.127668  -0.07305   -9.8079 
                11.9 0.0947521 -0.731304   1.87943  -0.00439319  -0.00996708 -0.000541875 0 0 0 -0.023404   0.02329 -0.038985 -0.0453945  -0.046751  0.0260451 0.00021838 0.00810072 0.00317954 -0.0702014 -0.0864913  0.0483836  -0.127933 -0.0727256    -9.8079 
                  12 -0.00977609   -0.822268     1.74535 -0.00399134 -0.00934415 -0.00360318 0 0 0 -0.023404   0.02329 -0.038985 -0.0352607 -0.0272917 -0.0201907 0.000317784  0.00813016  0.00339208 -0.0703206 -0.0873519  0.0491489  -0.128042 -0.0719099    -9.8079 
                12.1 -0.144395  -1.26033   1.61365 -0.00309147 -0.00671386 -0.00409026 0 0 0 -0.023404   0.02329 -0.038985  -0.011492  0.0374808 -0.0389761 0.000220713  0.00810811   0.0032064 -0.0703678 -0.0877096  0.0487786  -0.128107 -0.0715715    -9.8079 
                12.2 -0.0490706   -1.30426    1.56164  -0.0020552 -0.00646766 -0.00221995 0 0 0 -0.023404   0.02329 -0.038985 0.00406423  0.0266269 -0.0127268 0.000269717    0.007934  0.00324643 -0.0700138   -0.08811  0.0482713  -0.128554 -0.0713051    -9.8079 
                12.3 0.00399265  -0.810105    1.69657  -0.0048428  -0.0101427 0.000265282 0 0 0 -0.023404   0.02329 -0.038985 -0.0528815 -0.0533405  0.0348294 0.000262627  0.00791764  0.00339615 -0.0697399 -0.0887517  0.0490246  -0.128944 -0.0708046    -9.8079 
                12.4 -0.0626178  -0.806757    1.89734  -0.0039699 -0.00960028 -0.00362853 0 0 0 -0.023404   0.02329 -0.038985 -0.0317183 -0.0301177 -0.0236383 0.000254086  0.00786902  0.00311003 -0.0700066 -0.0894716  0.0499404  -0.128866 -0.0700864    -9.8079 
                12.5 -0.146049  -1.22252   1.54478 -0.00318081 -0.00699786 -0.00311674 0 0 0 -0.023404   0.02329 -0.038985  -0.017093  0.0313742 -0.0303136 0.000223182  0.00783321  0.00319948 -0.0700291 -0.0902876  0.0495499  -0.129089 -0.0693363   -9.80791 
              12.601 -0.0426746   -1.40801    1.51064 -0.00177255 -0.00603359  -0.0028457 0 0 0 -0.023404   0.02329 -0.038985  0.00785271   0.0314818 -0.00671116 0.000207246  0.00765804  0.00299255 -0.0697048 -0.0901782  0.0492474  -0.129361 -0.0695228    -9.8079 
                12.7 -0.0483221  -0.926039    1.67862 -0.00310248 -0.00806093 -0.00262015 0 0 0 -0.023404   0.02329 -0.038985  -0.032919 -0.0226868 0.00624407 0.000149228  0.00763772  0.00298364 -0.0693357 -0.0903153  0.0493817  -0.129726 -0.0694978    -9.8079 
                12.8 -0.0917632  -0.713806    1.82439 -0.00522831  -0.0109733 -0.00277658 0 0 0 -0.023404   0.02329 -0.038985  -0.048818 -0.0555876 -0.0220342 0.000204327  0.00761424   0.0029767 -0.0696137 -0.0911523  0.0496912  -0.129679 -0.0686671    -9.8079 
              12.901 -0.339639 -0.968852   1.54484 -0.00297398 -0.00761196 -0.00263728 0 0 0 -0.023404   0.02329 -0.038985   -0.0204354    0.0170781 -5.37632e-05 0.000180727  0.00746091  0.00297673 -0.0698693 -0.0917235  0.0493591  -0.129614 -0.0680712   -9.80791 
                  13 0.00697791   -1.34168    1.32901 -0.00227988  -0.0050708  -0.0043005 0 0 0 -0.023404   0.02329 -0.038985 0.00271858  0.0433862 -0.0172704 0.000158037  0.00746429  0.00291562 -0.0697681 -0.0915799  0.0492952  -0.129668 -0.0682272   -9.80791 
                13.1 -0.0864825   -1.05664    1.39123 -0.00183211 -0.00655201 -0.00362072 0 0 0 -0.023404   0.02329 -0.038985 -0.0137815 0.00066264 0.00690937 0.000148643   0.0074275  0.00295806 -0.0694481 -0.0917717  0.0490936  -0.130015 -0.0681263    -9.8079 
                13.2 -0.0636768  -0.542322    1.62656 -0.00574173  -0.0118583 -0.00273396 0 0 0 -0.023404   0.02329 -0.038985 -0.0660601 -0.0791421 -0.0145908 0.000153532  0.00727166   0.0028706  -0.069571 -0.0920463   0.049106  -0.129965 -0.0678466    -9.8079 
                13.3 -0.452772 -0.830235   1.49861 -0.00314335 -0.00922099 -0.00413982 0 0 0 -0.023404   0.02329 -0.038985 -0.0213036 -0.0144588 -0.0122925 0.000167644  0.00731343  0.00279543 -0.0704112 -0.0928856  0.0490684  -0.129387 -0.0668809   -9.80792 
                13.4 -0.0867022   -1.20056    1.24004 -0.00348822 -0.00509388 -0.00341315 0 0 0 -0.023404   0.02329 -0.038985 -0.0157805  0.0523828 -0.0140484 0.000142486  0.00734252  0.00284404 -0.0706394 -0.0931158  0.0490762   -0.12923 -0.0666168   -9.80792 
                13.5 -0.0249058   -1.07116    1.30462 -0.00112488 -0.00650404 -0.00345991 0 0 0 -0.023404   0.02329 -0.038985   0.020086   0.033935 -0.0351098 0.000148216  0.00710768  0.00280082 -0.0706683 -0.0929001   0.049118  -0.129155 -0.0668124   -9.80792 
                13.6 0.0216932 -0.570641   1.43495 -0.00588065  -0.0106964  0.00129808 0 0 0 -0.023404   0.02329 -0.038985 -0.0746083 -0.0704092  0.0367847 0.000132482  0.00705228  0.00273275 -0.0709154 -0.0929865  0.0496144   -0.12893 -0.0666984   -9.80793 
              13.701 -0.184137 -0.686882     1.404 -0.00429505  -0.0104961 -0.00416977 0 0 0 -0.023404   0.02329 -0.038985 -0.0343802 -0.0395061 -0.0270842 0.000159969  0.00707707  0.00275777 -0.0717352 -0.0936718  0.0508632  -0.128288 -0.0659285   -9.80794 
                13.8 -0.0376325   -1.04592    1.22903 -0.00346862 -0.00573007 -0.00236863 0 0 0 -0.023404   0.02329 -0.038985 -0.0181977  0.0551278 -0.0139064 0.00012551 0.00696519 0.00269901 -0.0720658 -0.0940049  0.0504854   -0.12805 -0.0655458   -9.80795 
                13.9 0.11803 -1.2114 1.25258 -0.00139314 -0.00690672  -0.0017349 0 0 0 -0.023404   0.02329 -0.038985  0.0200379  0.0237787 -0.0109937 0.000155273  0.00689596  0.00264067 -0.0722212 -0.0935774  0.0507356 -0.127822 -0.065917  -9.80795 
                  14 0.0829703 -0.856987   1.28944 -0.00366105 -0.00846743 -0.00119216 0 0 0 -0.023404   0.02329 -0.038985  -0.041995 -0.0322544  0.0188299 0.000147332   0.0069565  0.00271724  -0.072292 -0.0936878  0.0515442  -0.127759 -0.0658111   -9.80795 
                14.1 -0.0328325  -0.658566    1.42472 -0.00526563  -0.0115816  -0.0036549 0 0 0 -0.023404   0.02329 -0.038985 -0.0528442 -0.0632528  -0.028379 0.00017786 0.00682746 0.00265265 -0.0726986 -0.0939823   0.051849  -0.127429 -0.0654664   -9.80795 
                14.2  -0.14394 -0.994935    1.2861 -0.00362821 -0.00724402 -0.00267628 0 0 0 -0.023404   0.02329 -0.038985 -0.0223468  0.0293378 -0.0183578 9.26481e-05  0.00678171  0.00259408 -0.0734282 -0.0943115  0.0514314  -0.126819 -0.0650196   -9.80796 
                14.3 0.131883 -1.31851  1.17126 -0.00136604 -0.00582183 -0.00327831 0 0 0 -0.023404   0.02329 -0.038985  0.0165435   0.032439 -0.0126328 8.00063e-05  0.00673065  0.00260122 -0.0733989 -0.0940561  0.0513098  -0.126799 -0.0652595   -9.80796 
                14.4 0.0888419 -0.932931   1.27649 -0.00248327 -0.00723352 -0.00295087 0 0 0 -0.023404   0.02329 -0.038985 -0.0250825 -0.0158285  0.0098282 0.000118956  0.00667152  0.00262318  -0.073152 -0.0939245  0.0512995  -0.127004 -0.0654258   -9.80796 
                14.5  0.126664 -0.677778   1.47745 -0.00501584  -0.0112781 -0.00350605 0 0 0 -0.023404   0.02329 -0.038985 -0.0533111 -0.0660627 -0.0254622 0.000146169  0.00662758  0.00256667 -0.0735032 -0.0939825  0.0515077  -0.126683 -0.0653115   -9.80796 
                14.6 -0.196987 -0.989334   1.27662 -0.00367177 -0.00793968 -0.00301516 0 0 0 -0.023404   0.02329 -0.038985  -0.026527  0.0128514 -0.0147551 0.00012401 0.00666877 0.00260499 -0.0740771  -0.094498  0.0513803 -0.126251 -0.064725  -9.80797 
              14.699 0.0664513  -1.33212   1.15223 -0.00160178 -0.00525731   -0.004188 0 0 0 -0.023404   0.02329 -0.038985 0.0120818  0.041073 -0.015643 0.000125568  0.00656981  0.00253002 -0.0741718 -0.0944976  0.0512211  -0.126165 -0.0647047   -9.80798 
                14.8   0.0899 -1.00908  1.32743 -0.00195692 -0.00664003 -0.00383092 0 0 0 -0.023404   0.02329 -0.038985 -0.0179098 0.00166979 0.00394172 0.000124431  0.00646811  0.00248777 -0.0741544 -0.0940647   0.051073  -0.126106 -0.0651069   -9.80797 
                14.9  0.199149 -0.821396   1.48683 -0.00495151  -0.0103328 -0.00297627 0 0 0 -0.023404   0.02329 -0.038985 -0.0547077 -0.0535363  -0.016403 0.00013966 0.00657583 0.00253327 -0.0744564 -0.0942783  0.0512715 -0.125859 -0.064856  -9.80798 
                  15 -0.186973  -1.00033   1.35592 -0.00383386 -0.00860878 -0.00330649 0 0 0 -0.023404   0.02329 -0.038985  -0.0274759 0.000688859  -0.0247189 0.000136505  0.00647211  0.00251015  -0.074928 -0.0948336  0.0512571  -0.125534 -0.0642515   -9.80799 
              15.101 0.0449528  -1.32225   1.27615 -0.00155256 -0.00519452  -0.0035037 0 0 0 -0.023404   0.02329 -0.038985    0.011099   0.0439918 -0.00627161 9.8848e-05 0.00633725  0.0024092 -0.0750182 -0.0947455  0.0509038   -0.12544 -0.0643111   -9.80799 
                15.2 0.0904126 -0.974252    1.4214 -0.00222238 -0.00725284 -0.00344982 0 0 0 -0.023404   0.02329 -0.038985 -0.0182084 -0.0127792  0.0026871 8.80325e-05  0.00629073  0.00240991 -0.0748174 -0.0944145  0.0509068  -0.125558 -0.0646564   -9.80798 
              15.301  0.142786 -0.763626   1.50119 -0.00491927  -0.0101068 -0.00295814 0 0 0 -0.023404   0.02329 -0.038985 -0.0534073 -0.0481439 -0.0144687 0.000130196  0.00629439  0.00255985 -0.0749297 -0.0947834  0.0508839  -0.125531 -0.0642939   -9.80799 
                15.4 -0.184855 -0.895446   1.45531 -0.00388558 -0.00845777 -0.00327329 0 0 0 -0.023404   0.02329 -0.038985  -0.028067 0.00209947 -0.0274488 0.000137948  0.00616557  0.00240552 -0.0753834 -0.0950565  0.0506446  -0.125181 -0.0639413   -9.80799 
                15.5  0.04697 -1.25936  1.36418 -0.00198356 -0.00504434 -0.00324175 0 0 0 -0.023404   0.02329 -0.038985 0.00757992  0.0434399 -0.0125815 7.7109e-05 0.00616427 0.00236538  -0.075416 -0.0948161  0.0503681    -0.1251 -0.0641492   -9.80799 
                15.6  0.136609 -0.929162   1.51492  -0.0032876 -0.00805899  -0.0020197 0 0 0 -0.023404   0.02329 -0.038985  -0.029952 -0.0210332  0.0136798 0.000129532  0.00612058  0.00248972 -0.0751034 -0.0949176   0.050558  -0.125404 -0.0641309   -9.80799 
                15.7   0.18142 -0.727903   1.76087 -0.00418355 -0.00951361 -0.00259069 0 0 0 -0.023404   0.02329 -0.038985  -0.0370633  -0.0290538 -0.00998125 0.000168048  0.00600675  0.00238289 -0.0751015 -0.0948663  0.0507378  -0.125389 -0.0641793   -9.80799 
                15.8 -0.00605933    -1.04703     1.62144  -0.0032777 -0.00691958 -0.00396207 0 0 0 -0.023404   0.02329 -0.038985 -0.0129053  0.0322886 -0.0390146 9.16297e-05   0.0060423  0.00233265 -0.0752466 -0.0950538  0.0506167  -0.125308 -0.0639722   -9.80799 
                15.9 0.103244 -1.18554  1.63616  -0.0023205 -0.00613585 -0.00179413 0 0 0 -0.023404   0.02329 -0.038985 -0.00974984   0.0186159   0.0165963 0.000126593  0.00603254  0.00237353 -0.0750719 -0.0950088  0.0504813  -0.125454 -0.0640615   -9.80799 
                  16  0.238543 -0.644799   2.02739 -0.00416519 -0.00987644 -0.00157473 0 0 0 -0.023404   0.02329 -0.038985 -0.0389569 -0.0446782 0.00642993 7.44975e-05  0.00586045  0.00228254 -0.0748603 -0.0948731  0.0508608 -0.125595 -0.064244  -9.80799 
                16.1 0.107079 -0.83465    1.895 -0.00381733 -0.00899084 -0.00362548 0 0 0 -0.023404   0.02329 -0.038985 -0.0302948 -0.0184938 -0.0246779 0.000107643  0.00594566  0.00236579  -0.075101 -0.0952923    0.05119  -0.125515 -0.0637932   -9.80799 
                16.2 0.0138582   -1.1981   1.73596 -0.00284271 -0.00601081 -0.00450638 0 0 0 -0.023404   0.02329 -0.038985 -0.00706612   0.0404953  -0.0338949 0.000104452  0.00594771  0.00231787 -0.0750131  -0.095391   0.050899  -0.125626 -0.0637411   -9.80799 
                16.3 0.0853351 -0.998727   1.93673 -0.00273539 -0.00703748 -0.00132247 0 0 0 -0.023404   0.02329 -0.038985  -0.0187564 -0.00397035   0.0217644 0.000134283  0.00580123  0.00226986 -0.0747935 -0.0952497  0.0507927  -0.125766 -0.0639443   -9.80799 
                16.4  0.220104 -0.861454   1.87269 -0.00387644 -0.00958413 -0.00253962 0 0 0 -0.023404   0.02329 -0.038985   -0.035816  -0.0350478 -0.00841129 0.000104602  0.00589647  0.00262496 -0.0748822 -0.0961755  0.0514568  -0.126016 -0.0631047   -9.80799 
                16.5 -0.0822191   -1.07108    2.02682 -0.00385755 -0.00841746 -0.00333308 0 0 0 -0.023404   0.02329 -0.038985  -0.0310221 -0.00493794  -0.0207762 0.000137938  0.00593747  0.00227991 -0.0749784 -0.0964376  0.0517685   -0.12603 -0.0628403   -9.80799 
                16.6 -0.0659232   -1.30687    1.82161 -0.00242932 -0.00519192 -0.00466706 0 0 0 -0.023404   0.02329 -0.038985 -0.00233141   0.0438385  -0.0267109 0.000114404  0.00578072  0.00225387 -0.0747893 -0.0965452  0.0516077 -0.126236 -0.062821  -9.80799 
              16.699 0.0492964  -1.01203    2.0401 -0.00284071 -0.00768761 -0.00204851 0 0 0 -0.023404   0.02329 -0.038985 -0.0207501 -0.0135619  0.0121963 6.40857e-05   0.0056917  0.00227899  -0.074607 -0.0965347  0.0513449 -0.126399 -0.062898  -9.80798 
                16.8 0.110632 -0.92169  2.35169 -0.00445945  -0.0106237 -0.00226224 0 0 0 -0.023404   0.02329 -0.038985   -0.042742  -0.0496508 -0.00866886 0.000150718  0.00585336  0.00218308 -0.0747682 -0.0968039  0.0521249  -0.126329 -0.0626094   -9.80799 
                16.9  -0.15637 -0.986616   2.12217 -0.00340734 -0.00826906 -0.00324408 0 0 0 -0.023404   0.02329 -0.038985 -0.0225282 0.00153344 -0.0174384 0.000118942  0.00565779  0.00217446 -0.0748576 -0.0972658  0.0522284  -0.126444 -0.0621845   -9.80799 
                  17 -0.049531  -1.40352   1.66158 -0.00259732 -0.00509427 -0.00437116 0 0 0 -0.023404   0.02329 -0.038985 -0.00455579    0.042286  -0.0192957  0.0001133 0.00561063  0.0023786 -0.0746805 -0.0976365  0.0518489  -0.126766 -0.0619494   -9.80799 
                17.1 -0.019173  -1.21459   2.06614 -0.00233196 -0.00687497 -0.00311932 0 0 0 -0.023404   0.02329 -0.038985  -0.0182569 -0.00277426   0.0101027 9.76187e-05  0.00563331  0.00214576 -0.0743623 -0.0975179  0.0517809  -0.126986 -0.0621817   -9.80798 
                17.2 0.0791673 -0.792832   2.31389 -0.00454299  -0.0107567 -0.00262451 0 0 0 -0.023404   0.02329 -0.038985 -0.0460184 -0.0619738  -0.011951 8.94836e-05  0.00558979  0.00213931 -0.0744111 -0.0982047  0.0519804  -0.127211 -0.0615819   -9.80798 
                17.3 -0.275621 -0.913172   2.10455 -0.00339285 -0.00887215 -0.00366269 0 0 0 -0.023404   0.02329 -0.038985 -0.0245577 -0.0100845 -0.0134777 0.000112007  0.00550031  0.00217372 -0.0746485 -0.0988568  0.0518118  -0.127295 -0.0609329   -9.80798 
                17.4 -0.0821962   -1.31528    1.81284 -0.00311132 -0.00537556 -0.00394818 0 0 0 -0.023404   0.02329 -0.038985 -0.0123798  0.0507542 -0.0220794 9.01825e-05  0.00545908  0.00215459 -0.0744693 -0.0991642  0.0514761  -0.127589 -0.0607471   -9.80798 
                17.5 -0.0606105   -1.21737    1.91173 -0.00161947 -0.00679462 -0.00278436 0 0 0 -0.023404   0.02329 -0.038985  0.0110076  0.0176443 -0.0222851 0.000117492   0.0053621  0.00208267 -0.0741128 -0.0991204  0.0512241   -0.12788 -0.0609268   -9.80798 
                17.6 -0.0781825  -0.735143    2.03704 -0.00556499  -0.0104989 0.000548022 0 0 0 -0.023404   0.02329 -0.038985 -0.0655513  -0.059468   0.030974 0.000119952  0.00542135  0.00213228 -0.0740089 -0.0995252  0.0516429 -0.128104 -0.060633  -9.80798 
              17.701 -0.269157 -0.812307   2.03502 -0.00320883  -0.0100362 -0.00483794 0 0 0 -0.023404   0.02329 -0.038985  -0.017185  -0.031331 -0.0348601 0.000121107  0.00537837   0.0020951 -0.0744085  -0.100236  0.0523542  -0.128018 -0.0598895   -9.80798 
                17.8 -0.143801  -1.21386    1.7405 -0.00346872 -0.00612748 -0.00227363 0 0 0 -0.023404   0.02329 -0.038985 -0.0235849  0.0475735 -0.0131202 8.8231e-05 0.00536841 0.00207144 -0.0744788  -0.100529  0.0521042 -0.128082 -0.059603  -9.80798 
                17.9 0.0322178  -1.26195   1.70579 -0.00176168 -0.00629443 -0.00210771 0 0 0 -0.023404   0.02329 -0.038985  0.0135737  0.0315482 -0.0138676 0.000116971  0.00522979  0.00202447 -0.0744311  -0.100406   0.052302 -0.128068 -0.059736  -9.80798 
                  18 -0.0562056  -0.971309    1.94204  -0.0038642 -0.00825266 -0.00125708 0 0 0 -0.023404   0.02329 -0.038985 -0.0487363 -0.0359592  0.0187437 0.000125839   0.0054154  0.00187254 -0.0746816  -0.100161  0.0530535  -0.127729 -0.0598826   -9.80799 
                18.1 -0.124333 -0.549189   1.87807 -0.00517436  -0.0113689 -0.00320391 0 0 0 -0.023404   0.02329 -0.038985 -0.0467392 -0.0598316 -0.0265179 0.00010333 0.00512324 0.00206099 -0.0751829  -0.100691  0.0535078  -0.127459 -0.0592627   -9.80799 
                18.2 -0.325956 -0.931335   1.67947 -0.00335896 -0.00734903 -0.00197479 0 0 0 -0.023404   0.02329 -0.038985  -0.0243281   0.0240412 0.000702562 9.30811e-05  0.00517327  0.00199809 -0.075621 -0.101099 0.0536257  -0.127222 -0.0587585     -9.808 
                18.3 0.0118772  -1.26684    1.5432 -0.00186676 -0.00524246 -0.00386087 0 0 0 -0.023404   0.02329 -0.038985  0.0109876  0.0417901 -0.0168485 0.000110405  0.00517243  0.00194797 -0.0757852  -0.100958  0.0539031  -0.127029 -0.0588392     -9.808 
                18.4  0.013563 -0.968018   1.49414 -0.00231417   -0.006759 -0.00331533 0 0 0 -0.023404   0.02329 -0.038985  -0.0250784 -0.00595165  0.00974558 8.04683e-05  0.00517492  0.00205531  -0.07579 -0.100918  0.054061  -0.127009 -0.0588806     -9.808 
                18.5 0.0694079 -0.624796   1.74035 -0.00498543  -0.0105112 -0.00423614 0 0 0 -0.023404   0.02329 -0.038985  -0.053057 -0.0562731 -0.0375418 0.000121352  0.00504905   0.0019521 -0.0761559  -0.101152  0.0541688  -0.126748 -0.0585725   -9.80801 
                18.6 -0.241513 -0.893161   1.60594 -0.00355325 -0.00806157  -0.0029104 0 0 0 -0.023404   0.02329 -0.038985  -0.0280434   0.0094135 -0.00187038 7.82748e-05   0.0050644  0.00191367 -0.0768025  -0.101491  0.0539706  -0.126266 -0.0580864   -9.80802 
                18.7 0.107794 -1.24984  1.40903 -0.00208027 -0.00467646 -0.00451892 0 0 0 -0.023404   0.02329 -0.038985  0.0069454  0.0522444 -0.0173096 5.58554e-05  0.00502327  0.00190017 -0.0767998  -0.101289  0.0538842  -0.126214 -0.0582645   -9.80801 
              18.801 0.0497453  -1.01877    1.5296 -0.00141256 -0.00677301 -0.00393134 0 0 0 -0.023404   0.02329 -0.038985 -0.00540935  0.00363893  0.00217748 9.18115e-05  0.00493857  0.00190464 -0.0767066  -0.101123  0.0538317  -0.126256 -0.0584361   -9.80801 
                18.9  0.116358 -0.668216      1.72 -0.00524289  -0.0104537 -0.00231273 0 0 0 -0.023404   0.02329 -0.038985  -0.0613173  -0.0541971 -0.00574469 9.99342e-05  0.00497162  0.00190559 -0.0768907  -0.101324  0.0540119  -0.126135 -0.0582124   -9.80802 
                  19 -0.214183 -0.902036   1.60853 -0.00383902 -0.00928483 -0.00372217 0 0 0 -0.023404   0.02329 -0.038985 -0.0319174 -0.0142293 -0.0161459 5.92016e-05  0.00499045  0.00189081 -0.0774361  -0.101721  0.0541814  -0.125748 -0.0577186   -9.80802 
                19.1 -0.0149773   -1.26324    1.41562 -0.00241063 -0.00528771 -0.00442784 0 0 0 -0.023404   0.02329 -0.038985  0.0033816  0.0443277 -0.0266225 6.1033e-05 0.00491163  0.0018758 -0.0776053  -0.101809  0.0540686   -0.12562 -0.0575919   -9.80803 
                19.2 -0.0097579    -1.1365    1.54742 -0.00146018 -0.00651062 -0.00314309 0 0 0 -0.023404   0.02329 -0.038985  0.0120295  0.0213888 -0.0202733 5.68168e-05  0.00483099  0.00183916 -0.0775691  -0.101482  0.0539754   -0.12557 -0.0578923   -9.80803 
                19.3 0.0535757 -0.671244   1.73073 -0.00527802  -0.0105938 0.000183681 0 0 0 -0.023404   0.02329 -0.038985 -0.0628584 -0.0608057  0.0254718 5.09495e-05  0.00483038  0.00182827 -0.0776447  -0.101569   0.054334  -0.125509 -0.0578027   -9.80803 
                19.4 -0.197169 -0.814555   1.62217 -0.00411485  -0.0101297 -0.00421879 0 0 0 -0.023404   0.02329 -0.038985 -0.0347313 -0.0325881 -0.0262682 0.000103252  0.00485485  0.00188767 -0.0782056  -0.102079  0.0549668  -0.125128 -0.0572087   -9.80804 
                19.5 -0.037689  -1.16723   1.46906 -0.00324395 -0.00579689 -0.00309424 0 0 0 -0.023404   0.02329 -0.038985 -0.0127623  0.0499675  -0.022689 4.57117e-05  0.00477873  0.00182174 -0.0784215  -0.102229  0.0546959   -0.12498 -0.0570085   -9.80804 
                19.6 0.128759 -1.20697  1.49296 -0.00138866 -0.00700982 -0.00224657 0 0 0 -0.023404   0.02329 -0.038985  0.0193279  0.0236677 -0.0189693 4.00598e-05  0.00464964  0.00181157 -0.078234 -0.101942 0.0545536  -0.125073 -0.0573104   -9.80804 
                19.7  0.112903 -0.881372   1.57304  -0.00416827  -0.00863559 -0.000793135 0 0 0 -0.023404   0.02329 -0.038985 -0.0473759 -0.0344217  0.0209957 9.85565e-05  0.00480026  0.00186667 -0.0781951  -0.102038  0.0550124  -0.125114 -0.0572414   -9.80804 
                19.8 0.0112226 -0.696537   1.71382 -0.00471542  -0.0103961 -0.00330834 0 0 0 -0.023404   0.02329 -0.038985 -0.0434872 -0.0411166 -0.0198827 0.000102397   0.0047252  0.00179296 -0.0785353  -0.102179    0.05548  -0.124833 -0.0570326   -9.80804 
                19.9 -0.0876856   -1.16102    1.51632 -0.00334669 -0.00661307 -0.00330777 0 0 0 -0.023404   0.02329 -0.038985  -0.013423   0.039965 -0.0311686 3.39014e-05  0.00477103  0.00177201 -0.0787727  -0.102263  0.0553554  -0.124644 -0.0568939   -9.80804 
                  20 0.0397882  -1.33013   1.43637 -0.00154708  -0.0063232 -0.00199293 0 0 0 -0.023404   0.02329 -0.038985   0.0145392   0.0293609 -0.00867216 6.73211e-05  0.00468421  0.00178431 -0.0786597  -0.102059  0.0552972  -0.124692 -0.0571043   -9.80804 
              20.101 0.0954259 -0.829754    1.6247 -0.00372763 -0.00879322 -0.00111874 0 0 0 -0.023404   0.02329 -0.038985 -0.0410641 -0.0380335  0.0229241 5.60534e-05  0.00464134  0.00176316 -0.0785484  -0.101971  0.0556211  -0.124756 -0.0572165   -9.80804 
                20.2 0.0294759  -0.73915   1.77575 -0.00483141  -0.0107523 -0.00313224 0 0 0 -0.023404   0.02329 -0.038985 -0.0487326 -0.0493171 -0.0165275 6.59926e-05  0.00467547   0.0017277 -0.0788511  -0.102165  0.0561489  -0.124519 -0.0569729   -9.80804 
                20.3 -0.125438  -1.08076   1.50831 -0.00334376 -0.00729343 -0.00361572 0 0 0 -0.023404   0.02329 -0.038985 -0.0163363  0.0283561 -0.0353756 2.41504e-05  0.00465585  0.00179258 -0.0790818  -0.102308  0.0560605  -0.124355 -0.0567807   -9.80805 
                20.4 0.0887794  -1.32775   1.48249 -0.00165008 -0.00609082 -0.00257915 0 0 0 -0.023404   0.02329 -0.038985     0.01129   0.0312074 -0.00905423 4.00864e-05  0.00459372  0.00173617 -0.079107 -0.102174 0.0559842 -0.124296 -0.056891  -9.80805 
                20.5 0.160528 -0.94161  1.68673 -0.00328695 -0.00757908 -0.00191931 0 0 0 -0.023404   0.02329 -0.038985 -0.0329345 -0.0160593   0.016796 2.87884e-05  0.00459133  0.00171668 -0.0789586   -0.10202  0.0561893   -0.12438 -0.0570708   -9.80805 
                20.6  0.112006 -0.798075   1.81317 -0.00462094  -0.0108204  -0.0032796 0 0 0 -0.023404   0.02329 -0.038985 -0.0436813 -0.0511966 -0.0232485 7.96208e-05  0.00461162  0.00175044 -0.0791332  -0.102187  0.0566378  -0.124256 -0.0568783   -9.80805 
                20.7 -0.127465  -1.05957   1.63744 -0.00338367 -0.00753914 -0.00376604 0 0 0 -0.023404   0.02329 -0.038985 -0.0156318  0.0256097 -0.0386273 4.17187e-05  0.00453759   0.0017202 -0.0793485  -0.102345  0.0564996  -0.124116 -0.0566752   -9.80805 
                20.8 0.0595641  -1.27657   1.64896 -0.00181801 -0.00618703 -0.00217328 0 0 0 -0.023404   0.02329 -0.038985  0.00899828   0.0312347 -0.00976392 3.6451e-05  0.0044974 0.00167516 -0.0793462  -0.102121  0.0563748  -0.124052 -0.0568705   -9.80805 
                20.9  0.124318 -0.871356   1.86198  -0.00411916  -0.00949353 -0.000695882 0 0 0 -0.023404   0.02329 -0.038985 -0.0428076 -0.0424859  0.0244248 4.01419e-05  0.00451416  0.00171014 -0.0792398  -0.102044  0.0568493  -0.124105 -0.0569771   -9.80805 
                  21 0.0658413 -0.746859   1.94826 -0.00430367 -0.00989066 -0.00327935 0 0 0 -0.023404   0.02329 -0.038985 -0.0396112 -0.0318797 -0.0180934 0.000107979  0.00442458  0.00171469 -0.0794184  -0.102264  0.0573031  -0.124009 -0.0567315   -9.80805 
                21.1 -0.0739798   -1.12015    1.79965 -0.00321664 -0.00691506 -0.00401607 0 0 0 -0.023404   0.02329 -0.038985 -0.0133416  0.0352408 -0.0365096 2.61975e-05  0.00443325  0.00164537 -0.079586 -0.102311 0.0571645  -0.123884 -0.0566304   -9.80805 
                21.2 0.104958 -1.25596  1.82912 -0.00215253 -0.00605824 -0.00201125 0 0 0 -0.023404   0.02329 -0.038985 -0.00588734   0.0238717  0.00828868 3.75575e-05  0.00442014   0.0016493 -0.0794451  -0.102128  0.0570774  -0.123938 -0.0568365   -9.80805 
                21.3  0.218009 -0.759658   2.12644  -0.00441493  -0.00962232 -0.000650973 0 0 0 -0.023404   0.02329 -0.038985 -0.0415838 -0.0423339   0.017673 1.95181e-05  0.00435416  0.00165109 -0.0792126   -0.10208  0.0575925    -0.1241 -0.0569684   -9.80805 
                21.4 0.0639597 -0.888759   2.06488  -0.0038395 -0.00871669 -0.00333588 0 0 0 -0.023404   0.02329 -0.038985 -0.0309113 -0.0149223 -0.0187425 3.76291e-05   0.0043695  0.00167871 -0.0793894  -0.102388  0.0579918  -0.124068 -0.0566393   -9.80805 
                21.5 -0.054377  -1.26009   1.84449 -0.00274892 -0.00605007 -0.00470424 0 0 0 -0.023404   0.02329 -0.038985 -0.00723603   0.0408614  -0.0340929 1.49444e-05  0.00433023  0.00166164 -0.0792792  -0.102423  0.0577727  -0.124176 -0.0566582   -9.80805 
                21.6 0.0621307  -1.12247   2.01405  -0.0025747 -0.00655729 -0.00204607 0 0 0 -0.023404   0.02329 -0.038985 -0.0212729 0.00811511   0.021263 6.26232e-05  0.00424884  0.00162219 -0.0791021  -0.102235   0.057631  -0.124244 -0.0568891   -9.80805 
                21.7  0.298312 -0.777293   2.23886  -0.0039754 -0.00954917 -0.00210012 0 0 0 -0.023404   0.02329 -0.038985  -0.0354227  -0.0368814 -0.00390087 -1.84991e-05   0.00425582   0.00167928 -0.0790491  -0.102369  0.0579126  -0.124334 -0.0568009   -9.80805 
                21.8 -0.055497  -1.01745   2.13819 -0.00367277  -0.0082839 -0.00315353 0 0 0 -0.023404   0.02329 -0.038985  -0.0285267 -0.00370069  -0.0128776 5.71648e-06  0.00430352  0.00164256 -0.0790889  -0.102638  0.0581686  -0.124418 -0.0565635   -9.80805 
                21.9 -0.0579878   -1.31449    1.87847 -0.00279184 -0.00541771 -0.00427944 0 0 0 -0.023404   0.02329 -0.038985 -0.00625678      0.0468  -0.0283166 2.55736e-06  0.00421108  0.00163228 -0.0788771  -0.102675  0.0581193  -0.124605 -0.0566333   -9.80805 
              22.001 -0.0191659   -1.18549    1.92993 -0.00214864 -0.00613193  -0.0021222 0 0 0 -0.023404   0.02329 -0.038985 -0.00614684   0.0148696  0.00733033 -1.32334e-05   0.00416349   0.00165817 -0.0786505   -0.10261  0.0579594  -0.124764 -0.0567889   -9.80804 
                22.1 0.0389366 -0.778325    2.2984 -0.00484388  -0.0105033 -0.00112142 0 0 0 -0.023404   0.02329 -0.038985 -0.0529529 -0.0564815  0.0125935 -2.75303e-05   0.00420395   0.00159054 -0.078602 -0.102709 0.0584315  -0.124819 -0.0567318   -9.80804 
                22.2 -0.266958 -0.897102   2.19791 -0.00350162  -0.0092575 -0.00402345 0 0 0 -0.023404   0.02329 -0.038985 -0.0250834 -0.0175097 -0.0228152 2.3607e-05 0.00416082 0.00160037 -0.0788106  -0.103119  0.0587917  -0.124822 -0.0563122   -9.80804 
              22.301 -0.115303  -1.29874   1.86841 -0.00325578 -0.00592858 -0.00349606 0 0 0 -0.023404   0.02329 -0.038985 -0.0140272   0.044115 -0.0248996 -2.99846e-05   0.00411874   0.00162717 -0.0788031  -0.103297  0.0585479  -0.124918 -0.0561663   -9.80804 
                22.4 -0.0570818   -1.33263    1.88022 -0.00186499  -0.0068243 -0.00203693 0 0 0 -0.023404   0.02329 -0.038985  0.0121378  0.0229827 -0.0183393 -8.33683e-06   0.00403893   0.00160134 -0.0786089  -0.103289   0.058459  -0.125074 -0.0562587   -9.80804 
                22.5 -0.0481109  -0.919603    2.07822  -0.00452481  -0.00942559 -0.000240534 0 0 0 -0.023404   0.02329 -0.038985 -0.0529201 -0.0465346  0.0298276 -3.55558e-07   0.00409389   0.00158078 -0.0786617  -0.103516  0.0590272  -0.125087 -0.0560682   -9.80804 
              22.601 -0.114493 -0.749468   2.12457 -0.00428903  -0.0107098 -0.00401269 0 0 0 -0.023404   0.02329 -0.038985 -0.0351133 -0.0414765 -0.0296039 2.4018e-06 0.00400099 0.00159751 -0.0788651  -0.103876  0.0594969  -0.125046 -0.0557005   -9.80804 
                22.7 -0.129213  -1.17032   1.87302 -0.00334597 -0.00660682 -0.00239608 0 0 0 -0.023404   0.02329 -0.038985 -0.0206283  0.0398944 -0.0156643 -4.74858e-05    0.0040263    0.0015765 -0.078982 -0.104135  0.059364  -0.125068 -0.0554345   -9.80805 
                22.8 0.042795  -1.3617  1.69557  -0.0017072 -0.00557842 -0.00313059 0 0 0 -0.023404   0.02329 -0.038985  0.0116535  0.0373984 -0.0122881 -1.54256e-05    0.0039244   0.00157526 -0.0787718  -0.104063  0.0593097  -0.125211 -0.0555803   -9.80804 
                22.9 0.00593701  -0.905833    1.80882 -0.00304963 -0.00756207 -0.00250651 0 0 0 -0.023404   0.02329 -0.038985   -0.03342 -0.0162962  0.0117144 -2.61887e-05   0.00391504   0.00158469 -0.0786528  -0.104008  0.0594193  -0.125282 -0.0556757   -9.80804 
                  23 -0.0229393  -0.740669    1.97601 -0.00495835  -0.0115102 -0.00344495 0 0 0 -0.023404   0.02329 -0.038985 -0.0470704  -0.060761 -0.0273304 2.24336e-05  0.00396767  0.00157644 -0.0788991   -0.10427  0.0596264  -0.125162 -0.0553683   -9.80805 
                23.1 -0.231314   -1.0981   1.75443 -0.00322007 -0.00755831 -0.00268237 0 0 0 -0.023404   0.02329 -0.038985  -0.0233895    0.018591 -0.00413259 -4.80026e-05   0.00399892   0.00155597 -0.0792198  -0.104591  0.0595516   -0.12501 -0.0549778   -9.80805 
                23.2 0.0490953  -1.34741    1.5529 -0.00219512 -0.00526849  -0.0043048 0 0 0 -0.023404   0.02329 -0.038985 0.00493526  0.0411767 -0.0201571 -4.3167e-05   0.0038946  0.00152642 -0.0792191  -0.104583  0.0596571  -0.125006 -0.0549909   -9.80805 
                23.3 -0.00812703    -1.08574     1.68548 -0.00163863 -0.00609673 -0.00364732 0 0 0 -0.023404   0.02329 -0.038985 -0.00469572   0.0139407  0.00333171 -4.8438e-05  0.00386647  0.00150876 -0.0792105  -0.104394  0.0595741  -0.124955 -0.0551534   -9.80805 
                23.4 0.0160453 -0.537004   1.86724  -0.0055792  -0.0113649 -0.00203191 0 0 0 -0.023404   0.02329 -0.038985  -0.0651474  -0.0721437 -0.00672986 -5.79346e-05    0.0037816   0.00150789 -0.0791977  -0.104504  0.0597269 -0.124991 -0.055066  -9.80805 
              23.501 -0.385198 -0.775866   1.75086 -0.00332876  -0.0092649 -0.00421566 0 0 0 -0.023404   0.02329 -0.038985 -0.0219213 -0.0119694 -0.0177914 -3.67961e-06   0.00380783   0.00150941 -0.0796013  -0.104953  0.0598518 -0.124779 -0.054557  -9.80805 
                23.6 -0.0203296   -1.20825    1.51811 -0.00305354 -0.00515624  -0.0035574 0 0 0 -0.023404   0.02329 -0.038985 -0.00681692   0.0499976  -0.0267226 -6.16304e-05   0.00383764    0.0014848 -0.0798364  -0.105005  0.0596758  -0.124591 -0.0544273   -9.80806 
              23.701 -0.0393725     -1.229     1.5448  -0.0013426 -0.00646501 -0.00259617 0 0 0 -0.023404   0.02329 -0.038985  0.0185827  0.0310571 -0.0259379 -5.37828e-05   0.00381819   0.00148314 -0.0797845  -0.104718  0.0597331  -0.124551 -0.0546949   -9.80806 
                23.8 -0.0469478  -0.641029    1.60671  -0.0052548  -0.0107189 0.000324605 0 0 0 -0.023404   0.02329 -0.038985  -0.067124 -0.0658419  0.0295192 -2.85609e-05   0.00375144   0.00154212 -0.0798477  -0.104947  0.0601313  -0.124544 -0.0544956   -9.80806 
                23.9 -0.231399 -0.658031   1.69216 -0.00459796  -0.0102413 -0.00364987 0 0 0 -0.023404   0.02329 -0.038985 -0.0383479 -0.0371347 -0.0230198 -1.17747e-05   0.00375158    0.0014861 -0.0804284  -0.105428  0.0606585  -0.124152 -0.0539437   -9.80807 
                  24 -0.114807  -1.15973   1.45325  -0.0035458 -0.00617436 -0.00220557 0 0 0 -0.023404   0.02329 -0.038985 -0.0203009  0.0450204  -0.014957 -6.37204e-05   0.00381832   0.00149494 -0.0807632  -0.105586  0.0606875  -0.123899 -0.0537185   -9.80807 
                24.1 0.0889026  -1.32484   1.42586 -0.00148654 -0.00636183 -0.00256532 0 0 0 -0.023404   0.02329 -0.038985   0.0155963    0.030555 -0.00892837 -2.90994e-05     0.003694   0.00146514 -0.080833  -0.10545 0.0608836 -0.123804 -0.053833  -9.80807 
                24.2  0.102136 -0.914966   1.55379 -0.00309175 -0.00701951 -0.00240355 0 0 0 -0.023404   0.02329 -0.038985  -0.0342688 -0.00954122  0.00889834 -3.16694e-05   0.00368046   0.00142635 -0.0808901  -0.105278   0.061151  -0.123706 -0.0539833   -9.80807 
                24.3 0.0531564 -0.706625   1.66886  -0.0052456  -0.0111259 -0.00316485 0 0 0 -0.023404   0.02329 -0.038985 -0.0526079 -0.0549924 -0.0222673 -9.37525e-06   0.00368667   0.00144752 -0.0812163  -0.105394  0.0614151  -0.123434 -0.0538177   -9.80808 
                24.4 -0.218178  -1.02469   1.47193 -0.00357931 -0.00741448 -0.00257418 0 0 0 -0.023404   0.02329 -0.038985 -0.0259429  0.0213058 -0.0104146 -4.57993e-05   0.00369466   0.00144438 -0.0816437  -0.105595    0.06142  -0.123102 -0.0535422   -9.80808 
                24.5 0.0893366   -1.3062   1.33401 -0.00163692 -0.00493448 -0.00355177 0 0 0 -0.023404   0.02329 -0.038985   0.014442  0.0399455 -0.0127869 -6.74783e-05   0.00362995   0.00142492 -0.0817481  -0.105445   0.061403  -0.122975 -0.0536504   -9.80808 
                24.6 0.0834502  -1.05279   1.48297 -0.00196725 -0.00616012 -0.00350905 0 0 0 -0.023404   0.02329 -0.038985 -0.0168652 0.00145298 0.00924116 -6.39863e-05   0.00366482   0.00141503 -0.0817361  -0.105159  0.0614949  -0.122925 -0.0539093   -9.80808 
              24.701  0.121349 -0.697981   1.56879 -0.00522444   -0.010497 -0.00322216 0 0 0 -0.023404   0.02329 -0.038985 -0.0579931 -0.0561505 -0.0222894 -3.37042e-05   0.00363812   0.00149438 -0.0818272  -0.105311  0.0616785  -0.122867 -0.0537598   -9.80808 
                24.8 -0.233036 -0.835238   1.53779 -0.00385444 -0.00861272 -0.00306874 0 0 0 -0.023404   0.02329 -0.038985  -0.0319573 -0.00386586  -0.0102936 -2.4158e-05  0.00358008   0.0013994 -0.0822261   -0.10549  0.0616226  -0.122551 -0.0535176   -9.80809 
                24.9 0.0297426  -1.30045   1.36601 -0.00178771 -0.00588306 -0.00476861 0 0 0 -0.023404   0.02329 -0.038985  0.0108633  0.0340239 -0.0233171 -5.33626e-05   0.00360001   0.00138901 -0.0823484  -0.105331  0.0615171 -0.122408 -0.053629  -9.80809 
                  25 0.0167089  -1.11036    1.4825 -0.00188581 -0.00621604 -0.00333341 0 0 0 -0.023404   0.02329 -0.038985  -0.010698  0.0106209 0.00497646 -3.30545e-05   0.00357547   0.00139639 -0.0822434  -0.105139   0.061431  -0.122464 -0.0538171   -9.80809 
                25.1   0.16485 -0.721528   1.73336 -0.00475914  -0.0104382 -0.00233305 0 0 0 -0.023404   0.02329 -0.038985  -0.0503888  -0.0536612 -0.00927283 -3.05236e-05   0.00353462   0.00137561 -0.0823191  -0.105138  0.0615416  -0.122393 -0.0538065   -9.80809 
                25.2 -0.172635 -0.947856   1.61293 -0.00386577 -0.00872607 -0.00343467 0 0 0 -0.023404   0.02329 -0.038985  -0.0298792 -0.00410148  -0.0222704 -1.68999e-05   0.00355708    0.0013817 -0.0825921  -0.105319  0.0616564  -0.122192 -0.0535878   -9.80809 
                25.3 -0.00770079    -1.31302     1.42518 -0.00191788 -0.00465929   -0.004127 0 0 0 -0.023404   0.02329 -0.038985 0.00725159  0.0529598 -0.0143342 -3.58853e-05   0.00350622   0.00138188 -0.0825654   -0.10522  0.0615268  -0.122191 -0.0536772   -9.80809 
                25.4 0.0798455  -1.00552   1.61163 -0.00221945 -0.00629612 -0.00325026 0 0 0 -0.023404   0.02329 -0.038985  -0.016398 0.00574385 0.00613117 -4.05703e-05    0.0034541   0.00136934 -0.0825004   -0.10496  0.0614746  -0.122186 -0.0539201   -9.80809 
                25.5  0.192982 -0.842978   1.91006 -0.00456402  -0.0104542 -0.00300836 0 0 0 -0.023404   0.02329 -0.038985 -0.0486044 -0.0501976  -0.015854 -1.55853e-05   0.00354492   0.00131519 -0.0827112  -0.104853  0.0617359  -0.121966 -0.0539664   -9.80809 
                25.6 -0.117168 -0.926596   1.59504 -0.00355655 -0.00860843 -0.00333306 0 0 0 -0.023404   0.02329 -0.038985   -0.014358 -0.00776794  -0.0238352 -3.3833e-05  0.00347535  0.00144328 -0.0829089   -0.10517  0.0616416  -0.121886 -0.0536358    -9.8081 
                25.7 -0.192564  -1.36103   1.52296 -0.00222926 -0.00848612 -0.00541796 0 0 0 -0.023404   0.02329 -0.038985  0.0401216 -0.0073277 -0.0146682 -1.44144e-05   0.00345971   0.00133952 -0.0829507  -0.105156  0.0615277  -0.121847 -0.0536326    -9.8081 
              25.801 -0.0191088    -1.4835    1.70566   0.0107331   -0.013286 -0.00469258 0 0 0 -0.023404   0.02329 -0.038985   0.153372 -0.0395309 -0.0255702 -4.04494e-05   0.00341323   0.00132862 -0.0832161  -0.104925  0.0610709   -0.12157 -0.0537407    -9.8081 
                25.9  0.58476 -1.25496  1.67247   0.0275363  -0.0150547 0.000792206 0 0 0 -0.023404   0.02329 -0.038985   0.251687 -0.0218822 0.00449908 -6.57087e-05   0.00304774   0.00143223 -0.0830349  -0.105069  0.0600223  -0.121855 -0.0536432    -9.8081 
                  26 0.894017 -1.79799  1.98049   0.0692395  -0.0191493 -0.00255115 0 0 0 -0.023404   0.02329 -0.038985    0.382789 -0.00997631   -0.057564 9.75168e-05  0.00325099   0.0012898 -0.0837533  -0.104642  0.0601716  -0.121102 -0.0537951    -9.8081 
                26.1   1.3045 -2.20284  1.90225    0.116711  -0.0214418 -0.00546394 0 0 0 -0.023404   0.02329 -0.038985  0.505534 0.0427264  0.014233 -1.97045e-06   0.00338523    0.0013543 -0.0842154  -0.104278  0.0606033 -0.120537 -0.053899  -9.80811 
                26.2  1.22628 -2.08251  2.41404    0.174965  -0.0164654 -0.00203439 0 0 0 -0.023404   0.02329 -0.038985     0.577938 -0.000348475    0.0804437 4.67792e-05  0.00309962  0.00130128 -0.0844603  -0.104693  0.0592893   -0.12073 -0.0538021   -9.80811 
                26.3 0.134636 -1.65307  3.26899   0.245182 -0.0193569 0.00858328 0 0 0 -0.023404   0.02329 -0.038985   0.771117 -0.0651886 -0.0584985 7.34123e-05  0.00316726   0.0012049 -0.0850721  -0.105064  0.0581953  -0.120657 -0.0536331   -9.80811 
                26.4 0.00888531   -1.67346    2.49113   0.332053 -0.0153033 0.00722186 0 0 0 -0.023404   0.02329 -0.038985   0.759223 -0.0650799   0.176374 -3.52903e-05   0.00303401   0.00145763 -0.0857487  -0.105897  0.0578567  -0.120761 -0.0527722   -9.80811 
                26.5  1.08566 -2.35491  2.52415   0.426616 0.00291683  0.0200134 0 0 0 -0.023404   0.02329 -0.038985   0.961255  0.0813157 -0.0127628 -0.000105442   0.00315041   0.00128809 -0.0867899  -0.106766  0.0567746  -0.120929 -0.0517745   -9.80812 
              26.601 0.327362 -2.18061  3.42426    0.54333 0.00988369  0.0105604 0 0 0 -0.023404   0.02329 -0.038985     1.04861  -0.0474167 -0.00678625 7.12722e-05  0.00323949  0.00110272 -0.0877287  -0.106954  0.0571582  -0.120463 -0.0509135   -9.80813 
                26.7 0.251471 -1.88552  3.47023   0.649164 0.00779284  0.0244299 0 0 0 -0.023404   0.02329 -0.038985   1.14336 -0.155708 -0.048063 -0.000127041   0.00319976   0.00116035 -0.0881744  -0.107417  0.0564298  -0.120737 -0.0504975   -9.80813 
                26.8 -0.0457892   -2.38056    3.74894    0.768295 0.000247462   0.0203457 0 0 0 -0.023404   0.02329 -0.038985    1.21293 -0.0617658  -0.085096 -0.000155416   0.00310852   0.00118627 -0.0887132  -0.107568   0.056292  -0.120672 -0.0500217   -9.80813 
              26.901  1.70415 -2.81671  3.34767   0.892128 0.00534808  0.0270214 0 0 0 -0.023404   0.02329 -0.038985  1.26747 0.189229 0.067166 -0.000230585   0.00314302   0.00115808 -0.0890667  -0.107488  0.0556973  -0.120649 -0.0498656   -9.80813 
                  27  3.80678 -3.03524  2.32258    1.0252 0.0314409  0.027738 0 0 0 -0.023404   0.02329 -0.038985   1.37732  0.120638 -0.153587 -0.000417878   0.00308618   0.00131074 -0.0897765  -0.107704  0.0547758  -0.120854 -0.0495086   -9.80813 
                27.1  2.20428 -1.22856  3.10305   1.16292 0.0295176 0.0174112 0 0 0 -0.023404   0.02329 -0.038985    1.29403  0.0950939 0.00756321 -0.000270728   0.00313787   0.00119258 -0.0893199  -0.106359  0.0551904  -0.119804 -0.0501229   -9.80814 
                27.2  1.68729 -1.43669  3.26982   1.28709  0.025586 0.0182205 0 0 0 -0.023404   0.02329 -0.038985     1.2543  0.0217092 -0.0540991 -0.000148985   0.00335609    0.0011831 -0.0892063  -0.106629   0.053368 -0.119998 -0.051346  -9.80813 
                27.3  2.39193 -2.30357  2.87195   1.41209 0.0168988  0.015472 0 0 0 -0.023404   0.02329 -0.038985   1.25779 0.0144902  0.105018 -0.00020331  0.00345453  0.00116624 -0.0886083  -0.106638  0.0519466  -0.120026 -0.0527066   -9.80812 
                27.4  3.99659 -2.18302   1.4325   1.54581 0.0190785 0.0262746 0 0 0 -0.023404   0.02329 -0.038985   1.38174  0.129228 -0.164284 4.7804e-07 0.00319557 0.00146236 -0.0882414  -0.106417  0.0505581  -0.119772 -0.0539617   -9.80812 
                27.5    3.1084 -0.728664   2.50578    1.69286  0.0143579 0.00398181 0 0 0 -0.023404   0.02329 -0.038985     1.30941 -0.00270558  -0.0479723 0.000159872  0.00319703  0.00114801 -0.0884903  -0.106242  0.0499817  -0.119411 -0.0543443   -9.80812 
                27.6   3.11202 -0.355893   3.07179    1.82629 0.00895318 0.00376471 0 0 0 -0.023404   0.02329 -0.038985   1.28765 -0.129119 -0.261071 0.000212508  0.00361567  0.00113057 -0.0886992  -0.107696  0.0477061  -0.119633 -0.0553574   -9.80811 
                27.7  2.69561 -1.20218   2.6669    1.95992 0.00105866 -0.0043297 0 0 0 -0.023404   0.02329 -0.038985    1.37586 -0.0823398  -0.238236 2.18986e-06  0.00350884  0.00122115 -0.0884601  -0.109568  0.0445043  -0.119738 -0.0569905    -9.8081 
                27.8  4.41301 -1.33551  2.05084     2.09331 0.000880256   0.0164388 0 0 0 -0.023404   0.02329 -0.038985     1.44634   0.0939252 -0.00499135 -3.95916e-05   0.00331427   0.00118924 -0.0880675  -0.111502  0.0411886  -0.120047 -0.0586242   -9.80809 
              27.901   4.43881 -0.883737   1.84125   2.23476 0.0148835 0.0181084 0 0 0 -0.023404   0.02329 -0.038985    1.40753 -0.0300251  -0.166622 9.93068e-05  0.00332202  0.00117937 -0.0881819  -0.113392  0.0394029 -0.120604 -0.059018  -9.80808 
              28.001   3.7702 0.872596  2.71419   2.35727 0.0181918  0.022758 0 0 0 -0.023404   0.02329 -0.038985    1.23806 -0.0427777  -0.128773 6.93734e-05   0.0033568  0.00119233 -0.0882008  -0.113682  0.0395971  -0.120816 -0.0586251   -9.80808 
                28.1   2.59134 -0.649146   2.58071   2.47529 0.0226019 0.0169542 0 0 0 -0.023404   0.02329 -0.038985   1.22922 0.0897288 -0.192574 7.78275e-05  0.00346844  0.00117261 -0.0881807  -0.114504  0.0382046  -0.120599 -0.0594407   -9.80808 
                28.2  2.88017 -1.38716  3.10266   2.59421 0.0263635 0.0218976 0 0 0 -0.023404   0.02329 -0.038985    1.32473    0.14884 -0.0628293 1.58309e-05  0.00343189   0.0011415 -0.0878448  -0.114855  0.0370987 -0.120466 -0.060276  -9.80808 
                28.3  3.83834 -2.27244  2.71593   2.73215 0.0451406 0.0195134 0 0 0 -0.023404   0.02329 -0.038985   1.38575 0.0999036 -0.249505 6.38776e-05   0.0034091  0.00107491 -0.088036 -0.115774 0.0349023   -0.12006 -0.0611262   -9.80807 
                28.4   2.58568 -0.294844   3.46582    2.86863   0.045896 0.00758672 0 0 0 -0.023404   0.02329 -0.038985    1.26708 -0.0623178  -0.129362 1.87791e-06  0.00330166  0.00112035 -0.0882947  -0.116525   0.033129  -0.119926 -0.0619081   -9.80807 
                28.5   2.2836 -1.05598  3.87428    2.99244  0.0333028 0.00359658 0 0 0 -0.023404   0.02329 -0.038985   1.26586 -0.108842 -0.350811 0.000195743  0.00365281  0.00112751 -0.0881209  -0.118815  0.0288307 -0.120179 -0.063996  -9.80805 
                28.6  2.95116 -1.55672  3.22667   3.11561 0.0334733 0.0065075 0 0 0 -0.023404   0.02329 -0.038985  1.21775 0.015623 -0.03592 2.02722e-05  0.00371909  0.00114335 -0.0879357  -0.121324  0.0245393 -0.12047  -0.0657 -9.80804 
                28.7  3.72038 -1.65702  2.19374   3.23332 0.0413487 0.0338588 0 0 0 -0.023404   0.02329 -0.038985    1.25656   0.148948 -0.0183901 0.000161712  0.00370187  0.00116933 -0.0874287  -0.123228  0.0206109  -0.120746 -0.0677592   -9.80802 
                28.8  3.43706 -1.10495  2.44984   3.35738 0.0529952 0.0285021 0 0 0 -0.023404   0.02329 -0.038985    1.14888 -0.0385353 9.2003e-05 0.000204395  0.00364497  0.00107737 -0.0876401  -0.124037  0.0199776  -0.121105 -0.0677615   -9.80802 
                28.9  3.29254 0.362732  2.94026   3.45484 0.0464867 0.0458818 0 0 0 -0.023404   0.02329 -0.038985   0.928416 -0.0984758  0.0520759 8.35311e-05  0.00355598  0.00111395 -0.0876447  -0.124326  0.0196171  -0.121201 -0.0679252   -9.80802 
                  29  2.79759 -0.36156  3.16926   3.55158 0.0478106 0.0413987 0 0 0 -0.023404   0.02329 -0.038985   0.913445  0.0507104 -0.0319791 9.84591e-05  0.00356846  0.00105883 -0.0884603  -0.123985  0.0205288 -0.120897 -0.066825  -9.80803 
                29.1   3.02734 -0.542456   2.87891   3.63993 0.0604735 0.0431596 0 0 0 -0.023404   0.02329 -0.038985    0.82991   0.123958 -0.0532242 0.000128539  0.00355602  0.00111985 -0.0891564  -0.123872  0.0211558  -0.120747 -0.0659606   -9.80803 
                29.2   3.6466 -1.02333  2.63567   3.72936 0.0745809 0.0319846 0 0 0 -0.023404   0.02329 -0.038985   0.771556 0.00623933 -0.0757961 -1.48727e-05   0.00356101   0.00104925 -0.0898914  -0.123434  0.0216581  -0.120284 -0.0653299   -9.80804 
                29.3  2.92714 0.228903  3.02776   3.80072 0.0669377  0.032338 0 0 0 -0.023404   0.02329 -0.038985   0.531589 -0.0412459  0.0105925 -9.42436e-06   0.00360262   0.00109473 -0.0902339  -0.123008  0.0216002  -0.119763 -0.0653442   -9.80805 
                29.4 3.39538  0.0559 3.18349   3.85582 0.0638696  0.031031 0 0 0 -0.023404   0.02329 -0.038985  0.450481 0.0344705 -0.122712 0.000131593  0.00364796  0.00106578 -0.0904326  -0.123307  0.0205585  -0.119288 -0.0657289   -9.80805 
                29.5  3.53076 0.871447  2.53226   3.89269  0.079389 0.0303734 0 0 0 -0.023404   0.02329 -0.038985  0.137061 0.0475995 0.0396526 0.000108019  0.00360401  0.00116564 -0.0910768  -0.123326  0.0206125     -0.119 -0.0652121   -9.80806 
                29.6 1.57796 0.84848 2.85051   3.90911 0.0810232 0.0222454 0 0 0 -0.023404   0.02329 -0.038985   0.067424 -0.0769826   -0.16945 0.000165112   0.0035777  0.00111386 -0.0913107  -0.123693  0.0198129  -0.118527 -0.0653058   -9.80807 
                29.7 2.01259 1.56694 3.35478   3.91737 0.0773381 0.0180925 0 0 0 -0.023404   0.02329 -0.038985 -0.0384331  0.0168782 -0.0541018 0.000133528  0.00356441  0.00110259 -0.0917573  -0.123703  0.0192398  -0.117838 -0.0651909   -9.80808 
                29.8 2.53105 1.12811 3.64411   3.92136 0.0833804 0.0179912 0 0 0 -0.023404   0.02329 -0.038985 -0.0177021  0.0714816 -0.0540737 0.00013357 0.00362602 0.00105129 -0.0918055  -0.123959  0.0181758 -0.117121 -0.065233  -9.80808 
                29.9 2.58899 1.41351 3.38278   3.85298  0.063889 0.0347667 0 0 0 -0.023404   0.02329 -0.038985  -0.127803 -0.0945799  0.0515513 9.09391e-05  0.00355627  0.00110148 -0.0922693  -0.124094  0.0175318  -0.116482 -0.0648764   -9.80809 
                  30  2.1347  1.1426 3.58415    3.8629 0.0674282 0.0268147 0 0 0 -0.023404   0.02329 -0.038985   -0.0241051    0.0258798 -0.000679063 0.000112526  0.00342592  0.00101136 -0.0961598  -0.122317   0.018829  -0.114683 -0.0621188   -9.80813 
                30.1 2.32126   0.685 3.82015   3.86047 0.0708205 0.0301823 0 0 0 -0.023404   0.02329 -0.038985 -0.00510356   0.0544991 -0.00653835 0.000135691   0.0034676 0.000995799 -0.0992523  -0.120928  0.0194393  -0.113009 -0.0598375   -9.80817 
                30.2  1.98854 0.372578  3.88234   3.86385 0.0698783 0.0282217 0 0 0 -0.023404   0.02329 -0.038985 0.0216868 0.0375946 -0.015219 0.000118358  0.00346259  0.00101142 -0.101913 -0.119477 0.0201954  -0.111622 -0.0577791   -9.80819 
                30.3 1.92221 0.51489 3.89842   3.85686 0.0644629 0.0311387 0 0 0 -0.023404   0.02329 -0.038985  -0.102004 -0.0737562 -0.0172457  0.00013288  0.00344959 0.000982427 -0.104561 -0.118163 0.0207511  -0.110264 -0.0555969   -9.80822 
                30.4  1.47574 0.226497  3.93937   3.86154 0.0650448 0.0298991 0 0 0 -0.023404   0.02329 -0.038985  -0.0317057 -0.00168086   0.0174446 0.000116384  0.00340477 0.000939455 -0.107591 -0.116938 0.0214546  -0.109045 -0.0529733   -9.80825 
                30.5   1.82755 -0.145535   3.98961   3.86106 0.0688175 0.0279849 0 0 0 -0.023404   0.02329 -0.038985 0.00133881  0.0349276 -0.0374014 0.000134815  0.00342072  0.00099582 -0.110067 -0.116158 0.0219507  -0.108229 -0.0507773   -9.80827 
                30.6   1.40042 -0.422595    4.1781   3.86394 0.0686972 0.0298869 0 0 0 -0.023404   0.02329 -0.038985  0.0362987  0.0222696 -0.0222353 0.000134988  0.00336468 0.000992881 -0.112171 -0.115272 0.0221397   -0.10726 -0.0489167   -9.80829 
                30.7   1.19655 -0.241749   4.28298   3.85863 0.0653749 0.0334928 0 0 0 -0.023404   0.02329 -0.038985 -0.0741734 -0.0507768  0.0289221 0.000106978  0.00338941 0.000983409 -0.114142 -0.114527 0.0224922  -0.106539 -0.0471157   -9.80831 
                30.8  0.785086 -0.428554   4.39295   3.85898  0.065502 0.0287785 0 0 0 -0.023404   0.02329 -0.038985 -0.0505454 -0.0292669 -0.0245572 0.000127007  0.00337423 0.000918876 -0.116511 -0.113957 0.0231111  -0.106091 -0.0448996   -9.80832 
                30.9  0.704845 -0.831099   4.16658    3.8609  0.068433 0.0314571 0 0 0 -0.023404   0.02329 -0.038985 -0.00357186   0.0165183 -0.00638052 9.32717e-05  0.00333608  0.00100506 -0.118599 -0.113329 0.0231667 -0.105503 -0.042951  -9.80834 
                  31 0.526254 -1.19961  4.19892   3.88708 0.0804416 0.0269951 0 0 0 -0.023404   0.02329 -0.038985   0.165433  0.0388483 -0.0102665 0.00013739 0.00322683 0.00099641 -0.120128 -0.112742 0.0235064  -0.105017 -0.0415153   -9.80835 
                31.1 0.0452235  -1.30645   4.20767   3.91392 0.0869118 0.0278626 0 0 0 -0.023404   0.02329 -0.038985   0.285373  0.0722242 -0.0294765  9.7276e-05  0.00331944 0.000989511 -0.120476 -0.112589 0.0230724  -0.104857 -0.0411904   -9.80835 
                31.2 -0.0388241   -1.25909     4.1682   3.94124 0.0924412 0.0277343 0 0 0 -0.023404   0.02329 -0.038985    0.304725   0.0624243 -0.00306681 9.12317e-05  0.00329116 0.000993731  -0.12008 -0.112707 0.0227489  -0.104972 -0.0415593   -9.80835 
                31.3 -0.191224  -1.53441   4.18802   3.96795 0.0933629 0.0287819 0 0 0 -0.023404   0.02329 -0.038985  0.300486 0.0218657 0.0292395 5.26298e-05  0.00336848  0.00107884 -0.119946 -0.112646 0.0223438  -0.104955 -0.0416723   -9.80835 
                31.4 -0.0461817    -2.1367    4.00389   4.00258 0.0915271 0.0322365 0 0 0 -0.023404   0.02329 -0.038985  0.401279 0.0405664 0.0774601 5.50402e-05  0.00339904  0.00105304 -0.119391 -0.112417 0.0218684  -0.104816 -0.0421711   -9.80835 
                31.5 -0.191367    -2.195   4.86659   4.04848 0.0863709  0.043691 0 0 0 -0.023404   0.02329 -0.038985   0.550874 -0.0164135  0.0730104 0.000105719  0.00335892  0.00095285 -0.119068 -0.112198 0.0216253  -0.104668 -0.0424755   -9.80835 
                31.6  0.32137 -2.61863  4.11448   4.11537 0.0819671 0.0464372 0 0 0 -0.023404   0.02329 -0.038985   0.595538 0.00231041   0.189532 6.3598e-05 0.00325394 0.00111043 -0.119042 -0.111816 0.0215849  -0.104321 -0.0424986   -9.80835 
                31.7  1.85887 -3.06691  3.83211     4.193 0.0924087 0.0611648 0 0 0 -0.023404   0.02329 -0.038985 0.808826 0.151796 0.102056 -2.84296e-06   0.00317253    0.0010893   -0.1193 -0.111397 0.0216059  -0.103931 -0.0422452   -9.80836 
                31.8  1.48939 -3.08931  4.60037   4.29829  0.098762 0.0604256 0 0 0 -0.023404   0.02329 -0.038985  0.935314 0.0825178 0.0383202 0.000101425  0.00310394 0.000879253 -0.119607 -0.110247 0.0225626  -0.102603 -0.0416248   -9.80838 
              31.901 0.912146  -2.6155  4.43076   4.40731   0.09935 0.0696606 0 0 0 -0.023404   0.02329 -0.038985     1.0463 -0.0670354   0.045696 2.30429e-05  0.00304428 0.000959991 -0.119971 -0.109358  0.023043  -0.101674 -0.0410468   -9.80839 
                  32 0.204964 -2.70106  4.31873   4.52077 0.0856752 0.0699701 0 0 0 -0.023404   0.02329 -0.038985    1.17197 -0.0257479 -0.0278721 4.61509e-06  0.00301918 0.000962352 -0.119671 -0.108673 0.0235016 -0.100918 -0.041067  -9.80839 
                32.1  2.05477 -3.06728  4.04832   4.64416 0.0869277 0.0683055 0 0 0 -0.023404   0.02329 -0.038985   1.30291  0.108935 -0.050275 8.02926e-05  0.00311295 0.000927602 -0.119586 -0.108195 0.0243294  -0.100259 -0.0407516    -9.8084 
              32.199  3.05147 -3.24505  3.34581   4.77433 0.0939393 0.0621578 0 0 0 -0.023404   0.02329 -0.038985   1.37556 0.0533084 -0.159415 5.96857e-05  0.00303196  0.00085776 -0.119331 -0.107971 0.0237101  -0.100162 -0.0412928    -9.8084 
                32.3  1.62959 -1.24296   3.6304   4.91111  0.095132 0.0532508 0 0 0 -0.023404   0.02329 -0.038985     1.19692 -0.00318884   0.0500036 8.34082e-05  0.00301382 0.000946592 -0.119674 -0.107978  0.023102  -0.100214 -0.0413811    -9.8084 
                32.4 1.77397  -1.144 4.18462   5.02469 0.0839757 0.0493103 0 0 0 -0.023404   0.02329 -0.038985    1.16441 -0.0649615  -0.231461 0.000126193  0.00324696 0.000924067 -0.119467 -0.108677 0.0214518  -0.100786 -0.0424091   -9.80839 
                32.5  2.91684 -1.59905  3.55017   5.14054 0.0767739  0.045446 0 0 0 -0.023404   0.02329 -0.038985   1.19825  0.002677 -0.148974 -3.83188e-05     0.003241  0.000913191 -0.119058 -0.109262 0.0196301  -0.100975 -0.0434522   -9.80838 
                32.6   3.8796 -2.06295   2.5011   5.26486 0.0822036 0.0521786 0 0 0 -0.023404   0.02329 -0.038985    1.3105  0.171975 -0.124329 2.61692e-05   0.0032055  0.00105914 -0.118827 -0.109921 0.0175845  -0.101004 -0.0444704   -9.80838 
                32.7  3.76594 -1.14273  2.64453   5.39828 0.0895378 0.0483602 0 0 0 -0.023404   0.02329 -0.038985   1.33624 0.0224578 -0.190937 0.000191359  0.00311057 0.000892708 -0.118747 -0.110791 0.0155664  -0.101119 -0.0457002   -9.80837 
              32.801  3.11913 0.141262   2.9177   5.51663 0.0887777 0.0633273 0 0 0 -0.023404   0.02329 -0.038985    1.14984 -0.0225377 0.00264012 6.54165e-05  0.00317731 0.000894313 -0.118634 -0.111479 0.0140846  -0.101217 -0.0467668   -9.80837 
                32.9  2.20617 -0.73446    2.871   5.62933 0.0774424 0.0698362 0 0 0 -0.023404   0.02329 -0.038985    1.15012 -0.0151187 -0.0239876 8.85279e-05   0.0031273 0.000958592 -0.118618 -0.111566 0.0129952  -0.100838 -0.0475809   -9.80837 
              33.001  3.44232 -1.75522  2.47293   5.75464 0.0732425 0.0735859 0 0 0 -0.023404   0.02329 -0.038985  1.19181 0.043648 0.097211 3.84676e-05  0.00314286 0.000936506 -0.119148 -0.111172 0.0129652  -0.100261 -0.0474349   -9.80837 
                33.1  3.92581 -1.88542  1.47748   5.88838   0.08505 0.0716521 0 0 0 -0.023404   0.02329 -0.038985    1.3578 0.0948514 -0.195674 0.000132684  0.00313093 0.000886257 -0.119692 -0.111052 0.0127871 -0.0997888 -0.0472891   -9.80838 
                33.2   2.23485 -0.853218   2.33306    6.0237 0.0741088 0.0579524 0 0 0 -0.023404   0.02329 -0.038985    1.32499 -0.0823063 -0.0105276 0.00021112 0.00322029  0.0007448 -0.119633 -0.110418 0.0127094 -0.0994917 -0.0478091   -9.80838 
                33.3 1.42641 -1.3297 2.55417   6.15848 0.0673065 0.0578505 0 0 0 -0.023404   0.02329 -0.038985    1.36073 -0.0915933   -0.19157 0.000273801  0.00347029 0.000774042 -0.119717 -0.111868 0.0106503 -0.0996385 -0.0484865   -9.80837 
                33.4  2.00395 -1.98609  2.37132   6.28457 0.0528346  0.051546 0 0 0 -0.023404   0.02329 -0.038985   1.30021  -0.14515 0.0149021 0.000116584  0.00352862   0.0007023 -0.118959 -0.112777 0.0085325  -0.100185 -0.0495554   -9.80836 
                33.5  3.64196 -1.93989 0.956577   6.41474 0.0635017 0.0704979 0 0 0 -0.023404   0.02329 -0.038985   1.40362 0.0321045 -0.154274 0.000133401   0.0035414 0.000912621  -0.118804  -0.114409 0.00589939 -0.100751 -0.049897  -9.80836 
                33.6  2.58195 -0.87832  1.75209   6.54793 0.0597296 0.0553424 0 0 0 -0.023404   0.02329 -0.038985    1.22948 -0.0983206 -0.0191044 0.000370293  0.00339525 0.000751196  -0.118418   -0.11514 0.00494326 -0.101326 -0.050114  -9.80835 
              33.701   2.94779 -0.187687   2.43863   6.65299 0.0512358 0.0624294 0 0 0 -0.023404   0.02329 -0.038985    1.1043 -0.163989 -0.174274 0.000386598  0.00359389 0.000744989  -0.117685   -0.11627 0.00332532  -0.102213 -0.0506244   -9.80834 
                33.8   2.69723 -0.670411   2.57173   6.74966 0.0529274 0.0581398 0 0 0 -0.023404   0.02329 -0.038985   0.998276 0.00534097  -0.133185 0.000254777  0.00340255 0.000580287  -0.117294   -0.11725 0.00221095  -0.102599 -0.0508197   -9.80833 
                33.9   2.86787 -0.744874   2.16325   6.82057 0.0637574 0.0669344 0 0 0 -0.023404   0.02329 -0.038985    0.84827   0.115722 -0.0391312 0.000213361  0.00345257  0.00055315  -0.116369  -0.118176 0.00132115   -0.10342 -0.0510662   -9.80832 
                  34    3.2209 -0.975879   1.79991   6.90963 0.0872701 0.0606682 0 0 0 -0.023404   0.02329 -0.038985   0.803017 -0.0171371 -0.0949343 0.000398208  0.00337622 0.000685769  -0.116946  -0.118991 0.00119742  -0.103239 -0.0503425   -9.80833 
                34.1   2.6356 0.232199  2.43424   6.98792 0.0929441 0.0642598 0 0 0 -0.023404   0.02329 -0.038985  0.582997 0.0455204 -0.011287 0.000248291   0.0032568 0.000677683   -0.117512   -0.119378 0.000709946   -0.10281 -0.0502277   -9.80833 
                34.2   2.41551 -0.375354   2.94154  7.04954 0.102469 0.059157 0 0 0 -0.023404   0.02329 -0.038985  0.543124  0.156394 -0.156888 0.000423849   0.0033349  0.00065631    -0.117757    -0.119783 -6.44485e-05  -0.102524 -0.0503975   -9.80833 
                34.3  1.57565 0.537936  2.59197   7.10086  0.118505 0.0566737 0 0 0 -0.023404   0.02329 -0.038985   0.402521   0.047401 0.00218687 0.000500365  0.00326527 0.000674747    -0.117755    -0.120124 -0.000689785  -0.102413 -0.0505574   -9.80834 
              34.401  0.520306 -0.214578    2.4088  7.15761 0.122973  0.04901 0 0 0 -0.023404   0.02329 -0.038985   0.43016 0.0424994  -0.20326 0.000577456  0.00346823 0.000747023   -0.118105   -0.120208 -0.00188549  -0.101582 -0.0508648   -9.80834 
                34.5  0.73509 0.185804  2.66611   7.19291  0.122899 0.0430608 0 0 0 -0.023404   0.02329 -0.038985  0.315137 0.0311122 -0.100042 0.000704176   0.0034233 0.000766531   -0.117526   -0.120537 -0.00287807  -0.101625 -0.0512249   -9.80834 
                34.6 1.90692  0.1089  2.6294  7.21558 0.120695 0.042046 0 0 0 -0.023404   0.02329 -0.038985 0.0927026 0.0909458 -0.230146 0.000706334  0.00345825 0.000749797   -0.117237   -0.120212 -0.00432937  -0.100865 -0.0517245   -9.80835 
                34.7  2.36218 0.442987  1.69559   7.21037  0.130605 0.0389068 0 0 0 -0.023404   0.02329 -0.038985 -0.0838935   0.153174  -0.102449 0.000779513  0.00346988 0.000864747   -0.116536   -0.120272 -0.00574195  -0.100628 -0.0521871   -9.80834 
                34.8  2.00584 0.366978  1.09229   7.19886  0.130526 0.0431054 0 0 0 -0.023404   0.02329 -0.038985  -0.109665  0.0820465 -0.0723372 0.000815425  0.00346805 0.000771333    -0.11592    -0.11991 -0.00724547  -0.100065 -0.0529994   -9.80835 
                34.9 2.48199  0.1895 1.20981   7.18895  0.129947 0.0469933 0 0 0 -0.023404   0.02329 -0.038985  -0.128731   0.155372 -0.0393924 0.000656069   0.0033978 0.000787884   -0.115686   -0.119316 -0.00824671  -0.099565 -0.0538501   -9.80835 
              35.001   1.92259 -0.456246   1.53374   7.19958  0.116514 0.0538926 0 0 0 -0.023404   0.02329 -0.038985    0.034589   0.0079837 -0.00661525 0.000662855  0.00342424 0.000776599   -0.115774   -0.119045 -0.00920081 -0.0990204 -0.0544475   -9.80835 
                35.1   1.62867 -0.431223   1.12025   7.19522  0.117071 0.0536313 0 0 0 -0.023404   0.02329 -0.038985 -0.0460566  0.0119156 0.00705208  0.00068132  0.00341756 0.000802072   -0.115523   -0.119086 -0.00905905 -0.0992894 -0.0543598   -9.80835 
                35.2   1.98706 -0.502244    1.0843   7.19552  0.117757 0.0539972 0 0 0 -0.023404   0.02329 -0.038985  -0.0312591   0.0106311 -0.00421849 0.000612184  0.00343284 0.000734145   -0.115307   -0.119209 -0.00925176 -0.0993891 -0.0543341   -9.80835 
                35.3   1.67757 -0.523237   1.13438   7.19713  0.116464 0.0529403 0 0 0 -0.023404   0.02329 -0.038985 -0.00372777 -0.00189728 -0.00836572  0.00060677  0.00335154 0.000769863   -0.115489   -0.119303 -0.00938798 -0.0991801 -0.0543582   -9.80835 
                35.4   1.61782 -0.504794   1.16639   7.19648  0.117331 0.0538247 0 0 0 -0.023404   0.02329 -0.038985  -0.0199437  0.00819242 -0.00232308  0.00065675  0.00330424 0.000749027   -0.115438   -0.119246 -0.00942773 -0.0992351  -0.054407   -9.80835 
                35.5   1.70933 -0.532334    1.0897     7.196  0.117532 0.0536915 0 0 0 -0.023404   0.02329 -0.038985  -0.0264339   0.0159776 -0.00108594  0.00061539  0.00338819 0.000748137   -0.115271   -0.119344 -0.00957549 -0.0993172 -0.0543449   -9.80835 
                35.6   1.75262 -0.460937     1.112   7.19624  0.117283 0.0535464 0 0 0 -0.023404   0.02329 -0.038985  -0.0207966   0.0140801 -0.00586475 0.000630708  0.00331066 0.000739795   -0.115263   -0.119348 -0.00963665 -0.0993144 -0.0543641   -9.80835 
                35.7   1.70106 -0.457521    1.1746   7.19637  0.117172 0.0535746 0 0 0 -0.023404   0.02329 -0.038985  -0.0185636  0.00961448 -0.00285424 0.000660236  0.00327015 0.000742631   -0.115385   -0.119251 -0.00954995 -0.0992592 -0.0544452   -9.80835 
              35.801   1.82123 -0.380624   1.21344   7.19636  0.116802 0.0537004 0 0 0 -0.023404   0.02329 -0.038985  -0.0191305  0.00102008 -0.00149322  0.00060024  0.00320712 0.000738462  -0.115077  -0.119266 -0.0095531 -0.0995016 -0.0543312   -9.80834 
                35.9   1.81145 -0.474846   1.19505   7.19635  0.117091 0.0535708 0 0 0 -0.023404   0.02329 -0.038985  -0.0196806  0.00863953 -0.00422299 0.000610328  0.00325353 0.000749721   -0.114979   -0.119332 -0.00956373 -0.0995607 -0.0542527   -9.80834 
                  36   1.74661 -0.494202   1.28675   7.19631  0.116895 0.0536199 0 0 0 -0.023404   0.02329 -0.038985  -0.0201842  0.00679035 -0.00302206  0.00065239  0.00324352 0.000702921   -0.114859   -0.119162 -0.00942197 -0.0997276 -0.0542913   -9.80834 
                36.1   1.83593 -0.448517   1.22068   7.19628    0.1165 0.0536712 0 0 0 -0.023404   0.02329 -0.038985   -0.020992 -0.00603783 -0.00202506 0.00060933 0.00320807 0.00074481   -0.114736   -0.119224 -0.00938609 -0.0998197 -0.0541909   -9.80834 
              36.201   1.82617 -0.515361   1.26911  7.19634 0.117536 0.053569 0 0 0 -0.023404   0.02329 -0.038985  -0.0191694   0.0161297 -0.00394387 0.000615062  0.00323293 0.000722369   -0.114715   -0.119281 -0.00938061 -0.0998249 -0.0541376   -9.80834 
                36.3   1.77592 -0.538296   1.32367   7.19633  0.117433 0.0535734 0 0 0 -0.023404   0.02329 -0.038985  -0.0199724   0.0159573 -0.00408688 0.000644719  0.00322996 0.000695836   -0.114522   -0.119154 -0.00932481  -0.100023 -0.0541699   -9.80834 
                36.4   1.82568 -0.477135   1.25807   7.19629  0.116957 0.0536198 0 0 0 -0.023404   0.02329 -0.038985  -0.0205128  0.00522887 -0.00301942 0.000614021  0.00317983 0.000742278  -0.114461  -0.119197 -0.0092583  -0.100076 -0.0540912   -9.80834 
              36.501   1.8295 -0.52937  1.29827   7.19625  0.117118 0.0535975 0 0 0 -0.023404   0.02329 -0.038985  -0.0211799  0.00885796 -0.00348456 0.000611448  0.00320026  0.00071618   -0.114332   -0.119212 -0.00922391  -0.100186 -0.0540377   -9.80834 
              36.599   1.80589 -0.574685   1.33495   7.19626  0.117083 0.0536112 0 0 0 -0.023404   0.02329 -0.038985  -0.0214225  0.00801719 -0.00327573 0.000626636  0.00321558 0.000692779   -0.114224   -0.119149 -0.00924492  -0.100286 -0.0540771   -9.80834 
                36.7   1.82253 -0.504869    1.2772   7.19627  0.117052 0.0536049 0 0 0 -0.023404   0.02329 -0.038985  -0.0210312  0.00576732 -0.00320525 0.000613195   0.0031516 0.000736355   -0.114115    -0.11921 -0.00920821  -0.100371 -0.0539896   -9.80834 
                36.8    1.8367 -0.530575   1.34729   7.19627  0.117138 0.0535994 0 0 0 -0.023404   0.02329 -0.038985   -0.020954  0.00880456 -0.00341149 0.000606331  0.00315204 0.000705544   -0.113997   -0.119174 -0.00920998  -0.100476 -0.0539978   -9.80834 
                36.9   1.82404 -0.602199   1.36651    7.1962  0.117076 0.0536106 0 0 0 -0.023404   0.02329 -0.038985  -0.0221514  0.00969208 -0.00345801 0.000614463  0.00318524 0.000693977    -0.11386   -0.119111 -0.00923638  -0.100598 -0.0540363   -9.80834 
                  37   1.81553 -0.506794   1.30719   7.19631  0.117329 0.0535802 0 0 0 -0.023404   0.02329 -0.038985  -0.0201683   0.0120796 -0.00376463 0.000617901  0.00312298 0.000728453   -0.113728   -0.119157 -0.00917235 -0.100711 -0.053947  -9.80833 
                37.1   1.83734 -0.537457    1.3445   7.19623  0.116886 0.0536247 0 0 0 -0.023404   0.02329 -0.038985  -0.0218119  0.00298409 -0.00286655 0.000600422  0.00312955 0.000703483    -0.11361   -0.119104 -0.00915338 -0.100822 -0.053962  -9.80833 
                37.2   1.80995 -0.627792   1.37285   7.1962 0.117245 0.053588 0 0 0 -0.023404   0.02329 -0.038985  -0.0225067  0.00995487 -0.00351927 0.000615443  0.00317018 0.000684911  -0.113459  -0.119059 -0.0091624  -0.100954 -0.0539779   -9.80833 
                37.3   1.78638 -0.522187   1.29957   7.19624  0.117001 0.0536226 0 0 0 -0.023404   0.02329 -0.038985  -0.0215237  0.00570971 -0.00293546 0.000631147  0.00308375 0.000740817   -0.113312   -0.119081 -0.00906961  -0.101088 -0.0538942   -9.80833 
                37.4   1.82675 -0.549821   1.35931   7.19623  0.117025 0.0536109 0 0 0 -0.023404   0.02329 -0.038985  -0.0216906  0.00666341 -0.00321981 0.000604377  0.00308739  0.00070265   -0.113169    -0.11905 -0.00902105  -0.101221 -0.0538754   -9.80833 
                37.5   1.82007 -0.615302   1.41322   7.19619  0.117119 0.0535993 0 0 0 -0.023404   0.02329 -0.038985  -0.0225922  0.00762441 -0.00333665 0.000606293  0.00311632 0.000664784   -0.113163      -0.119 -0.00906517  -0.101227 -0.0539352   -9.80833 
                37.6   1.80002 -0.495579   1.31552   7.19627  0.116946 0.0536227 0 0 0 -0.023404   0.02329 -0.038985  -0.0208631  0.00620774 -0.00310153 0.000618183  0.00302491 0.000731817    -0.11303   -0.119016 -0.00890044  -0.101361 -0.0538288   -9.80833 
                37.7   1.84531 -0.540753   1.36512   7.19624  0.117022 0.0536129 0 0 0 -0.023404   0.02329 -0.038985  -0.0213338  0.00822876 -0.00335009 0.000591087  0.00303716 0.000702591  -0.112761  -0.119041 -0.0088341  -0.101593 -0.0537387   -9.80833 
                37.8   1.84314 -0.571729   1.39518   7.19626  0.117317 0.0535795 0 0 0 -0.023404   0.02329 -0.038985  -0.0214949   0.0104154 -0.00363049 0.000590782   0.0030444 0.000682955   -0.112743   -0.119026 -0.00885266  -0.101607 -0.0537567   -9.80833 
                37.9   1.82925 -0.527362   1.36333   7.19627  0.117163 0.0535956 0 0 0 -0.023404   0.02329 -0.038985  -0.0209874  0.00896289 -0.00345771 0.000596879  0.00300633 0.000701532   -0.112625   -0.119013 -0.00878267  -0.101719 -0.0537189   -9.80833 
                  38   1.84507 -0.506992   1.33003   7.19627  0.117019 0.0536095 0 0 0 -0.023404   0.02329 -0.038985  -0.0206483  0.00793628 -0.00340798 0.000583015  0.00297942 0.000721909   -0.112355   -0.119079 -0.00868887  -0.101951 -0.0535851   -9.80832 
                38.1   1.84783 -0.575742   1.38153   7.19618  0.116817 0.0536304 0 0 0 -0.023404   0.02329 -0.038985  -0.0225017  0.00439005 -0.00300204 0.000579602  0.00300829 0.000688751   -0.112295   -0.119064 -0.00872657  -0.101997 -0.0536053   -9.80832 
                38.2   1.79805 -0.604026   1.34169   7.19618  0.117044 0.0536088 0 0 0 -0.023404   0.02329 -0.038985  -0.0231831  0.00450168 -0.00293494 0.000603768  0.00301389 0.000707474   -0.112281   -0.119096 -0.00868943  -0.102011 -0.0535608   -9.80832 
                38.3   1.87251 -0.521406   1.36052   7.19631  0.117338 0.0535698 0 0 0 -0.023404   0.02329 -0.038985  -0.0203686     0.01169 -0.00389393 0.000555693  0.00295126 0.000695148   -0.112031   -0.119176 -0.00864821  -0.102214 -0.0534412   -9.80832 
                38.4   1.87006 -0.579929   1.39411  7.19619 0.116961 0.053614 0 0 0 -0.023404   0.02329 -0.038985  -0.0222849  0.00637049 -0.00322423 0.000555614  0.00297716 0.000671318   -0.111959   -0.119176 -0.00867592  -0.10227 -0.053443  -9.80832 
                38.5  1.82296 -0.59399  1.40007   7.19625  0.117399 0.0535741 0 0 0 -0.023404   0.02329 -0.038985  -0.0216146   0.0122966 -0.00379551 0.000585511  0.00297471 0.000664867   -0.111804   -0.119133 -0.00865678  -0.102409 -0.0534474   -9.80832 
                38.6   1.87471 -0.501686   1.36972   7.19623  0.116768 0.0536277 0 0 0 -0.023404   0.02329 -0.038985   -0.021837  0.00132652 -0.00281411 0.000546573  0.00289842 0.000685723   -0.111654   -0.119182 -0.00860353  -0.102535 -0.0533623   -9.80832 
                38.7   1.86606 -0.570765   1.39807   7.19615  0.116644 0.0536453 0 0 0 -0.023404   0.02329 -0.038985  -0.0230532 0.000713401 -0.00269831  0.00055004  0.00292759 0.000666492   -0.111575   -0.119211 -0.00859204  -0.102599 -0.0533231   -9.80832 
                38.8   1.81457 -0.593214   1.41622   7.19615  0.116853 0.0536221 0 0 0 -0.023404   0.02329 -0.038985 -0.0233008 0.00281937  -0.002959 0.000579723  0.00293039 0.000651962   -0.111497   -0.119153 -0.00853643  -0.10268 -0.053336  -9.80832 
              38.901   1.86319 -0.516404   1.37674   7.19621  0.116866 0.0536166 0 0 0 -0.023404   0.02329 -0.038985  -0.0217112  0.00470546 -0.00315074 0.000545823  0.00286898 0.000677834   -0.111381   -0.119221 -0.00850898  -0.102773 -0.0532533   -9.80832 
                  39   1.87287 -0.577698   1.39297   7.19632  0.117619 0.0535571 0 0 0 -0.023404   0.02329 -0.038985  -0.0203505   0.0174608 -0.00422085 0.000539227  0.00289548 0.000666118   -0.111238   -0.119259 -0.00851045 -0.102888 -0.053206  -9.80832 
              39.101  1.82623 -0.56757  1.43607   7.19617  0.117008 0.0536083 0 0 0 -0.023404   0.02329 -0.038985  -0.0225645  0.00632843 -0.00327152 0.000564013  0.00288011 0.000640567   -0.111182   -0.119177 -0.00849023  -0.102947 -0.0532569   -9.80832 
              39.201   1.84204 -0.520664    1.3043   7.19623  0.116998 0.0536021 0 0 0 -0.023404   0.02329 -0.038985  -0.0226286  0.00723894 -0.00300063  0.00055257  0.00284282 0.000721121   -0.110964   -0.119267 -0.00845789  -0.103124 -0.0531436   -9.80831 
                39.3   1.87062 -0.562114    1.4079   7.18752  0.117536 0.0533116 0 0 0 -0.023404   0.02329 -0.038985  -0.0953356  0.00862542 -0.00553699 0.000542556  0.00285869  0.00065392   -0.110822   -0.119248 -0.00845783 -0.103244 -0.053142  -9.80831 
                39.4   1.80683 -0.448345   1.10915   7.17942  0.117528 0.0519908 0 0 0 -0.023404   0.02329 -0.038985  -0.156502 0.00403506  -0.023301 0.000577767  0.00285435 0.000684381   -0.111011   -0.119203 -0.00845334  -0.103094 -0.0532007   -9.80831 
                39.5   1.46588 -0.292109  0.317787   7.15678   0.11414 0.0505768 0 0 0 -0.023404   0.02329 -0.038985  -0.248371 -0.0119941 -0.0489519 0.000591023  0.00285413 0.000653922   -0.110904   -0.119119 -0.00864081  -0.103168 -0.0533332   -9.80831 
                39.6   1.26284 0.0717447  -1.08074   7.14472  0.109774 0.0489159 0 0 0 -0.023404   0.02329 -0.038985  -0.274135  0.0241142 -0.0340341 0.000563198  0.00293254 0.000575949   -0.111545   -0.119028 -0.00893664  -0.102674 -0.0537228   -9.80832 
                39.7 0.206376 0.943684 -3.12469   7.12419  0.115208 0.0480813 0 0 0 -0.023404   0.02329 -0.038985    -0.29468 -0.00324906   0.0397619  0.00059533   0.0027525 0.000713841   -0.111742   -0.119239 -0.00882101 -0.102424 -0.053671  -9.80832 
                39.8 -1.36716  1.09156   -5.309   7.09409  0.112029 0.0499576 0 0 0 -0.023404   0.02329 -0.038985  -0.326067 -0.0591345 -0.0169078 0.000554314  0.00269482 0.000826746   -0.111944   -0.119319 -0.00882504  -0.102327 -0.0538167   -9.80832 
              39.901 -1.26534  0.49156 -7.06072  7.06757 0.101548 0.053525 0 0 0 -0.023404   0.02329 -0.038985  -0.353163 -0.0661957 -0.0428718 0.000458666  0.00279529 0.000701953    -0.11269   -0.119568 -0.00910044  -0.102277 -0.0545487   -9.80832 
                  40 -0.623175  0.692103  -10.1448   7.03455 0.0932716 0.0540452 0 0 0 -0.023404   0.02329 -0.038985  -0.378653  -0.175387 -0.0188301 0.000379912  0.00254244 0.000775859   -0.112509   -0.119818 -0.00941839  -0.101872 -0.0546025   -9.80832 
                40.1 0.00857559   0.167536   -11.8836   7.01077 0.0695813 0.0549779 0 0 0 -0.023404   0.02329 -0.038985 -0.219281 -0.222621 -0.104021 0.000266511  0.00274344 0.000727534   -0.112802   -0.120737 -0.00983547  -0.101399 -0.0555164   -9.80832 
                40.2  1.62608 0.462225 -13.9608   7.00772 0.0568969 0.0499555 0 0 0 -0.023404   0.02329 -0.038985   -0.141948  -0.0376486 -0.00331739 0.000349055  0.00278793 0.000661759   -0.11324  -0.122352 -0.0100194    -0.1009 -0.0571179   -9.80831 
                40.3   1.7171 0.353671 -13.9306   7.00902 0.0602069 0.0544028 0 0 0 -0.023404   0.02329 -0.038985  -0.0944622 -0.00325833  -0.0241595 0.000386243  0.00276656 0.000660007 -0.112287 -0.124855 -0.010366 -0.0989171  -0.059047   -9.80832 
                40.4  1.64632 0.339486 -15.0743   7.00714 0.0652825 0.0547312 0 0 0 -0.023404   0.02329 -0.038985 -0.189786 0.0211747 0.0356093 0.000435544  0.00277865 0.000787756  -0.112003  -0.126938 -0.0103393 -0.0978843 -0.0608728   -9.80832 
                40.5 0.757438 0.258004 -16.5014   6.98548 0.0563764 0.0568124 0 0 0 -0.023404   0.02329 -0.038985  -0.294514  -0.123611 -0.0696562  0.00041842  0.00279583 0.000796612  -0.112644  -0.127778 -0.0104346 -0.0982136  -0.061867   -9.80831 
                40.6  1.48496 0.487047 -18.4116   6.95524 0.0509543 0.0547266 0 0 0 -0.023404   0.02329 -0.038985   -0.34078 -0.0236912 -0.0038205 0.000278562  0.00275402 0.000840341  -0.112078  -0.128486 -0.0105028 -0.0974612 -0.0623755   -9.80832 
                40.7  1.66175 0.305197 -20.6382   6.92578 0.0533208 0.0557531 0 0 0 -0.023404   0.02329 -0.038985   -0.377064 -0.00304685  -0.0160258 0.000350922  0.00274811 0.000925377  -0.110812  -0.130295 -0.0106196 -0.0957473 -0.0637564   -9.80833 
                40.8   1.64307 -0.154178  -23.2961     6.893 0.0487283 0.0554957 0 0 0 -0.023404   0.02329 -0.038985 -0.422505 0.0113392 0.0197775 0.000412203  0.00303359    0.000806  -0.113349  -0.133134 -0.0105801 -0.0974574 -0.0671249   -9.80829 
                40.9   1.35495 -0.183599  -25.8143   6.86338 0.0454925 0.0575179 0 0 0 -0.023404   0.02329 -0.038985  -0.345613 -0.0536301 -0.0651984 0.000349323  0.00275539 0.000747002  -0.113085  -0.136227 -0.0105797  -0.096463 -0.0700483   -9.80828 
                  41   1.48772 -0.451517   -28.436   6.83994 0.0514222 0.0551466 0 0 0 -0.023404   0.02329 -0.038985 -0.378982 0.0148028 0.0290393 0.000358049  0.00266886 0.000855751  -0.108704  -0.139929 -0.0107791 -0.0913917 -0.0727063    -9.8083 
                41.1  0.347125 -0.384451  -30.8734    6.8194 0.0534204 0.0568794 0 0 0 -0.023404   0.02329 -0.038985  -0.305033  0.0197787 -0.0560172 0.000384121  0.00270031 0.000819746  -0.108021  -0.145802 -0.0108994 -0.0895464 -0.0782971   -9.80828 
              41.202 0.951155 -0.69957 -33.5164    6.8067 0.0551111 0.0534524 0 0 0 -0.023404   0.02329 -0.038985  -0.225463  0.0710266 -0.0319447 0.000333348  0.00269556 0.000758885  -0.10865 -0.152004 -0.011034 -0.0890132 -0.0844746   -9.80823 
              41.301  0.0521304 -0.0196196   -36.6305   6.78718 0.0553148 0.0580128 0 0 0 -0.023404   0.02329 -0.038985 -0.277368 0.0240837 0.0570361 0.000340714   0.0026961 0.000727503  -0.110766  -0.155501 -0.0111608 -0.0904949 -0.0882544   -9.80819 
              41.401   0.43214 -0.760841  -39.2206   6.76034  0.057247 0.0578852 0 0 0 -0.023404   0.02329 -0.038985  -0.264111  0.0269552 0.00519126 0.000251361  0.00275504 0.000642097  -0.111364  -0.154495 -0.0112518 -0.0912421 -0.0873609   -9.80819 
              41.502  0.399986 -0.621114  -41.6697   6.72812 0.0593186 0.0588319 0 0 0 -0.023404   0.02329 -0.038985  -0.283338  0.0359423 0.00908028 0.000340174  0.00267345 0.000688303   -0.11311  -0.152498 -0.0111266 -0.0932569  -0.085645   -9.80818 
              41.601  0.409651 -0.753923  -44.3007   6.69623 0.0620903 0.0629441 0 0 0 -0.023404   0.02329 -0.038985   -0.255289   0.0448916 -0.00925918 0.000235133  0.00262218 0.000689555  -0.114048   -0.15056 -0.0113939 -0.0944409 -0.0838627   -9.80819 
              41.701  0.757243 -0.334767  -47.5775   6.66916  0.075896 0.0610502 0 0 0 -0.023404   0.02329 -0.038985 -0.278606 0.0836243 0.0644236 0.000373366  0.00257581 0.000741706  -0.110512  -0.147674 -0.0110487  -0.091325 -0.0805641   -9.80824 
              41.801 -0.152862  -0.40985  -50.2161   6.63552 0.0754447 0.0630061 0 0 0 -0.023404   0.02329 -0.038985  -0.300034 -0.0120822 -0.0676943 0.000315073  0.00259463 0.000740791  -0.113187  -0.147697 -0.0107422 -0.0939743 -0.0809066   -9.80822 
              41.901  0.580869 -0.743467  -52.6317    6.6047 0.0743884  0.058611 0 0 0 -0.023404   0.02329 -0.038985     -0.33952   0.00154749 -0.000259219  0.00029157  0.00257477 0.000681541  -0.112587  -0.148304 -0.0106536  -0.093314 -0.0814407   -9.80822 
              42.001 -0.324724 -0.645322  -55.0675   6.56816 0.0797247 0.0598915 0 0 0 -0.023404   0.02329 -0.038985   -0.319539   0.0288593 -0.00885695  0.00040176  0.00259353 0.000685024  -0.110282  -0.144974 -0.0108497 -0.0913802 -0.0778991   -9.80827 
              42.102 0.910506  -1.0709 -57.1986    6.5378 0.0908339 0.0595293 0 0 0 -0.023404   0.02329 -0.038985   -0.248573   0.0881678 -0.00330332 0.000174885  0.00259503  0.00068842  -0.106796  -0.140937 -0.0112962 -0.0883161 -0.0735566   -9.80833 
              42.201  2.75365 -1.57924 -57.6839   6.52152  0.102433 0.0595647 0 0 0 -0.023404   0.02329 -0.038985  -0.203403   0.044641 -0.0366975 0.000245618  0.00260211 0.000685649  -0.101391  -0.144251 -0.0115762 -0.0826422 -0.0763312   -9.80835 
              42.301  3.57247 -1.89775 -58.2413   6.50024  0.104532 0.0600833 0 0 0 -0.023404   0.02329 -0.038985  -0.227846  -0.016822 -0.0599423 0.000267139  0.00252963 0.000670273 -0.100813 -0.144129 -0.011819  -0.082077 -0.0761527   -9.80836 
              42.401  3.86371 -1.67375 -59.4809   6.47476  0.105166 0.0596347 0 0 0 -0.023404   0.02329 -0.038985  -0.370367 -0.0110657  0.0135456 0.000275028  0.00249918  0.00071869  -0.097126  -0.145428 -0.0121657 -0.0783052 -0.0771053   -9.80838 
                42.5  2.49307 -1.55301 -61.1802   6.43864   0.10839 0.0605487 0 0 0 -0.023404   0.02329 -0.038985   -0.415062  -0.0147935 -0.00276262 0.000436772  0.00256799 0.000787008 -0.0921979  -0.144978 -0.0123437 -0.0734565 -0.0762268   -9.80843 
              42.601  3.65211 -1.43403 -63.8073    6.4097  0.115733 0.0538416 0 0 0 -0.023404   0.02329 -0.038985   -0.285996   0.0326816 -0.00687537 0.000402328   0.0024423 0.000847758  -0.085271  -0.145903 -0.0123716 -0.0664989 -0.0765639   -9.80848 
              42.701    2.4976 -0.223969  -66.6825   6.37883  0.120552 0.0582393 0 0 0 -0.023404   0.02329 -0.038985 -0.379054  0.017816 0.0665619 0.000570873   0.0024604 0.000663617 -0.0841947  -0.145086  -0.012689 -0.0655033 -0.0756495   -9.80849 
              42.801   1.88121 -0.604774  -69.6046   6.34648   0.12138 0.0578629 0 0 0 -0.023404   0.02329 -0.038985  -0.340123 -0.0434037  -0.028376  0.00037815  0.00248971 0.000795927 -0.0810547  -0.145217 -0.0130065  -0.062379 -0.0755296   -9.80851 
              42.901   2.27375 -0.469582  -72.0538   6.31656  0.121988 0.0574045 0 0 0 -0.023404   0.02329 -0.038985  -0.373027  -0.023617 0.00558035 0.000458033   0.0024918 0.000750481 -0.0755853  -0.147794 -0.0128338 -0.0567531 -0.0776881   -9.80853 
              43.001   0.47894 -0.718641  -74.6904   6.27376  0.124747 0.0542963 0 0 0 -0.023404   0.02329 -0.038985   -0.43148 -0.0436266  -0.103312 0.000476046  0.00250482 0.000834213 -0.0708318  -0.145173 -0.0132095 -0.052214 -0.074746  -9.80858 
              43.101  2.09266 -0.08534 -77.6912   6.24928  0.120833 0.0544861 0 0 0 -0.023404   0.02329 -0.038985  -0.307952 -0.0463001 -0.0418523 0.000501884  0.00240721  0.00083551 -0.0656836  -0.152706 -0.0136258 -0.0466061 -0.0818906   -9.80855 
              43.201   0.875518 -0.0716203   -80.3732   6.21501  0.121141 0.0523079 0 0 0 -0.023404   0.02329 -0.038985  -0.398466 -0.0714136 -0.0901639 0.000518031  0.00249492 0.000783274 -0.0597918  -0.154388 -0.0138095 -0.0406474 -0.0831962   -9.80856 
              43.302   1.87816 -0.211341  -83.1268   6.18021   0.11116 0.0470704 0 0 0 -0.023404   0.02329 -0.038985   -0.35061  -0.158489 -0.0718506 0.000545457  0.00240272  0.00072634 -0.0559704   -0.15757 -0.0141365 -0.0366619 -0.0861361   -9.80855 
              43.401  1.37822 0.031234  -85.437   6.17149  0.109074 0.0491999 0 0 0 -0.023404   0.02329 -0.038985  -0.133134 -0.0688284  -0.109918 0.000621622  0.00245216 0.000750027 -0.0436785  -0.161782 -0.0153526 -0.0242082 -0.0896469   -9.80856 
              43.501     2.087 0.0568614  -86.0682   6.17805  0.110366 0.0427082 0 0 0 -0.023404   0.02329 -0.038985  0.0557497 -0.0764389  -0.107657 0.000479149   0.0024705 0.000755494 -0.0323711  -0.164563 -0.0162708 -0.012818  -0.09183  -9.80856 
              43.601  1.88257 0.607547 -86.1578   6.18055  0.115344 0.0481402 0 0 0 -0.023404   0.02329 -0.038985 -0.0727422 -0.0171398 -0.0386638 0.000552825  0.00241586 0.000693102  -0.024009  -0.163162 -0.0174934 -0.00456521  -0.0900201    -9.80859 
              43.702  2.16667 0.142335  -86.294   6.17927  0.117549 0.0485485 0 0 0 -0.023404   0.02329 -0.038985 -0.0431549 -0.0280653 -0.0123585 0.000420824  0.00245515 0.000772449  -0.016475  -0.163472 -0.0185141 0.00294221 -0.0899722   -9.80859 
              43.801  2.84966 0.335567 -85.8469   6.19277  0.117837 0.0552072 0 0 0 -0.023404   0.02329 -0.038985  0.0375132  -0.017592 0.00264072 0.000470729  0.00246432 0.000719614 -0.0115446  -0.162661 -0.0189254 0.00780906 -0.0889361   -9.80859 
              43.901    2.504 0.452016 -85.9075   6.19179  0.114679 0.0520365 0 0 0 -0.023404   0.02329 -0.038985  0.0598127 -0.0660631  -0.040574 0.000613193  0.00234722 0.000746889 -0.0142243  -0.151817 -0.0186356 0.00465727 -0.0782726   -9.80869 
              44.002  2.41253 0.846385 -86.1221  6.18605 0.120952 0.059037 0 0 0 -0.023404   0.02329 -0.038985 -0.0924025  0.0608706  0.0200407 0.000543581  0.00234608 0.000805547 -0.0126012  -0.145497 -0.0186213 0.00599362 -0.0719155   -9.80873 
              44.101  1.94608 0.759854 -85.9628   6.18735  0.117614 0.0542672 0 0 0 -0.023404   0.02329 -0.038985 -0.0187586  0.0119729  0.0184918  0.00052081  0.00235559 0.000721125 -0.0139282  -0.149384 -0.0176376 0.00485331  -0.075848   -9.80871 
              44.201  2.10459 0.550634 -85.9852    6.1926  0.117311 0.0538813 0 0 0 -0.023404   0.02329 -0.038985  0.0428015 -0.0324321 -0.0106635 0.000518126  0.00237428 0.000757688 -0.0103314  -0.148209 -0.0173919 0.00838266 -0.0745188   -9.80871 
              44.301  1.50013 0.586635 -85.8206   6.19138  0.114611 0.0541494 0 0 0 -0.023404   0.02329 -0.038985   0.0235122  -0.0592357 -0.00655631 0.000587474  0.00230108 0.000725057 -0.00670933   -0.143914  -0.0170777  0.0117994 -0.0700836   -9.80874 
              44.401  1.44154 0.835799  -85.702   6.18649  0.120109 0.0567974 0 0 0 -0.023404   0.02329 -0.038985 -0.0706176  0.0519943  0.0214829 0.000507942  0.00234906 0.000692132 -0.00209947   -0.142407  -0.0167787  0.0163198 -0.0683794   -9.80875 
              44.502  1.08722 0.665529  -85.765   6.18892  0.126621 0.0517137 0 0 0 -0.023404   0.02329 -0.038985 -0.00236289   0.0317553 -0.00375115 0.000522725  0.00233376 0.000687824 0.00216892  -0.145983 -0.0162949  0.0207262 -0.0717431   -9.80872 
              44.603  1.36377 0.143186 -85.7258   6.20304  0.125459 0.0534138 0 0 0 -0.023404   0.02329 -0.038985   0.112351 -0.0438509  0.0337718 0.000428782  0.00236174 0.000708889 0.00474679  -0.150425 -0.0163973  0.0234901 -0.0760468   -9.80868 
              44.703  0.377102 -0.330571  -84.6012   6.21918  0.112218 0.0550628 0 0 0 -0.023404   0.02329 -0.038985    0.160477   -0.210094 -0.00857524 0.000538413   0.0023191 0.000621566 0.00578088   -0.15226 -0.0163239  0.0246027 -0.0778221   -9.80866 
              44.802  0.784767 -0.697051  -83.2067   6.23689  0.085229 0.0560745 0 0 0 -0.023404   0.02329 -0.038985  0.212709 -0.270137 0.0499654 0.000503113  0.00224452 0.000662921 0.00477405  -0.153275 -0.0163605  0.0236506 -0.0788795   -9.80865 
              44.902  1.64981 -0.91255 -82.0619   6.26327 0.0505922 0.0551359 0 0 0 -0.023404   0.02329 -0.038985  0.290541 -0.461094 -0.035471 0.000504845  0.00224437 0.000675735 0.00460702  -0.151823  -0.016224  0.0234122 -0.0774431   -9.80867 
              45.002   1.40463 -0.723813  -79.8322       6.2903 -0.000377479    0.0531304 0 0 0 -0.023404   0.02329 -0.038985  0.345517 -0.467895 0.0786541 0.000505127  0.00222452  0.00062295  0.0024145  -0.150882 -0.0161408  0.0211844 -0.0766182   -9.80868 
              45.102  0.884816 -0.558606  -78.2851    6.32281 -0.0526892  0.0598009 0 0 0 -0.023404   0.02329 -0.038985    0.382515   -0.594138 -0.00249407 0.000560969  0.00224148 0.000618998 0.00244042  -0.151181 -0.0163135  0.0212285 -0.0769117   -9.80868 
              45.202   1.24132 -0.527512  -77.5102   6.36624  -0.10919 0.0665998 0 0 0 -0.023404   0.02329 -0.038985  0.542041 -0.609501  0.174138 0.000548129  0.00222914 0.000671583 0.00449838  -0.149018 -0.0164068  0.0231526 -0.0746454   -9.80869 
              45.302  1.53053 -1.50908 -76.2764   6.42315 -0.171098 0.0668577 0 0 0 -0.023404   0.02329 -0.038985   0.552375  -0.658873 -0.0097171 0.000603253  0.00228079 0.000645181 0.00540173  -0.146234 -0.0165433  0.0238842 -0.0718241   -9.80871 
              45.402 -0.817036  -1.13224  -74.8676    6.4666 -0.236601 0.0673781 0 0 0 -0.023404   0.02329 -0.038985   0.371254  -0.692342 -0.0256524 0.000516844  0.00224515  0.00068839 0.00622983  -0.144447 -0.0166089 0.0245954 -0.069998  -9.80872 
              45.502 -0.307416  -1.43389  -73.5896   6.49611 -0.303871 0.0646387 0 0 0 -0.023404   0.02329 -0.038985  0.308059 -0.700547 -0.100982 0.00043356 0.00226577 0.00063549 0.00427171  -0.142533 -0.0166784 0.0225268 -0.068229  -9.80874 
              45.603   -1.0696 -0.874433  -72.3659   6.52606  -0.37091 0.0614172 0 0 0 -0.023404   0.02329 -0.038985   0.384788  -0.688751 -0.0529014 0.000496593  0.00217492 0.000634027 0.00460328  -0.141833 -0.0169145   0.022817 -0.0675095   -9.80874 
              45.702 -0.441435 -0.227254  -71.7758   6.56008 -0.426403 0.0624426 0 0 0 -0.023404   0.02329 -0.038985   0.325775   -0.57356 -0.0606008 0.000466478   0.0022045 0.000638438 0.00719306  -0.139881 -0.0173965  0.0252599 -0.0653832   -9.80875 
              45.802  0.333174 -0.685774  -71.1942   6.59157 -0.478187 0.0532594 0 0 0 -0.023404   0.02329 -0.038985  0.287437 -0.539078 -0.108034 0.000410522  0.00226917 0.000631437 0.00860482  -0.138556 -0.0178009  0.0265731 -0.0639645   -9.80876 
              45.902  0.0817694 -0.0504275   -70.2392   6.61476 -0.529303 0.0524355 0 0 0 -0.023404   0.02329 -0.038985    0.21562  -0.497816 -0.0117366 0.000449829   0.0022341 0.000644669  0.0100349  -0.137942 -0.0182559   0.027958 -0.0632456   -9.80876 
              46.002  0.914561 -0.167663  -69.3598   6.63876 -0.572702 0.0589821 0 0 0 -0.023404   0.02329 -0.038985   0.224761  -0.470483 -0.0476677 0.000432419  0.00225129    0.000626  0.0112394   -0.13769 -0.0189286  0.0291499 -0.0629052   -9.80875 
              46.102   0.364394 -0.0391704   -68.9969   6.66878 -0.619873  0.054032 0 0 0 -0.023404   0.02329 -0.038985   0.297673  -0.496154 -0.0136444 0.000457658  0.00219452 0.000666875  0.0120361  -0.137578 -0.0190811  0.0299339 -0.0627271   -9.80875 
                46.2 0.820303 0.434001 -68.3378   6.69864 -0.659683  0.061011 0 0 0 -0.023404   0.02329 -0.038985   0.228197  -0.391497 -0.0576865 0.000378397  0.00225622 0.000643641  0.0134125  -0.138508 -0.0194063  0.0313831 -0.0635334   -9.80874 
              46.302   1.97237 -0.122907  -67.4734   6.71383 -0.697438 0.0498279 0 0 0 -0.023404   0.02329 -0.038985  0.0395358  -0.303108 -0.0268565 0.000380026  0.00223678 0.000536446 0.0135329 -0.139863 -0.019176 0.0316196 -0.064863  -9.80873 
              46.403  3.10912   1.2126 -67.2633   6.71481 -0.716121 0.0503783 0 0 0 -0.023404   0.02329 -0.038985   0.105962  -0.109398 -0.0266048 0.000423137  0.00220914 0.000678023  0.0119973  -0.138376 -0.0191115  0.0299635 -0.0635299   -9.80875 
              46.502  3.16916  1.45588 -67.3917   6.72903 -0.722402 0.0457848 0 0 0 -0.023404   0.02329 -0.038985  0.0915776 -0.0156315  0.0423461 0.000458051  0.00221734 0.000703375  0.0124085  -0.137994 -0.0190076  0.0303356 -0.0631119   -9.80875 
              46.601  2.08431  1.87484 -67.7607   6.73043 -0.722904 0.0486853 0 0 0 -0.023404   0.02329 -0.038985  -0.034007 -0.0122188 -0.0102537 0.000511425   0.0022496 0.000644517  0.0124224  -0.138579 -0.0189742  0.0304047 -0.0636891   -9.80875 
                46.7  1.91467  1.65388 -67.6668   6.70012 -0.661424 0.0584311 0 0 0 -0.023404   0.02329 -0.038985 -0.0124853  0.0351715  0.0578885 0.000431383  0.00219381   0.0006268  0.0127906  -0.138274 -0.0189877   0.030741 -0.0633521   -9.80875 
              46.802  2.35431  1.53655 -67.3709   6.70507 -0.658731 0.0597323 0 0 0 -0.023404   0.02329 -0.038985   0.0527783  0.00258936 -0.00675058 0.000359013  0.00216109  0.00064847 -0.00110718   -0.148506  -0.0174765  0.0179901 -0.0747891    -9.8087 
              46.902  2.20781  1.19134 -67.2796   6.70468 -0.663411 0.0567409 0 0 0 -0.023404   0.02329 -0.038985  0.0364534 -0.0309053 0.00734353 0.000394066  0.00212485 0.000623872 -0.0139966  -0.158269 -0.0162025  0.0062007 -0.0856807   -9.80862 
              47.002 2.19177 1.33383 -67.402     6.696  -0.65867 0.0587636 0 0 0 -0.023404   0.02329 -0.038985  -0.111797  0.0132983 -0.0282945 0.000390449  0.00210668 0.000628829 -0.0238009  -0.165553 -0.0150921 -0.00276778  -0.0938326    -9.80855 
              47.102  2.11793  1.11896 -67.2659   6.70109 -0.662233 0.0593669 0 0 0 -0.023404   0.02329 -0.038985 0.00494666 0.00348349 0.00882063 0.000383247  0.00206914 0.000588773 -0.0324473  -0.173491 -0.0139068 -0.0105178  -0.102524   -9.80846 
              47.202  2.43561 0.730594 -67.0333   6.70482 -0.660168 0.0603877 0 0 0 -0.023404   0.02329 -0.038985   0.050924 -0.0152167  0.0166316 0.000401078  0.00211275 0.000591832 -0.0405873  -0.178973 -0.0128212 -0.0180063  -0.108744   -9.80838 
              47.302  2.00741 0.601812 -66.9088   6.70419 -0.663299 0.0569664 0 0 0 -0.023404   0.02329 -0.038985   0.0266857  -0.0315332 0.000146674 0.000407809  0.00208448 0.000623739 -0.0484675  -0.183171 -0.0118821 -0.025361 -0.113681  -9.80831 
              47.403  1.93349 0.722962 -66.8008   6.69853  -0.65929 0.0595941 0 0 0 -0.023404   0.02329 -0.038985  -0.0533481   0.0262713 -0.00613806 0.000425145  0.00209554 0.000596457 -0.0551184  -0.186887 -0.0111455 -0.0315486  -0.118028   -9.80824 
              47.502   1.5146 0.367555 -66.7151   6.70358  -0.69381 0.0507133 0 0 0 -0.023404   0.02329 -0.038985  0.0569037 -0.0929405 -0.0328828 0.000394988  0.00208795 0.000587549 -0.0612951  -0.192248 -0.0103698 -0.0370942  -0.123958   -9.80815 
              47.602   1.25341 -0.438967  -66.0722   6.71683 -0.713381 0.0501567 0 0 0 -0.023404   0.02329 -0.038985   0.154091  -0.166204 0.00948687 0.000454118  0.00211522 0.000547282 -0.0627011  -0.193869 -0.0104675 -0.0383181  -0.125707   -9.80812 
              47.702   1.06904 -0.960185  -64.5963   6.75137  -0.72509 0.0517487 0 0 0 -0.023404   0.02329 -0.038985   0.253877  -0.182627 -0.0309396  0.00043284  0.00210799 0.000518333  -0.059143  -0.196112 -0.0108491 -0.0345689   -0.12755   -9.80811 
                47.8  2.67483 -1.39027 -62.5949   6.79141 -0.732611 0.0522099 0 0 0 -0.023404   0.02329 -0.038985  0.331172 -0.216775 -0.136494 0.000353585  0.00218129 0.000466671 -0.0551434  -0.196832 -0.0113812 -0.0305408  -0.127827   -9.80812 
              47.903  1.29744 -1.52451 -59.5851   6.82613 -0.738961 0.0443727 0 0 0 -0.023404   0.02329 -0.038985   0.237378  -0.214052 -0.0488301 0.000460776  0.00215126 0.000388612 -0.0500652  -0.196025 -0.0119926 -0.0256184  -0.126445   -9.80815 
              48.002  0.898689 -0.742677  -56.9751   6.86401 -0.732188  0.052295 0 0 0 -0.023404   0.02329 -0.038985   0.288981 -0.0866723  0.0496822 0.000493506  0.00205653 0.000574759 -0.0435496  -0.196149 -0.0130109 -0.0191744  -0.125749   -9.80818 
              48.102 -0.202416  -1.10135  -54.0767   6.90543 -0.728539 0.0577472 0 0 0 -0.023404   0.02329 -0.038985   0.404146 -0.0906188 -0.0668588 0.000559078  0.00211546 0.000504614 -0.0389765  -0.196827 -0.0137282 -0.0145801  -0.125783   -9.80818 
              48.202 -0.0516978  -0.858652     -51.53   6.94342 -0.726115  0.061397 0 0 0 -0.023404   0.02329 -0.038985    0.31734 -0.0262642  0.0577933 0.000502241  0.00211665  0.00043427  -0.036185  -0.196607 -0.0140878 -0.0118683   -0.12514   -9.80819 
              48.302  0.71059 -1.37934 -49.0386   6.98401 -0.719924 0.0613818 0 0 0 -0.023404   0.02329 -0.038985    0.352786 -0.00589604  -0.0699459 0.000544489  0.00217398 0.000457662 -0.0338908   -0.19716 -0.0145379 -0.00952091    -0.12529     -9.8082 
              48.402 -0.45566 -0.92554 -45.8237   7.02725 -0.714623  0.055836 0 0 0 -0.023404   0.02329 -0.038985   0.376928  0.0408449 -0.0327405 0.000604681   0.0020286 0.000468957 -0.0316905  -0.198638 -0.0143064 -0.00710237   -0.126307    -9.80818 
              48.502 -0.126095 -0.977559  -43.2217   7.06817 -0.707678 0.0609462 0 0 0 -0.023404   0.02329 -0.038985     0.36708 -0.00444272    0.038314 0.000541497  0.00200416 0.000472934 -0.0310974  -0.199152 -0.0145003 -0.00641091   -0.126678    -9.80818 
              48.602 -1.11112 -1.18923 -40.8589   7.10624 -0.713255 0.0625385 0 0 0 -0.023404   0.02329 -0.038985   0.317055 -0.0595603   0.028611 0.000519169  0.00208458 0.000478484 -0.0316259  -0.199125 -0.0146182 -0.00692155   -0.126782    -9.80818 
              48.702 -0.0436165   -0.99195   -39.3245   7.12734 -0.720103 0.0637031 0 0 0 -0.023404   0.02329 -0.038985   0.149753 -0.0531275 -0.0677898 0.000501549  0.00202261 0.000571791 -0.0318711  -0.199366  -0.014509 -0.00709378   -0.127078    -9.80817 
              48.802  0.911598 -0.618536  -38.7384   7.13773 -0.731282 0.0563411 0 0 0 -0.023404   0.02329 -0.038985  0.0421363 -0.0355942  0.0453079 0.000507499  0.00199275  0.00055841 -0.0326549  -0.199781 -0.0142357 -0.00772152   -0.127704    -9.80817 
              48.902   1.52987 0.0683481  -38.6047   7.14339 -0.739116 0.0568321 0 0 0 -0.023404   0.02329 -0.038985  0.0629636 -0.0173077 -0.0114461 0.000604483  0.00204089 0.000593665 -0.0336565  -0.200148 -0.0141196 -0.00854521   -0.128369    -9.80816 
              49.002  1.70449  0.25605 -38.6117   7.15396 -0.740261 0.0517081 0 0 0 -0.023404   0.02329 -0.038985 0.0906283 0.0091609 0.0221644 0.000549994  0.00200077 0.000603471 -0.0338228  -0.200186 -0.0139327 -0.00868889   -0.128458    -9.80815 
              49.103  1.43749 0.529578 -38.7738   7.09753 -0.716223  0.060816 0 0 0 -0.023404   0.02329 -0.038985  -0.131132 -0.0479707 -0.0178793 0.000548341  0.00204147 0.000564285 -0.0338405  -0.200903 -0.0140516 -0.00845925   -0.129131    -9.80815 
              49.202  1.57043 0.681618 -38.6767   7.10698 -0.715979 0.0585375 0 0 0 -0.023404   0.02329 -0.038985 -0.0116627  0.0119582 -0.0110962 0.000525028  0.00195089 0.000573763 -0.0361374  -0.201986 -0.0133056 -0.0101954  -0.130906   -9.80812 
              49.302  2.00612 0.546096 -38.3362   7.10833 -0.712395 0.0621038 0 0 0 -0.023404   0.02329 -0.038985   0.0352705    0.010989 -0.00175727 0.000519452  0.00195307 0.000549306 -0.0389638  -0.203382 -0.0125649 -0.0123107  -0.133148   -9.80809 
              49.401  1.70348 0.353959 -38.3425   7.11041 -0.714693 0.0593824 0 0 0 -0.023404   0.02329 -0.038985  0.0275517 -0.0016852  0.0140058 0.000533441  0.00191761 0.000590185 -0.0411885  -0.204717 -0.0117006 -0.0138808  -0.135114   -9.80806 
              49.503   1.6858 0.408016 -38.3997    7.1003 -0.714872 0.0607611 0 0 0 -0.023404   0.02329 -0.038985  -0.117138 -0.0379258 -0.0355232 0.000557727   0.0019738 0.000594989  -0.043351  -0.206363 -0.0110917 -0.0152914  -0.137362   -9.80803 
              49.602  1.61409 0.289128 -38.2881   7.10704 -0.714731   0.06233 0 0 0 -0.023404   0.02329 -0.038985 -0.00301932   0.0175214  0.00997967  0.00055082  0.00191656 0.000536542 -0.0452223  -0.207775 -0.0103817 -0.0165095  -0.139287     -9.808 
              49.702    1.82984 -0.0531107   -38.1107   7.10886 -0.712733  0.061845 0 0 0 -0.023404   0.02329 -0.038985  0.0448575  0.0123198 0.00807142 0.000607525  0.00193311 0.000559471  -0.0470181    -0.20917 -0.00956244 -0.0176614  -0.141168   -9.80797 
              49.803   1.32986 -0.179749  -37.8888    7.1099 -0.714914 0.0597536 0 0 0 -0.023404   0.02329 -0.038985   0.0295315 -0.00664584  0.00376306 0.000614956  0.00193567 0.000500594 -0.0487883   -0.21004 -0.0088604 -0.0189734  -0.142566   -9.80795 
              49.902    1.25915 -0.0109035   -37.8309   7.12143 -0.725331 0.0527912 0 0 0 -0.023404   0.02329 -0.038985  0.0327862 -0.0268317 -0.0162366 0.000604728  0.00194668 0.000535065  -0.0499292   -0.211489 -0.00828478 -0.0195029  -0.144287   -9.80792 
              50.002 0.877426 -0.47626 -37.5903   7.13359 -0.723397 0.0533055 0 0 0 -0.023404   0.02329 -0.038985    0.119336  0.00884841 -0.00597444 0.000625069  0.00202206 0.000558247  -0.0494277   -0.212271 -0.00849636 -0.0187685  -0.144836   -9.80791 
              50.102 0.677012 -1.07106 -36.4624   7.15853 -0.722643 0.0544227 0 0 0 -0.023404   0.02329 -0.038985   0.273647 -0.0219022 -0.0271901 0.000605775  0.00200919 0.000512349  -0.0490747   -0.213131 -0.00865174 -0.0181371  -0.145506    -9.8079 
              50.202 0.999433 -1.65079 -34.5755   7.19634 -0.720156 0.0555418 0 0 0 -0.023404   0.02329 -0.038985  0.364035 0.0406733 0.0450152 0.000641406  0.00193866 0.000482481  -0.0483684   -0.214131 -0.00873793 -0.0171234  -0.146164    -9.8079 
              50.301  1.32997 -2.18123 -33.0945     7.236 -0.714837 0.0607171 0 0 0 -0.023404   0.02329 -0.038985  0.419554 0.0011782 0.0227029 0.000635779  0.00202281 0.000456179  -0.0480762   -0.213935 -0.00901684 -0.0169325  -0.145874    -9.8079 
              50.402  0.62751 -1.81331 -30.5744   7.28178 -0.719163 0.0627904 0 0 0 -0.023404   0.02329 -0.038985  0.425005 0.0745322  0.122819 0.000608087  0.00193143 0.000463956  -0.0486616    -0.21432 -0.00874883 -0.0173018  -0.146464   -9.80789 
              50.502 0.488647 -1.72802 -28.6249   7.32361 -0.717064 0.0677394 0 0 0 -0.023404   0.02329 -0.038985  0.463753 0.0555214 0.0206968 0.000616869  0.00192991 0.000490154  -0.0490936   -0.214115 -0.00848208 -0.0177735  -0.146482   -9.80789 
              50.603 0.308718 -1.43966 -27.5798   7.37945 -0.717566 0.0652662 0 0 0 -0.023404   0.02329 -0.038985  0.512231 0.0382083 0.0153583 0.000559006  0.00195355 0.000530815  -0.0497108    -0.21439 -0.00828782 -0.0181682  -0.147027   -9.80788 
              50.702 0.972712 -1.29356 -26.0814    7.4299 -0.717932 0.0632647 0 0 0 -0.023404   0.02329 -0.038985   0.568948  0.0568651 -0.0620909 0.000543648   0.0019256 0.000525987  -0.0503974   -0.213952 -0.00807522 -0.018969 -0.147045  -9.80788 
              50.802 0.183565 -1.59368 -24.3255   7.48741 -0.725115  0.062112 0 0 0 -0.023404   0.02329 -0.038985   0.540287 -0.0756709 0.00571903 0.000590192  0.00191886 0.000468397  -0.0511371   -0.214041 -0.00810396 -0.019495 -0.147549  -9.80787 
              50.902  0.10421 -1.69132 -23.1931   7.53915  -0.73758 0.0658715 0 0 0 -0.023404   0.02329 -0.038985   0.478359  -0.118402 -0.0378894  0.00052837  0.00196774 0.000527741  -0.0517521   -0.214115 -0.00823874 -0.0198985  -0.147997   -9.80786 
              51.003 -0.138829  -1.83864  -21.9967   7.58757 -0.750193 0.0606599 0 0 0 -0.023404   0.02329 -0.038985   0.403895 -0.0302385 0.00646928 0.000582561  0.00188915  0.00045367    -0.05231   -0.214221 -0.00839268 -0.0202047   -0.14845   -9.80786 
              51.102  -1.01105 -0.434135   -22.449   7.60717 -0.752659 0.0668783 0 0 0 -0.023404   0.02329 -0.038985   0.152831 -0.0860553 -0.0394668 0.000678617   0.0019865 0.000478796  -0.0518808   -0.214072 -0.00862294 -0.0200368  -0.148029   -9.80786 
              51.202  -0.902537 -0.0586701   -22.5804   7.61599 -0.759761 0.0576175 0 0 0 -0.023404   0.02329 -0.038985  0.0371154  -0.105511 -0.0427405 0.000661013  0.00189782 0.000492421  -0.0514818   -0.214079 -0.00859108 -0.0197962  -0.147728   -9.80787 
              51.302 -0.140995  0.434142  -22.2042    7.6246 -0.760224 0.0562849 0 0 0 -0.023404   0.02329 -0.038985  0.0661528  -0.013068 -0.0534983 0.000573756  0.00192289  0.00046331  -0.0513596   -0.214498 -0.00869466 -0.0193918  -0.147873   -9.80787 
              51.402 -0.0311962   0.516015     -22.31   7.54378 -0.740129  0.066883 0 0 0 -0.023404   0.02329 -0.038985 -0.0184245   0.025173  0.0437352   0.0005749  0.00187634 0.000579143   -0.051069   -0.214929 -0.00897666 -0.0188624  -0.147894   -9.80787 
              51.502 -0.116188  0.491654  -22.5585   7.53416  -0.74721 0.0646374 0 0 0 -0.023404   0.02329 -0.038985 -0.0889635 -0.0797513 -0.0470818 0.000528419  0.00196793 0.000600355  -0.0515229   -0.215561 -0.00843856 -0.0186727  -0.148568   -9.80786 
              51.603 0.358866  0.53583 -22.4099    7.5398 -0.741961 0.0668239 0 0 0 -0.023404   0.02329 -0.038985 -0.045261 0.0355169 0.0216065 0.000519642   0.0019037 0.000561614  -0.0517043   -0.216296 -0.00799201 -0.0182425  -0.149081   -9.80785 
              51.703 0.923508    0.171 -22.2554    7.5434 -0.740285 0.0679614 0 0 0 -0.023404   0.02329 -0.038985   0.0460421   0.0194611 -0.00994541 0.000489086  0.00193213 0.000641004  -0.0522078   -0.216805 -0.00747635 -0.018175 -0.149709  -9.80784 
              51.802  0.845016 -0.107977  -22.1655   7.54364 -0.740597 0.0658686 0 0 0 -0.023404   0.02329 -0.038985 -0.00762196   0.0152125   0.0114441 0.000472957  0.00192967 0.000599029 -0.0528499  -0.217306 -0.0069567 -0.0181811   -0.15044   -9.80783 
              51.902   0.874115 -0.0261131   -21.9846   7.53695 -0.742307 0.0642391 0 0 0 -0.023404   0.02329 -0.038985 -0.0650793  -0.012642 -0.0486417 0.000516374  0.00187509 0.000509791  -0.0533294   -0.217891 -0.00642331 -0.0180172  -0.151091   -9.80782 
              52.002  0.725037 -0.317634  -22.0756   7.54671 -0.739777 0.0570996 0 0 0 -0.023404   0.02329 -0.038985  0.0497023  0.0959433 -0.0462571 0.000521615  0.00188553 0.000569217  -0.0536585   -0.218675 -0.00616158 -0.0175942  -0.151766   -9.80781 
              52.102 0.273472 -1.03844 -21.2014   7.56625 -0.730818 0.0576016 0 0 0 -0.023404   0.02329 -0.038985    0.191573   0.0549807 -0.00650873 0.000601773  0.00191128  0.00044574   -0.053811   -0.219264 -0.00636503 -0.0172134  -0.152231    -9.8078 
              52.203 -0.0854131   -1.71047   -20.2811   7.59946 -0.727372 0.0575451 0 0 0 -0.023404   0.02329 -0.038985   0.322179  -0.013387 -0.0309151 0.000506073  0.00187829 0.000592509  -0.0538834   -0.219602 -0.00662356 -0.0169773  -0.152486    -9.8078 
              52.303 0.761092 -2.08475 -19.1694   7.64507 -0.727512 0.0630391 0 0 0 -0.023404   0.02329 -0.038985   0.478146  0.0334925 0.00145883 0.000504631  0.00178157 0.000635197  -0.0540926   -0.220068 -0.00688405 -0.0166932  -0.152894   -9.80779 
              52.402 -0.0380369   -2.76828   -17.5548   7.70422 -0.720248 0.0675802 0 0 0 -0.023404   0.02329 -0.038985  0.545041 -0.015373 0.0392873 0.000567912  0.00179021 0.000533631 -0.0539793  -0.220683 -0.0071159 -0.0161209  -0.153059   -9.80779 
              52.502 -0.27654 -2.53691 -16.3899   7.76283 -0.723076 0.0739542 0 0 0 -0.023404   0.02329 -0.038985  0.528942 0.0396138 0.0207823 0.000469531  0.00178689 0.000569782   -0.054466    -0.22081 -0.00707468 -0.0161726  -0.153541   -9.80778 
              52.602 -0.448253  -2.31037  -15.3611   7.82533 -0.724289 0.0761523 0 0 0 -0.023404   0.02329 -0.038985   0.616494   0.052419 -0.0188035 0.000389176  0.00182451 0.000659118  -0.0548137   -0.221064 -0.00709514 -0.0160082  -0.153913   -9.80778 
              52.702 -0.359629  -1.45608  -14.9308    7.8883 -0.729149 0.0768432 0 0 0 -0.023404   0.02329 -0.038985   0.512671 -0.0385796  0.0845206 0.000394417  0.00182594  0.00063417  -0.0551007   -0.221091 -0.00690996 -0.0159943  -0.154207   -9.80777 
              52.802 0.473639 -1.83723 -14.2256   7.94396 -0.732391 0.0726787 0 0 0 -0.023404   0.02329 -0.038985   0.479675 -0.0971446 -0.0715406 0.000306828  0.00190867  0.00068146  -0.0551508   -0.221175 -0.00687808 -0.0159104  -0.154252   -9.80777 
              52.902 0.198871 -1.49239 -13.0659   7.98316 -0.753857 0.0675877 0 0 0 -0.023404   0.02329 -0.038985   0.226384  -0.167777 0.00276274 0.000281231  0.00192272 0.000611824   -0.055327   -0.221203 -0.00682437 -0.0158448  -0.154407   -9.80777 
              53.002  0.908415 -0.882105  -12.6929   8.00513 -0.764003 0.0653275 0 0 0 -0.023404   0.02329 -0.038985   0.166943 -0.0218359 -0.0757038 0.000288568  0.00180032 0.000617833  -0.0554054   -0.221289 -0.00696534 -0.0157451   -0.15443   -9.80777 
              53.102 0.880425 0.542919 -12.9013   8.02199 -0.755581 0.0606924 0 0 0 -0.023404   0.02329 -0.038985 0.0989946 0.0571415 0.0211625 0.000434177  0.00148802 0.000495575  -0.0553571   -0.221425 -0.00694483 -0.0156699  -0.154325   -9.80777 
              53.203 0.201946 0.357404 -13.2622   8.02982  -0.75505 0.0636614 0 0 0 -0.023404   0.02329 -0.038985  0.0173891    -0.0291 -0.0281045 0.000361392  0.00182393 0.000627198  -0.0555236   -0.221526 -0.00728286 -0.0154894  -0.154411   -9.80777 
              53.303 0.528629 0.302551  -13.251   7.94505 -0.732722 0.0713828 0 0 0 -0.023404   0.02329 -0.038985 -0.0393115  0.0624115  0.0102086 0.000317778  0.00182183 0.000593214  -0.0556302   -0.221379 -0.00737955 -0.0155229  -0.154576   -9.80777 
              53.402  1.12184 0.183006 -13.0619   7.94806 -0.732855 0.0731212 0 0 0 -0.023404   0.02329 -0.038985   0.0383068   0.0104514 -0.00826413 0.000262221  0.00178639  0.00064042  -0.0562341   -0.221141 -0.00681232 -0.0154475  -0.155074   -9.80776 
              53.502   0.977791 -0.0514024   -13.0711   7.94917 -0.732314  0.071081 0 0 0 -0.023404   0.02329 -0.038985 0.00760443  0.0178959  0.0230546 0.000201893  0.00180203 0.000643986  -0.0566579   -0.220948 -0.00635189 -0.0154292  -0.155423   -9.80776 
              53.602   0.910637 -0.0273834    -12.996   7.94146 -0.735978 0.0692783 0 0 0 -0.023404   0.02329 -0.038985 -0.0879259 -0.0600832  -0.052361 0.000219042  0.00184397 0.000618998  -0.0571978   -0.220883 -0.00588334 -0.0152564  -0.155783   -9.80775 
              53.702   0.752772 -0.0262391   -13.0401   7.94626 -0.733246 0.0730943 0 0 0 -0.023404   0.02329 -0.038985 -0.0198268  0.0372279  0.0158663 0.000288983  0.00171532 0.000634221 -0.0576051  -0.220942 -0.0053582 -0.0150692  -0.155975   -9.80775 
              53.802   1.27451 -0.586335    -12.88   7.94801 -0.731764 0.0722043 0 0 0 -0.023404   0.02329 -0.038985   0.035336  0.0315525 0.00710713 0.000232016  0.00180337 0.000634582  -0.0579979   -0.220878 -0.00486182 -0.0149639  -0.156227   -9.80774 
              53.902  0.612408 -0.703769   -12.688   7.94856 -0.733709 0.0706884 0 0 0 -0.023404   0.02329 -0.038985  0.00233872 -0.00537926   0.0130522 0.000336172   0.0018262 0.000587572  -0.0585701   -0.220921 -0.00454479 -0.0146579  -0.156573   -9.80774 
              54.003  0.660725 -0.511064  -12.9291   7.94223 -0.736797 0.0702233 0 0 0 -0.023404   0.02329 -0.038985 -0.0858691 -0.0547826 -0.0464295 0.000306893  0.00178436 0.000792636  -0.0588175   -0.221075 -0.00412493 -0.0144438  -0.156615   -9.80774 
              54.103  0.237227 -0.784786  -12.7469   7.94539 -0.735413 0.0718439 0 0 0 -0.023404   0.02329 -0.038985  -0.0271344 -0.00323933  0.00900701 0.000341359  0.00175337 0.000657537  -0.0589416   -0.221245 -0.00382727 -0.0142754  -0.156579   -9.80774 
              54.202 0.415985 -1.15151 -12.7684   7.94684 -0.732571 0.0714584 0 0 0 -0.023404   0.02329 -0.038985  0.0220128  0.0345727 -0.0225735 0.000414521  0.00176391 0.000639868  -0.0592727   -0.221354 -0.00349536 -0.0140361  -0.156727   -9.80774 
              54.302 0.309079 -1.41699 -12.7789   7.94876 -0.733859 0.0726895 0 0 0 -0.023404   0.02329 -0.038985  0.0459656  0.0179658 -0.0136126 0.000386842  0.00177656 0.000719144  -0.0595488   -0.221363 -0.00318524 -0.0138894    -0.1569   -9.80774 
              54.402  0.248662 -0.986451  -12.4931   7.94364 -0.735605   0.07518 0 0 0 -0.023404   0.02329 -0.038985 -0.0725794 -0.0357184  0.0403532 0.000375674  0.00173916 0.000602074  -0.0598238    -0.22151 -0.00278878 -0.0136462     -0.157   -9.80773 
              54.502 0.0934083 -0.868166  -12.5499   7.94363 -0.736122 0.0708817 0 0 0 -0.023404   0.02329 -0.038985 -0.0488096 -0.0257359 -0.0230264 0.000369212  0.00167896 0.000644478  -0.0600534   -0.221725 -0.00232976 -0.0133826  -0.157032   -9.80773 
              54.602 0.0421684   -1.3587  -12.7401   7.94623 -0.733312  0.072834 0 0 0 -0.023404   0.02329 -0.038985 -0.00142598   0.0244624 -0.00234746 0.000378436  0.00174369 0.000672646 -0.0603823  -0.221972 -0.0020862 -0.0130343  -0.157109   -9.80773 
              54.702 0.220648 -1.68112 -12.6893   7.94909 -0.732553 0.0705857 0 0 0 -0.023404   0.02329 -0.038985  0.0450586  0.0313395 -0.0105106 0.000381847  0.00172257 0.000601911  -0.0607021   -0.222019 -0.00164053 -0.0128319  -0.157303   -9.80773 
              54.802 0.0581123  -1.33183  -12.5767   7.94842 -0.732508 0.0704434 0 0 0 -0.023404   0.02329 -0.038985  0.00298836    0.018129 -0.00530452 0.000364212  0.00171572 0.000602154  -0.0609241   -0.222078 -0.00142476 -0.0126688  -0.157424   -9.80773 
              54.901 0.0464149  -1.14718  -12.4579   7.94292 -0.736003 0.0711216 0 0 0 -0.023404   0.02329 -0.038985 -0.0731106 -0.0367468 -0.0248894 0.000384023  0.00177526 0.000603449   -0.061245    -0.22236 -0.00120189 -0.0122983  -0.157481   -9.80773 
              55.002 -0.347543  -1.40169   -12.573   7.94537 -0.734633 0.0716451 0 0 0 -0.023404   0.02329 -0.038985 -0.0224497 0.00907556 0.00479128 0.000412966  0.00180812 0.000594158   -0.0615696    -0.222693 -0.000935307 -0.0118951  -0.157508   -9.80773 
              55.102 0.122747 -1.60201 -12.7664   7.95135 -0.730968 0.0672505 0 0 0 -0.023404   0.02329 -0.038985  0.0368012  0.0638779 -0.0125301 0.000356636  0.00174799 0.000629917   -0.0617801    -0.222819 -0.000716076 -0.0116961  -0.157582   -9.80773 
              55.202 -0.0389876   -1.70784   -12.4971   7.96669 -0.726998 0.0665301 0 0 0 -0.023404   0.02329 -0.038985   0.122211  0.0710355 -0.0317232 0.000373733  0.00179341 0.000574566    -0.062127    -0.222887 -0.000731677 -0.0114479  -0.157769   -9.80772 
              55.302 0.854971 -1.88465 -11.8276   7.98708 -0.720637 0.0655414 0 0 0 -0.023404   0.02329 -0.038985   0.219078   0.136973 0.00287945 0.000325483  0.00179144 0.000590321   -0.0623346    -0.222811 -0.000846548 -0.0113752  -0.157941   -9.80772 
              55.402  1.24605 -1.88607 -10.8987   8.01624 -0.708926 0.0684983 0 0 0 -0.023404   0.02329 -0.038985  0.296418    0.1472 0.0221352 0.000293837  0.00175498 0.000576593   -0.0625486    -0.222825 -0.000995799 -0.0112377  -0.158058   -9.80772 
              55.502 0.525179 -2.97871 -10.6107   8.05673 -0.696269 0.0746543 0 0 0 -0.023404   0.02329 -0.038985  0.430872  0.112864 0.0261267 0.000274927  0.00185518 0.000696441  -0.0627231   -0.222788 -0.00118678 -0.011149 -0.158177  -9.80772 
              55.602 -1.13882 -3.25297 -9.30342   8.11211 -0.693318 0.0717544 0 0 0 -0.023404   0.02329 -0.038985  0.555234 0.0453695 0.0343037 0.000229111  0.00170025 0.000665624  -0.0630226   -0.222684 -0.00113096 -0.0109627  -0.158383   -9.80772 
              55.702 -2.13272 -3.15929 -8.36015   8.17735 -0.695813 0.0787694 0 0 0 -0.023404   0.02329 -0.038985   0.769469 0.00887158 -0.0555053 0.000287907  0.00168745 0.000651589 -0.0631478  -0.222607 -0.0015492 -0.0109492  -0.158455   -9.80771 
              55.802 -1.09301 -3.11152 -7.93158   8.26333 -0.696329 0.0867684 0 0 0 -0.023404   0.02329 -0.038985   0.85694  0.119364 0.0885261 0.00020263 0.00161495 0.00060255   -0.063557   -0.222543 -0.00181192 -0.0106513  -0.158506   -9.80771 
              55.901 -0.00225716    -4.00033    -7.34062   8.35765 -0.682965 0.0914912 0 0 0 -0.023404   0.02329 -0.038985  0.934049 0.0734913 0.0496029 0.000291262  0.00164417 0.000594683  -0.0637695   -0.222553 -0.00206357 -0.0105313   -0.15843   -9.80771 
              56.002 -1.20616 -3.48325 -6.56097  8.45428 -0.67887  0.09638 0 0 0 -0.023404   0.02329 -0.038985  0.916403 0.0397398  0.164192 0.000179997  0.00160099 0.000609373  -0.0637795    -0.22268 -0.00196157 -0.0105278  -0.158336   -9.80772 
              56.102 -1.20407 -4.20877 -6.02704   8.56072 -0.689238  0.101061 0 0 0 -0.023404   0.02329 -0.038985     1.12214   -0.141174 -0.00839304 0.000233472  0.00163336 0.000599739   -0.063818   -0.222561 -0.00194022 -0.0104443  -0.158415   -9.80772 
              56.202 -1.46743 -3.21961  -6.0283   8.68338 -0.706588 0.0957035 0 0 0 -0.023404   0.02329 -0.038985   1.20089 -0.185163 -0.170515 7.77739e-05  0.00157292 0.000606943  -0.0638748   -0.222363 -0.00181536 -0.0102573  -0.158534   -9.80771 
              56.302  1.65247 -3.13699 -6.22791   8.81803 -0.721559 0.0916202 0 0 0 -0.023404   0.02329 -0.038985    1.38824 -0.0173928  -0.094381 -4.43898e-05   0.00173389   0.00066652  -0.0640992   -0.222074 -0.00198064 -0.00999034   -0.158567    -9.80771 
              56.402  2.05452  -2.8057 -5.93267   8.96662 -0.721044 0.0885192 0 0 0 -0.023404   0.02329 -0.038985   1.46004 -0.144475 -0.232614 0.000180095  0.00187245 0.000585627  -0.0646066   -0.222083 -0.00267558 -0.0098876  -0.158231   -9.80772 
              56.503  1.42313 -1.37801 -5.09999   9.09457    -0.734 0.0980622 0 0 0 -0.023404   0.02329 -0.038985   1.29024  -0.18457 0.0434282 6.85513e-05  0.00171815 0.000624355  -0.0645336   -0.222245 -0.00331545 -0.0101754  -0.158239   -9.80772 
              56.602  1.23006 -1.98092 -4.71751   9.21769 -0.749864  0.104468 0 0 0 -0.023404   0.02329 -0.038985    1.23813   -0.14548 -0.0325086  0.00022977  0.00166293 0.000625373  -0.0647435   -0.222398 -0.00421888 -0.0102696  -0.158151   -9.80772 
              56.702  1.43652 -2.58586 -4.46963   9.34997 -0.757401  0.101166 0 0 0 -0.023404   0.02329 -0.038985   1.27189 -0.130606 0.0803484 0.000204326  0.00181043 0.000613458  -0.0650429   -0.222604 -0.00465893 -0.0102922    -0.1579   -9.80772 
              56.802  3.24677 -2.66542 -4.87303   9.49507 -0.753199  0.101522 0 0 0 -0.023404   0.02329 -0.038985   1.42321 0.0197579 -0.157229 0.000119588  0.00173727 0.000635263  -0.0654192   -0.222798 -0.00515098 -0.0102755   -0.15761   -9.80773 
              56.902  1.65066 -1.57199 -3.95937   9.64078 -0.752541 0.0910574 0 0 0 -0.023404   0.02329 -0.038985    1.42774 -0.0368706  -0.196925 0.000320451  0.00165267 0.000621148  -0.0655904   -0.223282 -0.00612839 -0.0105722  -0.157491   -9.80773 
              57.002   1.75089 0.0473278  -3.29761   9.77735 -0.756121  0.109854 0 0 0 -0.023404   0.02329 -0.038985    1.37762  -0.110203 -0.0648527 0.000347934  0.00166092 0.000627656 -0.0657284  -0.223347 -0.0071045 -0.0105311  -0.157577   -9.80773 
              57.102 0.668737 -1.14324 -3.38203   9.91609 -0.765492  0.115289 0 0 0 -0.023404   0.02329 -0.038985     1.43712 -0.00251326   -0.114192  0.00019296  0.00164869 0.000732146  -0.0657794   -0.223388 -0.00800077 -0.0104743  -0.157681   -9.80773 
              57.203  1.90626 -1.07183 -3.76344   10.0483 -0.768418  0.130959 0 0 0 -0.023404   0.02329 -0.038985   1.41807 0.0259035 0.0442436 2.87061e-05  0.00160544 0.000744079  -0.0656618   -0.223555 -0.00850914 -0.0106053    -0.1578   -9.80772 
              57.302  2.90839   -2.266 -3.88125   10.1907 -0.770776  0.132857 0 0 0 -0.023404   0.02329 -0.038985    1.47628 -0.0309394  -0.109249 0.000196156  0.00162406  0.00059419  -0.0654106   -0.223315 -0.00900115 -0.0104154  -0.158133   -9.80772 
              57.403  1.37869 -0.94352  -2.9515   10.3368 -0.774596  0.130058 0 0 0 -0.023404   0.02329 -0.038985   1.32627 0.0297324  0.146141 0.000343184  0.00160884 0.000574798  -0.0654709    -0.22321 -0.00917944 -0.0102897  -0.158136   -9.80772 
              57.502  0.726253 -0.905712  -2.24319  10.4659 -0.78524 0.134012 0 0 0 -0.023404   0.02329 -0.038985    1.31814 -0.0728585  -0.149149 0.000378714  0.00159927 0.000490254 -0.0651726  -0.223361 -0.0101086 -0.010401   -0.1585  -9.80771 
              57.602  0.455284 -0.975209  -2.72692   10.6039 -0.793553  0.126144 0 0 0 -0.023404   0.02329 -0.038985    1.44191  0.0325816 -0.0981988 0.000482203  0.00167337 0.000513662 -0.0647722  -0.223398 -0.0109787 -0.0104234  -0.158948   -9.80771 
              57.703  1.87475 -1.76078 -3.01775   10.7511 -0.790857  0.130282 0 0 0 -0.023404   0.02329 -0.038985   1.50061  0.109563 -0.170219 0.000289872   0.0017688 0.000570471 -0.0643479  -0.223321 -0.0121296 -0.0103209  -0.159423    -9.8077 
              57.802  1.98487 -1.05788 -2.47094   10.8935 -0.791343  0.131295 0 0 0 -0.023404   0.02329 -0.038985      1.446 -0.0421034   -0.12488 0.000270933  0.00170975 0.000553127 -0.0638824    -0.2237 -0.0138323 -0.010596 -0.159906  -9.80769 
              57.902    2.07496 -0.0711997   -1.92819   11.0145 -0.803569  0.153293 0 0 0 -0.023404   0.02329 -0.038985    1.31106  -0.102286 -0.0124793  0.00031446   0.0016769 0.000512766 -0.0631339  -0.223851 -0.0148728 -0.0107513  -0.160652   -9.80768 
              58.002   1.21049 -0.882923  -1.85516   11.1401 -0.817733  0.157127 0 0 0 -0.023404   0.02329 -0.038985      1.3424 -0.00704624  -0.0701132  0.00031849  0.00157821 0.000560783 -0.0628035    -0.2237 -0.0153987 -0.0105959  -0.161017   -9.80767 
              58.102  1.88769 -1.25829  -2.1186    11.259 -0.821643  0.167542 0 0 0 -0.023404   0.02329 -0.038985   1.30024 0.0901641  0.127107 0.000438411  0.00153792 0.000489593 -0.0622071  -0.223751 -0.0157826 -0.0106514  -0.161588   -9.80766 
              58.202  3.06603 -1.70573 -2.85592   11.3882 -0.810724  0.175426 0 0 0 -0.023404   0.02329 -0.038985   1.41036 0.0837967 -0.110416 0.000350589  0.00150484 0.000537963 -0.0618727  -0.223854 -0.0161896 -0.0107258  -0.161922   -9.80766 
              58.302    1.5965 -0.631674  -1.86115   11.5039 -0.815849  0.174111 0 0 0 -0.023404   0.02329 -0.038985    1.11025 0.00432269   0.291102 0.000244672  0.00153995 0.000503883 -0.0612068  -0.224066 -0.0160522 -0.0110035  -0.162493   -9.80765 
              58.402  1.35072 -1.13102 -1.55493   11.6193 -0.827846  0.182367 0 0 0 -0.023404   0.02329 -0.038985    1.17823 -0.0594293 -0.0732896 0.000372174  0.00164737  0.00052088 -0.0609857  -0.223994 -0.0162685 -0.0109252  -0.162728   -9.80764 
              58.502   1.09346 -0.974572  -1.89829   11.7424 -0.834541  0.170057 0 0 0 -0.023404   0.02329 -0.038985   1.14199 -0.138262 0.0651678  0.00035688  0.00157187 0.000557496 -0.0610332  -0.223889 -0.0159873 -0.0108692  -0.162663   -9.80765 
              58.603  2.85219 -1.72459 -2.63571   11.8625 -0.836401   0.18005 0 0 0 -0.023404   0.02329 -0.038985    1.26528  0.0888639 -0.0241637 0.000303635   0.0015851 0.000599966 -0.0608743  -0.224005 -0.0160614 -0.0109757  -0.162808   -9.80764 
              58.702  2.22828 -1.70273 -2.36045   11.9941 -0.831062  0.176374 0 0 0 -0.023404   0.02329 -0.038985   1.29284 -0.084487 -0.149914 0.000350203  0.00168886 0.000521322 -0.0612103  -0.224167  -0.016448 -0.011049 -0.162533  -9.80765 
              58.803   2.14807 -0.119662  -1.83894     12.11 -0.840341  0.184572 0 0 0 -0.023404   0.02329 -0.038985    1.15775  -0.104376 -0.0291852  0.00028729  0.00153113 0.000548371 -0.0611425  -0.224144 -0.0167145 -0.0110046  -0.162638   -9.80765 
              58.903   1.24779 -0.738803  -1.65154   12.2239 -0.853882  0.180384 0 0 0 -0.023404   0.02329 -0.038985    1.15319 -0.0271095 -0.0681318 0.000393311  0.00145226  0.00054426 -0.0611107   -0.22396 -0.0168785 -0.0108184  -0.162707   -9.80764 
              59.002  2.42325 -1.33677 -1.88237   12.3261 -0.853369  0.183936 0 0 0 -0.023404   0.02329 -0.038985   1.02592 0.0821843  0.119362 0.000237776  0.00153943 0.000557189 -0.0609552  -0.224171 -0.0171793 -0.010985 -0.162868  -9.80764 
              59.102  3.14938 -1.66902 -2.69384    12.432 -0.843155  0.183972 0 0 0 -0.023404   0.02329 -0.038985   1.05986 0.0939226 -0.010666 0.000309355  0.00141733 0.000490501 -0.0607259  -0.224075 -0.0172168 -0.0109076  -0.163089   -9.80764 
              59.202   1.86391 -0.412312  -2.27985   12.5411 -0.857071  0.182601 0 0 0 -0.023404   0.02329 -0.038985   0.948151 -0.0911948  0.0143961 0.000295015  0.00144677 0.000513721 -0.0604909  -0.223557 -0.0174176 -0.0104295  -0.163373   -9.80763 
              59.302   2.76613 -0.130399  -2.10076   12.6285 -0.869322  0.188873 0 0 0 -0.023404   0.02329 -0.038985    0.856023  -0.0885822 -0.00539429 0.000173922  0.00157447 0.000511969 -0.0601865  -0.223471 -0.0175142 -0.0103695  -0.163669   -9.80763 
              59.402   2.11859 -0.144286  -2.05863   12.7074 -0.877138  0.186022 0 0 0 -0.023404   0.02329 -0.038985   0.833544  0.0243451 0.00749721 0.000266252  0.00149544 0.000510093 -0.0599521  -0.223404 -0.0171981 -0.0103897   -0.16385   -9.80763 
              59.502   2.29512 -0.628867  -2.15533    12.782 -0.880347  0.191178 0 0 0 -0.023404   0.02329 -0.038985   0.754985  -0.026319 -0.0259978 0.000340485  0.00151972 0.000501337  -0.059958  -0.223319 -0.0170879 -0.0103338  -0.163839   -9.80763 
              59.602   2.6239 -1.31919 -2.55934   12.8611 -0.874617  0.176374 0 0 0 -0.023404   0.02329 -0.038985   0.742435 -0.0354163 -0.0684123 0.000377715  0.00146922 0.000473262 -0.0602587  -0.223415 -0.0167277 -0.0104615  -0.163516   -9.80763 
              59.702   1.83852 -0.336628  -2.41319   12.9287 -0.887231   0.17953 0 0 0 -0.023404   0.02329 -0.038985   0.625112 -0.0859308  0.0343401 0.000362081  0.00146976 0.000561609 -0.0600748  -0.223492 -0.0170432 -0.0104917  -0.163716   -9.80763 
              59.802   2.40326 -0.632984  -2.30529   12.9915 -0.890649  0.175389 0 0 0 -0.023404   0.02329 -0.038985   0.570575 -0.0379761  -0.095527 0.000424403   0.0015687  0.00055774 -0.0602529  -0.223567 -0.0171277 -0.0105202  -0.163556   -9.80763 
              59.903  2.27876 -0.10205 -2.52118   13.0497 -0.889257  0.171399 0 0 0 -0.023404   0.02329 -0.038985   0.556505  0.0424842 -0.0453728  0.00036039  0.00146901 0.000577194  -0.060141  -0.223677 -0.0175115  -0.01056 -0.163692  -9.80763 
              60.002    1.87322 -0.0991332   -2.54883   13.0983 -0.884461   0.16985 0 0 0 -0.023404   0.02329 -0.038985  0.485852 0.0128018 -0.190079 0.000386195  0.00153595 0.000526258 -0.0602156  -0.223813 -0.0178687 -0.0105998  -0.163646   -9.80763 
              60.102   1.81757 -0.581735  -2.31304  13.1449  -0.8941 0.165731 0 0 0 -0.023404   0.02329 -0.038985   0.439778  -0.122557 -0.0650249 0.000382805  0.00153019 0.000454565 -0.0600169  -0.223604 -0.0185248 -0.0103066   -0.16391   -9.80763 
              60.202   1.75303 -0.201328  -2.38364   13.1755 -0.896147  0.175825 0 0 0 -0.023404   0.02329 -0.038985    0.275593 -1.0108e-05  0.00961679 0.000341622  0.00157881 0.000535238 -0.0599597  -0.223831 -0.0190564 -0.010415 -0.163967  -9.80762 
              60.302   1.46619 -0.791691  -2.37494   13.2156 -0.889208  0.174034 0 0 0 -0.023404   0.02329 -0.038985   0.354547   0.102295 -0.0751656   0.0004016  0.00153226 0.000547208 -0.0604272  -0.223757 -0.0193568 -0.0102312  -0.163573   -9.80763 
              60.402  1.09553 -0.20962 -2.58691   13.2483 -0.880481  0.174035 0 0 0 -0.023404   0.02329 -0.038985   0.242966  0.0209542 0.00467682 0.000407564  0.00156985 0.000537742 -0.060575 -0.223777 -0.019498 -0.0102062  -0.163444   -9.80763 
              60.502   1.20873 -0.506468  -2.20741  13.2819  -0.8864 0.168767 0 0 0 -0.023404   0.02329 -0.038985  0.260693   -0.1129 -0.119117 0.000393549  0.00155949 0.000475285 -0.0607309  -0.223412 -0.0198696 -0.00980347   -0.163365    -9.80763 
              60.602   1.61032 0.0672065  -1.97007   13.3116 -0.903078  0.165392 0 0 0 -0.023404   0.02329 -0.038985    0.19242 -0.0878005 -0.0540059 0.000407277  0.00152271 0.000505068 -0.0608324  -0.222975 -0.0200479 -0.00937477   -0.163333    -9.80764 
              60.702   1.41096 -0.171832  -1.95218   13.3365 -0.902904   0.16357 0 0 0 -0.023404   0.02329 -0.038985  0.221133 0.0406411 -0.119972 0.000440285  0.00158001 0.000493088 -0.0611128  -0.223083 -0.0206704 -0.00933734   -0.163076    -9.80764 
              60.801  1.01759 0.557255 -2.37941   13.3455 -0.890505  0.164435 0 0 0 -0.023404   0.02329 -0.038985  0.0483067 -0.0384369 0.00303517 0.000498024  0.00158824  0.00052379 -0.0613036  -0.223664 -0.0209565 -0.00978692   -0.162848    -9.80764 
              60.903 0.987922 0.211332 -2.12253  13.3558 -0.89358 0.163153 0 0 0 -0.023404   0.02329 -0.038985  0.0575821  -0.106109 -0.0902242 0.000423435   0.0015871 0.000455364 -0.0615199  -0.223669 -0.0213881 -0.00968927   -0.162646    -9.80765 
              61.002  1.56576 0.734921 -1.72622  13.3608 -0.90008 0.163978 0 0 0 -0.023404   0.02329 -0.038985 -0.0176043  0.0232274 -0.0263916 0.000420398  0.00150533 0.000472386 -0.0616122  -0.223471 -0.0216194 -0.00945851   -0.162574    -9.80765 
              61.102  1.43509 0.348344   -1.759     13.37 -0.889109  0.160831 0 0 0 -0.023404   0.02329 -0.038985 0.0324802  0.123509 -0.079784 0.000447816   0.0015839 0.000510603 -0.0620339  -0.223427 -0.0219499 -0.00931485    -0.16218    -9.80765 
              61.202  1.07245 0.835762 -2.00066   13.3744 -0.883647  0.162589 0 0 0 -0.023404   0.02329 -0.038985  -0.064728 0.00846607 -0.0166764 0.000444211  0.00162077 0.000417832 -0.0622279  -0.223182 -0.0222408 -0.00901759    -0.16201    -9.80766 
              61.303 0.965468 0.457909 -2.11525   13.3801 -0.883632  0.163137 0 0 0 -0.023404   0.02329 -0.038985  -0.0590797   0.0219379 -0.00289153 0.000427307  0.00158417 0.000500363 -0.0625639  -0.222887 -0.0226628 -0.00863681   -0.161706    -9.80766 
              61.402  1.23572 0.365399 -1.75885   13.3757 -0.880557  0.165549 0 0 0 -0.023404   0.02329 -0.038985 -0.0680601  0.0714313 0.00903935 0.00046452 0.00161003 0.00049879 -0.0626022  -0.222679 -0.0228077 -0.00841684   -0.161678    -9.80766 
              61.502  1.02197 0.161638 -1.69487   13.3704 -0.894172  0.164416 0 0 0 -0.023404   0.02329 -0.038985  0.0361269  0.0362877 -0.0244294 0.000406355  0.00149385 0.000540853 -0.0625394  -0.222559 -0.0229599 -0.0082826  -0.161738   -9.80766 
              61.602 0.906467 0.270274 -1.75547   13.3621 -0.898133  0.169962 0 0 0 -0.023404   0.02329 -0.038985 -0.0948153 -0.0642877 0.00445297  0.00042634  0.00154028 0.000522516 -0.0633063  -0.222723 -0.0230873 -0.00835714   -0.161024    -9.80767 
              61.702     0.69727 -0.00768643    -1.66865   13.3683 -0.896411  0.167524 0 0 0 -0.023404   0.02329 -0.038985 -0.0189688  0.0226489  0.0209385 0.000428188  0.00150257 0.000484429 -0.0642454   -0.22313 -0.0229306 -0.00869479   -0.160154    -9.80769 
              61.802  1.02568  -0.3199 -1.43808   13.3672 -0.893201   0.16625 0 0 0 -0.023404   0.02329 -0.038985 0.00465823  0.0500497 -0.0116473 0.000433134  0.00150131 0.000488922 -0.0650227  -0.223212 -0.0230278 -0.00871252   -0.159439     -9.8077 
              61.902  0.523272 -0.489859  -1.43823   13.3701 -0.894372  0.165942 0 0 0 -0.023404   0.02329 -0.038985  0.0351412  0.0346356 -0.0177906 0.000450843  0.00148042 0.000570233 -0.0656895   -0.22334 -0.0232907 -0.00876249   -0.158817    -9.80771 
              62.002  0.463964 -0.281205  -1.26291    13.364 -0.898202  0.169896 0 0 0 -0.023404   0.02329 -0.038985 -0.0829028 -0.0466169  0.0228465 0.000411712  0.00149484 0.000511246 -0.0664036  -0.223788 -0.0234669 -0.00912607   -0.158147    -9.80772 
              62.102 0.0399182 -0.536021  -1.22035   13.3659 -0.897771  0.165686 0 0 0 -0.023404   0.02329 -0.038985  -0.0363816  -0.0156914 -0.00770926 0.000457403  0.00150848 0.000499308 -0.0674737  -0.224164 -0.0234909 -0.00944531   -0.157163    -9.80774 
              62.202  0.124525 -0.969079   -1.2887    13.367 -0.893908  0.167515 0 0 0 -0.023404   0.02329 -0.038985 -0.00363961   0.0444015  -0.0152109 0.000436901  0.00152116 0.000505129 -0.0682739  -0.224365 -0.0237396 -0.0096043  -0.156417   -9.80775 
              62.302 0.160677 -1.24373 -1.14074   13.3705 -0.894002  0.167179 0 0 0 -0.023404   0.02329 -0.038985   0.0488618   0.0436441 -0.00490801 0.000407412  0.00142192 0.000459423 -0.0688559  -0.224578 -0.0239843 -0.00978686   -0.155874    -9.80776 
              62.402 -0.0806623  -0.869617   -1.02001   13.3679 -0.895402  0.167696 0 0 0 -0.023404   0.02329 -0.038985  -0.0225497 -0.00795186   0.0132704 0.000402988  0.00139881 0.000450768 -0.0693107  -0.224666 -0.0243077 -0.00986472   -0.155445    -9.80776 
              62.502 -0.214466 -0.849621 -0.974519   13.3641 -0.898406  0.167132 0 0 0 -0.023404   0.02329 -0.038985 -0.0656217 -0.0417216 -0.0137231  0.00043289  0.00147484 0.000486779 -0.0700309  -0.225075 -0.0245227 -0.0102455  -0.154781   -9.80777 
              62.602 -0.358434  -1.06382 -0.958555   13.3669 -0.895501   0.16775 0 0 0 -0.023404   0.02329 -0.038985 -0.0177879  0.0225392  0.0110631 0.000369581  0.00143465 0.000424574 -0.0707064  -0.225272 -0.0248238 -0.0104396  -0.154151   -9.80778 
              62.702 -0.144178  -1.61026   -1.1106   13.3698 -0.893651  0.165284 0 0 0 -0.023404   0.02329 -0.038985   0.0419886   0.0403838 -0.00990269 0.000414017  0.00152049 0.000451084 -0.0714971  -0.225203 -0.0250875 -0.0103998  -0.153408   -9.80779 
              62.802 -0.470666  -1.35071  -1.08897   13.3744 -0.881187  0.169129 0 0 0 -0.023404   0.02329 -0.038985 0.0663701  0.029602  0.013545  0.00042713  0.00146242 0.000492045 -0.0717062  -0.225601 -0.0254576 -0.0107763  -0.153207    -9.8078 
              62.903 -0.909526   -1.1911  -1.34061   13.3832 -0.891436  0.170354 0 0 0 -0.023404   0.02329 -0.038985 0.00854095  -0.153318  0.0227427  0.00044597  0.00145513 0.000452686 -0.0717916  -0.225253 -0.0255291 -0.0104646  -0.153118    -9.8078 
              63.002  -1.1214 -1.02347 -2.63743   13.3869 -0.918344  0.173092 0 0 0 -0.023404   0.02329 -0.038985  0.0168311  -0.293908 -0.0252887 0.000401132  0.00147352 0.000442068 -0.0717212  -0.224926 -0.0254994 -0.0101659  -0.153182    -9.8078 
              63.102 -0.740304   -1.1495  -4.24514     13.38 -0.951723  0.174308 0 0 0 -0.023404   0.02329 -0.038985 -0.0650481   -0.38299  0.0490427 0.000408342  0.00147945 0.000471082 -0.0715031  -0.224974  -0.025372 -0.0102093  -0.153391    -9.8078 
              63.201 0.649981 -1.56988 -6.60247   13.3835 -0.993891  0.174345 0 0 0 -0.023404   0.02329 -0.038985  -0.0384201   -0.371296 -0.00943593 0.000365648   0.0015314 0.000525817 -0.0717622  -0.224624  -0.025315 -0.00986262   -0.153218     -9.8078 
              63.302 0.715418 -1.08531 -9.69234  13.3792 -1.02431 0.174777 0 0 0 -0.023404   0.02329 -0.038985 -0.090795 -0.400274 0.0446361 0.000600154  0.00146745 0.000523115 -0.0719665  -0.224916 -0.0253632 -0.010023 -0.152943   -9.8078 
              63.403 0.780049 -1.32179 -12.4804  13.3774 -1.05333 0.179377 0 0 0 -0.023404   0.02329 -0.038985 -0.00127017   -0.315935   -0.037196 0.000512893  0.00141672  0.00056519 -0.0721746  -0.225143 -0.0255162  -0.01001 -0.152668  -9.80781 
              63.502  1.79728 -1.55384 -14.9532  13.3799 -1.08526 0.179118 0 0 0 -0.023404   0.02329 -0.038985  -0.0468467   -0.380585 -0.00747661 0.000607203  0.00143081  0.00047684 -0.0723077  -0.225218 -0.0253265 -0.00989438   -0.152595    -9.80781 
              63.602 0.0625866  -1.85936  -17.2747  13.3823  -1.1314 0.176786 0 0 0 -0.023404   0.02329 -0.038985 -0.0481413  -0.460017   -0.09135 0.000561902  0.00146856 0.000415062 -0.0726058  -0.225285 -0.0253616 -0.00968508   -0.152728    -9.80781 
              63.702  1.54292 -1.80147 -20.2119  13.3804 -1.16442 0.173677 0 0 0 -0.023404   0.02329 -0.038985 -0.0066518  -0.350548 -0.0167888 0.000534984  0.00141796 0.000447202 -0.0724034  -0.225556 -0.0256796 -0.00948915   -0.152522    -9.80781 
              63.802 0.826501  -1.5384 -23.0019  13.3808 -1.19755 0.174291 0 0 0 -0.023404   0.02329 -0.038985  -0.0572995   -0.385571 -0.00740668 0.000592971  0.00149961 0.000397645 -0.0723468  -0.225972 -0.0260032 -0.00912773   -0.152571    -9.80781 
              63.902   1.8745 -1.99465  -25.913  13.3808 -1.22709 0.176018 0 0 0 -0.023404   0.02329 -0.038985 -0.00389767   -0.373781   0.0337849 0.000490886  0.00145331 0.000477359 -0.0720273  -0.226167 -0.0263681 -0.00882857    -0.15241    -9.80781 
              64.002  1.33248  -1.6549 -28.2645  13.3809 -1.26324 0.179522 0 0 0 -0.023404   0.02329 -0.038985  -0.0751625   -0.426527 -0.00722231 0.000612787  0.00134716 0.000401552 -0.0717607  -0.226446 -0.0264946 -0.0084684  -0.152414   -9.80781 
              64.102  1.24161 -1.80577 -30.8329  13.3784 -1.30189 0.177124 0 0 0 -0.023404   0.02329 -0.038985 -0.0546923  -0.363311 -0.0362455   0.0005235  0.00141478 0.000454939  -0.071523  -0.226912 -0.0266691 -0.00802503   -0.152632    -9.80781 
              64.203  1.77666 -1.16932  -33.997  13.3801 -1.32688 0.178455 0 0 0 -0.023404   0.02329 -0.038985  -0.0814876   -0.356612 -0.00966701 0.000671967  0.00142758 0.000517822 -0.0705609  -0.227448 -0.0268096 -0.00696507   -0.152603    -9.80781 
              64.303  1.84739 -1.42774 -36.6736  13.3727 -1.35994 0.176747 0 0 0 -0.023404   0.02329 -0.038985 -0.0363066  -0.354888 -0.0431851 0.000553833  0.00142379 0.000565367 -0.0702875  -0.227536 -0.0267096 -0.00668406   -0.152571    -9.80781 
              64.402  3.06206 -1.54869 -39.2883  13.3775 -1.39578 0.179035 0 0 0 -0.023404   0.02329 -0.038985 -0.0434704  -0.360139  0.0994427 0.000534601  0.00147494 0.000488415 -0.0701446  -0.228386 -0.0266095 -0.00624998   -0.153291     -9.8078 
              64.502  1.43035 -1.40197 -42.0945   13.366  -1.4359 0.187233 0 0 0 -0.023404   0.02329 -0.038985  -0.101713  -0.401982 0.00649794 0.000656033  0.00139624  0.00062578 -0.070191 -0.228241 -0.026705 -0.00634118   -0.153167     -9.8078 
              64.601  2.51524 -1.50379  -44.453  13.3656 -1.47309 0.181308 0 0 0 -0.023404   0.02329 -0.038985   0.0110451   -0.383105 -0.00313018  0.00055193  0.00136076 0.000542809 -0.0699176  -0.228734 -0.0264338 -0.00594341   -0.153567     -9.8078 
              64.702  2.29592 -1.06016 -46.9776  13.3703 -1.50807 0.175576 0 0 0 -0.023404   0.02329 -0.038985 -0.0665513   -0.36647  0.0161265 0.000525733  0.00145213 0.000557684 -0.0693922  -0.229396 -0.0262192 -0.00528592   -0.154083    -9.80779 
              64.803  2.51547 -1.37926 -48.9323  13.3681 -1.54486 0.171364 0 0 0 -0.023404   0.02329 -0.038985 -0.0050759   -0.42514 -0.0533205 0.000448633  0.00153151 0.000415614 -0.0688964  -0.229226  -0.026391 -0.00484803   -0.153821    -9.80779 
              64.903  2.88753 -1.00496 -50.9737  13.3749 -1.58662 0.171521 0 0 0 -0.023404   0.02329 -0.038985 -0.00430582   -0.405799  0.00611484 0.000526483   0.0014205 0.000471998 -0.0680292  -0.230309 -0.0266138 -0.00382748   -0.154707    -9.80778 
              65.002  2.73296  -1.1807 -52.5502  13.3809 -1.62218 0.172242 0 0 0 -0.023404   0.02329 -0.038985   0.072249  -0.366125 -0.0632498 0.000584061  0.00145464 0.000415757 -0.0669577  -0.230892 -0.0270001 -0.00271093   -0.155097    -9.80777 
              65.103   2.76461 -0.656543  -54.9088  13.3954 -1.65356  0.17225 0 0 0 -0.023404   0.02329 -0.038985 0.0761166 -0.375357  -0.02949 0.000585949  0.00141705 0.000564051 -0.0655357  -0.230903 -0.0273257 -0.00133558   -0.154901    -9.80778 
              65.202   2.35121 -0.763525  -56.0403  13.4046 -1.69399 0.175037 0 0 0 -0.023404   0.02329 -0.038985  0.107488  -0.38962 -0.016707 0.000608666  0.00148361 0.000374647 -0.0659558  -0.231706 -0.0275252 -0.00165299    -0.15573    -9.80776 
              65.302  2.12135 -1.07194  -57.788  13.4201 -1.72992 0.180421 0 0 0 -0.023404   0.02329 -0.038985 0.0874408 -0.491593 0.0896784 0.000602571  0.00141238 0.000442189 -0.0642331  -0.232302 -0.0275331 9.73114e-05   -0.156117    -9.80776 
              65.401  1.24254 -2.05802 -59.2296    13.43  -1.7815 0.191726 0 0 0 -0.023404   0.02329 -0.038985 0.0046799 -0.653168 0.0566985 0.000541277  0.00139976 0.000458527 -0.0630935  -0.233018  -0.027721 0.00128146  -0.156698   -9.80775 
              65.503    1.139 -3.21363 -60.4597  13.4316 -1.85103 0.191981 0 0 0 -0.023404   0.02329 -0.038985 0.0337372 -0.809809 0.0383589 0.000475868  0.00136885 0.000448136 -0.0621854  -0.232505 -0.0276275 0.00212411  -0.156115   -9.80776 
              65.602  1.74571 -2.99222 -62.0197  13.4375 -1.93543 0.193926 0 0 0 -0.023404   0.02329 -0.038985 0.0703492 -0.791353  0.122192 0.000493598  0.00135963 0.000427037 -0.0620027  -0.232852 -0.0275923 0.0023318  -0.15644  -9.80775 
              65.702  3.41909 -3.52332 -63.3671  13.4567 -2.01673 0.204755 0 0 0 -0.023404   0.02329 -0.038985  0.250328 -0.809508  0.149733 0.000405499  0.00143706 0.000398835 -0.0615822  -0.233091 -0.0277914 0.00276542  -0.156635   -9.80775 
              65.802  4.75561 -2.20026 -64.1172  13.4882 -2.11265 0.208877 0 0 0 -0.023404   0.02329 -0.038985  0.129964 -0.963221  0.101754 0.000438248  0.00138344 0.000356303 -0.0619183  -0.235846  -0.026994 0.00261544  -0.159398    -9.8077 
              65.902  3.27238 -1.85392 -65.1372  13.4988 -2.20855 0.198733 0 0 0 -0.023404   0.02329 -0.038985 0.0851571 -0.972942 -0.150434 0.000549776  0.00148911 0.000426842 -0.0617834  -0.235498 -0.0262624 0.00273097  -0.159093   -9.80771 
              66.002  4.39318 -2.26455 -66.1908  13.5075 -2.29573 0.186498 0 0 0 -0.023404   0.02329 -0.038985   0.151464  -0.910681 -0.0564549 0.000493807  0.00152501 0.000494394 -0.0608662  -0.234754 -0.0262798 0.00359037  -0.158311   -9.80772 
              66.103  4.82569 -2.04722  -67.159  13.5324  -2.3828 0.187445 0 0 0 -0.023404   0.02329 -0.038985  0.270397 -0.879936 -0.108985  0.00053251  0.00153849 0.000435606 -0.0603332   -0.23548 -0.0266514 0.00414024  -0.158973   -9.80771 
              66.202  5.05041 -1.54797 -68.9483  13.5598 -2.45771 0.183284 0 0 0 -0.023404   0.02329 -0.038985   0.219756  -0.852473 -0.0486759 0.000447638  0.00144125 0.000508297 -0.0583412  -0.233948 -0.0271985 0.0060125 -0.157345  -9.80774 
              66.302    4.84966 -0.0281766   -69.2426   13.563 -2.53232 0.186101 0 0 0 -0.023404   0.02329 -0.038985  0.0967143  -0.742233 -0.0356179 0.000499658  0.00152138 0.000488912 -0.0585112  -0.231209 -0.0275536 0.00572229  -0.154643   -9.80778 
              66.402  5.01806 0.200532 -69.8928  13.5649 -2.59807 0.180323 0 0 0 -0.023404   0.02329 -0.038985   0.148445  -0.601832 -0.0582376  0.00045258  0.00148932 0.000441875 -0.0593619  -0.229309 -0.0277427 0.0048115   -0.1528  -9.80781 
              66.502  4.89439 0.942684 -71.1927  13.5701 -2.64731 0.179816 0 0 0 -0.023404   0.02329 -0.038985 0.0751747 -0.511941 0.0856564 0.00054558 0.00153452 0.00050973 -0.0592447  -0.225868 -0.0278482 0.00481756   -0.14941   -9.80786 
              66.602  3.66104  0.77249 -71.9458  13.5627 -2.69462 0.182494 0 0 0 -0.023404   0.02329 -0.038985  0.0279895   -0.55967 -0.0411558 0.000406746  0.00161978 0.000564643 -0.0596742  -0.222627 -0.0281412 0.00429226   -0.14623   -9.80791 
              66.702    3.831 0.603295 -71.9232  13.5614 -2.75129 0.179289 0 0 0 -0.023404   0.02329 -0.038985 -0.0427226  -0.492142  0.0324285 0.000396027  0.00157863 0.000381189 -0.0590431  -0.222726  -0.028007 0.00492354  -0.146313   -9.80791 
              66.802  3.76844  0.60418 -72.4838  13.5748  -2.7687 0.173075 0 0 0 -0.023404   0.02329 -0.038985  0.114453  -0.24424 -0.160764 0.000371981  0.00153318 0.000418429 -0.0539976  -0.222299 -0.0281175 0.0098756 -0.145778  -9.80791 
              66.903   3.0323  2.14198 -73.2114   13.599 -2.78691 0.165683 0 0 0 -0.023404   0.02329 -0.038985  0.0330274 -0.0970452  0.0308848 0.000543798  0.00152019  0.00040042  -0.052942  -0.224052 -0.0280929 0.0109478  -0.14748  -9.80789 
              67.002  1.05748  2.29755 -73.4979  13.6027 -2.79207  0.16933 0 0 0 -0.023404   0.02329 -0.038985  -0.069322 -0.0876089 -0.0615322 0.000544123  0.00163151 0.000417189 -0.0511328  -0.224879 -0.0285194 0.0127229  -0.14826  -9.80787 
              67.102 0.645632  2.12766 -73.5362  13.6005 -2.79366 0.164698 0 0 0 -0.023404   0.02329 -0.038985    -0.045873   -0.0158155 -0.000189116 0.000496648  0.00157059 0.000447671 -0.0491935  -0.225385 -0.0285043   0.01464 -0.148724  -9.80786 
              67.202 0.875051  1.89976 -73.3487  13.5725 -2.73801 0.177304 0 0 0 -0.023404   0.02329 -0.038985  0.0615286 -0.0511643 -0.0718336 0.000535205   0.0015805  0.00045882 -0.0471757  -0.226548 -0.0288166 0.0166349 -0.149847  -9.80784 
              67.302 0.731009  1.91755 -73.4048  13.5702 -2.73538  0.18254 0 0 0 -0.023404   0.02329 -0.038985 -0.0430888  0.0373993  0.0352609 0.00051039 0.00145562 0.00035736 -0.0504272  -0.233442 -0.0283329 0.0135413 -0.156666  -9.80774 
              67.402 0.779946  1.50647 -73.1725  13.5665 -2.73927 0.178773 0 0 0 -0.023404   0.02329 -0.038985 -0.0454326 -0.0669802 -0.0531043 0.000485861  0.00147679 0.000250367 -0.0526307  -0.239335 -0.0276137 0.0114666 -0.162473  -9.80765 
              67.502  1.62849  1.47599 -73.0256  13.5726 -2.73233 0.184976 0 0 0 -0.023404   0.02329 -0.038985 0.0627389 0.0570736 0.0774357 0.000478244  0.00145702 0.000280994  -0.054679  -0.244914 -0.0270493 0.0095425 -0.167975  -9.80756 
              67.602  1.46946 0.907448 -72.9052   13.571 -2.73966 0.178548 0 0 0 -0.023404   0.02329 -0.038985  0.0466069 -0.0714696 -0.0434714 0.000507704  0.00148475 0.000328409 -0.0584236  -0.248773 -0.0261798 0.00593091   -0.17181   -9.80749 
              67.702  1.47758 0.837642 -73.0242  13.5702 -2.73564 0.182248 0 0 0 -0.023404   0.02329 -0.038985 -0.0177112  0.0289192  0.0284632 0.000518966  0.00144946 0.000349918 -0.0597658  -0.253509 -0.0258217 0.00469823  -0.176483   -9.80741 
              67.803  1.35046  0.73549 -72.9289  13.5641 -2.73682 0.177379 0 0 0 -0.023404   0.02329 -0.038985 -0.0585687   -0.01983 -0.0168796 0.000523649  0.00142009 0.000340304  -0.061993  -0.261067 -0.0251654 0.00265544  -0.183945   -9.80727 
              67.903   1.9334 0.511385 -72.7682  13.5718 -2.73438 0.181108 0 0 0 -0.023404   0.02329 -0.038985   0.055188  0.0177393 0.00258246 0.000498308  0.00146707 0.000288007 -0.0628453  -0.265054 -0.0248523 0.00189819  -0.187876    -9.8072 
              68.003   1.83811 0.0220956  -72.7042  13.5718 -2.73927  0.17947 0 0 0 -0.023404   0.02329 -0.038985  0.0449501 -0.0675669 -0.0170364 0.000481815   0.0014469 0.000353895 -0.0628656  -0.269926 -0.0244755 0.00198097   -0.19266   -9.80711 
              68.102  1.56562 0.155524 -72.6919  13.5713 -2.73737 0.179974 0 0 0 -0.023404   0.02329 -0.038985  0.00383498 -0.00609193    0.022081  0.00047794   0.0014385 0.000370605 -0.0629014  -0.274698 -0.0241252 0.00205021  -0.197347   -9.80701 
              68.202   1.4208 0.234843 -72.6389  13.5655 -2.73466 0.178533 0 0 0 -0.023404   0.02329 -0.038985 -0.0705783   0.013273 -0.0354131 0.000496818  0.00146039 0.000401682 -0.063259 -0.277928 -0.023906 0.00177146  -0.200528   -9.80695 
              68.303    1.16148 -0.0861044   -72.8348  13.5695 -2.73638 0.180886 0 0 0 -0.023404   0.02329 -0.038985  0.00846859 -0.00420362   0.0196671 0.000449069  0.00149795 0.000458927 -0.0630814  -0.281936 -0.0237277 0.00203749   -0.20446   -9.80687 
              68.402   1.44857 -0.320242  -72.6716  13.5728  -2.7375 0.179142 0 0 0 -0.023404   0.02329 -0.038985   0.0589984  -0.0461194 -0.00892152 0.000468598  0.00141643 0.000370682 -0.0633651  -0.286071  -0.023382 0.00185644  -0.208525   -9.80678 
              68.502  1.22785 -0.41354 -72.5284  13.5724 -2.73872 0.178933 0 0 0 -0.023404   0.02329 -0.038985  0.0427956 -0.0456597 -0.0030369 0.000450082  0.00144313 0.000348186 -0.0638702  -0.288517  -0.023246 0.00141768  -0.210939   -9.80673 
              68.602    1.24413 -0.0756139   -72.6386  13.5659 -2.73479  0.18208 0 0 0 -0.023404   0.02329 -0.038985 -0.0759756  0.0226083  0.0189997 0.000453468  0.00145744  0.00047426  -0.063397  -0.290528 -0.0231198 0.00193039  -0.212901   -9.80669 
              68.702 0.818093 -0.28739 -72.5697  13.5681 -2.73633  0.17808 0 0 0 -0.023404   0.02329 -0.038985  -0.0179179 -0.00561486  -0.0117427 0.000499754  0.00148307 0.000416764  -0.063257   -0.29418 -0.0226238 0.00215637  -0.216481   -9.80661 
              68.803   1.13844 -0.548987  -72.5794   13.572 -2.73637 0.180182 0 0 0 -0.023404   0.02329 -0.038985  0.0622003 -0.0218178 -0.0177934 0.000436428  0.00145009 0.000393954 -0.0622844  -0.297392 -0.0225416 0.00319149  -0.219608   -9.80654 
              68.902   1.13097 -0.682058  -72.6024  13.5719 -2.73888 0.180604 0 0 0 -0.023404   0.02329 -0.038985   0.0561325  -0.0572303 -0.00647817 0.000482252  0.00138575 0.000448467 -0.0620696   -0.29922 -0.0224168 0.0034489 -0.221396   -9.8065 
              69.003   1.11127 -0.313052  -72.5356  13.5703 -2.73657 0.180721 0 0 0 -0.023404   0.02329 -0.038985   -0.0148187 -0.000842449     0.013522  0.00046413  0.00142889 0.000460182 -0.0614264  -0.301599 -0.0220856 0.00413914  -0.223713   -9.80645 
              69.102  0.897636 -0.207987  -72.3163  13.5661 -2.73536 0.179106 0 0 0 -0.023404   0.02329 -0.038985 -0.0544903 0.00412215 -0.0182248 0.000465934  0.00144401 0.000401873 -0.0609459  -0.304743 -0.0218296 0.0046913 -0.226784  -9.80638 
              69.202  0.91884 -0.55279 -72.5269  13.5705 -2.73648 0.180772 0 0 0 -0.023404   0.02329 -0.038985  0.0290351 -0.0118066 0.00517192 0.000400074  0.00145279 0.000457591 -0.0604612  -0.307455 -0.0217758 0.00523899  -0.229432   -9.80632 
              69.302   1.15373 -0.878173  -72.5527   13.573 -2.73858 0.178533 0 0 0 -0.023404   0.02329 -0.038985  0.0558606  -0.054475 -0.0125894 0.000441165  0.00143289 0.000434551 -0.0600754  -0.309983 -0.0215977 0.00568557    -0.2319   -9.80626 
              69.402   1.03744 -0.594984  -72.4171  13.5947 -2.75474 0.174181 0 0 0 -0.023404   0.02329 -0.038985  0.124287 -0.122039 -0.015369 0.000426779   0.0014449 0.000417235 -0.0598756  -0.312689 -0.0214562 0.00595477  -0.234549   -9.80619 
              69.502  0.686159 -0.418857  -72.5683  13.6076 -2.76394 0.175354 0 0 0 -0.023404   0.02329 -0.038985  0.0275033  -0.157928 -0.0272735 0.000430575   0.0014853 0.000544301 -0.0585737  -0.313106 -0.0216632 0.00724458  -0.234921   -9.80618 
              69.602 -0.279992 -0.719081  -73.3194  13.6143 -2.77985 0.176978 0 0 0 -0.023404   0.02329 -0.038985 0.0343472 -0.199788 0.0275538 0.000374447  0.00144061 0.000489095 -0.0577095    -0.3136 -0.0218026 0.0081075 -0.235381  -9.80617 
              69.703  0.26479 -1.34628 -74.5276  13.6059  -2.8076 0.183448 0 0 0 -0.023404   0.02329 -0.038985 -0.0275197  -0.368012  0.0361711 0.000295745  0.00146969 0.000500737 -0.0586142  -0.312098 -0.0219279 0.00718162  -0.233936   -9.80621 
              69.802  1.42875 -1.75788 -76.3127  13.5975 -2.85007 0.186259 0 0 0 -0.023404   0.02329 -0.038985  0.025681 -0.483059 -0.012326 0.000335336  0.00138882  0.00042913 -0.0594125  -0.310691 -0.0220153 0.00636755  -0.232576   -9.80624 
              69.902  2.09981 -1.83101 -78.1054  13.5801 -2.87514 0.187321 0 0 0 -0.023404   0.02329 -0.038985 -0.0405719  -0.412317  0.0401146  0.0003425 0.00138003 0.00040619 -0.0583194  -0.305917 -0.0221504 0.00735216  -0.227869   -9.80635 
              70.003  2.81413 -2.15131 -79.7297  13.5654 -2.91207 0.187319 0 0 0 -0.023404   0.02329 -0.038985 -0.0754185  -0.458856  0.0472984 0.000397472  0.00139567  0.00042633 -0.0586407  -0.302856 -0.0222386 0.00700278  -0.224868   -9.80642 
              70.103  2.29137 -2.08272 -80.8185  13.5431 -2.94364 0.194715 0 0 0 -0.023404   0.02329 -0.038985 -0.199919 -0.501672 0.0678995 0.000400868  0.00143483 0.000396565 -0.0571427  -0.299087 -0.0224507 0.0084587 -0.221157   -9.8065 
              70.202  1.34866 -2.86533 -81.9952  13.5211 -2.99195 0.197613 0 0 0 -0.023404   0.02329 -0.038985 -0.233666 -0.597151 0.0445478 0.000384274  0.00139655  0.00038547 -0.0558463  -0.298096 -0.0224872 0.00973446  -0.220186   -9.80652 
              70.302  1.80852 -2.55102 -83.4662  13.4889 -3.05996 0.201836 0 0 0 -0.023404   0.02329 -0.038985   -0.270496    -0.75943 -0.00154591  0.00037136  0.00138166 0.000378365 -0.0565381  -0.297026 -0.0222973 0.00906412  -0.219138   -9.80655 
              70.403  3.09923 -2.58817 -84.9593  13.4631 -3.13423 0.205809 0 0 0 -0.023404   0.02329 -0.038985 -0.105539 -0.911407 0.0404418 0.000399197  0.00127041 0.000493982 -0.0563554   -0.29471 -0.0221102 0.00927674  -0.216875    -9.8066 
              70.502  5.43033 -2.03808 -86.0369  13.4498   -3.225 0.204048 0 0 0 -0.023404   0.02329 -0.038985 -0.163775 -0.999181 0.0212754 0.000371914  0.00122033 0.000411765 -0.0561696  -0.293347 -0.0215542 0.00947954  -0.215565   -9.80663 
              70.602   3.6293 -1.57895 -86.8275  13.4337 -3.32526 0.199612 0 0 0 -0.023404   0.02329 -0.038985  -0.161222  -0.982237 -0.0636481 0.000484741  0.00134213 0.000437281 -0.0567102  -0.293928 -0.0210868 0.00893135  -0.216141   -9.80661 
              70.702  3.74193 -1.73135 -87.4047  13.4184 -3.42295 0.192051 0 0 0 -0.023404   0.02329 -0.038985   -0.10651  -0.984365 -0.0391137 0.000436153  0.00130394 0.000318771 -0.0573325  -0.294288  -0.020982 0.00831049  -0.216481   -9.80661 
              70.802  4.16694 -1.34474  -88.734  13.4087 -3.50408 0.190067 0 0 0 -0.023404   0.02329 -0.038985  -0.0367469   -0.936817 -0.00526766 0.000392812  0.00137209 0.000368357 -0.0551519   -0.29188 -0.0211626 0.0105312 -0.214188  -9.80666 
              70.902  4.39199 -1.71237 -90.5734  13.4079 -3.59471  0.18572 0 0 0 -0.023404   0.02329 -0.038985 0.0610005  -1.03076 -0.046238 0.000362279  0.00142653 0.000430155  -0.054279  -0.289726 -0.0213905 0.0114679 -0.212101   -9.8067 
              71.003   4.11947 -0.355369   -91.038  13.3869 -3.70216 0.188121 0 0 0 -0.023404   0.02329 -0.038985  -0.154598   -1.02816 0.00082175 0.000444725  0.00133228  0.00037303 -0.0573046  -0.287212 -0.0215287 0.00860813  -0.209505   -9.80676 
              71.102   3.59136 0.0695154  -91.3822  13.3538 -3.78788  0.19011 0 0 0 -0.023404   0.02329 -0.038985  -0.236524  -0.960782 -0.0345991  0.00040766  0.00141583 0.000335021 -0.0578959  -0.283061 -0.0216485 0.00822227  -0.205408   -9.80685 
              71.202   3.51687 -0.499891  -92.0182  13.3234 -3.86952 0.188526 0 0 0 -0.023404   0.02329 -0.038985 -0.235696 -0.960874 0.0182262 0.000435553  0.00140189 0.000321002 -0.0568097  -0.280013 -0.0217126 0.00944095  -0.202474   -9.80691 
              71.302    4.2266 -0.740234  -92.9368  13.3059 -3.95708 0.190632 0 0 0 -0.023404   0.02329 -0.038985 -0.131544 -0.953571   -0.0556 0.000430348  0.00137358  0.00034848 -0.0554508    -0.2797 -0.0219127  0.010786 -0.202232  -9.80691 
              71.402  4.65598  -1.2374 -94.5209   13.294  -4.0573 0.181885 0 0 0 -0.023404   0.02329 -0.038985 -0.116652  -1.06243 -0.071755 0.000417603  0.00137315 0.000395671 -0.0557443  -0.278582 -0.0221139 0.0105574 -0.201116  -9.80693 
              71.502    3.62049 -0.0908052   -94.6396  13.2739 -4.15692 0.182297 0 0 0 -0.023404   0.02329 -0.038985  -0.23556 -0.952903 0.0812411 0.000493964   0.0014355 0.000394473 -0.0548143  -0.277681 -0.0225519  0.011514 -0.200271  -9.80695 
              71.602   3.37681 -0.625703  -94.9005  13.2463 -4.24634 0.185664 0 0 0 -0.023404   0.02329 -0.038985  -0.296801  -0.958904 -0.0930772 0.000513239  0.00150484 0.000354494 -0.0532863  -0.276201 -0.0230029 0.0130934 -0.198899  -9.80697 
              71.702    3.3224 -0.365353  -95.3481   13.223 -4.33444  0.18459 0 0 0 -0.023404   0.02329 -0.038985  -0.199997  -0.951949 -0.0084171 0.000424303  0.00136984 0.000338431 -0.0519778  -0.275167 -0.0232073 0.0144386 -0.197964  -9.80699 
              71.802   4.00811 -0.331457  -95.9679  13.2155 -4.41896 0.199222 0 0 0 -0.023404   0.02329 -0.038985 -0.0372361  -0.905623  0.0643171 0.000423471  0.00133628 0.000396498  -0.050687  -0.275006 -0.0234349 0.0157105 -0.197885  -9.80699 
              71.902   5.00453 -0.111961  -96.5301   13.215 -4.49964 0.197923 0 0 0 -0.023404   0.02329 -0.038985 -0.123327 -0.839679 0.0782892 0.000425515  0.00118819 0.000365149 -0.0495726  -0.274137 -0.0229204 0.0168667 -0.197123    -9.807 
              72.002  4.08845 0.937059 -96.6595  13.2015 -4.56525 0.193346 0 0 0 -0.023404   0.02329 -0.038985 -0.0862615  -0.698148  -0.035309 0.000397809  0.00119365 0.000424055 -0.0490506  -0.271952 -0.0220986 0.0175418  -0.19505  -9.80704 
              72.102  4.19507 0.718684 -97.0791   13.191 -4.62911 0.174893 0 0 0 -0.023404   0.02329 -0.038985 0.0166791 -0.703413 -0.127328 0.000499979   0.0012352 0.000442752 -0.0494195  -0.270154 -0.0216462 0.0173182 -0.193279  -9.80708 
              72.202   3.7077  1.54902 -97.6916  13.1859 -4.69109 0.173735 0 0 0 -0.023404   0.02329 -0.038985 -0.0132551  -0.605804  0.0199794  0.00052543   0.0013337 0.000433255 -0.0499195  -0.268069 -0.0219815 0.0169695 -0.191196  -9.80712 
              72.302  2.85836 0.876155 -97.7946  13.1768 -4.74142  0.17232 0 0 0 -0.023404   0.02329 -0.038985 -0.0886686  -0.581526  -0.107715  0.00052552  0.00134856 0.000408022 -0.0495136  -0.265292 -0.0226384 0.0175506 -0.188499  -9.80717 
              72.402  2.72921  1.12218 -97.9723  13.1588 -4.77809 0.173167 0 0 0 -0.023404   0.02329 -0.038985 -0.0351246   -0.34526 0.00482388 0.000564261  0.00125901 0.000452492 -0.0498823  -0.262706 -0.0228948 0.0173773  -0.18594  -9.80722 
              72.502  3.11236  1.59986 -98.1323  13.1601 -4.79935 0.168293 0 0 0 -0.023404   0.02329 -0.038985  0.142916 -0.302025 -0.092695 0.000491924   0.0012418  0.00048382 -0.0491694  -0.260763 -0.0230554 0.0182179 -0.184093  -9.80726 
              72.602  2.17159  2.97951 -98.5641  13.1643  -4.8146 0.169252 0 0 0 -0.023404   0.02329 -0.038985 -0.0134594  -0.121852  0.0292917 0.000569298  0.00123253  0.00036038 -0.0491982  -0.259413 -0.0230463 0.0182936 -0.182771  -9.80728 
              72.703  1.08459  2.48525 -98.7611  13.1622 -4.81907 0.167469 0 0 0 -0.023404   0.02329 -0.038985   0.0404459   -0.115141 -0.00320057 0.00052856 0.00126631 0.00042557 -0.0482404  -0.258291 -0.0231552 0.0193136 -0.181748   -9.8073 
              72.802  1.10555  2.45742 -98.0203  13.1758 -4.81841 0.169776 0 0 0 -0.023404   0.02329 -0.038985   0.238024 -0.0848684   0.033216 0.000569479  0.00128818 0.000348757  -0.047593  -0.256604 -0.0231404 0.0200786 -0.180148  -9.80733 
              72.902   1.1937  1.81819 -93.4075  13.2001 -4.82257 0.168888 0 0 0 -0.023404   0.02329 -0.038985   0.196403 -0.0752743  0.0398069 0.000514026  0.00128233 0.000283961 -0.0466478  -0.255926 -0.0230924  0.021056 -0.179557  -9.80733 
              73.003   1.4684  1.65084 -88.5626  13.2256 -4.81072 0.173186 0 0 0 -0.023404   0.02329 -0.038985     0.19825 -0.00638949 -0.00149856 0.000497869   0.0012872 0.000197854  -0.044129  -0.254657 -0.0231159 0.0236114 -0.178499  -9.80735 
              73.102  1.47876 0.839016 -83.1717  13.2406  -4.8074 0.173721 0 0 0 -0.023404   0.02329 -0.038985    0.169492 -0.00439138   0.0748552 0.000461725  0.00124553 0.000104672 -0.0441872  -0.253629 -0.0230734 0.0236189  -0.17749  -9.80737 
              73.202  1.64749 0.731574 -77.9212  13.2607 -4.80171 0.180169 0 0 0 -0.023404   0.02329 -0.038985  0.216901  0.042685 0.0505554 0.000473991  0.00121121 6.32285e-05 -0.0441514   -0.25329 -0.0229923 0.0236706 -0.177158  -9.80737 
              73.302   1.28987 0.0908117  -72.7855  13.2841 -4.79911 0.177368 0 0 0 -0.023404   0.02329 -0.038985  0.260041 0.0331574 0.0249445 0.000446919  0.00123336  3.9301e-05 -0.0444534  -0.253107 -0.0227981 0.0233789 -0.176968  -9.80738 
              73.402  1.18726 0.312296 -67.9986  13.3085 -4.79706 0.179662 0 0 0 -0.023404   0.02329 -0.038985  0.214012 0.0494539 0.0172169 0.000485981  0.00125119 9.34064e-05 -0.0446096   -0.25378   -0.02271 0.0232298 -0.177625  -9.80736 
              73.502   1.25724 -0.101597  -63.1806  13.3296 -4.79804 0.175999 0 0 0 -0.023404   0.02329 -0.038985    0.207364   0.0014246 -0.00999852  0.00044193  0.00123277 0.000132705 -0.0451599  -0.253962 -0.0226473 0.0226982 -0.177821  -9.80736 
              73.602    1.82879 -0.0101524   -57.6914   13.343 -4.79202 0.178163 0 0 0 -0.023404   0.02329 -0.038985  0.204076 0.0836276 0.0404215 0.000454856  0.00121671 0.000102251 -0.0455545  -0.252993 -0.0225771 0.0222406 -0.176902  -9.80738 
              73.702   1.15291 -0.564414  -52.4732  13.3597 -4.78647 0.178159 0 0 0 -0.023404   0.02329 -0.038985   0.268532   0.103975 -0.0158554 0.000473242   0.0012302 5.59631e-05 -0.0462804  -0.252494 -0.0225478 0.0214776 -0.176499  -9.80739 
              73.802   1.12101 -0.174247  -47.6809  13.3845 -4.77484 0.183488 0 0 0 -0.023404   0.02329 -0.038985   0.19199  0.118576 0.0583423 0.000480904  0.00118453 6.30139e-05 -0.0459434  -0.252925 -0.0225314 0.0218756 -0.176856  -9.80738 
              73.903   1.09663 -0.527356  -42.6142  13.4021 -4.76009 0.182607 0 0 0 -0.023404   0.02329 -0.038985      0.19337     0.104477 -0.000168058  0.000453904   0.00117899 -5.57851e-06 -0.0456533  -0.252525 -0.0224111 0.0220506 -0.176409  -9.80739 
              74.002   1.69451 -0.380511  -37.2326  13.4169 -4.75239 0.179216 0 0 0 -0.023404   0.02329 -0.038985  0.183086  0.161524 0.0126914 0.000450537  0.00118622 9.51377e-05  -0.046153  -0.252354 -0.0219973 0.0215422 -0.176401  -9.80739 
              74.102   1.00228 -0.639114  -31.9468  13.4322 -4.74158 0.176917 0 0 0 -0.023404   0.02329 -0.038985  0.197568  0.164109 -0.061023  0.00053582  0.00116638 4.56603e-05 -0.0465111  -0.252227  -0.021973 0.0211848  -0.17644  -9.80739 
              74.202   1.09464 -0.297449  -27.0839  13.4509 -4.72909 0.177314 0 0 0 -0.023404   0.02329 -0.038985  0.120617  0.149145 0.0159757  0.000554629    0.0011481 -1.24158e-05 -0.0467616  -0.252369 -0.0219957 0.0210791 -0.176689  -9.80739 
              74.302  0.683236 -0.479833  -22.5037  13.4632 -4.71227  0.17667 0 0 0 -0.023404   0.02329 -0.038985   0.141269   0.142088 -0.0688779 0.000533178  0.00116089  7.6252e-05 -0.0466244  -0.252367 -0.0221419 0.0211544 -0.176596  -9.80739 
              74.402   1.13533 -0.470302  -17.2135  13.4732 -4.69803 0.177318 0 0 0 -0.023404   0.02329 -0.038985 0.0713908  0.166586 0.0248779 0.000481511  0.00117088 0.000129828 -0.0465758  -0.252315 -0.0222886 0.0211262 -0.176549  -9.80739 
              74.502     1.145 -0.806965  -11.9894  13.4795 -4.67806 0.179077 0 0 0 -0.023404   0.02329 -0.038985  0.0794731   0.221418 -0.0447891 0.000536544  0.00118871 7.55464e-05 -0.0465808  -0.252262 -0.0223621 0.0210879 -0.176567  -9.80739 
              74.602   1.02124 -0.766876  -7.08762   13.482 -4.65219 0.178588 0 0 0 -0.023404   0.02329 -0.038985 0.0142532  0.205729 0.0243543 0.000476071  0.00117292 3.51924e-05 -0.0464332  -0.252209 -0.0224495 0.0209616 -0.176553  -9.80739 
              74.702  0.331049 -0.738083  -2.30131  13.4824 -4.63539 0.179616 0 0 0 -0.023404   0.02329 -0.038985 0.00960739   0.190788 -0.0654427 0.000507269  0.00119045 6.41814e-05 -0.0464133  -0.252122 -0.0226594 0.0209966 -0.176626  -9.80739 
              74.802  0.485213 -0.665524   2.85121  13.4884 -4.61739 0.174629 0 0 0 -0.023404   0.02329 -0.038985 -0.019291  0.183195 0.0117694 0.000493444  0.00114873 0.000124521  -0.046594  -0.252118 -0.0227712 0.0210887 -0.176488  -9.80739 
              74.903  0.621078 -0.692689   8.01596  13.4896 -4.59582 0.178905 0 0 0 -0.023404   0.02329 -0.038985 -0.0453655   0.237646  0.0114895 0.000526361  0.00121573 0.000172614 -0.0468195  -0.251983 -0.0230886 0.0212514 -0.176279  -9.80739 
              75.002  0.366697 -0.662655   12.8618  13.4926 -4.56478 0.179504 0 0 0 -0.023404   0.02329 -0.038985 -0.0482669   0.291168  0.0293232 0.000482723  0.00119392 0.000208848 -0.0471597  -0.251811 -0.0233572 0.0213558 -0.175921   -9.8074 
              75.103 -0.200721 -0.212822   17.7871    13.49 -4.54415 0.181567 0 0 0 -0.023404   0.02329 -0.038985 -0.0556919   0.220476 -0.0564934 0.000497526  0.00119282 0.000101199 -0.0470593  -0.251408 -0.0234836 0.0217489 -0.175849   -9.8074 
              75.202 -0.158334 -0.335891   22.9699  13.4895 -4.52355 0.175498 0 0 0 -0.023404   0.02329 -0.038985 -0.0454976   0.203514 -0.0311115 0.000467254  0.00119352 0.000180036 -0.0471338  -0.251089 -0.0236073 0.0219745 -0.175618   -9.8074 
              75.302  0.421366 0.0119848   28.4186  13.4819  -4.5062 0.176736 0 0 0 -0.023404   0.02329 -0.038985 -0.163706  0.240426 0.0303495 0.000495832  0.00116175 0.000111438 -0.0469654  -0.250582 -0.0236848 0.0224571 -0.175442  -9.80741 
              75.403 0.0634114 -0.390114   33.2235  13.4735  -4.4833 0.179062 0 0 0 -0.023404   0.02329 -0.038985    -0.163004     0.292836 -0.000515154 0.000455926  0.00113925  0.00011479 -0.0467662  -0.249689 -0.0239766 0.0232246 -0.174988  -9.80741 
              75.502   -0.233874 -0.00567059     37.9996  13.4611 -4.45837 0.185214 0 0 0 -0.023404   0.02329 -0.038985 -0.217648  0.226699 0.0745666 0.000488169  0.00118101  0.00012037 -0.0470355   -0.24896 -0.0239707 0.0235283 -0.174295  -9.80742 
              75.602 -0.255707 -0.158977   42.6519  13.4456 -4.44063 0.182584 0 0 0 -0.023404   0.02329 -0.038985  -0.192419    0.22574 0.00636692  0.00044679  0.00118276 0.000108537 -0.0464528  -0.248257 -0.0237862 0.0243972  -0.17416  -9.80742 
              75.702 0.337257  0.14418  48.0018   13.433 -4.42317 0.181801 0 0 0 -0.023404   0.02329 -0.038985  -0.27308  0.212539 0.0429333 0.000439127  0.00120182 0.000151078 -0.0460628  -0.246932 -0.0235177 0.0254934 -0.173396  -9.80743 
              75.801 -0.208902  -0.10749   52.8786  13.4146 -4.39894 0.181032 0 0 0 -0.023404   0.02329 -0.038985   -0.34441   0.282341 -0.0248143 0.000479376   0.0012103   0.0003049 -0.0460745  -0.245262 -0.0234171 0.0264543 -0.172081  -9.80745 
              75.902 -0.154351  0.312149   57.7588  13.3991 -4.38606 0.182232 0 0 0 -0.023404   0.02329 -0.038985 -0.297121  0.148582 0.0227021 0.000515553  0.00118136 0.000247477  -0.044361  -0.242585 -0.0233784 0.0293097 -0.170892  -9.80747 
              76.002 -0.33951 0.143109  62.6846  13.3766 -4.36999 0.183464 0 0 0 -0.023404   0.02329 -0.038985  -0.299706    0.16578 -0.0417867 0.000438889  0.00120439 0.000204599 -0.0443019  -0.241225 -0.0234604 0.0300889 -0.169811  -9.80748 
              76.102 0.328138 0.369439  67.9692   13.365 -4.35888 0.179236 0 0 0 -0.023404   0.02329 -0.038985 -0.267513  0.101871 0.0200646 0.000397605   0.0011434 0.000218084 -0.0430828  -0.238516 -0.0232841 0.0324942 -0.168198   -9.8075 
              76.202 0.312866 0.129269  73.2139  13.3523 -4.36124 0.178174 0 0 0 -0.023404   0.02329 -0.038985 -0.296121 0.0842004 -0.036301 0.000508228   0.0011533  0.00014322 -0.0401986  -0.235867 -0.0232672 0.0362299 -0.167407   -9.8075 
              76.302 0.0399509  0.456784   77.5971  13.3311 -4.35193 0.176308 0 0 0 -0.023404   0.02329 -0.038985   -0.309664   0.0453973 0.000561998 0.000474636  0.00112292 0.000300864 -0.0395173  -0.233798 -0.0233438 0.0378082 -0.165971  -9.80752 
              76.402 -0.924347  0.507606   82.5652  13.3073 -4.34498 0.177068 0 0 0 -0.023404   0.02329 -0.038985   -0.31444  0.0634452 -0.0701353 0.000485037  0.00118193 0.000234897 -0.0394727  -0.232435 -0.0235625 0.0384877 -0.164816  -9.80754 
              76.503 -0.368153  0.723786   87.9461  13.2922 -4.33611 0.174964 0 0 0 -0.023404   0.02329 -0.038985  -0.299605 0.00369229  0.0149605 0.000425758  0.00114646 0.000232302 -0.0388356  -0.229437 -0.0237309 0.0404004 -0.162504  -9.80757 
              76.602 -0.310018  0.527865   93.3331  13.2681 -4.33183 0.176512 0 0 0 -0.023404   0.02329 -0.038985  -0.330945  0.0128772 -0.0281255 0.000451323   0.0011815 0.000257022 -0.0386266  -0.227437 -0.0238614 0.0414633 -0.160846  -9.80759 
              76.702 -0.296996  0.731346    98.407  13.2427 -4.33119 0.174102 0 0 0 -0.023404   0.02329 -0.038985  -0.356426 -0.0195343  0.0120699 0.000456214  0.00112385 0.000183412 -0.0370119  -0.224981 -0.0239627 0.0439332 -0.159371  -9.80761 
              76.802 -0.64725 0.997067  103.135  13.2236 -4.33275  0.17563 0 0 0 -0.023404   0.02329 -0.038985   -0.32373 -0.0380568 -0.0445064 0.000469829  0.00113011 0.000181708 -0.0355721  -0.221799  -0.024241 0.0465291 -0.157142  -9.80763 
              76.902 -0.39891  1.03327  108.504   13.202 -4.33588 0.171381 0 0 0 -0.023404   0.02329 -0.038985  -0.321947 -0.0566456  0.0127944 0.000433695  0.00116224  5.9382e-05 -0.0340497  -0.219673   -0.02443 0.0487425 -0.155857  -9.80764 
              77.001 -0.101672   1.36748   113.686  13.1789 -4.34058 0.174867 0 0 0 -0.023404   0.02329 -0.038985  -0.33848 -0.130032 0.0326511 0.000488286  0.00113648 0.000145211  -0.034005  -0.217363 -0.0245637 0.0496888   -0.1538  -9.80767 
              77.102 -0.405468   1.01048   118.332  13.1534 -4.34893 0.171796 0 0 0 -0.023404   0.02329 -0.038985   -0.39791  -0.126632 -0.0281615 0.000426863  0.00114183 0.000159444 -0.0329005   -0.21506 -0.0246601   0.05156 -0.152142  -9.80768 
              77.202 -0.399751   1.57522   123.187  13.1366 -4.35446 0.172365 0 0 0 -0.023404   0.02329 -0.038985    -0.29915   -0.137442 -0.00386134  0.00042908  0.00113606 0.000103241 -0.0314002  -0.211103  -0.024801 0.0543814 -0.149109  -9.80772 
              77.302 -0.490288   1.38098   128.052  13.1282 -4.35564 0.170812 0 0 0 -0.023404   0.02329 -0.038985   -0.132217 -0.00229282  -0.0339281 0.000405206  0.00115915 6.27146e-05 -0.0297418   -0.20768 -0.0250907 0.0571204 -0.146584  -9.80774 
              77.402 0.158808  1.51738  130.792  13.1272 -4.34713 0.170185 0 0 0 -0.023404   0.02329 -0.038985  -0.136325 -0.0514036  0.0136448 0.000396285  0.00117531 0.000147339 -0.0290484  -0.204561 -0.0251474 0.0588432 -0.143976  -9.80777 
              77.502 0.453741  1.55437  130.623  13.1255 -4.34989 0.171061 0 0 0 -0.023404   0.02329 -0.038985  -0.181272 -0.0671125 -0.0234712 0.000412763  0.00109411 0.000168335 -0.0266264  -0.201756 -0.0253251 0.0620214 -0.142228  -9.80777 
              77.602 0.27593 1.77673 130.384  13.1187 -4.35225 0.170379 0 0 0 -0.023404   0.02329 -0.038985  -0.150664 -0.0922916  0.0171986  0.00040344   0.0011334 0.000150169 -0.0246779  -0.198827 -0.0254239 0.0647927 -0.140189  -9.80778 
              77.702 -0.243662   1.86162   130.307  13.1533 -4.34849 0.171315 0 0 0 -0.023404   0.02329 -0.038985     0.0571   0.030293 -0.0604029 0.000432243  0.00115163 0.000202571 -0.0229262  -0.196015 -0.0255521 0.0673355 -0.138184   -9.8078 
              77.802 0.175534  2.02524  130.468  13.1469 -4.35303 0.175564 0 0 0 -0.023404   0.02329 -0.038985 -0.0458168   -0.08464  0.0302055 0.000334405  0.00112718 0.000216038 -0.0231313   -0.19534 -0.0255052 0.0673699 -0.137497   -9.8078 
              77.903 0.206543  1.82451  130.736  13.1441  -4.3498 0.174966 0 0 0 -0.023404   0.02329 -0.038985 -0.0866583 0.00018236 -0.0074078 0.000401107   0.0011235 0.000204423 -0.0230593  -0.193749  -0.025204 0.0679606 -0.136063  -9.80782 
              78.002 -0.0874131    1.84393    130.686  13.1448 -4.35012 0.173802 0 0 0 -0.023404   0.02329 -0.038985 -0.0212007 -0.0213819  0.0240562 0.000377606  0.00112402 0.000228932 -0.0226002  -0.192555 -0.0249566 0.0687757 -0.135122  -9.80783 
              78.102 -0.213583   1.92287   130.764   13.152 -4.35104 0.171641 0 0 0 -0.023404   0.02329 -0.038985  0.0652169 -0.0110589 -0.0435173 0.000363831  0.00113407 0.000231443 -0.0220774  -0.192098 -0.0247202 0.0694066 -0.134879  -9.80783 
              78.202 -0.356652   1.80514   130.793  13.1459  -4.3525 0.176609 0 0 0 -0.023404   0.02329 -0.038985 -0.0518766 -0.0678862   0.033892 0.000317303  0.00112451 0.000182884 -0.0222612  -0.191618 -0.0246251 0.0693963  -0.13438  -9.80783 
              78.301 -0.234256   1.31392   130.808   13.144 -4.35079 0.173071 0 0 0 -0.023404   0.02329 -0.038985 -0.0897847 -0.0104462 -0.0114462  0.00034277  0.00114823 0.000225373 -0.0225028  -0.191464 -0.0241877 0.0692249 -0.134165  -9.80784 
              78.402 -0.639388   1.28872   130.891  13.1389 -4.35145 0.168176 0 0 0 -0.023404   0.02329 -0.038985  -0.0889635 -0.00891886  -0.0241969 0.000328133  0.00113559 0.000254626 -0.0212715  -0.190676 -0.0241193 0.0706165  -0.13385  -9.80783 
              78.502 -0.501945   1.50857   130.853  13.1459 -4.35875 0.166158 0 0 0 -0.023404   0.02329 -0.038985  0.0682464 -0.0239553 -0.0600953 0.000302595  0.00112777 0.000270561 -0.0190337  -0.190478 -0.0242667 0.0727369 -0.134408  -9.80781 
              78.602 -0.580159   1.80662   130.113  13.1616 -4.36223 0.166511 0 0 0 -0.023404   0.02329 -0.038985 0.0924468  -0.13255 -0.014182 0.000284906  0.00107317 0.000238037 -0.0181614   -0.18916 -0.0245281 0.0739747 -0.133483  -9.80781 
              78.702 0.347935  1.86084   129.19  13.1748 -4.37531 0.168487 0 0 0 -0.023404   0.02329 -0.038985  0.114038 -0.226427  0.025198 0.000313759  0.00109855 0.000235956 -0.0179796  -0.187857 -0.0247108 0.0745736 -0.132345  -9.80782 
              78.801 0.104418  2.40252  126.962  13.1957 -4.40078 0.169071 0 0 0 -0.023404   0.02329 -0.038985    0.123293   -0.343131 -0.00644881 0.000305279   0.0011227 0.000277714 -0.0166207  -0.186255 -0.0247555 0.0763523 -0.131326  -9.80782 
              78.902 -0.616663   2.60627   124.032  13.2203 -4.42904 0.173736 0 0 0 -0.023404   0.02329 -0.038985  0.192288 -0.318034 0.0856771 0.000310368  0.00111567 0.000312116 -0.0156613  -0.184027 -0.0247805 0.0779774 -0.129606  -9.80783 
              79.002 -1.72269  2.20777  121.353  13.2472 -4.45421 0.176405 0 0 0 -0.023404   0.02329 -0.038985  0.213392 -0.318417 0.0102563 0.000331406  0.00109807 0.000366915 -0.0150718  -0.182045 -0.0248527 0.0791885 -0.127992  -9.80785 
              79.103 -2.68063  1.73933  119.038  13.2784 -4.48132 0.179692 0 0 0 -0.023404   0.02329 -0.038985   0.20148 -0.307179 0.0205187 0.000341213  0.00108674   0.0002913 -0.0145077  -0.180068 -0.0249201 0.0803836 -0.126381  -9.80786 
              79.202 -2.77051  1.06381   116.45  13.3028 -4.49939 0.178924 0 0 0 -0.023404   0.02329 -0.038985   0.141309  -0.276198 -0.0406721  0.00030921  0.00108024 0.000270981 -0.0147867  -0.177688  -0.025032 0.0809632 -0.124116  -9.80788 
              79.303 -2.39812  1.13642  113.222  13.3268 -4.52378 0.180242 0 0 0 -0.023404   0.02329 -0.038985  0.170426 -0.302487 0.0486378 0.000291937  0.00107304 0.000353677 -0.0140995  -0.175378  -0.025167 0.0824108 -0.122266  -9.80789 
              79.402 -2.64556 0.847263  110.639  13.3532 -4.54922 0.186781 0 0 0 -0.023404   0.02329 -0.038985  0.0850414  -0.261357 -0.0180406 0.000315292  0.00111011 0.000256669 -0.0129997  -0.173283 -0.0253976 0.0841656 -0.120774   -9.8079 
              79.503 -2.12499 0.681649  108.316   13.358 -4.56593 0.183564 0 0 0 -0.023404   0.02329 -0.038985 -0.110187 -0.176754 0.0157974 0.000300015  0.00108827 0.000278104 -0.0124221  -0.171447 -0.0252735 0.0853702 -0.119335   -9.8079 
              79.602 -2.89236 0.434864  108.005  13.3609 -4.56529 0.184294 0 0 0 -0.023404   0.02329 -0.038985 -0.0937636  0.0254314  0.0184334 0.000327905  0.00108452 0.000245566 -0.0117272  -0.168447 -0.0252776 0.0871322 -0.116906  -9.80792 
              79.702   -2.43367 -0.0306989    108.163  13.3582 -4.54755 0.183934 0 0 0 -0.023404   0.02329 -0.038985  -0.177562   0.186414 -0.0267026 0.000288006  0.00107223 0.000209947 -0.0112517  -0.166095 -0.0253197 0.0884635 -0.114987  -9.80793 
              79.802  -1.44019 -0.357561   108.489  13.3523 -4.52081 0.182114 0 0 0 -0.023404   0.02329 -0.038985  -0.161666   0.210922 -0.0210165 0.000285668  0.00105673 0.000157882  -0.010314   -0.16355 -0.0253917 0.0902909 -0.113081  -9.80793 
              79.902 -0.797401 -0.640298   108.687  13.3412 -4.48764 0.181942 0 0 0 -0.023404   0.02329 -0.038985   -0.258628    0.340649 -0.00460595 0.000273598  0.00106141 0.000161357 -0.0102361  -0.161369 -0.0253914  0.091215 -0.111167  -9.80795 
              80.002 -0.464961 -0.766553   109.326  13.3252 -4.45011 0.182743 0 0 0 -0.023404   0.02329 -0.038985 -0.277388  0.354445  0.110456 0.000310561  0.00103618  0.00017058 -0.00908472   -0.159569  -0.0254963  0.092947 -0.110015  -9.80794 
              80.103  -0.64834 -0.302272   110.098  13.3054 -4.40851 0.184929 0 0 0 -0.023404   0.02329 -0.038985  -0.327466   0.387887 -0.0326862 0.000288471  0.00106031  0.00013095 -0.00809146   -0.158275  -0.0254542 0.0943374 -0.109251  -9.80794 
              80.202 0.208141 0.101342  109.749  13.2866 -4.38151 0.186564 0 0 0 -0.023404   0.02329 -0.038985  -0.186188    0.20434 -0.0711179 0.000265154  0.00102108 0.000160873  -0.007794  -0.157392 -0.0252874 0.0949436 -0.108581  -9.80794 
              80.303 0.276259 0.639595  109.745 13.2869 -4.3617 0.17574 0 0 0 -0.023404   0.02329 -0.038985 -0.0118231   0.161204 -0.0513953 0.000274918  0.00101066 0.000160542 -0.00676919   -0.155723  -0.0252616 0.0965048  -0.10749  -9.80794 
              80.402 0.382893  1.38573  109.381  13.2975 -4.34348 0.176038 0 0 0 -0.023404   0.02329 -0.038985 0.00532317   0.136124  0.0448282 0.000282459  0.00104541 0.000154871 -0.0061414  -0.154097 -0.0253825 0.0976965 -0.106281  -9.80794 
              80.502 0.0676505   1.04574   108.095  13.3121 -4.31887 0.182248 0 0 0 -0.023404   0.02329 -0.038985 0.0208963  0.265074 0.0577445 0.000258661  0.00105382 0.000174464 -0.00525327   -0.151997  -0.0254939 0.0993031 -0.104751  -9.80794 
              80.602 0.682171 0.387612  106.552   13.324 -4.27415 0.186126 0 0 0 -0.023404   0.02329 -0.038985 0.00413388   0.407437 0.00838834 0.000251163  0.00102543 0.000145847 -0.0050711   -0.14936  -0.025423  0.100489 -0.102473  -9.80795 
              80.702   1.13162 -0.449554   105.254   13.335 -4.22618 0.185623 0 0 0 -0.023404   0.02329 -0.038985  -0.029871   0.495471 -0.0561223    0.000222  0.00104416 0.000188119  -0.004364  -0.147551 -0.0252782  0.101823 -0.101145  -9.80795 
              80.802   2.04839 -0.420645    104.16  13.3421 -4.16909 0.183492 0 0 0 -0.023404   0.02329 -0.038985 -0.0447188   0.531733  0.0625195 0.000268791  0.00105104 0.000205185 -0.00380179   -0.146007  -0.0253328   0.102932 -0.0999953   -9.80795 
              80.902      1.5582 -0.00157819     103.541  13.3455 -4.11659 0.188679 0 0 0 -0.023404   0.02329 -0.038985 -0.0550739   0.454207  -0.017286  0.00036339  0.00107756 0.000186567 -0.0035687  -0.144679 -0.0254622   0.103672 -0.0989092   -9.80795 
              81.002   1.20104 -0.154064   102.659  13.3443 -4.06724 0.187662 0 0 0 -0.023404   0.02329 -0.038985 -0.166383  0.484232 -0.014653  0.00032207  0.00108174 0.000187256 -0.00323997   -0.143152  -0.0256006   0.104582 -0.0976898   -9.80796 
              81.102 0.738996 0.238426   101.89   13.335 -4.01871 0.188868 0 0 0 -0.023404   0.02329 -0.038985 -0.146541  0.446614   0.02055 0.000277276  0.00110102   0.0001567 -0.0029858  -0.142236    -0.0255  0.105174 -0.096989  -9.80796 
              81.202  1.02831 0.139647  101.498  13.3269  -3.9684 0.181468 0 0 0 -0.023404   0.02329 -0.038985  -0.105903   0.494264 -0.0415171 0.000211414  0.00104795 0.000159211 -0.00252801   -0.141183  -0.0253644  0.106004 -0.096255  -9.80795 
              81.302  1.04998 0.847971  101.066  13.3233  -3.9289 0.185104 0 0 0 -0.023404   0.02329 -0.038985 -0.176938  0.213795 0.0431685 0.000209106  0.00103256 0.000183311 -0.00227716    -0.13962  -0.0253538   0.106868 -0.0949869   -9.80796 
              81.402   1.127  1.0366 101.093  13.3112 -3.90234 0.175155 0 0 0 -0.023404   0.02329 -0.038985 -0.280152  0.224813 -0.139616 0.000251129  0.00106401 0.000182804 -0.00220885   -0.138113  -0.0253566   0.107553 -0.0936937   -9.80796 
              81.502 -0.525191   2.50944   99.7872  13.3034 -3.87775 0.171015 0 0 0 -0.023404   0.02329 -0.038985 -0.0649305   0.181334   0.034936 0.000314747  0.00105818 0.000145053 -0.00175375   -0.136612  -0.0253538   0.108576 -0.0925692   -9.80796 
              81.603 -1.84117  1.91533  98.9465  13.3061 -3.84971 0.173526 0 0 0 -0.023404   0.02329 -0.038985  -0.0197475    0.303578 -0.00186917 0.000192348  0.00111377 9.64024e-05 -0.00149496   -0.135371  -0.0255968   0.109324 -0.0915846   -9.80796 
              81.702 -2.08328  1.22699   97.968  13.3214 -3.81258 0.181363 0 0 0 -0.023404   0.02329 -0.038985 0.0337859  0.344991 0.0615847 0.000204842  0.00115507 8.05723e-05 -0.000847514     -0.13322   -0.0258734   0.110795 -0.0899719   -9.80796 
              81.802 -2.22392 0.302087  96.8811  13.3406 -3.76918 0.183592 0 0 0 -0.023404   0.02329 -0.038985   0.0237315    0.457829 -0.00843743   0.0002169  0.00108245 0.000107757 3.11943e-05    -0.13119  -0.0259821   0.112423 -0.0885748   -9.80796 
              81.902 -1.98671 0.147139  95.4416   13.357 -3.71382 0.183644 0 0 0 -0.023404   0.02329 -0.038985 0.0756742  0.436753 0.0399457 0.000190618  0.00112698 7.93992e-05 0.000270668   -0.129294  -0.0260159   0.113443 -0.0870287   -9.80796 
              82.002 -0.717843  -0.28137   94.4837  13.3728 -3.66656 0.180337 0 0 0 -0.023404   0.02329 -0.038985  0.0566869   0.477901 -0.0170387 0.000142717  0.00115281 0.000146134 0.00108543  -0.128179 -0.0261505   0.114629 -0.0864154   -9.80795 
              82.101  0.0978826 -0.0425499    93.6464  13.3924 -3.61671 0.186401 0 0 0 -0.023404   0.02329 -0.038985 0.131974 0.448121 0.102159 0.000207047  0.00108245 0.000150408 0.00162204  -0.127181 -0.0262361    0.11553 -0.0857872   -9.80794 
              82.202  0.136123 -0.174914   92.8778  13.4136 -3.56796 0.188702 0 0 0 -0.023404   0.02329 -0.038985    0.11377   0.453096 -0.0089209 0.000234611   0.0010662   0.0001274 0.00190852  -0.126206 -0.0262263   0.116207 -0.0850743   -9.80794 
              82.302 0.139086 0.179859  91.8974  13.4243 -3.51892  0.18557 0 0 0 -0.023404   0.02329 -0.038985 0.0837927  0.447216 0.0124717 0.000232717  0.00104121 0.000126725 0.00212754  -0.125716 -0.0260599    0.11661 -0.0847541   -9.80794 
              82.402 0.851536 0.252001  91.5441  13.4343 -3.48438 0.182418 0 0 0 -0.023404   0.02329 -0.038985 0.110514 0.278691 -0.13745 0.000187896  0.00107824 0.000125146 0.00200111  -0.125561 -0.0258936  0.116568 -0.084567  -9.80794 
              82.502  1.8505 1.42554 91.3418  13.4514 -3.46166 0.170771 0 0 0 -0.023404   0.02329 -0.038985     0.14746    0.126049 -0.00238884 0.000207896  0.00100823 0.000185312 0.00190127  -0.125361 -0.0257523    0.11657 -0.0843543   -9.80794 
              82.602 1.84194 2.08526 91.1168  13.4645 -3.44444  0.17207 0 0 0 -0.023404   0.02329 -0.038985  0.0999553    0.16972 -0.0442125 0.000256563  0.00107273 0.000183292 0.00158128  -0.124864 -0.0260186    0.11653 -0.0837754   -9.80795 
              82.702 2.22279 1.46059 90.5876   13.466 -3.41387 0.169942 0 0 0 -0.023404   0.02329 -0.038985 0.0107266  0.262672 0.0123791 0.00021727 0.00103109 0.00017415 0.000734576   -0.124637  -0.0261387   0.115915 -0.0831907   -9.80796 
              82.802 1.59171 1.01672 89.9541  13.4634 -3.37561 0.177078 0 0 0 -0.023404   0.02329 -0.038985  -0.0365692    0.382384 0.000678044 0.000269537  0.00106806 0.000195884 -0.000415292    -0.124341   -0.0262678   0.115077 -0.0824037   -9.80798 
              82.902  1.31942 0.309522  89.7655  13.4593 -3.32641 0.181791 0 0 0 -0.023404   0.02329 -0.038985 -0.0503087   0.443994   0.128759 0.000241915  0.00104716  0.00015042 -0.00122421     -0.1242   -0.026296   0.114456 -0.0819105   -9.80799 
              83.002     0.70052 -0.00442168     89.5977  13.4604 -3.27896 0.188928 0 0 0 -0.023404   0.02329 -0.038985 -0.0446875    0.42924  0.0210526 0.000264024  0.00103053 0.000131351 -0.00159045   -0.123199  -0.0261813   0.114603 -0.0808972     -9.808 
              83.102  0.292045 -0.236078   89.0535  13.4593 -3.22925 0.186727 0 0 0 -0.023404   0.02329 -0.038985  -0.126233   0.525692 -0.0134294 0.00025243 0.00100102 0.00018949 -0.00175942    -0.12224  -0.0259667   0.114897 -0.0800135     -9.808 
              83.202 0.0747156  0.178456     88.66  13.4529 -3.17912  0.18572 0 0 0 -0.023404   0.02329 -0.038985 -0.0513595   0.451559 0.00629515 0.000208692  0.00100845 0.000156017 -0.00194894    -0.12189  -0.0257074   0.114892 -0.0796361     -9.808 
              83.302 0.0554386 -0.387838    88.531  13.4527 -3.12455 0.178245 0 0 0 -0.023404   0.02329 -0.038985 0.00503171   0.494937 -0.0486683 0.000198209  0.00115535 0.000151967 -0.00240654   -0.121106  -0.0256591   0.114869 -0.0787601   -9.80801 
              83.402  -0.213056 -0.0837975    88.1836  13.4667 -3.07767 0.180865 0 0 0 -0.023404   0.02329 -0.038985 0.0230095  0.417247 0.0137428 0.000180453  0.00114485 0.000143356 -0.00173364   -0.120121  -0.0258027     0.1159 -0.0782426     -9.808 
              83.502 0.304089 -0.52416  87.5399  13.4661 -3.04191 0.179425 0 0 0 -0.023404   0.02329 -0.038985  -0.209799    0.27097 -0.0964091 0.000175883  0.00115444 0.000173216 -0.00142914   -0.119114  -0.0260968   0.116634 -0.0775326     -9.808 
              83.602 -0.0161894    1.06829    86.9476  13.4458 -3.01911 0.177535 0 0 0 -0.023404   0.02329 -0.038985 -0.264635  0.151916 0.0194221  0.00023845  0.00115948 0.000144959 -0.000823389    -0.118209   -0.0262761   0.117574 -0.0770541   -9.80799 
              83.703 -1.36913  1.63004  87.4635  13.4253  -3.0035 0.174712 0 0 0 -0.023404   0.02329 -0.038985  -0.247827    0.16507 -0.0280784 0.000185292  0.00116419 5.62565e-05 -0.000719009    -0.117715   -0.0261405   0.117892 -0.0766916   -9.80799 
              83.803 -2.1097 1.37785 88.0975  13.4095 -2.97831 0.172281 0 0 0 -0.023404   0.02329 -0.038985 -0.223601  0.217827  0.034259  0.00016181  0.00112134 7.02373e-05 -0.000822185    -0.116765   -0.0261742   0.118257 -0.0758461   -9.80799 
              83.902 -2.97683 0.897383  88.7456   13.406 -2.94636 0.180867 0 0 0 -0.023404   0.02329 -0.038985 -0.121405  0.359347 0.0490117 0.000154538  0.00113749 2.94874e-05 -0.000463767    -0.115042   -0.0263022   0.119375 -0.0745689   -9.80799 
              84.002 -2.99366 0.252507  88.9569  13.4073 -2.89611 0.180139 0 0 0 -0.023404   0.02329 -0.038985 -0.0687663   0.459163 -0.0215926 0.00010806 0.00111335 2.8681e-05 -0.000253946    -0.113392   -0.0261956  0.120334 -0.073286  -9.80799 
              84.103  -1.83294 -0.191671   88.8956  13.4162 -2.84688 0.180388 0 0 0 -0.023404   0.02329 -0.038985  -0.057293   0.483617 -0.0302165 5.84756e-05  0.00116892 0.000139452 0.000207809   -0.111641  -0.0261446   0.121547 -0.0720333   -9.80798 
              84.202 -0.795227 -0.453061   89.1975  13.4285 -2.79256 0.178862 0 0 0 -0.023404   0.02329 -0.038985 0.00879628   0.469884   0.020836  8.2356e-05   0.0011439 4.96093e-05 0.000628969    -0.10998  -0.0261324   0.122682 -0.0708341   -9.80798 
              84.302  -0.671023 0.00187956    89.3329  13.4304 -2.75787 0.185333 0 0 0 -0.023404   0.02329 -0.038985   -0.107176    0.266283 -0.00516426 0.000143065  0.00112409 7.07633e-05 0.00107289  -0.108795 -0.0261146   0.123611 -0.0700446   -9.80797 
              84.402 -0.606152  0.701704   89.2203  13.4196 -2.73147  0.17838 0 0 0 -0.023404   0.02329 -0.038985  -0.209058   0.257107 -0.0292585 0.000140155   0.0011071 0.000144539 0.00128503  -0.108032  -0.025912   0.124144 -0.0695044   -9.80797 
              84.502 -1.77474  1.63715  88.9269  13.4161 -2.70836 0.174923 0 0 0 -0.023404   0.02329 -0.038985 -0.0671535   0.185334 0.00369834 0.000129064  0.00116417 0.000124076 0.00157255  -0.106803 -0.0256833  0.124957 -0.068608  -9.80796 
              84.602 -1.8995 1.14565 89.2417  13.4199 -2.68178 0.173942 0 0 0 -0.023404   0.02329 -0.038985 -0.0288044   0.300002 -0.0468105 0.000120612   0.0011887 0.000149631 0.00192948  -0.105546 -0.0256859   0.125844 -0.0677168   -9.80796 
              84.702 -2.47139 0.716073  89.6338  13.4248 -2.64232 0.176502 0 0 0 -0.023404   0.02329 -0.038985 -0.000661999     0.393377    0.0563188 0.000155795  0.00117364 0.000168111 0.00180068  -0.104341   -0.02574   0.126299 -0.0666425   -9.80796 
              84.802 -2.76489 0.470941  89.8458  13.4274 -2.58946 0.180155 0 0 0 -0.023404   0.02329 -0.038985 -0.0631699   0.563235 -0.0022084 0.000144025  0.00108768 0.000181328 0.00143658  -0.103393 -0.0256684   0.126436 -0.0656769   -9.80797 
              84.902 -2.34573 0.359629   89.695  13.4316 -2.54243 0.184819 0 0 0 -0.023404   0.02329 -0.038985 -0.0196394   0.434065  0.0614158 0.000110135  0.00108639 0.000199957 0.00163263  -0.102736 -0.0254492    0.12691 -0.0652195   -9.80796 
              85.002  -1.30653 -0.217398   89.8062  13.4309 -2.49025 0.183025 0 0 0 -0.023404   0.02329 -0.038985 0.0394895  0.493754  0.051268 0.000145005   0.0011084 0.000223416  0.0011805  -0.102288 -0.0252498   0.126741 -0.0646336   -9.80797 
              85.102 -0.884922 -0.145548   90.1834  13.4394 -2.43987 0.188297 0 0 0 -0.023404   0.02329 -0.038985 -0.0124205   0.434753  0.0866011  0.00010501  0.00116468 0.000210941 0.00127615  -0.101536 -0.0250197   0.127171 -0.0640482   -9.80797 
              85.202 -0.597931 -0.437095   90.2669   13.447 -2.38958 0.185742 0 0 0 -0.023404   0.02329 -0.038985 -0.0521403   0.462527 -0.0054669 0.000190526  0.00112123 0.000221767 0.00127495  -0.100355 -0.0248082   0.127718 -0.0630554   -9.80797 
              85.302  -0.688394 -0.0171593     90.076  13.4476 -2.33486 0.180224 0 0 0 -0.023404   0.02329 -0.038985 -0.00296794    0.435414  -0.0170619 0.000174684  0.00113746 0.000202599 0.00127895 -0.0994654  -0.024668   0.128132 -0.0623104   -9.80797 
              85.402 -0.0283332  0.0647923    90.4278  13.4539 -2.29873 0.171541 0 0 0 -0.023404   0.02329 -0.038985  0.08536 0.317394 -0.20115 0.000143596  0.00114739 0.000277104 0.00134651 -0.0993094 -0.0248512   0.128263 -0.0622079   -9.80796 
              85.502 1.42768 1.21151 91.0941  13.4606 -2.27145 0.165791 0 0 0 -0.023404   0.02329 -0.038985 -0.00498371     0.17181  0.00754676 0.000142428  0.00109944 0.000244898 0.00104541 -0.0992828 -0.0251031   0.128027 -0.0620418   -9.80797 
              85.603 2.00344 1.57633 91.3502  13.4603 -2.25314 0.168828 0 0 0 -0.023404   0.02329 -0.038985 -0.0648479   0.244891 -0.0524555  0.00015664  0.00117773 0.000235651 0.00135135 -0.0991706 -0.0254544   0.128343 -0.0620781   -9.80796 
              85.702 2.09767 1.41755 91.3671  13.4594 -2.22279 0.169592 0 0 0 -0.023404   0.02329 -0.038985 -0.0544367   0.272748  0.0765546 0.000130109  0.00112064  0.00013555 0.00154278 -0.0984128  -0.025626   0.128856 -0.0615214   -9.80796 
              85.801  1.70882 0.721095  91.5498  13.4576 -2.18666 0.173102 0 0 0 -0.023404   0.02329 -0.038985  -0.062033   0.437221 -0.0577396 0.000158638  0.00121621 0.000176688 0.00183198 -0.0978015 -0.0258924   0.129387 -0.0611258   -9.80796 
              85.902   1.2834 0.125821   91.988  13.4496 -2.13269  0.17577 0 0 0 -0.023404   0.02329 -0.038985 -0.106479  0.474886 0.0335978 8.41114e-05  0.00119879 0.000288684  0.0013012 -0.0977981 -0.0260824   0.128948 -0.0608715   -9.80796 
              86.002  0.666793 -0.271392   92.1615  13.4426 -2.08305 0.179173 0 0 0 -0.023404   0.02329 -0.038985  -0.137601   0.506874 -0.0528586 0.000181255  0.00117194 0.000285222 0.00150978 -0.0972088 -0.0263961   0.129402 -0.0604563   -9.80796 
              86.102 -0.00585551    0.231092     92.0526  13.4335  -2.0281 0.174444 0 0 0 -0.023404   0.02329 -0.038985   -0.1291  0.522703 0.0138174 0.000104781  0.00111521 0.000265314 0.00204506 -0.0964345  -0.026447   0.130206 -0.0600452   -9.80795 
              86.202 -0.19905 0.363185   92.281  13.4252  -1.9823 0.178501 0 0 0 -0.023404   0.02329 -0.038985  -0.114773    0.49976 -0.0978557 0.000155773  0.00112691  0.00031959 0.00264506 -0.0962309 -0.0267497   0.130812 -0.0601373   -9.80794 
              86.302 -0.142992 0.0885595   92.7239   13.425 -1.93028 0.175315 0 0 0 -0.023404   0.02329 -0.038985 -0.0224407     0.5088  0.0380861 0.000111418  0.00109392 0.000297064   0.002894  -0.095657 -0.0269112   0.131285 -0.0597622   -9.80794 
              86.402  -0.168707 -0.0779621    92.7282  13.4265  -1.8821 0.182785 0 0 0 -0.023404   0.02329 -0.038985 -0.0384215   0.436019 -0.0158299 8.79949e-05  0.00118467 0.000301987 0.00304912 -0.0949828 -0.0270648   0.131722 -0.0592593   -9.80794 
              86.503 -0.112297 -0.146326   92.4872  13.4193 -1.84544 0.177165 0 0 0 -0.023404   0.02329 -0.038985  -0.20527  0.305316 0.0044064 5.82527e-05  0.00108766 0.000306582 0.00345891 -0.0942577 -0.0270651   0.132395 -0.0588317   -9.80793 
              86.602 -1.48111  1.42441  91.9319  13.4207 -1.82811 0.183582 0 0 0 -0.023404   0.02329 -0.038985 0.00189803   0.137165   0.025945 0.000123967  0.00109843 0.000274731  0.0038488 -0.0936178 -0.0270243   0.133012 -0.0584671   -9.80792 
              86.703 -2.21299  1.08473  91.3128  13.4228 -1.81139 0.176385 0 0 0 -0.023404   0.02329 -0.038985  0.0444405   0.167285 -0.0138665 8.16497e-05  0.00112178 0.000297009 0.00367398 -0.0935368 -0.0267211   0.132897 -0.0583262   -9.80793 
              86.802 -2.64472  1.07398  91.4982  13.4222 -1.78915 0.176071 0 0 0 -0.023404   0.02329 -0.038985 -0.00730284    0.237656   0.0349014 0.000128349  0.00111641 0.000306517 0.00315636 -0.0934384 -0.0265569   0.132506 -0.0580117   -9.80793 
              86.903 -3.03589 0.521858  91.5117  13.4197 -1.75012 0.177438 0 0 0 -0.023404   0.02329 -0.038985 -0.0515573   0.469441 -0.0483768 0.000115903  0.00106712 0.000303147 0.00262727 -0.0933077 -0.0266226 0.132119 -0.05766 -9.80794 
              87.002 -2.69365 0.261598  91.3519  13.4214 -1.69861 0.179314 0 0 0 -0.023404   0.02329 -0.038985 -0.0099327   0.447777  0.0616111 5.81386e-05  0.00107036 0.000275227 0.00208785 -0.0927237 -0.0266454  0.131932 -0.056923  -9.80795 
              87.102 -0.804233 -0.524525   91.4852   13.423 -1.64204 0.178729 0 0 0 -0.023404   0.02329 -0.038985    0.016587    0.566729 -0.00416998 3.27079e-05  0.00108517 0.000283762  0.0018139  -0.092079 -0.0267735   0.131994 -0.0562552   -9.80795 
              87.202 -0.186134 0.0107834   91.5964  13.4296 -1.58204 0.185028 0 0 0 -0.023404   0.02329 -0.038985 -0.0299525   0.505413  0.0771967 4.54962e-05  0.00103708 0.000314578 0.00162095  -0.091148 -0.0266812   0.132258 -0.0553862   -9.80795 
              87.302 -0.0138883  -0.271175    91.4094  13.4307 -1.53034 0.183614 0 0 0 -0.023404   0.02329 -0.038985  -0.120091   0.526313 -0.0232479 8.66385e-05  0.00102914 0.000324577 0.00188641 -0.0905576 -0.0266329   0.132751 -0.0550123   -9.80795 
              87.402 -0.282679  0.293873   91.0272  13.4308 -1.47854 0.181948 0 0 0 -0.023404   0.02329 -0.038985 -0.0331838   0.471813  0.0700129 7.31992e-05   0.0010423 0.000221713  0.0025946  -0.089846 -0.0265797   0.133668 -0.0547399   -9.80794 
              87.502  0.120588 0.0939738   91.3665 13.4289 -1.4306 0.17853 0 0 0 -0.023404   0.02329 -0.038985 0.0127064  0.451164  -0.09128 5.19894e-05  0.00106799 0.000253995 0.00284806 -0.0897891 -0.0266365   0.133908 -0.0548072   -9.80793 
              87.602 0.533204 0.789907  91.7847  13.4401 -1.39402 0.173818 0 0 0 -0.023404   0.02329 -0.038985 0.0319694  0.235328 0.0382856 8.77118e-05  0.00097102 0.000271603 0.00297751 -0.0894229 -0.0265898   0.134183 -0.0545609   -9.80793 
              87.702 1.10464 1.17592 92.3271   13.441 -1.37248  0.17457 0 0 0 -0.023404   0.02329 -0.038985 -0.0520395   0.191388 -0.0870136 0.000130423  0.00102425  0.00026034 0.00292315 -0.0893153 -0.0268207  0.134191 -0.054439  -9.80793 
              87.802 1.10701 1.79382 91.8759  13.4316 -1.34876  0.16911 0 0 0 -0.023404   0.02329 -0.038985 -0.0808082   0.180884 -0.0129903 0.000110513  0.00106304 0.000306401 0.00275077 -0.0891076 -0.0268244   0.134141 -0.0541861   -9.80793 
              87.902 0.283511  1.71489  92.0844  13.4315 -1.32812  0.17188 0 0 0 -0.023404   0.02329 -0.038985  -0.0616238    0.265861 -0.00542538 0.000106031  0.00110145 0.000320901 0.00313993 -0.0885489 -0.0269548   0.134723 -0.0538892   -9.80793 
              88.002 -0.351364   1.21942   92.4596  13.4295 -1.29449 0.170624 0 0 0 -0.023404   0.02329 -0.038985  -0.0763792    0.311155 -0.00642941 9.77364e-05  0.00106627 0.000305577 0.00319669 -0.0881252 -0.0269217   0.134962 -0.0535616   -9.80793 
              88.102 -0.977642   1.01207   92.6678  13.4165 -1.26552  0.16984 0 0 0 -0.023404   0.02329 -0.038985  -0.219407    0.22208 -0.0728242 8.24938e-05  0.00105216 0.000333345 0.00290753 -0.0876988 -0.0269464   0.134913 -0.0530722   -9.80793 
              88.202 -1.83642   2.2589  92.2167  13.3932 -1.24834 0.168714 0 0 0 -0.023404   0.02329 -0.038985  -0.13666 0.0559432 0.0556301 0.000159149 0.000984234 0.000363206 0.00286048 -0.0876236 -0.0269715   0.134908 -0.0529868   -9.80793 
              88.302 -3.01722  2.29296  91.9721  13.3833 -1.24247 0.170287 0 0 0 -0.023404   0.02329 -0.038985 -0.0785792  0.0315742 -0.0331943 5.22789e-05   0.0010541 0.000347652 0.00280069 -0.0874258 -0.0270409   0.134946 -0.0527919   -9.80793 
              88.402 -3.5272 2.23104  92.292  13.3756 -1.23898 0.169383 0 0 0 -0.023404   0.02329 -0.038985  -0.104544 -0.0178595  0.0287225 7.90206e-05 0.000997179 0.000283372 0.00257915 -0.0874421 -0.0270302   0.134754 -0.0527059   -9.80793 
              88.502 -2.94144   2.0465  92.5126   13.428 -1.28958 0.169235 0 0 0 -0.023404   0.02329 -0.038985 -0.0606553  0.0353677 -0.0506841 7.11556e-05 0.000988791 0.000337165 0.00259107 -0.0866121 -0.0270788   0.135138 -0.0520147   -9.80793 
              88.602 -2.67919  1.92827  92.3453  13.4288 -1.29173 0.173423 0 0 0 -0.023404   0.02329 -0.038985 0.00419417 -0.0619608  0.0354894 8.87346e-05 0.000965029 0.000319652 -0.000134683   -0.0845801   -0.0272238   0.133769 -0.0490765   -9.80797 
              88.702 -2.32292  1.50348  92.4509  13.4346 -1.29075 0.168989 0 0 0 -0.023404   0.02329 -0.038985 0.0525454 0.0199714  -0.05045 5.66487e-05 0.000993519 0.000253217 -0.00277842  -0.0821573  -0.0273403   0.132648 -0.0458495     -9.808 
              88.802 -1.42161  1.73476  92.5865  13.4278 -1.29277 0.172229 0 0 0 -0.023404   0.02329 -0.038985 -0.0796825 -0.0348757  0.0310493 7.84522e-05 0.000888845 0.000281038 -0.00549985  -0.0804553  -0.0276369   0.131134 -0.0431873   -9.80803 
              88.902 -1.16239  1.37465  92.7637  13.4296  -1.2884 0.170352 0 0 0 -0.023404   0.02329 -0.038985 -0.0399444  0.0557695 -0.0294624 7.68713e-05 0.000940281 0.000327682 -0.00781427  -0.0784309  -0.0277161   0.130111 -0.0404448   -9.80805 
              89.002 -1.11257  1.20078  92.7107  13.4285 -1.29071  0.17176 0 0 0 -0.023404   0.02329 -0.038985 -0.00844233  -0.0310748   0.0216532 8.72985e-05  0.00098359 0.000316945 -0.00982707  -0.0763891  -0.0278365   0.129347 -0.0378239   -9.80807 
              89.102 -1.18691  1.20671  92.7588  13.4349 -1.29407 0.168581 0 0 0 -0.023404   0.02329 -0.038985  0.0614775 -0.0349478 -0.0284305 0.000132227 0.000944318 0.000329044 -0.0120111  -0.073987 -0.0280177   0.128602 -0.0348235    -9.8081 
              89.202 -0.810309   1.14334   92.6599  13.4275 -1.29294  0.17375 0 0 0 -0.023404   0.02329 -0.038985 -0.0656106   -0.03264  0.0322365 4.45944e-05 0.000926968 0.000354966 -0.0144419 -0.0722314 -0.0281832    0.12736 -0.0322547   -9.80812 
              89.302 -0.817481  0.550018   92.8265  13.4285 -1.28773 0.169314 0 0 0 -0.023404   0.02329 -0.038985 -0.0448455   0.063384 -0.0190318 9.03643e-05 0.000923772 0.000344822 -0.0166671 -0.0705277 -0.0281427   0.126267 -0.0298276   -9.80814 
              89.402 -1.17542 0.530708   92.929  13.4289 -1.28927 0.169725 0 0 0 -0.023404   0.02329 -0.038985 -0.0148794 0.00668109  0.0105696 0.000101675 0.000955124 0.000335456 -0.0188196 -0.0691343 -0.0283186   0.125096 -0.0276878   -9.80816 
              89.502 -1.09039 0.680117  92.9851  13.4324 -1.29368 0.169735 0 0 0 -0.023404   0.02329 -0.038985  0.0270971 -0.0530818 -0.0200298 7.03377e-05 0.000940928  0.00036735 -0.0206418  -0.067302  -0.028489   0.124399 -0.0253316   -9.80818 
              89.602 -1.50082 0.407775   92.853  13.4303 -1.29128 0.170549 0 0 0 -0.023404   0.02329 -0.038985  -0.0289549 -0.00729495   0.0109108 6.60208e-05  0.00093278 0.000397296 -0.0223038 -0.0658463 -0.0288051   0.123666 -0.0233601   -9.80819 
              89.702    -1.1842 -0.0299473    92.9463  13.4288 -1.28958 0.169296 0 0 0 -0.023404   0.02329 -0.038985 -0.0489821  0.0399345 -0.0267295 2.84822e-05 0.000968151 0.000333214 -0.0241388 -0.0644585 -0.0290021   0.122758 -0.0213709   -9.80821 
              89.802    -1.44342 0.000463392     93.0819  13.4288 -1.28846 0.170958 0 0 0 -0.023404   0.02329 -0.038985  -0.0443503   0.0434925 -0.00291646 5.39713e-05 0.000914882 0.000317388 -0.0256009 -0.0630598 -0.0292354  0.122168 -0.019541  -9.80822 
              89.902 -1.42375 0.415459  93.0704  13.4323 -1.29308 0.173481 0 0 0 -0.023404   0.02329 -0.038985  0.0284763 -0.0488105  0.0379021 4.98429e-05 0.000921533 0.000388512 -0.0267815 -0.0617036 -0.0294168  0.121793 -0.017875  -9.80823 
              90.002 -1.68544   0.2767  93.0876  13.4322 -1.29203 0.169314 0 0 0 -0.023404   0.02329 -0.038985  0.0119217 -0.0150828 -0.0210228 5.35187e-05 0.000972294 0.000359319 -0.0282865 -0.0603849 -0.0294958    0.12113 -0.0160963   -9.80824 
              90.102   -1.53982 -0.0612654    93.0606  13.4293 -1.29077  0.17131 0 0 0 -0.023404   0.02329 -0.038985 -0.0417628  0.0122743 -0.0105575 2.84692e-05 0.000950568 0.000316647 -0.0295944 -0.0590473 -0.0297456  0.120641 -0.014389  -9.80825 
              90.202  -1.40118 -0.376213   92.8991  13.4283 -1.28825 0.169958 0 0 0 -0.023404   0.02329 -0.038985  -0.0491122   0.0508488 -0.00874536 3.98731e-05 0.000943224 0.000397061 -0.0310709 -0.0576423 -0.0299567   0.120042 -0.0125506   -9.80826 
              90.302  -1.50452 0.0538445    93.049  13.4254 -1.26661 0.173845 0 0 0 -0.023404   0.02329 -0.038985 -0.0243541  0.0917882  0.0169006 3.66745e-05 0.000949129 0.000372613 -0.0319733 -0.0567476  -0.030192   0.119692 -0.0113963   -9.80826 
              90.402 -1.71274 0.274794    93.09  13.4368 -1.25276 0.172578 0 0 0 -0.023404   0.02329 -0.038985    0.135998   0.0799321 -0.00683018 6.04036e-05 0.000956295 0.000342312 -0.0321988 -0.0561041   -0.03015   0.119794 -0.0107593   -9.80826 
              90.502 -1.82629 0.412969  92.4406  13.4553 -1.24933 0.173779 0 0 0 -0.023404   0.02329 -0.038985   0.239278  0.0695022 -0.0236661 2.23984e-05  0.00094387 0.000308559 -0.0319183 -0.0562646 -0.0302042   0.119955 -0.0110187   -9.80826 
              90.602 -1.44816 0.382105  91.2014   13.478 -1.25409 0.173484 0 0 0 -0.023404   0.02329 -0.038985  0.259733 0.0122775 0.0153281 4.47433e-06 0.000974432 0.000389254 -0.0313953 -0.0566406 -0.0301296    0.12022 -0.0115683   -9.80826 
              90.702  -0.799436 -0.0753873    89.6321  13.5011 -1.25946 0.177903 0 0 0 -0.023404   0.02329 -0.038985   0.246879 0.00551611 0.00516439 -4.41679e-05  0.000979363  0.000376262 -0.0310624 -0.0571379 -0.0302715    0.12027 -0.0121298   -9.80826 
              90.802 -0.355743  0.302001   86.5719  13.5251 -1.26486 0.180274 0 0 0 -0.023404   0.02329 -0.038985  0.259152 -0.022292 0.0557152 4.73134e-05 0.000964969 0.000425858 -0.0306818 -0.0573297 -0.0302284   0.120496 -0.0124636   -9.80825 
              90.903 -1.42068 0.140064  83.8877  13.5532  -1.2696 0.183613 0 0 0 -0.023404   0.02329 -0.038985    0.19081  0.0199958 0.00642941  5.2006e-05 0.000976844 0.000424652 -0.0304106 -0.0572545 -0.0301319  0.120753 -0.012532  -9.80825 
              91.002   0.255328 -0.0780715    81.3635  13.5761 -1.26756 0.187416 0 0 0 -0.023404   0.02329 -0.038985   0.191297 0.00271484   0.117385 7.73115e-05 0.000989637 0.000386991 -0.0302851 -0.0569511 -0.0298662      0.121 -0.0123534   -9.80825 
              91.102   -1.3082 -0.243412   79.2575  13.6049 -1.27684  0.19068 0 0 0 -0.023404   0.02329 -0.038985   0.236456 -0.0545298 0.00818945  0.00017042  0.00106081 0.000303261 -0.0296922 -0.0567429 -0.0297089 0.121576 -0.01249 -9.80824 
              91.202 -0.299713  -0.45764   76.4624  13.6205 -1.27771 0.183345 0 0 0 -0.023404   0.02329 -0.038985   0.105193 0.00527543 0.00269394 7.88413e-05  0.00100135 0.000364764 -0.0297947 -0.0566527 -0.0293982   0.121539 -0.0123728   -9.80824 
              91.302 -0.929486 0.0862921    73.422  13.6376 -1.27826 0.186832 0 0 0 -0.023404   0.02329 -0.038985    0.13876 -0.0551965  0.0997741 0.000137193 0.000935187 0.000393863 -0.0297799 -0.0560827 -0.0292745   0.121858 -0.0119468   -9.80824 
              91.403  -0.35664 -0.568658   70.9179  13.6555 -1.28185  0.18047 0 0 0 -0.023404   0.02329 -0.038985    0.18302  0.0294084 -0.0258604 4.52396e-05 0.000926985 0.000350054 -0.0294748 -0.0560478 -0.0290552   0.122105 -0.0120967   -9.80823 
              91.502   0.675136 -0.0102107    68.4374  13.6821 -1.28225 0.185002 0 0 0 -0.023404   0.02329 -0.038985   0.212581 -0.0278973  0.0176582 0.000124707 0.000885254 0.000355541 -0.0292547 -0.0555546 -0.0289733   0.122555 -0.0118651   -9.80823 
              91.602 -0.131116  -1.07235    66.374   13.701 -1.29075 0.182603 0 0 0 -0.023404   0.02329 -0.038985 -0.0482561 -0.0662931 -0.0670775 0.000139174 0.000978088 0.000335254 -0.0288678 -0.0549324 -0.0290406   0.123208 -0.0116532   -9.80822 
              91.702   2.07855 -0.847842   65.8334  13.6948 -1.29111 0.180592 0 0 0 -0.023404   0.02329 -0.038985   -0.137393 -0.00754633  -0.0209233 0.000215296  0.00101085 0.000307941 -0.0290499 -0.0544598 -0.0291057   0.123379 -0.0112116   -9.80822 
              91.802  2.64461 -1.61852   66.513  13.6775 -1.28005 0.182295 0 0 0 -0.023404   0.02329 -0.038985  -0.242239   0.275273 -0.0047287 0.000177187 0.000985802 0.000295487 -0.0288671 -0.0542956 -0.0292839   0.123615 -0.0112145   -9.80821 
              91.903  2.58284 -2.12609  67.4771   13.663 -1.24677 0.180382 0 0 0 -0.023404   0.02329 -0.038985  -0.259917   0.438507 -0.0365076 0.000215725  0.00100701 0.000304091 -0.0285095 -0.0537822 -0.0294259   0.124192 -0.0111014   -9.80821 
              92.002  1.67469 -2.20626  68.8692  13.6445  -1.1982 0.179845 0 0 0 -0.023404   0.02329 -0.038985 -0.194953  0.542655 0.0295254 0.000277989  0.00103066 0.000294787 -0.0284256 -0.0532771 -0.0295298    0.12458 -0.0108169    -9.8082 
              92.102 -0.946946  -1.83109   69.9702  13.6406 -1.13982 0.182335 0 0 0 -0.023404   0.02329 -0.038985   -0.073654    0.672227 -0.00323659  0.00021278  0.00100056 0.000267979 -0.0279465 -0.0527008 -0.0298294   0.125288 -0.0107328   -9.80819 
              92.202 -0.384082  -1.49827   70.7515  13.6366 -1.07479 0.191668 0 0 0 -0.023404   0.02329 -0.038985   -0.164454    0.778036 -0.00936661 9.68823e-05  0.00101337 0.000291571 -0.0275081 -0.0520627 -0.0298319   0.125987 -0.0105722   -9.80819 
              92.302 -1.39542 -2.28942  71.9412   13.6422 -0.992992  0.192949 0 0 0 -0.023404   0.02329 -0.038985 0.0167297  0.845921 0.0641909 0.000231965 0.000997508 0.000277138 -0.0273348  -0.050924 -0.0299741    0.126816 -0.00988872    -9.80818 
              92.402 -2.24422 -2.28163   72.611   13.6579 -0.913843  0.200338 0 0 0 -0.023404   0.02329 -0.038985 0.109902 0.844474 0.052917 0.000180261  0.00101657 0.000369554 -0.0268314 -0.0500828 -0.0299163     0.12768 -0.00960534    -9.80816 
              92.502 -2.69755 -2.51752  73.5787   13.6809 -0.830501  0.195196 0 0 0 -0.023404   0.02329 -0.038985   0.152475   0.936469 -0.0260763 0.000258956 0.000919365 0.000330615 -0.0263922 -0.0496055 -0.0297193    0.128278 -0.00952935    -9.80816 
              92.603 -1.68078 -1.91982  73.8382   13.7048 -0.735706  0.193209 0 0 0 -0.023404   0.02329 -0.038985 0.0914642  0.906099 0.0636686 0.000194341 0.000964905 0.000331914 -0.0259889 -0.0487637 -0.0298439   0.129065 -0.0091681   -9.80815 
              92.702 -0.738072  -1.71953   73.9105   13.7199 -0.646684  0.193351 0 0 0 -0.023404   0.02329 -0.038985  0.0535455   0.969635 0.00929616 0.000133857 0.000970554 0.000303577 -0.0252708  -0.048178  -0.029844    0.129927 -0.00916911    -9.80814 
              92.802  -1.26197 -0.814545   74.3164  13.7447 -0.55942 0.194114 0 0 0 -0.023404   0.02329 -0.038985     0.237925     0.935449 -0.000366984  0.00024588  0.00085348 0.000364142 -0.0244294 -0.0475038 -0.0297237    0.130931 -0.00917183    -9.80812 
              92.902 -0.523741 -0.436532   75.1844   13.7655 -0.479249   0.19452 0 0 0 -0.023404   0.02329 -0.038985  0.163603  0.824316 0.0800956   0.0001367 0.000865899 0.000274841 -0.0239852 -0.0473407  -0.029529    0.131347 -0.00931166    -9.80812 
              93.002  -1.31851 -0.685465   75.9921   13.7868 -0.399787  0.198997 0 0 0 -0.023404   0.02329 -0.038985  0.150871  0.883952 0.0548209 0.000209451 0.000801511 0.000241163  -0.023805 -0.0471792 -0.0293726     0.13157 -0.00929915    -9.80811 
              93.102 -0.193222  -0.99534   76.3617  13.8045 -0.30316 0.200832 0 0 0 -0.023404   0.02329 -0.038985 0.0648498  0.901111 0.0862868 0.000148629 0.000808193 0.000296905 -0.0241166 -0.0466606 -0.0291596    0.131636 -0.00874289    -9.80811 
              93.202 0.225135 -1.77761  76.4521  13.8125 -0.20093  0.19464 0 0 0 -0.023404   0.02329 -0.038985  0.0395516   0.959543 -0.0290669 0.000211395 0.000843371 0.000272048 -0.0243781 -0.0462964 -0.0289877    0.131648 -0.00832783    -9.80811 
              93.302 -0.829817  -0.73347   77.2498    13.8148 -0.0920662   0.190042 0 0 0 -0.023404   0.02329 -0.038985    0.16495   0.971975 -0.0667971  0.00023914 0.000802421 0.000231774 -0.0252681 -0.0467147 -0.0288253    0.130752 -0.00813629    -9.80813 
              93.402 -0.169822  -0.11145   77.4984    13.8202 -0.0217057   0.192876 0 0 0 -0.023404   0.02329 -0.038985   0.0937764    0.791832 -0.00930016 0.000231426 0.000819008 0.000418765 -0.0244826 -0.0473744 -0.0287703    0.130963 -0.00906746    -9.80812 
              93.502  -1.43368 -0.184737   78.3027   13.8225 0.0323169  0.185815 0 0 0 -0.023404   0.02329 -0.038985 -0.0285397    0.76219 -0.0812628 0.000313969 0.000852651 0.000279723 -0.0232281 -0.0481351 -0.0285584   0.131469 -0.0103368   -9.80811 
              93.602 -1.34578  0.64016  78.5296   13.8318 0.0828377  0.187471 0 0 0 -0.023404   0.02329 -0.038985  0.0734294   0.522076 -0.0546455 0.000278442 0.000830125 0.000324978 -0.0226563 -0.0480422 -0.0284179   0.131945 -0.0105875   -9.80811 
              93.702  -0.976457 -0.0711086    78.5761  13.8335 0.136386 0.177364 0 0 0 -0.023404   0.02329 -0.038985   0.100131   0.490199 -0.0896508 0.000334179 0.000795737 0.000426606 -0.0228438 -0.0482775 -0.0285016   0.131676 -0.0106586   -9.80811 
              93.802 -1.35337 0.718778  79.3034  13.8551 0.178036 0.177809 0 0 0 -0.023404   0.02329 -0.038985 0.0805501  0.369232 0.0345896 0.000333831 0.000802832 0.000351641 -0.0225209 -0.0476698  -0.028645   0.132251 -0.0103753    -9.8081 
              93.903 -0.70954 0.536009  79.8708  13.8645 0.242348 0.180663 0 0 0 -0.023404   0.02329 -0.038985   0.0102169    0.451212 -0.00940144 0.000382533 0.000787402 0.000303992 -0.0239249 -0.0468873 -0.0288919     0.13162 -0.00901398    -9.80811 
              94.002 -0.752785   0.80656   79.7429  13.8614  0.30491 0.179886 0 0 0 -0.023404   0.02329 -0.038985 -0.0202494   0.462416  0.0704062 0.000356525 0.000817113 0.000432546  -0.024776 -0.0466384 -0.0288519    0.131111 -0.00836636    -9.80812 
              94.102 -0.589065   0.77493   80.4607   13.865 0.361049 0.176192 0 0 0 -0.023404   0.02329 -0.038985  0.0293817   0.457109 -0.0886908 0.000371031 0.000844747 0.000309642 -0.0251317  -0.046112 -0.0287113    0.131124 -0.00778054    -9.80812 
              94.202 -0.420359   1.03229    80.887  13.8736 0.405244 0.167649 0 0 0 -0.023404   0.02329 -0.038985 0.00603917   0.230287 0.00145659 0.000353665 0.000836422 0.000379654  -0.025708 -0.0458229  -0.028511   0.130841 -0.0072595   -9.80812 
              94.303 0.450053   1.8348  81.2204  13.8676 0.429305 0.168023 0 0 0 -0.023404   0.02329 -0.038985  -0.140808   0.191475 -0.0869729 0.000356058 0.000774474 0.000467891 -0.0259011 -0.0456627 -0.0287022     0.13078 -0.00702782    -9.80813 
              94.402 0.279026  2.21381  80.7804  13.8462 0.438769 0.161091 0 0 0 -0.023404   0.02329 -0.038985 -0.189475 0.0346054 0.0192819 0.000337307 0.000856319 0.000466572 -0.0256471 -0.0459147 -0.0285217    0.130839 -0.00736223    -9.80812 
              94.503 -0.699687    2.0196   80.7869  13.8409 0.436702 0.165587 0 0 0 -0.023404   0.02329 -0.038985 -0.0757711  0.0233722  -0.054809 0.000299723 0.000881337 0.000392051 -0.0251152 -0.0455213 -0.0288652    0.131455 -0.00732426    -9.80812 
              94.602 -0.570589   1.96497   80.8272   13.861 0.366088 0.178504 0 0 0 -0.023404   0.02329 -0.038985  -0.10786 -0.039442 0.0746966 0.000260584 0.000829541 0.000488405  -0.025065 -0.0444938 -0.0288614    0.132033 -0.00656729    -9.80811 
              94.702 -0.933522   1.63302   80.8025  13.8658 0.372382 0.169808 0 0 0 -0.023404   0.02329 -0.038985 -0.0225189  0.0806855 -0.0710973 0.000316999 0.000753338 0.000622566 -0.0267267 -0.0437697 -0.0285515    0.131145 -0.00515765    -9.80812 
              94.802 -0.981284   1.59395   80.7672  13.8662 0.366311 0.177789 0 0 0 -0.023404   0.02329 -0.038985   0.024894 -0.0801871  0.0478003 0.000270765 0.000776899 0.000548484 -0.0285128 -0.0430237 -0.0285881    0.130174 -0.00364737    -9.80814 
              94.902 -1.25747   1.3414  80.6675  13.8707 0.368664 0.171508 0 0 0 -0.023404   0.02329 -0.038985    0.038121  0.00341027 -0.00572145 0.000273611 0.000762163  0.00061598  -0.029717 -0.0432056 -0.0282301    0.129161 -0.00316819    -9.80815 
              95.002 -0.629086   1.35741   80.7236   13.863 0.366497 0.174226 0 0 0 -0.023404   0.02329 -0.038985 -0.0516482 -0.0194747  0.0162264 0.000301228 0.000741487 0.000667388 -0.0310552 -0.0433626 -0.0281523    0.128059 -0.00258531    -9.80816 
              95.102 -0.819243  0.804824   80.7951  13.8654 0.372393 0.172211 0 0 0 -0.023404   0.02329 -0.038985 -0.0207463  0.0774546 -0.0447681 0.000252576 0.000753074 0.000750783 -0.0322983 -0.0427613 -0.0280713     0.12743 -0.00147612    -9.80817 
              95.202 -0.884911  0.925126   80.8238  13.8658  0.36763 0.176757 0 0 0 -0.023404   0.02329 -0.038985  0.0074326 -0.0391937  0.0392833 0.000250348 0.000718082 0.000739094 -0.0329391 -0.0431781 -0.0280534    0.126723 -0.00145527    -9.80818 
              95.302 -1.10414 0.821532  80.7897   13.868 0.365615 0.172298 0 0 0 -0.023404   0.02329 -0.038985  0.0323613 -0.0436638  -0.017298 0.000287244 0.000709158 0.000800861 -0.0338569   -0.04355 -0.0278672     0.12583 -0.00125995    -9.80819 
              95.402 -1.10826 0.484067  80.8218  13.8633  0.36844 0.174656 0 0 0 -0.023404   0.02329 -0.038985  -0.0479592 0.000798602   0.0171944 0.000205336 0.000703686 0.000756989 -0.0352808 -0.0432976  -0.028015     0.124881 -0.000312393     -9.80821 
              95.502  -1.16503 0.0795131   80.8329  13.8638 0.372904  0.17139 0 0 0 -0.023404   0.02329 -0.038985  -0.030226  0.0780388 -0.0169162 0.000235645 0.000637554 0.000777708 -0.0360952 -0.0430218 -0.0281682    0.124408 0.000331115    -9.80821 
              95.602 -1.41414 0.201659  80.8837  13.8642 0.370649 0.173078 0 0 0 -0.023404   0.02329 -0.038985 -0.012063 0.0103602 0.0185019 0.000226636  0.00067186  0.00082741 -0.0369194 -0.0431225 -0.0283169     0.12373 0.000693553    -9.80822 
              95.702 -1.33362 0.268597  81.0081  13.8679 0.366073 0.172589 0 0 0 -0.023404   0.02329 -0.038985  0.0334983 -0.0491453 -0.0135502 0.000217422  0.00072281 0.000830536 -0.0379184 -0.0429881  -0.028365   0.123043 0.00132345   -9.80823 
              95.802 -1.65338 0.094163  80.9663  13.8654 0.368652 0.173043 0 0 0 -0.023404   0.02329 -0.038985 -0.0188687 0.00319194 0.00289429  0.00019543 0.000682743 0.000801837 -0.0390263 -0.0431375 -0.0285645   0.122124 0.00179814   -9.80824 
              95.902  -1.46026 -0.307226    80.957  13.8632 0.371416 0.171219 0 0 0 -0.023404   0.02329 -0.038985 -0.0449626  0.0583767 -0.0249039 0.000224319 0.000682922 0.000746653 -0.0400328 -0.0428252 -0.0286768   0.121525 0.00256738   -9.80825 
              96.002  -1.51326 -0.246368   80.9399  13.8639 0.371214  0.17323 0 0 0 -0.023404   0.02329 -0.038985 -0.0277235  0.0333477  0.0140106 0.000186564  0.00071063 0.000835899 -0.0407648 -0.0428726  -0.028876   0.120945 0.00292037   -9.80825 
              96.102 -1.45708 0.113314  81.0998   13.868  0.36617 0.174312 0 0 0 -0.023404   0.02329 -0.038985  0.0461547 -0.0525375 0.00842488 0.000188133 0.000742182 0.000832583 -0.0410376 -0.0429443 -0.0288763     0.1207 0.00300978   -9.80826 
              96.202    -1.80603 -0.00391174     81.0502  13.8664 0.367853 0.172213 0 0 0 -0.023404   0.02329 -0.038985 0.00110963 -0.0116764 -0.0104063 0.000190522 0.000738947 0.000816773 -0.0415606 -0.0433239 -0.0288917   0.120105 0.00299776   -9.80826 
              96.302  -1.58298 -0.341721   80.9258  13.8631 0.370099 0.172293 0 0 0 -0.023404   0.02329 -0.038985 -0.0558101   0.039882 -0.0242264 0.000171193 0.000710516 0.000815146 -0.0425085 -0.0434614 -0.0290841  0.119315 0.0033951  -9.80827 
              96.403  -1.55899 -0.393836   81.0257  13.8638 0.371485 0.173948 0 0 0 -0.023404   0.02329 -0.038985  -0.0427064   0.0562656 -0.00943251 0.000190365 0.000679895 0.000806981 -0.0431809 -0.0436719 -0.0292408  0.118695 0.0035918  -9.80828 
              96.502    -1.531 0.0030001   81.1144  13.8664 0.367004 0.176528 0 0 0 -0.023404   0.02329 -0.038985  0.0212814 -0.0404517  0.0439004  0.00019047 0.000737653 0.000832999 -0.0432904 -0.0438578 -0.0291096   0.118515 0.00350727   -9.80828 
              96.602  -1.74097 0.0761917   81.1004  13.8671 0.367402 0.172332 0 0 0 -0.023404   0.02329 -0.038985  0.0165805 -0.0195292 -0.0146318 0.000186998  0.00072239 0.000847849 -0.0439773  -0.044021 -0.0290426   0.117911 0.00374387   -9.80829 
              96.702  -1.75818 -0.253678   81.0135  13.8637 0.369574   0.1729 0 0 0 -0.023404   0.02329 -0.038985 -0.0514606  0.0301336 -0.0249168 0.000171619 0.000688524 0.000812245  -0.044886 -0.0444517 -0.0292126  0.116998 0.0038985   -9.8083 
              96.802  -1.61504 -0.493561   81.0584  13.8638 0.371317 0.173987 0 0 0 -0.023404   0.02329 -0.038985  -0.0399778   0.0536548 -0.00539891 0.000176338 0.000694877 0.000774571 -0.0453305 -0.0445432 -0.0292705   0.116614 0.00406389   -9.80831 
              96.902   -1.59732 -0.0467888    81.0685  13.8648 0.369022  0.17456 0 0 0 -0.023404   0.02329 -0.038985 -0.0050194 -0.0024518  0.0244807 0.000168836 0.000705626 0.000841187 -0.0456422 -0.0446924 -0.0292542   0.116301 0.00411485   -9.80831 
              97.002  -1.64136 0.0808194   81.2479  13.8566 0.380124 0.176845 0 0 0 -0.023404   0.02329 -0.038985 -0.0385712  0.0516386   0.015301 0.000171328 0.000730875 0.000829733 -0.0463247 -0.0448912 -0.0292418  0.115682 0.0043233  -9.80832 
              97.102  -2.01414 -0.289215   81.5209  13.8439 0.392604 0.176839 0 0 0 -0.023404   0.02329 -0.038985 -0.0723689   0.170833    0.01934 0.000152309 0.000718752 0.000847054 -0.0466444 -0.0453146 -0.0291544    0.11522 0.00417039   -9.80832 
              97.202  -1.73786 -0.984655   82.0398  13.8397 0.438943 0.174716 0 0 0 -0.023404   0.02329 -0.038985 -0.0687126   0.395875 -0.0147486 0.000143421 0.000788956 0.000892192 -0.0475946 -0.0447538 -0.0290339   0.114797 0.00508939   -9.80833 
              97.302  -1.4806 -1.24792   82.927  13.8434 0.493887 0.173471 0 0 0 -0.023404   0.02329 -0.038985 -0.0419126   0.485896  0.0138808 0.000111669 0.000789833 0.000584183 -0.0478785  -0.043918 -0.0290834   0.115017 0.00586958   -9.80832 
              97.402 -1.13142 -1.63241  82.7861  13.8359 0.545834 0.176137 0 0 0 -0.023404   0.02329 -0.038985 -0.0825894   0.678728 -0.0271689 0.000113472 0.000869108 0.000675863 -0.0475024 -0.0439751 -0.0290693   0.115272 0.00563154   -9.80832 
              97.502 -1.69835 -1.68126  83.6616  13.8259 0.606496 0.180532 0 0 0 -0.023404   0.02329 -0.038985 -0.0780633   0.751302  0.0771587 0.000150538 0.000778245 0.000730358 -0.0468898 -0.0441647 -0.0291747    0.11564 0.00517206   -9.80832 
              97.602 -2.28706 -1.55814  84.2402  13.8343 0.685416 0.181929 0 0 0 -0.023404   0.02329 -0.038985  -0.037032   0.995018 -0.0997067 0.000125293 0.000757421   0.0006545 -0.0461738  -0.043433 -0.0292253  0.116558 0.0053654  -9.80831 
              97.702 -2.05609 -1.21488  83.9786  13.8463 0.761559 0.184772 0 0 0 -0.023404   0.02329 -0.038985 -0.0219346   0.891386  0.0375392  0.00017716 0.000749847 0.000675531 -0.0451943 -0.0431635 -0.0292491   0.117442 0.00507667    -9.8083 
              97.803 -0.865327  -1.76411   84.0027  13.8514 0.851597 0.182648 0 0 0 -0.023404   0.02329 -0.038985  0.0464841   0.975042 -0.0313714 0.000196533 0.000821402 0.000583096 -0.0446827 -0.0427749 -0.0294145   0.118029 0.00511721   -9.80829 
              97.902 -1.36902 -1.18493  84.5158   13.862 0.942806  0.18687 0 0 0 -0.023404   0.02329 -0.038985 0.0345921  0.890345 0.0689745 0.000129684 0.000828177 0.000598665  -0.044376 -0.0426377 -0.0297504   0.118334 0.00506737   -9.80828 
              98.002 -0.909559  -1.89262    84.892  13.8782  1.03309 0.187843 0 0 0 -0.023404   0.02329 -0.038985   0.110651   0.934996 -0.0721939   0.0001789 0.000835829 0.000545016 -0.0439434 -0.0422463 -0.0300149  0.118864 0.0051526  -9.80828 
              98.102 -0.657503  -1.28393   84.7511  13.8835  1.12025 0.185759 0 0 0 -0.023404   0.02329 -0.038985 -0.00255582    0.974742  -0.0479885 8.82126e-05 0.000806025 0.000583135 -0.0433363 -0.0425019 -0.0301206   0.119205 0.00465362   -9.80827 
              98.202 0.660132 -1.54153  84.6216  13.8825  1.21443 0.195185 0 0 0 -0.023404   0.02329 -0.038985  -0.142322   0.992167 0.00198016 2.27409e-05  0.00087542 0.000573373  -0.043084  -0.042059 -0.0304397   0.119622 0.00487062   -9.80827 
              98.302 0.901466 -1.08733  84.1201  13.8709  1.30825 0.193088 0 0 0 -0.023404   0.02329 -0.038985 -0.0672636    1.00038  0.0251178 0.000155623 0.000765918 0.000660931  -0.042696 -0.0420508 -0.0302531   0.119921 0.00468485   -9.80827 
              98.402  0.172753 -0.167721   84.3293 13.8807 1.40019 0.19513 0 0 0 -0.023404   0.02329 -0.038985 -0.0373522   0.877994   0.106536 0.000120174  0.00077739 0.000699693 -0.0421449 -0.0411875 -0.0300356   0.120764 0.00507528   -9.80826 
              98.502 0.0632254 -0.928097   84.8802 13.8982 1.48991 0.19292 0 0 0 -0.023404   0.02329 -0.038985 0.0188454  0.903911 -0.029018  0.00016531 0.000777712  0.00058338 -0.0416425  -0.040188 -0.0299596   0.121642 0.00559386   -9.80824 
              98.602 0.00945907  -0.699451    84.5895   13.918  1.59183 0.188195 0 0 0 -0.023404   0.02329 -0.038985 0.0596576  0.915119 0.0600399 6.05275e-05  0.00084798 0.000645259   -0.04139 -0.0389315 -0.0299155   0.122455 0.00643328   -9.80823 
              98.702 0.743449 -1.34332  84.3122  13.9299  1.68453 0.190853 0 0 0 -0.023404   0.02329 -0.038985 -0.0196553   0.976993 -0.0142083 0.000137002 0.000871049 0.000664799 -0.0408369 -0.0383084 -0.0300893   0.123191 0.00664183   -9.80822 
              98.802  0.605339 -0.473196   84.6345   13.94  1.7842 0.19056 0 0 0 -0.023404   0.02329 -0.038985   0.166548    1.00812 -0.0334397 0.000163414 0.000785106 0.000596243  -0.040779 -0.0380868 -0.0300844   0.123345 0.00678305   -9.80822 
              98.902 0.578199 0.238134  84.9684  13.9606  1.87812 0.193637 0 0 0 -0.023404   0.02329 -0.038985   0.163283   0.888466 -0.0116193 0.000120234 0.000848272 0.000537789 -0.0407765 -0.0375415 -0.0300757   0.123616 0.00720011   -9.80822 
              99.002 -0.121883  -0.47944   85.3282  13.9814  1.97463 0.193272 0 0 0 -0.023404   0.02329 -0.038985   0.121549   0.953596 -0.0127049 0.000180482 0.000818277 0.000541061  -0.041115 -0.0370619 -0.0301385   0.123595 0.00773709   -9.80822 
              99.102 0.336859 -1.05064  85.4459  13.9868  2.06902 0.197492 0 0 0 -0.023404   0.02329 -0.038985 0.0726889  0.918813 0.0631231  0.00017022 0.000864817 0.000472325 -0.0413763 -0.0374197 -0.0301958   0.123219 0.00759233   -9.80822 
              99.202 0.958776 -1.66121    84.99  13.9827   2.1794 0.192447 0 0 0 -0.023404   0.02329 -0.038985  0.00800922     1.02853 -0.00608652 0.000224035 0.000796557 0.000469366 -0.0420447 -0.0375691  -0.030197  0.122633 0.0078058  -9.80823 
              99.302 0.0625641 -0.497217   85.3478  13.9921  2.28902 0.190578 0 0 0 -0.023404   0.02329 -0.038985 0.0796604   0.97047 0.0249615 0.000312201 0.000803098 0.000423207 -0.0422342 -0.0373766 -0.0302473   0.122584 0.00804802   -9.80823 
              99.402  0.534136 -0.108637   85.8601  14.0011  2.37613 0.195492 0 0 0 -0.023404   0.02329 -0.038985  0.0951617   0.862521 0.00289009 0.000279934 0.000885513    0.000314 -0.0419908 -0.0373606 -0.0303046    0.12278 0.00794232   -9.80823 
              99.502 -0.0657518  -0.114725    85.9372  14.0037  2.45624 0.193639 0 0 0 -0.023404   0.02329 -0.038985 -0.0616086    0.89929 -0.0419903 0.000266794 0.000786216  0.00036685 -0.0416691  -0.037514 -0.0302658   0.122952 0.00766597   -9.80823 
              99.602 0.0250727   0.23076   85.9468  14.0096  2.53391 0.189784 0 0 0 -0.023404   0.02329 -0.038985 0.0506548  0.778635  -0.15316 0.000334622  0.00073975 0.000400477 -0.0415852 -0.0374141 -0.0300651    0.12306 0.00769772   -9.80823 
              99.702  0.756447 -0.313853   85.7788  14.011 2.60725 0.18157 0 0 0 -0.023404   0.02329 -0.038985   0.114095   0.680203 -0.0472433 0.000334703 0.000774178 0.000364222 -0.0416455 -0.0375424 -0.0303043   0.122957 0.00763405   -9.80823 
              99.802 0.140989 0.675461  85.9846  14.0195  2.67143 0.185788 0 0 0 -0.023404   0.02329 -0.038985   0.067153   0.595491 -0.0352235 0.000336875 0.000785026 0.000419939 -0.0417065 -0.0375922 -0.0306187   0.122894 0.00763361   -9.80823 
              99.902 0.404844 0.636331  86.2809  14.0232   2.7284 0.179884 0 0 0 -0.023404   0.02329 -0.038985 -0.0310226   0.606132 -0.0736127  0.00038862 0.000774214  0.00036802 -0.0415736 -0.0376104 -0.0306286   0.122988 0.00755585   -9.80823 
             100.002 0.199602  1.02439   86.049  14.0198  2.78807 0.179359 0 0 0 -0.023404   0.02329 -0.038985 0.0263626  0.507435 0.0261043 0.000411065 0.000850042 0.000384605 -0.0415688 -0.0376371 -0.0307928   0.122982 0.00753907   -9.80823 
             100.102 -0.0668946   0.449024    86.4063  14.0258  2.82847 0.173478 0 0 0 -0.023404   0.02329 -0.038985  0.125231   0.39525 -0.179719 0.000390245 0.000867002 0.000301606 -0.0413575 -0.0377975 -0.0311111   0.123073 0.00732624   -9.80823 
             100.202 1.29098 1.44604 86.9301 14.0355 2.85658 0.16849 0 0 0 -0.023404   0.02329 -0.038985 0.000537239    0.217288  -0.0614318 0.000354264 0.000796224 0.000312065 -0.0412781 -0.0376874 -0.0312795    0.12319 0.00737938   -9.80822 
             100.302 1.64314 1.82564 86.9535 14.0291 2.87116 0.16492 0 0 0 -0.023404   0.02329 -0.038985 -0.0994302    0.17391 -0.0418917 0.000383568 0.000805043 0.000310217 -0.0409907 -0.0378527 -0.0316519    0.12334 0.00713103   -9.80822 
             100.403 1.12657 2.47924  86.414   14.028  2.87194 0.170007 0 0 0 -0.023404   0.02329 -0.038985  0.0695606  0.0196018 -0.0199573 0.000407248 0.000854284 0.000300656 -0.0406742 -0.0379674 -0.0319374   0.123537 0.00690709   -9.80822 
             100.502 0.0692381    1.9288   86.3474   14.043  2.86902 0.167444 0 0 0 -0.023404   0.02329 -0.038985   0.269968 0.00027701  -0.067304 0.000416314 0.000847667  0.00034051 -0.0404888 -0.0381808  -0.032133   0.123583 0.00666605   -9.80822 
             100.602 0.339089  1.90996   84.015  14.0727  2.86588 0.171481 0 0 0 -0.023404   0.02329 -0.038985   0.291331 -0.0723834  0.0261856 0.000423695 0.000863962  0.00039928 -0.0405433 -0.0380209 -0.0323729   0.123621 0.00682996   -9.80822 
             100.702 0.28918 1.19703 79.0414  14.0979  2.85875 0.174294 0 0 0 -0.023404   0.02329 -0.038985   0.244568  -0.037028 -0.0228934 0.000447721 0.000851614 0.000429721 -0.0405362 -0.0382429 -0.0326546   0.123523 0.00667289   -9.80822 
             100.802 0.582108  1.14025  73.3817  14.1062  2.84912 0.178201 0 0 0 -0.023404   0.02329 -0.038985  0.175637 -0.115779 0.0951536 0.000466151 0.000870773 0.000589112 -0.0406678 -0.0389378 -0.0327032   0.123077 0.00621968   -9.80823 
             100.902 -0.123909  0.440219   68.4791  14.1142  2.82696 0.184035 0 0 0 -0.023404   0.02329 -0.038985   0.180773  -0.109898 0.00375998 0.000497052  0.00093346 0.000588865 -0.0403406 -0.0397506 -0.0327551    0.12289 0.00546266   -9.80823 
             101.002 -0.714289  0.258716   63.4818  14.1243  2.81373 0.180509 0 0 0 -0.023404   0.02329 -0.038985   0.119828  -0.150983 0.00038688 0.000514151 0.000857654 0.000684055 -0.0404674 -0.0401569 -0.0324554  0.122561 0.0052436  -9.80823 
             101.102 -0.279661  0.144481   58.5919  14.1294  2.79682 0.179148 0 0 0 -0.023404   0.02329 -0.038985  0.0760669  -0.137474 -0.0441109 0.000480371 0.000859961 0.000785632 -0.0404429 -0.0404443 -0.0323901   0.122397 0.00504352   -9.80824 
             101.202 -0.338667  0.374383   52.9165   14.136  2.79305 0.176886 0 0 0 -0.023404   0.02329 -0.038985 0.0370747 -0.135604 0.0220242  0.00050926   0.0008014 0.000918715 -0.0407868 -0.0403081 -0.0324196   0.122281 0.00534774   -9.80824 
             101.301 -0.442352  0.124589   47.6981  14.1464  2.77851 0.182557 0 0 0 -0.023404   0.02329 -0.038985    0.076349   -0.145974 -0.00120256  0.00048922 0.000882105 0.000905946 -0.0407969 -0.0400118 -0.0325859   0.122496 0.00550777   -9.80823 
             101.402 -0.807004 -0.340187   42.6628 14.1655 2.76003 0.18064 0 0 0 -0.023404   0.02329 -0.038985  0.092145 -0.187758 0.0220837 0.000460707 0.000883998  0.00096245 -0.0407848 -0.0395963 -0.0326015  0.122829 0.0056673  -9.80823 
             101.502 -0.554937 -0.389355    37.858  14.1776    2.733 0.181604 0 0 0 -0.023404   0.02329 -0.038985 0.0530663 -0.194021  -0.02473 0.000479566 0.000865616 0.000977607 -0.0405259 -0.0392795 -0.0326585   0.123179 0.00556027   -9.80822 
             101.602 -0.303365 -0.325098   32.5151  14.1904  2.72791 0.177405 0 0 0 -0.023404   0.02329 -0.038985   0.050743 -0.0932116 -0.0459638 0.000500106 0.000793124  0.00102817 -0.0410043 -0.0390896 -0.0326791   0.123252 0.00597707   -9.80822 
             101.702    -0.5703 -0.0895195    27.1046  14.2022  2.71219 0.183003 0 0 0 -0.023404   0.02329 -0.038985 0.0389875 -0.149345 0.0746979 0.000500268 0.000809663  0.00106129 -0.0411105  -0.038773 -0.0328378   0.123527 0.00607379   -9.80822 
             101.802 -0.450432 -0.836567   21.9998  14.2157  2.69822 0.185536 0 0 0 -0.023404   0.02329 -0.038985   0.106824  -0.185938 -0.0101305 0.000519642 0.000823506  0.00102161 -0.0412842 -0.0386082 -0.0328777   0.123692 0.00618156   -9.80822 
             101.902 -0.481969 -0.918871   17.2305  14.2275  2.68098 0.185568 0 0 0 -0.023404   0.02329 -0.038985 0.0269094 -0.153595 0.0360091 0.000471547 0.000824191   0.0010229 -0.0414271 -0.0384807 -0.0327375   0.123833 0.00623267   -9.80822 
             102.001 -0.0235293   -1.09695    12.3907   14.231  2.66701 0.185407 0 0 0 -0.023404   0.02329 -0.038985  0.0353538  -0.130039 -0.0140774 0.000489025 0.000853925  0.00109655 -0.0414527 -0.0385099 -0.0327131   0.123826 0.00626093   -9.80822 
             102.102 -0.0842069  -0.693994     7.0314  14.2418  2.65364 0.183519 0 0 0 -0.023404   0.02329 -0.038985 0.00712364  -0.105018  0.0475998 0.000482692 0.000805787   0.0011063 -0.0416447  -0.038374 -0.0325677   0.124013 0.00625287   -9.80821 
             102.202 -0.128064  -1.03953   1.67098  14.2365  2.64259 0.189465 0 0 0 -0.023404   0.02329 -0.038985 0.00539075  -0.107276  0.0052814 0.000481723  0.00082574  0.00117043 -0.0414585 -0.0383927 -0.0325979   0.123871 0.00622742   -9.80822 
             102.302 -0.222466  -1.25378  -3.02983  14.2307  2.62764 0.187163 0 0 0 -0.023404   0.02329 -0.038985 -0.0404988  -0.103696 0.00269464 0.000436248 0.000768833  0.00112437 -0.0413182  -0.038362  -0.032409   0.123756 0.00620126   -9.80822 
             102.403 0.290641 -1.13929 -7.90639  14.2186  2.61035 0.184905 0 0 0 -0.023404   0.02329 -0.038985 -0.0533508  -0.117138 -0.0698901 0.000410421 0.000787265  0.00110093 -0.0411242 -0.0381318 -0.0323277    0.12357 0.00607477   -9.80822 
             102.502 0.125892 -1.00612 -13.3664  14.2156  2.59965 0.181738 0 0 0 -0.023404   0.02329 -0.038985 -0.0360048 -0.0731995 -0.0210431 0.000476764 0.000806327  0.00113122 -0.0411343 -0.0380439 -0.0324707  0.123549 0.0060149  -9.80822 
             102.602 -0.0641049  -0.475087   -18.4734   14.215  2.57798 0.184048 0 0 0 -0.023404   0.02329 -0.038985  -0.0660259   -0.138767 -0.00128865 0.000400892 0.000795062  0.00113338 -0.0414945 -0.0378234  -0.032512    0.12365 0.00568255   -9.80822 
             102.702 0.0166601  -1.13087  -23.6024  14.2071   2.5466 0.185318 0 0 0 -0.023404   0.02329 -0.038985 -0.112256 -0.205899 0.0112735 0.000449093 0.000832806  0.00115818 -0.0417145 -0.0374732 -0.0326814    0.12353 0.00537919   -9.80822 
             102.802 0.287165 -1.03124 -28.4897  14.2016  2.52043 0.184138 0 0 0 -0.023404   0.02329 -0.038985 -0.0871335  -0.180565 -0.0296411 0.000447434  0.00082176  0.00111131  -0.042019 -0.0373562 -0.0326616   0.123544 0.00510578   -9.80822 
             102.902  0.441188 -0.664673  -33.3916  14.1948  2.49452 0.179728 0 0 0 -0.023404   0.02329 -0.038985 -0.0331041   -0.17196 -0.0485475 0.000462759 0.000812079  0.00103782 -0.0422299  -0.037125 -0.0326894   0.123402 0.00489197   -9.80822 
             103.002 -0.00757696   -0.099068    -38.5815  14.1867  2.48146 0.181865 0 0 0 -0.023404   0.02329 -0.038985  -0.12219 -0.167082  0.017287 0.000453605 0.000818672 0.000897632 -0.0421448 -0.0372105  -0.032851   0.123471 0.00496949   -9.80822 
             103.102  0.114242 -0.603117  -43.5618  14.1815  2.46899 0.182768 0 0 0 -0.023404   0.02329 -0.038985 -0.0983259  -0.184779 -0.0531922 0.000446818 0.000844447 0.000888955  -0.042098 -0.0374901 -0.0330497   0.123716 0.00499025   -9.80822 
             103.202 0.0683895 -0.478768  -48.3586  14.1733  2.45062 0.185081 0 0 0 -0.023404   0.02329 -0.038985 -0.0727717 -0.0916623  0.0266722 0.000453489 0.000828868 0.000839627 -0.0423141 -0.0373934 -0.0331867  0.123609 0.0048191  -9.80822 
             103.303  0.492798 -0.523372  -53.1035  14.1619  2.43398 0.183452 0 0 0 -0.023404   0.02329 -0.038985 -0.0356927  -0.118916 -0.0433994 0.000464186 0.000852039 0.000820452 -0.0424544 -0.0370818 -0.0332494   0.123321 0.00478033   -9.80822 
             103.402    0.176676 -0.00847667    -58.6039  14.1506  2.42932 0.184682 0 0 0 -0.023404   0.02329 -0.038985  -0.118889 -0.0412226  0.0747655 0.000463868 0.000826949 0.000809589 -0.0421914 -0.0368826 -0.0332824   0.123241 0.00506731   -9.80822 
             103.503  0.421047 -0.333663  -63.5968  14.1249  2.41785 0.192482 0 0 0 -0.023404   0.02329 -0.038985  -0.162289 -0.0955474 0.00318834 0.000478782 0.000820796 0.000768625 -0.0423421 -0.0362343 -0.0333898   0.122679 0.00521626   -9.80823 
             103.602  0.264183 -0.341839  -68.6056  14.1005  2.40947 0.187416 0 0 0 -0.023404   0.02329 -0.038985  -0.205196 -0.0585779  0.0281211 0.000447056 0.000761449 0.000769137 -0.0423195 -0.0359635 -0.0330951   0.122476 0.00536383   -9.80823 
             103.702  0.831139 -0.185055  -73.5441  14.0765  2.40444 0.187944 0 0 0 -0.023404   0.02329 -0.038985  -0.206264 -0.0549808 -0.0290765 0.000419385 0.000816066 0.000827044 -0.0423339 -0.0357871 -0.0330454   0.122339 0.00544622   -9.80824 
             103.802 0.755116  0.18588 -79.0055  14.0548  2.39979 0.184833 0 0 0 -0.023404   0.02329 -0.038985  -0.195057 -0.0276259  0.0216764 0.000468992 0.000801085 0.000873532 -0.0423386 -0.0355581 -0.0329378   0.122173 0.00557389   -9.80824 
             103.902 0.667832 0.630427 -84.2991  14.0374  2.39799 0.187251 0 0 0 -0.023404   0.02329 -0.038985  -0.212553 -0.0175409   0.029459 0.000412955 0.000785323 0.000950026 -0.0423894 -0.0357798 -0.0327849    0.12229 0.00540535   -9.80824 
             104.002  0.415748 0.0780399   -89.371  14.0157  2.39248 0.185105 0 0 0 -0.023404   0.02329 -0.038985  -0.280466 -0.0230655 0.00231719 0.000465856 0.000788303 0.000966137 -0.0424949 -0.0359629 -0.0327074   0.122341 0.00521996   -9.80824 
             104.102 0.664273 0.520189 -93.9938   13.991  2.39232 0.186361 0 0 0 -0.023404   0.02329 -0.038985 -0.213877 0.0153897 0.0259871 0.000464074 0.000732239 0.000918637 -0.0425456 -0.0359331 -0.0326037   0.122287 0.00520941   -9.80824 
             104.202 0.933981 0.312933 -98.9051  13.9737   2.3869 0.183039 0 0 0 -0.023404   0.02329 -0.038985  -0.157219 -0.0507924 -0.0487283  0.00046052 0.000794916 0.000921657 -0.0426814 -0.0362034  -0.032636   0.122355 0.00493925   -9.80824 
             104.302 0.348301 0.979206 -104.432   13.965  2.38388 0.182026 0 0 0 -0.023404   0.02329 -0.038985  -0.161682 0.00924054  0.0463836  0.00048453 0.000756265 0.000968749 -0.0424684  -0.036627  -0.032608   0.122742 0.00474985   -9.80823 
             104.402 0.674842 0.547616 -109.559  13.9449  2.38798 0.185064 0 0 0 -0.023404   0.02329 -0.038985  -0.218219 0.00524839 -0.0325685 0.000442312 0.000845554 0.000960839 -0.0423429 -0.0363965 -0.0326687   0.122712 0.00498855   -9.80823 
             104.502 0.371659 0.709803 -114.311  13.9183  2.40072 0.182824 0 0 0 -0.023404   0.02329 -0.038985  -0.193843  0.0705176 0.00192681 0.000442901 0.000727902  0.00086987 -0.0420143 -0.0359449 -0.0326574   0.122733 0.00550211   -9.80823 
             104.602  1.09366   0.8915 -119.031  13.9026  2.41311 0.181482 0 0 0 -0.023404   0.02329 -0.038985  -0.180607  0.0727847 -0.0501439 0.000410705 0.000736487  0.00085351 -0.0416425 -0.0359343 -0.0326657   0.123015 0.00568258   -9.80823 
             104.702 0.542693  1.43762 -124.419  13.8852  2.41963 0.178524 0 0 0 -0.023404   0.02329 -0.038985 -0.160827  0.103614 0.0263104 0.000439221 0.000681502 0.000853945 -0.0416462   -0.03585 -0.0326517  0.122974 0.0057495  -9.80823 
             104.802 0.409212  1.49028 -129.596  13.8685   2.4347 0.183396 0 0 0 -0.023404   0.02329 -0.038985  -0.193249    0.10174 -0.0196688 0.000411823 0.000712331 0.000850516 -0.0414575 -0.0356977 -0.0327349   0.123063 0.00595143   -9.80823 
             104.903 -0.0336278    1.03103   -134.579  13.8519  2.44901 0.179411 0 0 0 -0.023404   0.02329 -0.038985  -0.195124   0.153317 -0.0156233  0.00045575 0.000704557  0.00085886  -0.041057 -0.0359932 -0.0326911   0.123508 0.00586101   -9.80822 
             105.003 0.200785  1.19512 -139.549    13.84  2.45376 0.179274 0 0 0 -0.023404   0.02329 -0.038985 -0.0879428 -0.0289067 -0.0432009 0.000435353 0.000696605  0.00083732 -0.0410391 -0.0362909  -0.032769   0.123634 0.00561628   -9.80822 
             105.103 0.294596  1.47449 -142.581  13.8335  2.44742 0.175029 0 0 0 -0.023404   0.02329 -0.038985 -0.0705125  -0.126348 -0.0431812 0.000450022 0.000692236 0.000885348 -0.0408521 -0.0361931 -0.0328558   0.123759 0.00576247   -9.80822 
             105.202 -0.0876433    1.96828   -142.311 13.8343 2.44681   0.174 0 0 0 -0.023404   0.02329 -0.038985 -0.0413034 -0.0245678  -0.027196 0.000456403 0.000696067 0.000778218 -0.0399185 -0.0359994 -0.0329201   0.124492 0.00622108   -9.80821 
             105.303 -0.12344  1.90249 -142.153  13.8358  2.44746 0.173144 0 0 0 -0.023404   0.02329 -0.038985  -0.0344261 0.000476249  0.00702469 0.000454695 0.000698047 0.000766377 -0.0392747 -0.0363079  -0.033041    0.12514 0.00614442    -9.8082 
             105.402 0.486972  1.68376 -142.273 13.8536 2.44646 0.17783 0 0 0 -0.023404   0.02329 -0.038985 -0.00447625  -0.0173524  -0.0299292 0.000451902 0.000714505 0.000878146 -0.0390854 -0.0362101 -0.0331233   0.125275 0.00628333    -9.8082 
             105.502 0.310341  1.53958 -142.058  13.8509  2.44423 0.180062 0 0 0 -0.023404   0.02329 -0.038985 -0.0479361 -0.0620336 -0.0283471 0.000461873 0.000688006 0.000864654 -0.0394003 -0.0361299 -0.0329414    0.12498 0.00626409    -9.8082 
             105.602 0.306617  1.81195 -141.949  13.8533  2.44759 0.183455 0 0 0 -0.023404   0.02329 -0.038985 0.00104774  0.0479393  0.0441145 0.000459697 0.000644555 0.000802683 -0.0393753 -0.0359238 -0.0326339   0.124942 0.00645029    -9.8082 
             105.702 0.278579  1.78528 -141.871  13.8527  2.45091 0.178535 0 0 0 -0.023404   0.02329 -0.038985 -0.0299281  0.0662947  -0.033734 0.000455313 0.000682661 0.000804602 -0.0399912 -0.0357019  -0.032251   0.124345 0.00646682   -9.80821 
             105.802 0.406404  1.59666 -141.945 13.8546 2.44576 0.18217 0 0 0 -0.023404   0.02329 -0.038985  0.0226704 -0.0211824   0.022571 0.000430766 0.000686709 0.000806915 -0.0403135 -0.0358125 -0.0320229   0.124097 0.00627838   -9.80821 
             105.902 0.663704   1.1851 -141.816  13.8523  2.44287 0.179089 0 0 0 -0.023404   0.02329 -0.038985 -0.0365207 -0.0630073 -0.0101173 0.000447357   0.0006731  0.00076687  -0.040244 -0.0353032 -0.0316716   0.124011 0.00673986   -9.80821 
             106.002 0.489844  1.32742 -141.834  13.8523  2.44446 0.179695 0 0 0 -0.023404   0.02329 -0.038985  -0.0175955 -0.00922433   0.0254492 0.000427972 0.000662133 0.000836185 -0.0405026 -0.0352044 -0.0315154   0.123759 0.00675021   -9.80822 
             106.102 0.610184  1.47014 -141.793  13.8534  2.44953 0.178957 0 0 0 -0.023404   0.02329 -0.038985 -0.00843509   0.0591875  -0.0323315 0.000448777 0.000680454 0.000878068 -0.0407601 -0.0353362 -0.0312893   0.123573 0.00656097   -9.80822 
             106.203 0.257705  1.22295 -141.821  13.8531  2.44661 0.180129 0 0 0 -0.023404   0.02329 -0.038985 -0.00485466 -0.00694887  0.00845417 0.000441604 0.000672297 0.000812314 -0.0407421 -0.0353132 -0.0311772   0.123582 0.00658565   -9.80822 
             106.302 0.533687 0.890633 -141.951  13.8536  2.44387 0.179048 0 0 0 -0.023404   0.02329 -0.038985 -0.00762282  -0.0632348  -0.0192474 0.000434077 0.000668352 0.000833029 -0.0409388 -0.0353063 -0.0310052   0.123409 0.00653417   -9.80822 
             106.402 0.363801 0.953125  -141.89  13.8524   2.4434 0.180764 0 0 0 -0.023404   0.02329 -0.038985  -0.0206318  -0.0607209 -0.00323195 0.000455868 0.000642809  0.00085211 -0.0408587 -0.0351538 -0.0307863   0.123433 0.00668861   -9.80822 
             106.502 0.390855  1.37068 -141.701   13.853  2.44979 0.183115 0 0 0 -0.023404   0.02329 -0.038985 -0.00737851   0.0694428   0.0312896 0.000435579 0.000667214 0.000819852 -0.0405759 -0.0348847 -0.0305181  0.123596 0.0070016  -9.80822 
             106.601 0.124769  1.31078  -141.81 13.8528 2.44855 0.17894 0 0 0 -0.023404   0.02329 -0.038985 -0.0147298  0.0260517  -0.018916 0.000446829 0.000679791 0.000851181 -0.0407875 -0.0352075 -0.0302167   0.123505 0.00666056   -9.80822 
             106.702 0.230842 0.969395 -141.895  13.8541  2.44504 0.181408 0 0 0 -0.023404   0.02329 -0.038985   0.0109179  -0.0414066 -0.00120686 0.000417785 0.000679337  0.00082742 -0.0408595 -0.0353828 -0.0300984   0.123493 0.00648802   -9.80822 
             106.802 0.456707 0.751832 -141.849  13.8523  2.44316 0.180196 0 0 0 -0.023404   0.02329 -0.038985  -0.0277414  -0.0645699 -0.00165391 0.000426198 0.000645614 0.000801998 -0.0406178  -0.035237 -0.0299089   0.123657 0.00668352   -9.80822 
             106.902 0.341035  1.12563 -141.848   13.853  2.44478 0.179986 0 0 0 -0.023404   0.02329 -0.038985 -0.00766549 0.000934799    0.014301 0.000419604 0.000656877 0.000843689 -0.0404181 -0.0350727 -0.0297378    0.12378 0.00688242   -9.80822 
             107.002 0.306073  1.33378  -141.68  13.8533  2.45027 0.180057 0 0 0 -0.023404   0.02329 -0.038985 -0.00996624   0.0625985  -0.0189994 0.000426349 0.000672698 0.000823749 -0.0404774   -0.03515 -0.0295503   0.123749 0.00679802   -9.80822 
             107.102 0.0402173   1.09032  -141.785 13.8531  2.4466 0.18093 0 0 0 -0.023404   0.02329 -0.038985 0.00339062 -0.0107407  0.0238327 0.000378263 0.000688208 0.000800842 -0.0402642 -0.0354888 -0.0293905   0.124029 0.00656719   -9.80821 
             107.202 0.419022 0.873809 -141.851  13.8539  2.44298 0.178256 0 0 0 -0.023404   0.02329 -0.038985 -0.00087379  -0.0742301  -0.0178021 0.000395259 0.000664534 0.000807047 -0.0401996   -0.03524 -0.0291887  0.124011 0.0068001  -9.80821 
             107.302 0.275505  1.02449  -141.78  13.8522  2.44323 0.178663 0 0 0 -0.023404   0.02329 -0.038985  -0.023253 -0.0558788 -0.0192586 0.000391919  0.00065491 0.000813577  -0.040007 -0.0351428 -0.0291171   0.124148 0.00693931   -9.80821 
             107.402 0.330911  1.39259 -141.665  13.8537     2.45 0.181942 0 0 0 -0.023404   0.02329 -0.038985 -0.000340452    0.0720366     0.012052 0.000381648 0.000700631 0.000815623 -0.0398112 -0.0352161 -0.0289794   0.124335 0.00693216   -9.80821 
             107.502 -0.0711836    1.28439   -141.607  13.8519  2.44776 0.178872 0 0 0 -0.023404   0.02329 -0.038985  -0.0161341  0.00849042 0.000537018 0.000393784 0.000689298 0.000753358 -0.0397741 -0.0354081 -0.0287668   0.124421 0.00677757   -9.80821 
             107.602 0.369001  1.11748 -141.756   13.855  2.44373 0.180054 0 0 0 -0.023404   0.02329 -0.038985  0.0169968 -0.0683837 -0.0150048 0.000365689  0.00066148 0.000825708 -0.0395925 -0.0353623 -0.0286459   0.124563 0.00686925   -9.80821 
             107.703 0.388668  1.06147 -141.741  13.8524  2.44326 0.180784 0 0 0 -0.023404   0.02329 -0.038985 -0.0167137 -0.0810315 -0.0168337 0.000381695 0.000653303 0.000838022 -0.0394879 -0.0353515 -0.0284513   0.124648 0.00690867   -9.80821 
             107.803 0.457893  1.46284 -141.525   13.851   2.4411 0.174793 0 0 0 -0.023404   0.02329 -0.038985  -0.0212197  -0.0803492 -0.00240831  0.00035303 0.000638854 0.000759101 -0.0392711 -0.0350182  -0.028156   0.124735 0.00725643    -9.8082 
             107.903 0.291434  1.38691 -140.895  13.8525  2.43098 0.175295 0 0 0 -0.023404   0.02329 -0.038985  -0.0012826    -0.12968 -0.00432087 0.000370715 0.000652149 0.000729529 -0.0390887 -0.0351585 -0.0281922   0.124931 0.00718903    -9.8082 
             108.002 0.448878 0.740584 -139.559   13.861  2.41042 0.177061 0 0 0 -0.023404   0.02329 -0.038985 0.0125716 -0.205268 0.0160339  0.00032395 0.000679306 0.000638235 -0.0386064 -0.0355113 -0.0283004   0.125446 0.00702694    -9.8082 
             108.102 0.974496 0.281769 -137.722    13.87  2.38331 0.178156 0 0 0 -0.023404   0.02329 -0.038985   0.0443504   -0.334618 1.05677e-05 0.000356687 0.000648229 0.000691141  -0.038192 -0.0357174 -0.0283415    0.12586 0.00697295   -9.80819 
             108.203  0.116934 -0.127216  -134.883  13.8695   2.3494 0.177906 0 0 0 -0.023404   0.02329 -0.038985 -0.0482373  -0.319015  -0.041124 0.000354634 0.000622903 0.000565983 -0.0381685 -0.0357876 -0.0284821   0.125903 0.00692131   -9.80819 
             108.303 -0.0735543  0.0640615   -131.776  13.8788   2.3222 0.181873 0 0 0 -0.023404   0.02329 -0.038985 0.0425688 -0.320884  0.031876 0.000328953 0.000632907 0.000522327 -0.0374955 -0.0357886 -0.0285144   0.126474 0.00712921   -9.80818 
             108.402 -0.316388  0.252002  -129.055  13.882 2.28069 0.18258 0 0 0 -0.023404   0.02329 -0.038985  0.0519148  -0.432751 0.00855844 0.000325413  0.00064177 0.000565433 -0.0377455 -0.0359577 -0.0286077   0.126318 0.00690638   -9.80818 
             108.503 0.331601 0.716852 -126.723   13.892  2.24046 0.187227 0 0 0 -0.023404   0.02329 -0.038985  0.110992 -0.420745 0.0164869 0.000307342 0.000639333 0.000509532 -0.0375692 -0.0361514 -0.0285896    0.12653 0.00680437   -9.80818 
             108.603   0.687907 -0.0956852   -124.439  13.9033  2.20334 0.182197 0 0 0 -0.023404   0.02329 -0.038985   0.0668122   -0.403058 -0.00245348 0.000313033 0.000629858 0.000568662 -0.0372827 -0.0359155 -0.0285416   0.126685 0.00710154   -9.80818 
             108.702 -0.106156   0.38395  -121.889   13.905  2.16228 0.183434 0 0 0 -0.023404   0.02329 -0.038985 0.0817908 -0.382462 0.0490409  0.00027574 0.000602074 0.000593807 -0.0376216 -0.0359235 -0.0284856   0.126408 0.00696833   -9.80818 
             108.802 -0.0656318  0.0269562   -119.539  13.9089  2.12042 0.187288 0 0 0 -0.023404   0.02329 -0.038985   0.0375816   -0.441398 -0.00991954 0.000226755 0.000690203  0.00056293  -0.037819 -0.0359001  -0.028513  0.126239 0.0069105  -9.80819 
             108.902 -0.420865  0.356367  -117.938  13.9102  2.07751 0.184085 0 0 0 -0.023404   0.02329 -0.038985 -0.0342448  -0.379954  0.0343794 0.000191877 0.000649174 0.000521747 -0.0377081 -0.0357323 -0.0283758    0.12626 0.00708909   -9.80818 
             109.003 0.936288 0.315478 -116.108  13.9076  2.03936 0.182326 0 0 0 -0.023404   0.02329 -0.038985 -0.0428823  -0.435379  -0.103357 0.000154503 0.000680964 0.000500056 -0.0376052 -0.0355272 -0.0284226    0.12626 0.00729439   -9.80818 
             109.101 0.797476 0.249991 -114.265  13.8973  1.99881 0.179334 0 0 0 -0.023404   0.02329 -0.038985   -0.118118   -0.473452 -0.00712437 0.000190478 0.000666484 0.000609547  -0.037492 -0.0353355 -0.0284924   0.126271 0.00749374   -9.80818 
             109.202 0.894754 0.444761 -112.824  13.8948  1.95748 0.182991 0 0 0 -0.023404   0.02329 -0.038985 -0.0673821  -0.475653 0.00144121 0.000219049 0.000619396   0.0006058 -0.0370215 -0.0353194 -0.0285641   0.126633 0.00771292   -9.80818 
             109.302   0.2127 0.287874  -111.37   13.892  1.90239 0.182569 0 0 0 -0.023404   0.02329 -0.038985  -0.027544  -0.614788 -0.0184297 0.000247645 0.000663841 0.000651702 -0.0369992 -0.0355765  -0.028533   0.126764 0.00752425   -9.80818 
             109.401   0.5907  0.69459 -110.288  13.8992  1.84311 0.187875 0 0 0 -0.023404   0.02329 -0.038985 0.0528763 -0.580064 0.0522718  0.00020659 0.000643583 0.000677325 -0.0368445 -0.0360892 -0.0284747   0.127115 0.00720228   -9.80817 
             109.502    1.04023 -0.0498241   -108.902  13.9092  1.78572 0.186053 0 0 0 -0.023404   0.02329 -0.038985 -0.00226482   -0.547112   0.0355348 0.000265812 0.000682551 0.000624754 -0.0366078 -0.0363542 -0.0283461   0.127415 0.00711107   -9.80817 
             109.602 0.0770583  0.161897  -107.461 13.9047 1.73259 0.18644 0 0 0 -0.023404   0.02329 -0.038985 -0.000292838    -0.522876    0.0397417 0.000244184 0.000716044 0.000680851 -0.0365644  -0.036271 -0.0281384   0.127406 0.00719255   -9.80817 
             109.702 0.921049 -0.54361 -106.244  13.9061  1.68763 0.185687 0 0 0 -0.023404   0.02329 -0.038985 -0.0361787  -0.506056 -0.0198715 0.000238041 0.000775745 0.000710207 -0.0361407 -0.0361355 -0.0281569  0.127659 0.0074982  -9.80817 
             109.802   0.425339 -0.0600838   -105.475  13.9094  1.63385 0.183579 0 0 0 -0.023404   0.02329 -0.038985 0.00412762  -0.587489 -0.0325723   0.0001959 0.000729369 0.000694628 -0.0359186 -0.0362315  -0.028181  0.127872 0.0075364  -9.80816 
             109.902  1.45722 0.120712 -104.588 13.9078 1.58056 0.18601 0 0 0 -0.023404   0.02329 -0.038985  0.0407112   -0.53418 -0.0248632 0.000108094 0.000754342 0.000719131 -0.0360676  -0.035993 -0.0282521   0.127646 0.00763758   -9.80817 
             110.002    1.5402 -0.417137  -103.702  13.9048  1.53343 0.182895 0 0 0 -0.023404   0.02329 -0.038985 -0.0546451  -0.520887  0.0236893 0.000203711 0.000700548  0.00073645  -0.035948 -0.0355944 -0.0282906   0.127534 0.00798986   -9.80817 
             110.102   1.10552 -0.107464  -102.673  13.8996  1.47907 0.188074 0 0 0 -0.023404   0.02329 -0.038985 -0.0231703  -0.502425  0.0926345 0.000166244 0.000704583  0.00067458 -0.0359609 -0.0357355  -0.028305   0.127597 0.00788112   -9.80817 
             110.202  1.42465 -0.63139   -101.8  13.8925  1.43187 0.188543 0 0 0 -0.023404   0.02329 -0.038985 -0.0592385  -0.523503 -0.0206176 0.000204422 0.000760035  0.00065487 -0.0358163 -0.0354823 -0.0282591    0.12757 0.00813719   -9.80817 
             110.302   1.35023 -0.193143  -101.467  13.8896  1.36711 0.182441 0 0 0 -0.023404   0.02329 -0.038985   -0.0437149    -0.573629 -0.000259129 0.000151417 0.000724075 0.000672109 -0.0360893 -0.0356596 -0.0280656   0.127465 0.00786496   -9.80817 
             110.402    2.10954 -0.0610961   -100.935  13.8944  1.31789 0.185242 0 0 0 -0.023404   0.02329 -0.038985   0.028072  -0.535404 -0.0490012 0.000151625 0.000788531 0.000765053  -0.035646 -0.0358435 -0.0281753   0.127878 0.00796924   -9.80816 
             110.502   2.18155 -0.192122  -100.082  13.8928   1.2672 0.182552 0 0 0 -0.023404   0.02329 -0.038985 -0.0932456  -0.539813  0.0263646 0.000161635 0.000753091 0.000685254 -0.0355416 -0.0357086 -0.0281323    0.12788 0.00811961   -9.80816 
             110.602    1.89846 0.00399379    -99.432  13.8869  1.22022 0.185947 0 0 0 -0.023404   0.02329 -0.038985 -0.0264469  -0.484757  0.0125869  0.00014251 0.000791012  0.00060165 -0.0353784 -0.0355541 -0.0280174  0.127912 0.0083134  -9.80816 
             110.702    1.70765 -0.0319018   -98.9749  13.8856   1.1739 0.182257 0 0 0 -0.023404   0.02329 -0.038985   0.0207997   -0.513865 -0.00929706 0.000191978 0.000732799 0.000599757 -0.0351573 -0.0355104 -0.0279138   0.128043 0.00846205   -9.80816 
             110.802  1.49848 0.641015 -98.8556  13.8862  1.12042 0.182688 0 0 0 -0.023404   0.02329 -0.038985 -0.108715 -0.397012 0.0671338 0.000161356 0.000768788 0.000555332 -0.0351642 -0.0356561 -0.0278457   0.128117 0.00835572   -9.80816 
             110.903  1.97677 0.322897 -98.3699 13.8724 1.08763  0.1758 0 0 0 -0.023404   0.02329 -0.038985 -0.204309 -0.270153 -0.129911 0.000107649 0.000849565 0.000598839 -0.0350975 -0.0357026 -0.0278408   0.128188 0.00835924   -9.80816 
             111.003 3.41351 1.43267 -97.482  13.8535  1.06102 0.172158 0 0 0 -0.023404   0.02329 -0.038985 -0.119628 -0.177267 0.0376612  0.00011567 0.000743822 0.000584771 -0.0354061 -0.0357981 -0.0277011   0.128028 0.00812345   -9.80816 
             111.102  3.71859  1.52826 -97.1778  13.8497    1.033 0.172453 0 0 0 -0.023404   0.02329 -0.038985 -0.0171894  -0.293915 -0.0489174 0.000155478 0.000801014 0.000628699 -0.0356127 -0.0362393 -0.0277749   0.128128 0.00770728   -9.80816 
             111.202  3.75722  1.56778 -96.9199  13.8553  1.00596 0.174382 0 0 0 -0.023404   0.02329 -0.038985 -0.0472819  -0.202753  0.0903464  0.00019079 0.000792952 0.000615682 -0.0353084 -0.0366361 -0.0277445   0.128555 0.00760568   -9.80815 
             111.302  3.88055 0.809403  -96.243  13.8524 0.985021 0.173827 0 0 0 -0.023404   0.02329 -0.038985  -0.124938  -0.153796 -0.0484722 0.000156171 0.000846362  0.00065061 -0.0353096 -0.0370502 -0.0277569   0.128784 0.00732354   -9.80815 
             111.402  4.92758  1.13091 -95.4323  13.8504 0.970688 0.175359 0 0 0 -0.023404   0.02329 -0.038985 0.00453959  -0.084626  0.0965993 0.000163665 0.000786965 0.000703504 -0.0353614 -0.0373822 -0.0274873   0.128943 0.00706806   -9.80815 
             111.502  4.52637  1.10035 -95.0076  13.8536 0.949437  0.17471 0 0 0 -0.023404   0.02329 -0.038985   0.0496771   -0.220406 -0.00665126 0.000226703 0.000730557  0.00063129 -0.0356984 -0.0376598 -0.0272309    0.12888 0.00668837   -9.80815 
             111.603  4.25948  1.05136 -94.9653   13.864  0.91297 0.172299 0 0 0 -0.023404   0.02329 -0.038985 0.0434339 -0.291278 0.0434635 0.000213355 0.000757443 0.000674071 -0.0359663 -0.0381972 -0.0270777    0.12901 0.00617494   -9.80815 
             111.702  4.05396 0.493972 -94.4318  13.8768 0.876692 0.175815 0 0 0 -0.023404   0.02329 -0.038985  0.0565604  -0.430755 0.00776505 0.000216613 0.000802697 0.000721118 -0.0357867  -0.038579 -0.0270998   0.129346 0.00602428   -9.80815 
             111.802   2.96974 -0.109145  -93.5634  13.8849 0.828495 0.178463 0 0 0 -0.023404   0.02329 -0.038985 0.0472963 -0.468545 0.0569994 0.000179174 0.000756461 0.000683269 -0.0356276 -0.0389165 -0.0270686   0.129646 0.00589237   -9.80814 
             111.902    2.5986 -0.545904  -93.1966  13.8961 0.778546 0.183153 0 0 0 -0.023404   0.02329 -0.038985   0.0605336   -0.522723 -0.00387879 0.000208554 0.000764902  0.00068445 -0.0355258 -0.0392651  -0.027124   0.129912 0.00572341   -9.80814 
             112.002   1.93701 -0.237057  -93.2837  13.9086 0.720442 0.180702 0 0 0 -0.023404   0.02329 -0.038985 0.0638252  -0.54386 0.0309515 0.000167489 0.000699826 0.000677002 -0.0354399 -0.0394297 -0.0270927   0.130064 0.00566552   -9.80814 
             112.102    2.0991 -0.253317  -93.0432  13.9094 0.674438 0.183609 0 0 0 -0.023404   0.02329 -0.038985  0.0261696  -0.490584 -0.0423232 0.000170084 0.000853604 0.000667556 -0.0352986 -0.0390796 -0.0271853  0.129951 0.0059763  -9.80814 
             112.202   2.15068 -0.244684  -92.7886  13.9016 0.625846  0.17961 0 0 0 -0.023404   0.02329 -0.038985 -0.155356 -0.509402 0.0143937 0.000158216 0.000785391 0.000636483 -0.0353225 -0.0388988 -0.0270883    0.12983 0.00607806   -9.80814 
             112.302  2.33534 -0.17843 -92.9252  13.8876  0.57525 0.184989 0 0 0 -0.023404   0.02329 -0.038985   -0.124016   -0.475022 -0.00319446 0.000131357  0.00079816 0.000724732 -0.0355389 -0.0388753 -0.0271743   0.129677 0.00596751   -9.80814 
             112.402   2.08327 -0.258125  -93.0284  13.8774 0.522792 0.183295 0 0 0 -0.023404   0.02329 -0.038985 -0.00337742   -0.481237  -0.0352239 0.000166297 0.000727506 0.000688917 -0.0357804 -0.0389232  -0.027127    0.12955 0.00579462   -9.80814 
             112.502  2.57796 0.259884 -93.4553  13.8841 0.491385 0.187818 0 0 0 -0.023404   0.02329 -0.038985 0.0168825 -0.227067 0.0572629 0.000118848 0.000728801 0.000689984 -0.0355405 -0.0391906 -0.0270628   0.129861 0.00576195   -9.80814 
             112.602   2.7873  0.37217 -93.2243  13.8887 0.474747 0.179596 0 0 0 -0.023404   0.02329 -0.038985 -0.0384121  -0.215138  -0.101239 9.61515e-05 0.000796995 0.000650397 -0.0351828 -0.0392998  -0.026985   0.130155 0.00589968   -9.80813 
             112.702  3.23157  1.28144 -92.7516  13.8852   0.4528 0.172964 0 0 0 -0.023404   0.02329 -0.038985  0.0140107  -0.204028 0.00496505 8.56694e-05 0.000755248 0.000701545 -0.0354085 -0.0391774  -0.026757    0.12994 0.00584401   -9.80814 
             112.802  2.5479 1.15499 -92.509  13.8853 0.429774 0.173358 0 0 0 -0.023404   0.02329 -0.038985  0.0257919  -0.363612 -0.0275904 0.000140834  0.00076039 0.000626823 -0.0352115 -0.0390594 -0.0267997   0.129997 0.00603588   -9.80814 
             112.903  2.16641 0.826488 -92.2966  13.8862 0.387856 0.174347 0 0 0 -0.023404   0.02329 -0.038985 -0.042389 -0.366536 0.0853419 0.000133249 0.000734759 0.000507057 -0.0353468 -0.0393359 -0.0268045  0.130071 0.0057791  -9.80814 
             113.002   2.5721 0.218108 -92.4327  13.8855 0.337699 0.175874 0 0 0 -0.023404   0.02329 -0.038985  -0.0722526   -0.525083 -0.00976415 0.000136316 0.000738024 0.000576109 -0.0355537 -0.0395497 -0.0268575   0.130064 0.00552069   -9.80814 
             113.102  2.70019 0.223377 -91.8358  13.8823 0.284109 0.183391 0 0 0 -0.023404   0.02329 -0.038985 0.0129689 -0.447287  0.115048 0.000123466 0.000752407 0.000635373 -0.0356582 -0.0397033 -0.0269281   0.130086 0.00536134   -9.80814 
             113.202   2.18052 -0.460383  -91.8425  13.8848 0.234735 0.187973 0 0 0 -0.023404   0.02329 -0.038985    0.0417083    -0.511307 -0.000300676 0.000172091 0.000786381 0.000625456 -0.0355995 -0.0398779 -0.0270982   0.130225 0.00528654   -9.80813 
             113.302    1.83099 -0.0234434   -91.9296  13.8899 0.178393 0.187299 0 0 0 -0.023404   0.02329 -0.038985 -0.0239917  -0.503323  0.0823745 0.000144329 0.000795191 0.000559772 -0.0355771 -0.0399529 -0.0270007   0.130284 0.00525086   -9.80813 
             113.402     1.79732 -0.00897249     -91.632  13.8915 0.124888 0.183848 0 0 0 -0.023404   0.02329 -0.038985 -0.00701436   -0.552587  -0.0753256 0.000137728 0.000788613 0.000601978 -0.0355179 -0.0401021 -0.0269096    0.13041 0.00519034   -9.80813 
             113.502    1.93306 -0.0753463    -91.189   13.8851 0.0656032  0.183325 0 0 0 -0.023404   0.02329 -0.038985 -0.0691135  -0.551345  0.0369935 0.000145489 0.000757343 0.000574408 -0.0356249 -0.0401913 -0.0269217   0.130395 0.00507093   -9.80813 
             113.602   2.30575 -0.379485  -91.2419  13.8844 0.015089 0.187442 0 0 0 -0.023404   0.02329 -0.038985 -0.0334876  -0.522355 -0.0337798 8.60546e-05 0.000814425 0.000626465 -0.0354592 -0.0403885 -0.0270238   0.130616 0.00504629   -9.80813 
             113.702   1.93529 -0.131501   -91.263    13.8881 -0.0379392   0.186407 0 0 0 -0.023404   0.02329 -0.038985   0.061874  -0.607072 -0.0259197 0.000120545 0.000705247  0.00067132 -0.0353435 -0.0405878  -0.027018   0.130808 0.00499091   -9.80813 
             113.802    1.93926 0.00188731   -91.1093    13.8916 -0.0935041   0.189098 0 0 0 -0.023404   0.02329 -0.038985   0.0133983   -0.517154 -0.00817837 0.000146167 0.000734097 0.000575226  -0.035425 -0.0407437 -0.0269943   0.130849 0.00484443   -9.80813 
             113.903   2.34496 -0.411779  -91.1747   13.8969 -0.152162   0.18362 0 0 0 -0.023404   0.02329 -0.038985 -0.0366798  -0.573583  -0.012395 0.000102435 0.000755656 0.000603133 -0.0355008 -0.0410368 -0.0269126   0.130976 0.00461464   -9.80812 
             114.003    1.98691 -0.0238035   -90.8164   13.8943 -0.208108  0.186011 0 0 0 -0.023404   0.02329 -0.038985 -0.000145431    -0.525619    0.0244344 0.000157526 0.000739464 0.000553861 -0.0354479 -0.0411118 -0.0268721  0.131054 0.0045991  -9.80812 
             114.102   2.50646 -0.480568  -90.6334   13.8946 -0.252685  0.187764 0 0 0 -0.023404   0.02329 -0.038985  0.0445122  -0.500617 0.00772746 0.000115199 0.000781496  0.00049387 -0.0351485 -0.0409577  -0.027029   0.131148 0.00487581   -9.80812 
             114.202   2.40971 -0.100789   -90.741   13.9035 -0.305878   0.18722 0 0 0 -0.023404   0.02329 -0.038985 0.0546798 -0.517051 0.0497466 0.000139986 0.000753666 0.000394538 -0.0350029 -0.0410042 -0.0269873   0.131266 0.00493358   -9.80812 
             114.302    2.8601 -0.206977  -90.3301   13.9166 -0.352715  0.188158 0 0 0 -0.023404   0.02329 -0.038985   0.078184  -0.516311 -0.0480408 0.000146693 0.000754672 0.000274435 -0.0346795 -0.0412652   -0.02698   0.131622 0.00496526   -9.80812 
             114.402  3.14635 -0.31082 -89.7831   13.9159 -0.392037  0.185779 0 0 0 -0.023404   0.02329 -0.038985 -0.0149946  -0.487957  0.0662085 0.000148553 0.000740287 5.81195e-05 -0.0342098  -0.040891 -0.0268966    0.13169 0.00547664   -9.80811 
             114.502   3.21596 0.0362637  -89.6639  13.9234 -0.44228 0.190863 0 0 0 -0.023404   0.02329 -0.038985    0.0715  -0.45219 0.0403669  0.000158356  0.000731411 -6.33366e-05 -0.0343676 -0.0412429 -0.0267886   0.131804 0.00516335   -9.80811 
             114.602   2.97587 -0.219343  -89.8435   13.9311 -0.500273  0.189053 0 0 0 -0.023404   0.02329 -0.038985   0.145452  -0.583099 -0.0454115  0.000174777  0.000694782 -9.76693e-05  -0.034844 -0.0413151 -0.0266682   0.131557 0.00483016   -9.80812 
             114.702   2.43254 0.0818379  -90.1497   13.9367 -0.562614  0.188129 0 0 0 -0.023404   0.02329 -0.038985  0.0145804   -0.49775 -0.0265951  0.000166524  0.000692552 -0.000112001  -0.035366 -0.0415186 -0.0264889   0.131362 0.00438754   -9.80812 
             114.802   2.97903 -0.388245  -90.0792   13.9364 -0.620116  0.180946 0 0 0 -0.023404   0.02329 -0.038985 -0.0413473  -0.568973 -0.0437528  0.000133365  0.000747781 -0.000183135 -0.0355874 -0.0415439 -0.0265645   0.131242 0.00423933   -9.80812 
             114.902   2.94733 0.0329873  -90.2936   13.9264 -0.682015  0.185243 0 0 0 -0.023404   0.02329 -0.038985 -0.0615306  -0.536472  0.0111869  0.000154725  0.000707823 -9.33134e-05 -0.0359514 -0.0415167 -0.0267482   0.131002 0.00403953   -9.80812 
             115.002   3.01308 -0.335558  -90.6763   13.9168 -0.740332  0.184763 0 0 0 -0.023404   0.02329 -0.038985 -0.00811822   -0.573616  -0.0596134  0.000211257  0.000684885 -0.000116717 -0.0361785 -0.0413134 -0.0269475   0.130739 0.00403015   -9.80813 
             115.102  2.91295  0.15401 -91.2725    13.914 -0.802779  0.180142 0 0 0 -0.023404   0.02329 -0.038985 -0.0236931   -0.56159 -0.0204605  0.000169362  0.000702028 -0.000149509 -0.0363096 -0.0410986 -0.0270345   0.130529 0.00408402   -9.80813 
             115.202  2.56913 0.120792 -91.4578   13.9099 -0.853942  0.176535 0 0 0 -0.023404   0.02329 -0.038985 -0.0412339   -0.56902  -0.145381  0.000133825  0.000738608 -0.000152457 -0.0360722 -0.0409904 -0.0273099   0.130607 0.00429652   -9.80813 
             115.302   2.96305 0.0335491  -91.4357   13.8994 -0.906286  0.177946 0 0 0 -0.023404   0.02329 -0.038985 -0.112828 -0.542238 0.0508556  0.000198686  0.000754691 -0.000177876 -0.0358421 -0.0409023 -0.0277011   0.130692 0.00449361   -9.80813 
             115.402  2.94384 0.121211 -91.6503   13.8942 -0.947162  0.186016 0 0 0 -0.023404   0.02329 -0.038985 -0.0400927  -0.482713  -0.034888  0.000193749   0.00078069 -0.000205906 -0.0353606 -0.0408587  -0.028051   0.130959 0.00481113   -9.80812 
             115.502    2.8986 -0.228783  -92.1143   13.8984 -0.994717  0.184286 0 0 0 -0.023404   0.02329 -0.038985  0.0899725  -0.512803 -0.0687185  0.000151424  0.000743248 -0.000159957 -0.0351948 -0.0410868 -0.0281472   0.131196 0.00476927   -9.80812 
             115.602  3.42302  0.29055 -92.5044  13.9026 -1.02984 0.183618 0 0 0 -0.023404   0.02329 -0.038985 -0.0363912  -0.270522  -0.122838  0.000120874  0.000679298 -0.000147339 -0.0351774   -0.04117  -0.028214   0.131255 0.00472915   -9.80812 
             115.702  3.90998  1.05376 -92.3414  13.8964 -1.04723 0.170829 0 0 0 -0.023404   0.02329 -0.038985 -0.0710103  -0.113074 -0.0429621  0.000140128  0.000711741 -0.000130338 -0.0349965 -0.0411427 -0.0282702   0.131351 0.00485301   -9.80812 
             115.803  4.91194  2.01823 -91.8809  13.8957 -1.05004  0.17259 0 0 0 -0.023404   0.02329 -0.038985  0.0443638 -0.0587038 -0.0363288   0.00017384  0.000774405 -0.000171024 -0.0348582 -0.0410054 -0.0284319   0.131353 0.00502146   -9.80812 
             115.902  5.04652  1.75086 -91.8791  13.9059 -1.05639 0.172044 0 0 0 -0.023404   0.02329 -0.038985   0.0753971 0.000660092  0.00413746  0.000199556  0.000760316 -0.000187787 -0.0348601 -0.0410883 -0.0285592   0.131396 0.00496987   -9.80812 
             116.002   4.3762  1.93068 -92.2985    13.894 -0.989784  0.186587 0 0 0 -0.023404   0.02329 -0.038985 -0.0859935  0.0480201 -0.0459152  0.000234426  0.000774199 -0.000130418 -0.0350698  -0.041091 -0.0285655   0.131267 0.00484565   -9.80812 
             116.102   4.2171   1.9964 -92.1188   13.8998 -0.993758  0.187462 0 0 0 -0.023404   0.02329 -0.038985 0.0240729 0.0460456 0.0740506  0.000173479  0.000662682 -0.000166593 -0.0368458 -0.0417614 -0.0280025  0.130579 0.0033895  -9.80813 
             116.202  4.08351  1.47477 -91.8178   13.9014 -0.997774  0.184087 0 0 0 -0.023404   0.02329 -0.038985  0.0139816 -0.0646962 -0.0435742 0.000207708 0.000659155 -0.00019254 -0.0385163 -0.0420503 -0.0274051  0.129736 0.0022341  -9.80814 
             116.303  3.70304  1.29871 -91.8736   13.9009 -0.996576  0.185548 0 0 0 -0.023404   0.02329 -0.038985 -0.00625595   0.0144652   0.0390772  0.000156851   0.00066924 -0.000211997 -0.0396882 -0.0424709 -0.0270442  0.129269 0.0012881  -9.80815 
             116.402  3.36476  1.31141 -92.0035   13.894 -0.99111 0.181491 0 0 0 -0.023404   0.02329 -0.038985  -0.107749  0.0470677 -0.0661805  0.000210411  0.000704338 -0.000139114 -0.0410626  -0.042985  -0.026648    0.128732 0.000165569    -9.80816 
             116.502  3.29386  1.35862 -91.9274   13.9023 -0.993728  0.188576 0 0 0 -0.023404   0.02329 -0.038985 0.0536556 0.0282838 0.0441624  0.000154833  0.000662917 -0.000183724 -0.0422785 -0.0434021 -0.0263931     0.128233 -0.000803834     -9.80816 
             116.601   3.2785 0.824887 -91.6071   13.9028 -0.997213  0.185833 0 0 0 -0.023404   0.02329 -0.038985    0.0376579   -0.0561789 -0.000994888  0.000177183  0.000668566 -0.000217402  -0.043742 -0.0435851 -0.0258548     0.12745 -0.00177355    -9.80817 
             116.702  2.68447 0.702675  -91.652   13.901 -0.99747 0.183534 0 0 0 -0.023404   0.02329 -0.038985 0.00317231 -0.0178173 0.00278434  0.000146875  0.000698756 -0.000138579 -0.0447791 -0.0438969 -0.0254081    0.127004 -0.00257424    -9.80818 
             116.802  2.45761 0.860356 -91.4593   13.8972 -0.991906  0.184362 0 0 0 -0.023404   0.02329 -0.038985 -0.0506274  0.0618747 -0.0245691  0.000194743  0.000680768 -0.000184805  -0.045938 -0.0438678 -0.0250201    0.126282 -0.00323701    -9.80819 
             116.902  1.71438 0.507136 -91.5884  13.8966 -1.01643 0.176793 0 0 0 -0.023404   0.02329 -0.038985   0.117365 -0.0301604 -0.0448096  0.000217003  0.000704203 -0.000156333 -0.0472319 -0.0442046 -0.0247639     0.12569 -0.00420361    -9.80819 
             117.002   1.42673 -0.303275  -89.1699  13.9032 -1.02821 0.173343 0 0 0 -0.023404   0.02329 -0.038985  0.0946428 -0.0525225 -0.0540658  0.000189465  0.000693237 -0.000297968 -0.0477241 -0.0441581 -0.0248204    0.125361 -0.00446424     -9.8082 
             117.102 0.749061 -1.02713 -85.3846  13.9207 -1.03847 0.171082 0 0 0 -0.023404   0.02329 -0.038985   0.0959572  -0.0741977 -0.00800677  0.000177836    0.0007297 -0.000256849 -0.0478004 -0.0443443 -0.0249714    0.125426 -0.00462139     -9.8082 
             117.203 -0.419967 -0.805911  -80.9739  13.9299 -1.03986 0.174435 0 0 0 -0.023404   0.02329 -0.038985    0.143825  -0.0739267 -0.00245233  0.000130454  0.000695614 -0.000246085 -0.0474455 -0.0442426 -0.0252465    0.125578 -0.00434457     -9.8082 
             117.302  -0.75631 -0.708701  -76.8172  13.9453 -1.03288 0.174926 0 0 0 -0.023404   0.02329 -0.038985   0.123978 -0.0285083 0.00679545  0.000143554  0.000641515 -0.000300741 -0.0467911  -0.044091 -0.0254653    0.125861 -0.00384798    -9.80819 
             117.402 -0.975931 -0.208105  -71.4891  13.9612 -1.02571 0.182331 0 0 0 -0.023404   0.02329 -0.038985   0.0769341 0.000576915   0.0555644  0.000140015     0.000591 -0.000294191 -0.0464053 -0.0443566 -0.0256195    0.126247 -0.00373252    -9.80819 
             117.502  -1.06124 -0.764008  -66.3744  13.9751 -1.01615 0.182676 0 0 0 -0.023404   0.02329 -0.038985   0.115249  0.0383241 -0.0431074  7.03558e-05  0.000619038 -0.000322596 -0.0459117 -0.0446108 -0.0257011    0.126668 -0.00351465    -9.80818 
             117.602 -0.0661695  0.0415616   -61.4459   13.991  -1.0067 0.182385 0 0 0 -0.023404   0.02329 -0.038985 0.0911058 0.0880946 0.0323747  0.000139866  0.000577566 -0.000306844 -0.0457717 -0.0448765 -0.0256141   0.126915 -0.0035234   -9.80818 
             117.702 0.332123 -0.35091 -56.3945  14.0013  -0.9993 0.180021 0 0 0 -0.023404   0.02329 -0.038985   0.108982  0.0529155 -0.0668462  0.000149813  0.000595476 -0.000372319 -0.0457732 -0.0448754 -0.0256034    0.126913 -0.00352415    -9.80818 
             117.802  0.712325 -0.284011  -50.9703   14.0186 -0.993313  0.172103 0 0 0 -0.023404   0.02329 -0.038985   0.107081  0.0832201 -0.0519213  0.000178991  0.000565302 -0.000415552 -0.0457289 -0.0452372 -0.0255141    0.127204 -0.00358285    -9.80817 
             117.902  0.780137 -0.442536  -45.8034   14.0377 -0.985083  0.167869 0 0 0 -0.023404   0.02329 -0.038985    0.17658   0.115601 -0.0704726  0.000219183  0.000528549 -0.000394776 -0.0458793 -0.0454303  -0.025552    0.127329 -0.00373069    -9.80817 
             118.002  0.891714 -0.252411  -40.8541   14.0632 -0.975225  0.168999 0 0 0 -0.023404   0.02329 -0.038985   0.140916   0.118924 -0.0127394   0.00020356  0.000611719 -0.000305987 -0.0461098 -0.0456863 -0.0258157    0.127518 -0.00392797    -9.80817 
             118.102   0.49754 -0.296658  -35.8839   14.0824 -0.968011  0.168765 0 0 0 -0.023404   0.02329 -0.038985   0.177244  0.0879819 -0.0830494  0.000216494  0.000613233 -0.000390364 -0.0462942 -0.0457793 -0.0260146    0.127597 -0.00406702    -9.80817 
             118.202  0.890774 -0.384967   -30.677   14.1055 -0.959619  0.166152 0 0 0 -0.023404   0.02329 -0.038985   0.140044   0.097525 0.00969171  0.000147448  0.000650013 -0.000328028 -0.0463825 -0.0460096 -0.0262384    0.127794 -0.00410298    -9.80817 
             118.302 0.870484 -0.45167 -25.4068    14.126 -0.950662  0.170792 0 0 0 -0.023404   0.02329 -0.038985    0.162454    0.140889 -0.00178599  0.000190773  0.000678212 -0.000334228 -0.0466745 -0.0460852 -0.0264434    0.127919 -0.00429326    -9.80816 
             118.403  0.914999 -0.637872  -20.3381   14.1476 -0.931968  0.173299 0 0 0 -0.023404   0.02329 -0.038985  0.162021  0.173851 0.0491836  9.80155e-05  0.000697667 -0.000297239 -0.0467318 -0.0461681 -0.0266155       0.128 -0.00430191    -9.80816 
             118.502  0.702877 -0.595633  -15.5706  14.1645 -0.91657 0.174124 0 0 0 -0.023404   0.02329 -0.038985    0.14542   0.134705 -0.0305577  9.45528e-05  0.000736468 -0.000298507    -0.0468 -0.0462177 -0.0266749    0.128062 -0.00431842    -9.80816 
             118.602  0.794936 -0.616508  -10.5452   14.1833 -0.910397  0.167643 0 0 0 -0.023404   0.02329 -0.038985   0.183248  0.0701875 -0.0624835   7.1525e-05  0.000676133 -0.000353484 -0.0469403 -0.0461113 -0.0267471    0.128088 -0.00444139    -9.80816 
             118.702    1.4717 -0.382005  -4.98158   14.1951 -0.898127  0.169235 0 0 0 -0.023404   0.02329 -0.038985  0.110258  0.179293 0.0178961  5.90651e-05  0.000660403 -0.000427956 -0.0469159 -0.0460456 -0.0268078   0.128049 -0.0044747   -9.80816 
             118.802  0.843957 -0.726305   0.19695  14.2133 -0.87819 0.172431 0 0 0 -0.023404   0.02329 -0.038985    0.152058    0.252335 -0.00558044  5.49202e-05  0.000684615 -0.000449874 -0.0471114 -0.0460524 -0.0270313     0.12819 -0.00450944    -9.80816 
             118.902  0.601807 -0.263148   4.82682  14.2253 -0.86276 0.175348 0 0 0 -0.023404   0.02329 -0.038985 0.0920471  0.125914 0.0017902  3.93005e-05  0.000652659 -0.000417095 -0.0471604 -0.0460094 -0.0270005   0.128219 -0.0045423   -9.80816 
             119.002  0.357938 -0.826353   9.56444   14.2417 -0.846764  0.175219 0 0 0 -0.023404   0.02329 -0.038985   0.122014   0.119787 -0.0499492  4.60948e-05  0.000763991 -0.000425438 -0.0473553 -0.0460862 -0.0271802    0.128361 -0.00447011    -9.80816 
             119.102  0.862572 -0.308075   14.9354   14.2503 -0.828429  0.175865 0 0 0 -0.023404   0.02329 -0.038985 0.0397731  0.167056 0.0466947  2.64047e-05  0.000570953 -0.000359289 -0.0473601 -0.0462909 -0.0271924    0.128322 -0.00432638    -9.80816 
             119.202  0.679285 -0.876888   19.8195  14.2511 -0.80654 0.179747 0 0 0 -0.023404   0.02329 -0.038985  0.0258275   0.256473 -0.0340505  8.40907e-05  0.000658684 -0.000368017 -0.0473045 -0.0463752 -0.0273003    0.128261 -0.00429321    -9.80816 
             119.302  0.468221 -0.532749   24.6591   14.2514 -0.778656  0.178805 0 0 0 -0.023404   0.02329 -0.038985 -0.00229972    0.216306 -0.00949658  9.63767e-05  0.000621002 -0.000419735 -0.0473009 -0.0464581  -0.027273    0.128221 -0.00424852    -9.80816 
             119.402 -0.0962057  -0.678393    29.3149   14.2483 -0.756749  0.177585 0 0 0 -0.023404   0.02329 -0.038985 -0.00283497    0.258636  -0.0760817  5.34207e-05  0.000653243 -0.000397582  -0.047171  -0.046465 -0.0275072     0.12816 -0.00431948    -9.80816 
             119.502  0.393542 -0.398211   34.8589   14.2399 -0.740376   0.17871 0 0 0 -0.023404   0.02329 -0.038985 -0.0880016    0.22313  0.0277622  3.64598e-05  0.000645408 -0.000433819 -0.0468711 -0.0463928 -0.0276408    0.128089 -0.00454451    -9.80816 
             119.602  0.167461 -0.475901   39.7682   14.2282 -0.723596  0.184496 0 0 0 -0.023404   0.02329 -0.038985   -0.153064    0.279664 -0.00617934  0.000113168  0.000653828 -0.000414958 -0.0466867 -0.0461234 -0.0278224    0.128225 -0.00475259    -9.80816 
             119.702 0.0906722 -0.150517   44.6805   14.2127 -0.699692  0.185276 0 0 0 -0.023404   0.02329 -0.038985 -0.113283  0.162892  0.087437  0.000101685  0.000644385 -0.000436596 -0.0465958  -0.045981 -0.0277872    0.128312 -0.00484915    -9.80816 
             119.802   -0.40943 -0.0609928    48.6975   14.2054 -0.703546  0.190016 0 0 0 -0.023404   0.02329 -0.038985 -0.00395493   0.0431165  -0.0280061  8.80768e-05  0.000641751 -0.000328889 -0.0462651 -0.0458588 -0.0277913    0.128372 -0.00512086    -9.80816 
             119.903 -0.227727  0.118682   49.1756   14.2028 -0.703024  0.183334 0 0 0 -0.023404   0.02329 -0.038985 -0.060853 0.0428614 0.0558966  7.64096e-05    0.0006031 -0.000244732 -0.0461215 -0.0458931 -0.0276425    0.12834 -0.0052398   -9.80816 
             120.002 0.440256 0.332827  49.2217  14.1932 -0.70059 0.185228 0 0 0 -0.023404   0.02329 -0.038985   -0.109566   0.0801477 -0.00577592  6.59716e-05  0.000609662 -0.000192189 -0.0460105 -0.0457936 -0.0275966    0.128423 -0.00532338    -9.80816 
             120.101 0.168051 0.305263  49.0424   14.1823 -0.691612  0.180859 0 0 0 -0.023404   0.02329 -0.038985 -0.122874  0.135781 0.0107837 7.83658e-05 0.000570564 -0.00011375 -0.0459078 -0.0457142 -0.0275516    0.128493 -0.00539931    -9.80816 
             120.202 -0.131093     0.711   49.0279     14.21 -0.716067  0.184633 0 0 0 -0.023404   0.02329 -0.038985 -0.00137129   -0.105621  -0.0331892  7.79219e-05  0.000559889 -0.000178567 -0.0458544 -0.0455761 -0.0275583   0.128608 -0.0054283   -9.80816 
             120.303 -0.165605  0.512994   48.8704   14.2109 -0.707941  0.184049 0 0 0 -0.023404   0.02329 -0.038985 -0.0581423  0.0199666    0.02093  4.94438e-05   0.00056428 -0.000174839 -0.0463846 -0.0455972 -0.0274573    0.128536 -0.00501243    -9.80816 
             120.402 0.325267 0.483539  49.2328   14.2044 -0.704619  0.187695 0 0 0 -0.023404   0.02329 -0.038985 -0.0690673  0.0715765  0.0366692  4.25572e-05  0.000558183 -0.000181965 -0.0465379 -0.0456378 -0.0272788    0.128484 -0.00489958    -9.80816 
             120.502  -0.1623 0.386502  49.4186   14.2111 -0.704686  0.182213 0 0 0 -0.023404   0.02329 -0.038985 0.000689882   0.0533959 -0.00585886  6.65659e-05  0.000533363 -0.000195977 -0.0467453 -0.0457893 -0.0270026    0.128337 -0.00475611    -9.80816 
             120.602 -0.293311  0.458049   49.3686   14.2101 -0.713619  0.186142 0 0 0 -0.023404   0.02329 -0.038985 0.00286942 -0.0998024  -0.022229 6.67951e-05 0.000596998 -0.00016826 -0.0469903 -0.0457787 -0.0269445    0.128322 -0.00456213    -9.80816 
             120.702 -0.778339  0.240483   49.2857   14.2122 -0.709388  0.185024 0 0 0 -0.023404   0.02329 -0.038985 -0.00345692  -0.0220063   0.0116789  7.45152e-05  0.000521429 -0.000168964 -0.0474925 -0.0458608 -0.0268663     0.12821 -0.00417299    -9.80816 
             120.802 -0.552265 -0.102461   49.3862   14.2096 -0.706054  0.181522 0 0 0 -0.023404   0.02329 -0.038985 -0.0247076 -0.0332968 -0.0354229    9.607e-05  0.000576431 -0.000210872 -0.0477341 -0.0460134 -0.0267153    0.128065 -0.00399839    -9.80816 
             120.903 -0.788474  -0.49614   48.9728   14.2019 -0.714657  0.177339 0 0 0 -0.023404   0.02329 -0.038985 -0.0446668 -0.0968855 -0.0367608  0.000112406  0.000577043 -0.000207651 -0.0475505 -0.0461397 -0.0267426    0.127982 -0.00415404    -9.80816 
             121.002  -1.36614 0.0133962    47.817    14.199 -0.733163  0.175507 0 0 0 -0.023404   0.02329 -0.038985  0.0160005  -0.174029 -0.0480622  0.000109849  0.000570344 -0.000142729 -0.0473646 -0.0461048 -0.0267922    0.128026 -0.00429729    -9.80816 
             121.103 -2.29838 0.503332  45.7819   14.1941 -0.761764   0.17372 0 0 0 -0.023404   0.02329 -0.038985 -0.0343491  -0.209909  -0.027364  8.39604e-05  0.000554672 -0.000142964 -0.0470949 -0.0461796 -0.0268096    0.127988 -0.00451597    -9.80816 
             121.203 -2.31808 0.360466  43.8759   14.1988 -0.794636  0.179057 0 0 0 -0.023404   0.02329 -0.038985 0.00639678  -0.330079  0.0491697  5.07873e-05  0.000524558 -0.000197238 -0.0470136 -0.0459512 -0.0269259    0.128173 -0.00456358    -9.80816 
             121.302 -1.16731 0.289498  41.1276   14.1969 -0.821887   0.18475 0 0 0 -0.023404   0.02329 -0.038985 -0.0657216  -0.246859 0.00836792  0.000116612  0.000524538 -0.000174632 -0.0470887 -0.0458823 -0.0270355    0.128225 -0.00449848    -9.80816 
             121.402  -2.7022 0.174502  38.4667   14.1969 -0.851682  0.189183 0 0 0 -0.023404   0.02329 -0.038985 -0.0261353  -0.252319  0.0135875  0.000181474  0.000585566 -0.000147825 -0.0470791   -0.04575 -0.0269042     0.12833 -0.00451154    -9.80816 
             121.502  -1.47964 -0.640688   36.0005   14.1954 -0.876782  0.187133 0 0 0 -0.023404   0.02329 -0.038985 -0.0290083  -0.260074   0.072549  4.61927e-05  0.000550119 -0.000138542 -0.0470647 -0.0456807 -0.0267725    0.128383 -0.00453151    -9.80816 
             121.603  -2.34603 -0.611652   33.5772   14.1996 -0.915965  0.190773 0 0 0 -0.023404   0.02329 -0.038985 -0.0278897  -0.325318  0.0159222  0.000121302  0.000562825 -0.000134656 -0.0470013 -0.0453526 -0.0266961   0.128633 -0.0046143   -9.80816 
             121.702 -2.08959 -1.11587  31.5841   14.1919 -0.947595  0.184906 0 0 0 -0.023404   0.02329 -0.038985   -0.10855  -0.258173 -0.0426449  2.16417e-05  0.000571121 -0.000184207 -0.0469116 -0.0453923  -0.026546    0.128592 -0.00468132    -9.80816 
             121.803 0.445832 -1.55481  31.2106   14.1845 -0.969223  0.181126 0 0 0 -0.023404   0.02329 -0.038985 -0.0830235  -0.187104 -0.0272851  6.67144e-05  0.000636356 -0.000194773 -0.0470388 -0.0453015 -0.0265128    0.128682 -0.00460551    -9.80815 
             121.903  1.89446 -2.32077  31.3413   14.1835 -0.980791  0.184334 0 0 0 -0.023404   0.02329 -0.038985 0.00256766 -0.0507709 -0.0147044  6.67894e-05  0.000576313 -0.000186539 -0.0471001 -0.0451608 -0.0267114    0.128797 -0.00458914    -9.80815 
             122.002  2.44367 -2.40815  31.4244   14.1911 -0.972973  0.180535 0 0 0 -0.023404   0.02329 -0.038985  0.0120868  0.0467446 -0.0175394   7.0659e-05  0.000524639 -0.000176877 -0.0474716 -0.0452125 -0.0267053    0.128847 -0.00431194    -9.80815 
             122.104  2.46196 -2.08154  31.7954   14.1963 -0.914759  0.187655 0 0 0 -0.023404   0.02329 -0.038985 -0.0166404  0.0374378 -0.0154768  0.000145812  0.000536523 -0.000198198 -0.0476573 -0.0452701 -0.0267447  0.128853 -0.004167  -9.80815 
             122.203  1.55361 -1.50493  31.7086   14.1989 -0.913898  0.186053 0 0 0 -0.023404   0.02329 -0.038985 0.00753052  0.0756563 -0.0382708  0.000123856  0.000548453 -0.000190024 -0.0468279 -0.0446992 -0.0265488    0.129046 -0.00489032    -9.80815 
             122.303   0.82931 -0.663365   31.7427   14.1948 -0.922597  0.192836 0 0 0 -0.023404   0.02329 -0.038985 -0.0540999  -0.121544  0.0368683  0.000130642  0.000533273 -0.000197248 -0.0463809 -0.0441422 -0.0261945    0.129319 -0.00533335    -9.80815 
             122.403 -0.0574446  -0.511975    31.7125   14.1986 -0.919983  0.188501 0 0 0 -0.023404   0.02329 -0.038985 -0.0197877 -0.0299804  0.0230911  0.000169179  0.000558825 -0.000141745 -0.0461807 -0.0438003 -0.0255822    0.129492 -0.00554584    -9.80814 
             122.503 0.0774226 -0.772363   31.8748   14.1961 -0.914483  0.187456 0 0 0 -0.023404   0.02329 -0.038985 -0.0205682  0.0635486 -0.0207899  0.000155494  0.000576665 -0.000190596 -0.0458465 -0.0434727 -0.0251578    0.129632 -0.00586109    -9.80814 
             122.603 -0.394042  -0.85462    32.089   14.1997 -0.914716  0.188654 0 0 0 -0.023404   0.02329 -0.038985  0.0300961  0.0565257 -0.0180546  0.000146532  0.000540182 -0.000211968 -0.0453345 -0.0430209 -0.0247512    0.129821 -0.00633769    -9.80814 
             122.704 -0.607845 -0.384557   32.1442   14.1971 -0.920656  0.192868 0 0 0 -0.023404   0.02329 -0.038985 -0.0224035 -0.0757091   0.047504 0.000131822  0.00048133 -0.00019856 -0.0451483 -0.0424926 -0.0242972    0.130144 -0.00660144    -9.80813 
             122.803 -0.901552 -0.556458   32.1515    14.197 -0.920066   0.18658 0 0 0 -0.023404   0.02329 -0.038985 -0.0190104  -0.041892 -0.0283026  0.000162484   0.00053272 -0.000199343 -0.0449878 -0.0422243 -0.0237065    0.13029 -0.0067893   -9.80813 
             122.903 -0.830137 -0.907487   32.1015   14.1902 -0.926762  0.179286 0 0 0 -0.023404   0.02329 -0.038985  -0.125008   0.139163 -0.0553417   0.00011598  0.000525373 -0.000214305 -0.0447291 -0.0419717 -0.0234536    0.130407 -0.00703834    -9.80813 
             123.003  -1.0274 -1.40853  34.8484   14.1743 -0.910338  0.172714 0 0 0 -0.023404   0.02329 -0.038985  -0.132208   0.189327 -0.0625608  0.000135982  0.000486702 -0.000340806 -0.0446247 -0.0420024 -0.0234815    0.130362 -0.00710545    -9.80813 
             123.103  -1.76035 -0.886995   40.1912   14.1628 -0.899923  0.175937 0 0 0 -0.023404   0.02329 -0.038985   -0.136944    0.152286 -0.00706068  0.000134972  0.000524106 -0.000411006 -0.0445785 -0.0419182 -0.0237201    0.130413 -0.00715205    -9.80813 
             123.203  -1.84754 -0.866436   44.4129  14.1519 -0.87958 0.179837 0 0 0 -0.023404   0.02329 -0.038985  -0.100593   0.166894 -0.0496432 0.000148708 0.000490327 -0.00042046 -0.0447242 -0.0418672 -0.0239918    0.130474 -0.00704684    -9.80813 
             123.304  -2.04812 -0.393018   49.8103  14.1394 -0.86398 0.182784 0 0 0 -0.023404   0.02329 -0.038985 -0.105615 0.0887129 0.0256476  0.000164622  0.000485085 -0.000350789 -0.0447559 -0.0419898 -0.0240984    0.130385 -0.00700732    -9.80813 
             123.403  -2.09613 -0.514396   54.9036   14.1286 -0.852335  0.188115 0 0 0 -0.023404   0.02329 -0.038985    -0.1193    0.11643 -0.0371615  0.000148021  0.000477852 -0.000356281 -0.0448311  -0.041986 -0.0242389    0.130389 -0.00694458    -9.80813 
             123.503    -1.40854 0.000755168     59.7208    14.111 -0.838284  0.186117 0 0 0 -0.023404   0.02329 -0.038985 -0.156734 0.0896938 0.0258107  0.000136903  0.000493762 -0.000346365 -0.0448304 -0.0420482 -0.0242309    0.130341 -0.00694978    -9.80813 
             123.604 -1.38141  0.22067  64.6941   14.0953 -0.825257  0.185682 0 0 0 -0.023404   0.02329 -0.038985  -0.156487     0.1046 -0.0292915  0.000152186  0.000497441 -0.000408896 -0.0449951 -0.0420779 -0.0242497   0.130297 -0.0068233   -9.80813 
             123.703 -1.05503 0.357449  69.4551   14.0767 -0.809759  0.180716 0 0 0 -0.023404   0.02329 -0.038985   -0.191614    0.135083 -0.00771153  0.00015191  0.00051964 -0.00031733  -0.045092 -0.0422379 -0.0242455    0.130155 -0.00678538    -9.80813 
             123.803 -0.545151  0.656163   74.7856   14.0564 -0.796352  0.183733 0 0 0 -0.023404   0.02329 -0.038985 -0.267195  0.127016 0.0132736  0.000174708  0.000497323 -0.000346743 -0.0451735 -0.0420726 -0.0243178    0.130255 -0.00667121    -9.80813 
             123.903 -0.894957   0.50462   79.6416   14.0285 -0.777712  0.187165 0 0 0 -0.023404   0.02329 -0.038985 -0.313786  0.145985 0.0568278   0.00015031  0.000509183 -0.000316491 -0.0453234 -0.0419378 -0.0245269    0.130301 -0.00650603    -9.80813 
             124.004 -0.96459 0.915176  84.4023  14.0023 -0.77318 0.188428 0 0 0 -0.023404   0.02329 -0.038985  -0.262466  0.0852889 0.00543769 0.000108977 0.000532146 -0.00028434  -0.045071   -0.04186 -0.0244133    0.130456 -0.00665373    -9.80813 
             124.103 -1.01711 0.795739  89.1474  13.9862  -0.7711 0.183002 0 0 0 -0.023404   0.02329 -0.038985  -0.191158  0.0915606 -0.0360729  0.000129885  0.000533582 -0.000204213 -0.0446618 -0.0414323 -0.0243083    0.130926 -0.00672878    -9.80812 
             124.204 -0.423277  0.996013   94.6722   13.9617 -0.768064  0.181766 0 0 0 -0.023404   0.02329 -0.038985   -0.26161  0.0292029 0.00709958  0.000104005  0.000534614 -0.000260109 -0.0446024 -0.0415566 -0.0242596    0.130875 -0.00683359    -9.80812 
             124.303 -0.691265  0.697591   99.9112   13.9309 -0.769538  0.180162 0 0 0 -0.023404   0.02329 -0.038985  -0.372219  0.0251858 -0.0407282  9.63823e-05  0.000528131 -0.000193548 -0.0444031 -0.0416568 -0.0243087    0.130921 -0.00701195    -9.80812 
             124.402 -0.571519   1.19031   104.742   13.9035 -0.766616  0.179594 0 0 0 -0.023404   0.02329 -0.038985  -0.288231 -0.0242843 0.00201101  0.000105195   0.00051805 -0.000266592 -0.0444441 -0.0413622 -0.0242939     0.13107 -0.00681047    -9.80812 
             124.503 -0.853368  0.957999   109.301   13.8783 -0.765638  0.178164 0 0 0 -0.023404   0.02329 -0.038985  -0.304224  0.0130557 -0.0565125 -8.04777e-06  0.000572998 -0.000289656 -0.0443472 -0.0410501 -0.0244006    0.131302 -0.00666227    -9.80812 
             124.604 -0.288712   1.24676   114.613   13.8508 -0.773129  0.175992 0 0 0 -0.023404   0.02329 -0.038985    -0.2682 -0.0405818  -0.012639 4.12534e-05 0.000488081 -0.00015513 -0.0439627 -0.0412052 -0.0243832    0.131466 -0.00696509    -9.80812 
             124.703 -0.118966  0.942271   119.869   13.8268 -0.780687  0.174018 0 0 0 -0.023404   0.02329 -0.038985  -0.321628 -0.0623573 -0.0556664   8.5709e-05  0.000500839 -0.000168441 -0.0436265 -0.0408829 -0.0243607    0.131849 -0.00690343    -9.80811 
             124.803 0.0215248   1.16924   124.659   13.7989 -0.793221  0.173612 0 0 0 -0.023404   0.02329 -0.038985   -0.280022  -0.0958196 -0.00204585  1.70249e-05  0.000515511 -0.000217569 -0.0431347 -0.0406668 -0.0244624     0.13229 -0.00696663    -9.80811 
             124.903 -0.461385   1.32207   129.512   13.7779 -0.801135  0.174487 0 0 0 -0.023404   0.02329 -0.038985  -0.250531 -0.0737471 -0.0562987   5.7116e-05  0.000524085 -0.000266126 -0.0429249 -0.0403048 -0.0245572    0.132595 -0.00678326     -9.8081 
             125.003 -0.108457   1.50571   134.758   13.7647 -0.802239  0.170775 0 0 0 -0.023404   0.02329 -0.038985  -0.174162 -0.0753083  0.0512441  2.35406e-05  0.000477663 -0.000222892 -0.0425923 -0.0396434 -0.0245125      0.1331 -0.00640714    -9.80809 
             125.103 -0.0643862    1.46245    140.055   13.7579 -0.816321  0.174751 0 0 0 -0.023404   0.02329 -0.038985  -0.153423   -0.11216 0.00340537  8.98982e-05  0.000544561 -0.000232766 -0.0419022 -0.0393576 -0.0245477    0.133725 -0.00642142    -9.80809 
             125.204 0.0880553   1.32731   145.155   13.7474 -0.825002  0.168905 0 0 0 -0.023404   0.02329 -0.038985 -0.175811 -0.130388 0.0114924  1.64717e-05  0.000521986 -0.000275684  -0.041564 -0.0388677 -0.0244152    0.134145 -0.00614026    -9.80808 
             125.303 -0.0878833    1.78116    149.727   13.7465 -0.841598   0.16821 0 0 0 -0.023404   0.02329 -0.038985 -0.0872881  -0.106056 -0.0478051  4.15747e-05   0.00053012 -0.000206693 -0.0406998 -0.0386666 -0.0245072    0.134885 -0.00621322    -9.80807 
             125.404 0.0510016   1.52963   154.626    13.739 -0.855253  0.161389 0 0 0 -0.023404   0.02329 -0.038985 -0.0915321 -0.0544081 -0.0925741 -1.93671e-05  0.000639499 -0.000196533 -0.0404145 -0.0388479 -0.0246647    0.135067 -0.00642649    -9.80807 
             125.504 0.682846  1.78891  160.083   13.7338 -0.867321  0.162431 0 0 0 -0.023404   0.02329 -0.038985 -0.0668287  -0.145394 -0.0267143  8.57138e-06  0.000623149 -0.000163509 -0.0402246 -0.0389119 -0.0249716    0.135207 -0.00651367    -9.80807 
             125.602 0.380088  1.34863  165.268   13.7275 -0.889645  0.164132 0 0 0 -0.023404   0.02329 -0.038985  -0.109999  -0.228624 -0.0672116  1.14412e-05  0.000652538 -0.000178692 -0.0399415  -0.039249 -0.0253639    0.135376 -0.00683619    -9.80806 
             125.703 0.487131  1.67684  169.992   13.7218 -0.913636  0.166836 0 0 0 -0.023404   0.02329 -0.038985 -0.0294165  -0.128392 0.00153207 2.98343e-05 0.000708761 -0.00024977 -0.0398404 -0.0395287 -0.0255285    0.135417 -0.00708138    -9.80806 
             125.803 0.368234  1.34142  174.714  13.7194 -0.91125 0.165094 0 0 0 -0.023404   0.02329 -0.038985 -0.0452758  0.0630529 -0.0778933 -2.31084e-05  0.000763554 -0.000260158  -0.039829  -0.039265 -0.0257046    0.135459 -0.00685801    -9.80806 
             125.903 1.17641 1.63761 175.879   13.7142 -0.902255  0.166711 0 0 0 -0.023404   0.02329 -0.038985  -0.015174 -0.0032565 0.00470324 -2.92982e-05  0.000690861 -0.000193175 -0.0399878   -0.03906 -0.0258573  0.135346 -0.006671  -9.80806 
             126.002  1.3171 1.59526 175.877   13.7128 -0.903885  0.165943 0 0 0 -0.023404   0.02329 -0.038985 -0.0591956  -0.040161 -0.0412938  1.77228e-06  0.000687466 -0.000207946 -0.0398902 -0.0390135 -0.0258639    0.135431 -0.00663639    -9.80806 
             126.103 0.88352 1.99548 175.618   13.7034 -0.913295  0.165233 0 0 0 -0.023404   0.02329 -0.038985  -0.0254706  -0.0262469 -0.00689542  1.16852e-05  0.000615706 -0.000207725 -0.0400336 -0.0392367  -0.025918      0.1353 -0.00681892    -9.80806 
             126.203 0.231086  2.00943  175.575   13.7235 -0.901901  0.167221 0 0 0 -0.023404   0.02329 -0.038985 -0.00981601    0.113304  -0.0623847  3.17307e-05  0.000642375 -0.000192388 -0.0399614 -0.0391987 -0.0259241    0.135362 -0.00678877    -9.80806 
             126.303 0.850813  2.16154  175.886   13.7244 -0.912611  0.172789 0 0 0 -0.023404   0.02329 -0.038985 0.0368579 -0.060408 0.0504186 -3.62605e-05  0.000656475 -0.000225356 -0.0400676 -0.0396637   -0.02579    0.135258 -0.00718087    -9.80806 
             126.404 0.85325 2.02918 176.112   13.7196 -0.911146  0.169581 0 0 0 -0.023404   0.02329 -0.038985  -0.069571 -0.0204065 -0.0263018  2.73544e-05  0.000614615 -0.000196092 -0.0404684 -0.0395745 -0.0254072    0.134924 -0.00709949    -9.80807 
             126.503 0.594905   1.9319  176.028   13.7209 -0.911061   0.17023 0 0 0 -0.023404   0.02329 -0.038985  0.0109824 0.00775365  0.0347703 -4.15019e-06  0.000666815 -0.000165572 -0.0406492 -0.0397411 -0.0251552    0.134767 -0.00723881    -9.80807 
             126.603 0.444545  1.87217  176.107    13.726 -0.904687  0.165961 0 0 0 -0.023404   0.02329 -0.038985  0.0364232   0.097011 -0.0617876  8.02125e-06  0.000736806 -0.000174182 -0.0406455 -0.0400577 -0.0249079    0.134762 -0.00750973    -9.80807 
             126.703 0.66393 2.04832 176.098   13.7235 -0.913174  0.172741 0 0 0 -0.023404   0.02329 -0.038985  0.0200277 -0.0523029  0.0397639 -2.46622e-05  0.000618539 -0.000184341 -0.0408724 -0.0404329 -0.0248803    0.134561 -0.00782026    -9.80807 
             126.803 0.722025  1.49913  176.213   13.7198 -0.912224   0.16868 0 0 0 -0.023404   0.02329 -0.038985  -0.054724 -0.0305378 -0.0143563  2.01571e-05  0.000685659 -0.000143185 -0.0410823 -0.0405578  -0.024534    0.134381 -0.00792356    -9.80808 
             126.903 0.47063 1.50424 176.254   13.7129 -0.922892  0.163735 0 0 0 -0.023404   0.02329 -0.038985 -0.00759363   -0.032423   -0.005692  1.07732e-05  0.000717538 -0.000149276  -0.041201 -0.0409475 -0.0243849     0.13427 -0.00825086    -9.80808 
             127.003 0.558901  1.82711  175.774   13.7187 -0.919232  0.164136 0 0 0 -0.023404   0.02329 -0.038985 0.0847717 0.0850879 -0.035394  3.20803e-05  0.000635257 -0.000153108 -0.0411107 -0.0408784 -0.0245135    0.134349 -0.00819357    -9.80808 
             127.104 0.710543  2.10622  174.386    13.736 -0.913473  0.163409 0 0 0 -0.023404   0.02329 -0.038985   0.161008  0.0186397 -0.0298706 -2.60748e-05  0.000622651 -0.000116899 -0.0408068 -0.0408218 -0.0245943    0.134606 -0.00815418    -9.80807 
             127.204 1.06162 2.22431 172.741   13.7569 -0.907476  0.165357 0 0 0 -0.023404   0.02329 -0.038985   0.251009 -0.0126406  0.0219682  3.05888e-05  0.000641896 -4.01726e-05 -0.0408197 -0.0405188 -0.0246678    0.134605 -0.00789738    -9.80807 
             127.304 0.620387  2.51276  169.813   13.7878 -0.910792  0.167363 0 0 0 -0.023404   0.02329 -0.038985   0.303767 -0.0683964  0.0278646  3.33044e-05  0.000608345 -6.18683e-05 -0.0406471 -0.0403933 -0.0247391    0.134754 -0.00779762    -9.80807 
             127.403 -0.133354   2.48664   167.128   13.8222 -0.912696  0.172717 0 0 0 -0.023404   0.02329 -0.038985   0.295528 -0.0101907 0.00322683 8.39929e-05 0.000580911 -4.8447e-05 -0.0403124 -0.0403805 -0.0247503    0.135036 -0.00780413    -9.80807 
             127.503 -0.958355   1.85159   164.446   13.8587 -0.907515  0.170681 0 0 0 -0.023404   0.02329 -0.038985   0.363103  0.0259968 0.00728517 8.11794e-05 0.000604173 1.39243e-06 -0.0399746 -0.0400442 -0.0246957    0.135339 -0.00754566    -9.80806 
             127.603 -1.72812  1.58048  161.864   13.8975 -0.907015  0.174653 0 0 0 -0.023404   0.02329 -0.038985  0.333863 0.0211083 0.0214888 5.64623e-05 0.000615049 -1.6629e-05 -0.0396632 -0.0400794 -0.0248088   0.135596 -0.0076009   -9.80806 
             127.703 -1.62122  1.25024   159.22  13.9308 -0.90707 0.173807 0 0 0 -0.023404   0.02329 -0.038985   0.280099 -0.0354274 -0.0125546 2.70975e-05 0.000590513 6.91533e-06 -0.0394395 -0.0401082 -0.0248346     0.13578 -0.00764834    -9.80806 
             127.803 -1.92114  1.60854  156.073   13.9707 -0.909281  0.176254 0 0 0 -0.023404   0.02329 -0.038985  0.365603 0.0287455 0.0572482 9.65675e-05 0.000609272 1.17265e-05 -0.0389102 -0.0400199 -0.0247706    0.136229 -0.00764017    -9.80805 
             127.904 -1.96923  1.36395  153.589   14.0118 -0.905272  0.178059 0 0 0 -0.023404   0.02329 -0.038985   0.359999  0.0273758 -0.0345305  5.91261e-05   0.00058934 -6.75055e-05 -0.0386066 -0.0399007 -0.0248064    0.136496 -0.00758555    -9.80805 
             128.003 -1.97947  1.27597  151.188   14.0603 -0.903606  0.178145 0 0 0 -0.023404   0.02329 -0.038985    0.405082 -0.00575243  0.00800579  0.000107494   0.00054236 -4.31257e-05  -0.038032 -0.0397738 -0.0248253   0.136988 -0.0075753   -9.80804 
             128.103 -2.19321  1.13585  148.745   14.0985 -0.907736  0.180884 0 0 0 -0.023404   0.02329 -0.038985   0.368354  0.0011791 -0.0464252  0.000105905  0.000489162 -6.71343e-05 -0.0380135 -0.0400304 -0.0250176   0.136959 -0.0077897   -9.80804 
             128.203 -1.62283  1.22794  145.553   14.1373 -0.916919   0.18174 0 0 0 -0.023404   0.02329 -0.038985   0.373489 -0.0771177  0.0218744  0.000104645  0.000483541 -7.60962e-06 -0.0377344 -0.0401483 -0.0250913   0.137164 -0.0079425   -9.80804 
             128.303 -2.09732  1.26826   142.89  14.1721 -0.92111 0.188161 0 0 0 -0.023404   0.02329 -0.038985    0.35016 -0.0350122  0.0345876  9.64873e-05  0.000507084 -3.09434e-05 -0.0378924 -0.0401915 -0.0250817    0.137027 -0.00794219    -9.80804 
             128.404 -1.91967 0.797531  140.318   14.2065 -0.921893  0.187369 0 0 0 -0.023404   0.02329 -0.038985   0.380362 0.00780199  0.0226606  0.000139993  0.000467409 -1.98799e-05 -0.0378984 -0.0401198 -0.0250733    0.137039 -0.00788334    -9.80804 
             128.503 -2.60713  1.03834  137.781  14.2487 -0.92194  0.19021 0 0 0 -0.023404   0.02329 -0.038985    0.375147 0.000230557  0.00199085  0.000165571  0.000456921 -3.81726e-06 -0.0377139 -0.0400095  -0.025086    0.137213 -0.00784428    -9.80804 
             128.603 -1.92315 0.682744  135.176  14.2858 -0.92452 0.186738 0 0 0 -0.023404   0.02329 -0.038985    0.30997 -0.0598785 0.00660553 7.03248e-05 0.000502279 8.21127e-06 -0.0375524 -0.0399515 -0.0250093    0.137356 -0.00784372    -9.80804 
             128.703 -2.1022 1.13341 131.898   14.3198 -0.931438  0.189766 0 0 0 -0.023404   0.02329 -0.038985    0.403346 0.000756204   0.0478579 0.000185364 0.000515467 -6.2337e-07 -0.0374724 -0.0399929 -0.0250122    0.137407 -0.00789924    -9.80803 
             128.803 -2.55227  1.01973  129.268   14.3576 -0.926593  0.193925 0 0 0 -0.023404   0.02329 -0.038985   0.353332  0.0319048 -0.0488743   0.00014983  0.000518336 -3.20499e-05 -0.0376002 -0.0399077  -0.025217    0.137333 -0.00779451    -9.80804 
             128.903 -1.82372 0.841336  126.884   14.3964 -0.926662  0.196842 0 0 0 -0.023404   0.02329 -0.038985    0.373526 -0.00103814   0.0366034  0.000187305  0.000543029 -2.48561e-05 -0.0374353 -0.0399282 -0.0253038    0.137452 -0.00786588    -9.80803 
             129.003 -2.38299 0.550967  124.441   14.4318 -0.935845  0.197242 0 0 0 -0.023404   0.02329 -0.038985   0.323413 -0.0351197 -0.0618504 0.000178974 0.000569287 2.04021e-05 -0.0372237 -0.0401967 -0.0253344    0.137518 -0.00814122    -9.80803 
             129.104 -1.16746 0.814923   121.56   14.4624 -0.940918  0.197103 0 0 0 -0.023404   0.02329 -0.038985    0.251223  -0.0764512 0.000791794 0.000181747 0.000504027 1.92365e-05 -0.0371309 -0.0400771 -0.0254436     0.13763 -0.00808896    -9.80803 
             129.204 -2.41686 0.954582  118.783   14.4989 -0.947109   0.20367 0 0 0 -0.023404   0.02329 -0.038985   0.365673 -0.0262822  0.0200446  0.000239911  0.000552785 -4.85933e-05 -0.0369555 -0.0399856 -0.0255704    0.137792 -0.00809215    -9.80803 
             129.303  -1.5358 0.125488  115.935   14.5286 -0.950999   0.20137 0 0 0 -0.023404   0.02329 -0.038985   0.315669 -0.0319736   0.026658  0.000125864  0.000604759 -1.81886e-05 -0.0369442 -0.0400547 -0.0256058    0.137772 -0.00814599    -9.80803 
             129.403 -2.03546 0.217648  113.578   14.5648 -0.952097  0.205841 0 0 0 -0.023404   0.02329 -0.038985    0.38088 -0.0148575  -0.015385  0.000233353  0.000592841 -2.45063e-05 -0.0370244 -0.0400413 -0.0257388    0.137721 -0.00810127    -9.80803 
             129.504  -1.99624 -0.246926   110.801   14.6018 -0.954976  0.203023 0 0 0 -0.023404   0.02329 -0.038985   0.262692 -0.0478315 -0.0376191 0.000128838 0.000550387 0.000100199 -0.0369024 -0.0399457  -0.025858    0.137848 -0.00809176    -9.80803 
             129.603 -1.37681 0.334826  107.649    14.632 -0.964973  0.204085 0 0 0 -0.023404   0.02329 -0.038985    0.27711 -0.0866283   0.034315 0.000246662 0.000538474 4.18859e-05 -0.0365521 -0.0397791 -0.0259102   0.138161 -0.0081456   -9.80802 
             129.704 -2.33319 0.159194   104.86   14.6647 -0.969912  0.206074 0 0 0 -0.023404   0.02329 -0.038985    0.24055 -0.0287625 -0.0523391 0.000265639 0.000533513 6.07537e-05 -0.0365427 -0.0396445 -0.0259312    0.138233 -0.00806304    -9.80802 
             129.803 -0.868192 -0.149108     102.2   14.6927 -0.975176  0.209852 0 0 0 -0.023404   0.02329 -0.038985   0.241193 -0.0644446  0.0651269 0.000204979   0.0005405 4.98613e-05 -0.0363747 -0.0394814 -0.0259387    0.138422 -0.00804711    -9.80802 
             129.903  -2.67623 -0.514234   99.7579   14.7329 -0.980983  0.214717 0 0 0 -0.023404   0.02329 -0.038985   0.295181 -0.0473296 -0.0377964  0.00027094 0.000620667 5.52565e-05 -0.0360399 -0.0389782 -0.0260687    0.138894 -0.00792071    -9.80801 
             130.003  -0.49101 -0.366815   96.8699   14.7558 -0.984263  0.209635 0 0 0 -0.023404   0.02329 -0.038985    0.18772 -0.0592074  0.0225858 0.000153479 0.000526375 9.95579e-05 -0.0360955 -0.0388398 -0.0259136    0.138936 -0.00780944    -9.80801 
             130.103   -1.46109 -0.0937516    94.0428   14.7882 -0.990119  0.210922 0 0 0 -0.023404   0.02329 -0.038985   0.279678 -0.0686298 0.00888353 0.000165732  0.00052212 3.10331e-05 -0.0359614 -0.0384145  -0.025881    0.139253 -0.00764604    -9.80801 
             130.203 -0.536716 -0.470807   90.9908   14.8145 -0.993683  0.209057 0 0 0 -0.023404   0.02329 -0.038985   0.213985 -0.0270613   0.123227 8.23479e-05 0.000493286 0.000114633 -0.0358657 -0.0382703 -0.0257685     0.13939 -0.00762449    -9.80801 
             130.303 -0.774907 -0.244471   88.6983   14.8443 -0.997887  0.219958 0 0 0 -0.023404   0.02329 -0.038985  0.256527 -0.071458 0.0762809  0.00023882 0.000444513 0.000116806 -0.0356972 -0.0378599 -0.0258393   0.139727 -0.0075127     -9.808 
             130.404 -0.992591   -1.0237   86.2677   14.873 -1.00622 0.213883 0 0 0 -0.023404   0.02329 -0.038985   0.168136 -0.0590417 -0.0545075 0.000136028 0.000499176 0.000102153 -0.0354875 -0.0375652 -0.0256636    0.140014 -0.00749841      -9.808 
             130.503 -0.199777 -0.258179   83.2069  14.8967 -1.01091 0.205352 0 0 0 -0.023404   0.02329 -0.038985   0.203236 -0.0717131  -0.043269 0.000245509 0.000478248 3.87143e-05 -0.0353722 -0.0370962 -0.0253786    0.140364 -0.00735291    -9.80799 
             130.603  -1.15877 -0.362276   80.5295  14.9322 -1.01579 0.203837 0 0 0 -0.023404   0.02329 -0.038985    0.250042 -0.00752506  -0.0879216 0.000174125 0.000443026 0.000126466 -0.0352936 -0.0365549 -0.0255304    0.140755 -0.00716556    -9.80799 
             130.703   0.25922 -0.433071   77.8438  14.9756 -1.01243 0.206499 0 0 0 -0.023404   0.02329 -0.038985    0.349041   -0.018922 -0.00876814 0.000205658 0.000392349  8.6638e-05 -0.0353371 -0.0357887 -0.0256536     0.14125 -0.00682179    -9.80798 
             130.803 -1.86147  -0.8622  75.3148  15.0211 -1.02033 0.209295 0 0 0 -0.023404   0.02329 -0.038985  0.392597 -0.039081 -0.132158 0.000258732 0.000458245 0.000138134 -0.0351113  -0.035403 -0.0260427    0.141608 -0.00682791    -9.80798 
             130.903 0.303169 -1.04702  72.6144  15.0564 -1.02867 0.205753 0 0 0 -0.023404   0.02329 -0.038985   0.331969 -0.0444372 -0.0250609 0.000213663 0.000429394  0.00012397 -0.0349144 -0.0354221 -0.0263501    0.141671 -0.00697079    -9.80797 
             131.003 -0.174457 -0.752108   69.9013  15.1058 -1.03566 0.209311 0 0 0 -0.023404   0.02329 -0.038985   0.439086  -0.107343 0.00758694 0.000257124 0.000397013 9.49786e-05 -0.0349381 -0.0349148 -0.0267342    0.142028 -0.00679365    -9.80797 
             131.103 0.342391 -1.14083  67.0812  15.1508 -1.04944 0.211127 0 0 0 -0.023404   0.02329 -0.038985   0.446825 -0.0763885  0.0690171 0.000231474  0.00043584 8.61829e-05 -0.0346526 -0.0348719  -0.026969   0.142148 -0.0069861   -9.80797 
             131.203 0.360437 -1.06596  64.8272  15.2063 -1.05454 0.219281 0 0 0 -0.023404   0.02329 -0.038985   0.560801  -0.123105 0.00101123 0.000302678 0.000472254 3.90562e-05  -0.034849 -0.0346176 -0.0271085    0.142286 -0.00678183    -9.80797 
             131.303 -0.420356  -1.63353   62.3687  15.2546 -1.06001 0.218364 0 0 0 -0.023404   0.02329 -0.038985   0.426197 -0.0422264 -0.0440659 0.000194917 0.000486416 1.65623e-05 -0.0349143 -0.0346627 -0.0272666    0.142241 -0.00674333    -9.80797 
             131.403 0.596224 -1.09523  59.2218  15.2975  -1.0641 0.219487 0 0 0 -0.023404   0.02329 -0.038985    0.42854 -0.0686373 -0.0242739 0.000214358 0.000521542 6.14492e-05 -0.0348938 -0.0345554 -0.0273602  0.142326 -0.006741  -9.80797 
             131.504 0.126028 -1.31569  56.5322  15.3443 -1.07114 0.218396 0 0 0 -0.023404   0.02329 -0.038985   0.468873 -0.0214059 -0.0761314 0.000163455 0.000497118 0.000110022 -0.0349213 -0.0345077 -0.0273747    0.142358 -0.00671487    -9.80796 
             131.603 1.14557 -1.6248 53.7816  15.3889 -1.07086 0.220781 0 0 0 -0.023404   0.02329 -0.038985    0.425966 -0.00604538   0.0651149 0.000172162  0.00049958  3.9576e-05 -0.0349706 -0.0345976 -0.0274435    0.142288 -0.00668595    -9.80797 
             131.703 -0.259639  -1.67696   51.4637  15.4346  -1.0793 0.228984 0 0 0 -0.023404   0.02329 -0.038985   0.461066 -0.0677959 -0.0322875  0.000217858  0.000520981 -1.39177e-05 -0.0348812 -0.0344906 -0.0276188    0.142377 -0.00675036    -9.80796 
             131.803 0.969789 -2.02413  48.6032  15.4778 -1.08376 0.223379 0 0 0 -0.023404   0.02329 -0.038985   0.391605 0.00926406  0.0174303 9.54183e-05 0.000500175 2.99884e-05 -0.0348483 -0.0343707 -0.0274882    0.142463 -0.00677414    -9.80796 
             131.903 0.459475 -1.27464  45.5798  15.5205 -1.08426 0.219731 0 0 0 -0.023404   0.02329 -0.038985   0.369746 -0.0542047  0.0485431 0.000234974 0.000409031 6.20594e-05 -0.0349434 -0.0342313 -0.0273866     0.14257 -0.00671099    -9.80796 
             132.003 0.910278 -1.65339  42.9883  15.5585 -1.08777 0.220517 0 0 0 -0.023404   0.02329 -0.038985   0.407467 0.00401725  0.0043057 0.000194915 0.000449723 2.01202e-05 -0.0348684 -0.0342248 -0.0274553    0.142569 -0.00676683    -9.80796 
             132.104  1.29658 -1.43185  40.3733   15.601 -1.09258  0.22399 0 0 0 -0.023404   0.02329 -0.038985  0.458566 -0.106403 0.0423474 0.000183249 0.000375455 0.000119354 -0.0348098 -0.0342859 -0.0274717    0.142518 -0.00679958    -9.80796 
             132.204 0.635062 -1.57984  38.2179  15.6456 -1.10316 0.224952 0 0 0 -0.023404   0.02329 -0.038985   0.409045 -0.0645346 -0.0176796 0.000171858 0.000391239 4.24745e-05 -0.0347995 -0.0342391 -0.0274919    0.142549 -0.00681653    -9.80796 
             132.303  1.05373 -1.00717  35.5268  15.6879 -1.10134 0.222749 0 0 0 -0.023404   0.02329 -0.038985    0.42085 0.00154999 -0.0200026   0.0002779 0.000347035 8.72732e-05 -0.0348898 -0.0342233 -0.0274191     0.14258 -0.00675862    -9.80796 
             132.403  0.590672 -0.808513   33.6345  15.7286 -1.10615 0.221707 0 0 0 -0.023404   0.02329 -0.038985   0.405696 -0.0359824 -0.0329919 0.000315457 0.000279469 5.24353e-05 -0.0349221 -0.0342244 -0.0273343    0.142588 -0.00673609    -9.80796 
             132.502   1.31216 -0.792746   31.4861  15.7705 -1.10747 0.222084 0 0 0 -0.023404   0.02329 -0.038985   0.406784 -0.0278108   0.124057 0.000304142 0.000226578 8.57357e-05 -0.0349881 -0.0342489 -0.0273048    0.142593 -0.00668649    -9.80796 
             132.603   1.33095 -0.693767   29.9779   15.807 -1.10824 0.234393 0 0 0 -0.023404   0.02329 -0.038985  0.328098 0.0158314 0.0601837 0.000396435 0.000272283 5.26278e-06 -0.0350198 -0.0341532 -0.0273228    0.142663 -0.00670314    -9.80796 
             132.703  1.19706 -1.10964  28.1913  15.8371 -1.10284  0.23001 0 0 0 -0.023404   0.02329 -0.038985  0.328532  0.132985 0.0315981 0.000306138 0.000265643 1.63085e-05 -0.0349545 -0.0341689 -0.0270361     0.14262 -0.00673003    -9.80796 
             132.803  0.585992 -0.576549   26.4269  15.8729 -1.09763 0.228243 0 0 0 -0.023404   0.02329 -0.038985   0.328819 -0.0684077  0.0775491   0.0003366 0.000265081 1.75574e-05 -0.0349415   -0.03413 -0.0268895    0.142632 -0.00675186    -9.80796 
             132.902   0.35163 -0.948667   25.1098  15.9135 -1.10172 0.230522 0 0 0 -0.023404   0.02329 -0.038985   0.435032 -0.0355229   0.061466 0.000263596 0.000294754 3.78413e-06 -0.0350059 -0.0340298 -0.0269528    0.142714 -0.00676484    -9.80796 
             133.003 0.360051 -1.32864  23.9864   15.965 -1.10587 0.241236 0 0 0 -0.023404   0.02329 -0.038985  0.607325 -0.151903  0.105029   0.00032945  0.000273089 -7.05799e-06 -0.0349987 -0.0340912 -0.0269437    0.142681 -0.00673882    -9.80796 
             133.103 -0.978717   -2.8431   22.7272  16.0374 -1.12338 0.247583 0 0 0 -0.023404   0.02329 -0.038985  0.739468 -0.201314  0.031469 0.000364277 0.000302992 3.94637e-06 -0.0350609 -0.0340772 -0.0270191     0.14272 -0.00671706    -9.80796 
             133.203 0.0761462  -3.07526   21.5313  16.1132 -1.13335 0.253225 0 0 0 -0.023404   0.02329 -0.038985   0.79809 -0.110647 0.0285477 0.000415055 0.000166024 -2.2146e-05 -0.0351025 -0.0342658 -0.0270264    0.142658 -0.00660032    -9.80796 
             133.303  1.47613 -3.46277  20.3424  16.1938 -1.12926 0.252211 0 0 0 -0.023404   0.02329 -0.038985  0.819022 0.0620319 -0.117541 0.000380454 0.000212591 -4.9236e-05 -0.0352667 -0.0344271 -0.0269556    0.142677 -0.00644316    -9.80796 
             133.406  2.68467 -3.03529  18.8857   16.276 -1.10756  0.24495 0 0 0 -0.023404   0.02329 -0.038985   0.845315    0.07145 -0.0302814  0.000361924  0.000135164 -7.76342e-05 -0.0353634 -0.0347252 -0.0268767    0.142612 -0.00623755    -9.80796 
             133.503   2.3455 -1.51406  18.1006  16.3516 -1.09922 0.248939 0 0 0 -0.023404   0.02329 -0.038985   0.726516  0.0298655 -0.0470003  0.000370605  0.000184071 -2.31223e-05 -0.0354044 -0.0348374 -0.0270383    0.142591 -0.00616229    -9.80796 
             133.603  2.60374 -1.54304  17.5536  16.4199 -1.09172 0.241309 0 0 0 -0.023404   0.02329 -0.038985  0.610668  0.122942 -0.105042  0.000394115  0.000185127 -1.02538e-05 -0.0354607 -0.0348706  -0.027198    0.142611 -0.00612869    -9.80796 
             133.704   2.51318 -0.624288   16.3842  16.4793  -1.0754 0.241279 0 0 0 -0.023404   0.02329 -0.038985   0.53267  0.105232 0.0451631 0.000416544 0.000190795 1.41245e-05 -0.0354326  -0.034928 -0.0274242    0.142576 -0.00611319    -9.80796 
             133.804   1.74068 -0.587485    15.916  16.5372 -1.05842 0.248451 0 0 0 -0.023404   0.02329 -0.038985   0.556465    0.10531 -0.0402821  0.00036066 0.000261747 -3.8056e-06 -0.0356333 -0.0350978 -0.0278278    0.142646 -0.00596391    -9.80796 
             133.904   2.11368 -0.483419   15.6938  16.5958 -1.05285 0.253229 0 0 0 -0.023404   0.02329 -0.038985   0.49297 0.0257813 0.0381678  0.000317707  0.000257928 -2.20511e-05 -0.0356768 -0.0350833 -0.0279914     0.14268 -0.00596579    -9.80796 
             134.003   2.17132 -0.164396   14.9914  16.6278 -1.05052 0.251362 0 0 0 -0.023404   0.02329 -0.038985  0.244498  0.144069 -0.108505 0.000309708 0.000179819  4.4248e-08 -0.0355477 -0.0349504 -0.0279721     0.14264 -0.00608334    -9.80796 
             134.103 1.97542 1.10337 14.3451  16.6476 -1.02828  0.24804 0 0 0 -0.023404   0.02329 -0.038985 0.0583995  0.115242 0.0883181  0.000373993  0.000181983 -4.00096e-05 -0.0356647  -0.034946 -0.0280035   0.142714 -0.0060549   -9.80796 
             134.205 -0.754524     1.646   14.1813  16.6539 -1.02431 0.250364 0 0 0 -0.023404   0.02329 -0.038985  0.0425677 -0.0170585  -0.013951  0.000475523  0.000204573 -5.71064e-05 -0.0356921 -0.0349565 -0.0279825    0.142727 -0.00604067    -9.80796 
             134.304 -1.41061  1.21751  14.4065   16.658 -1.02873 0.249126 0 0 0 -0.023404   0.02329 -0.038985 -0.0131651 -0.0362527  0.0306831 0.000426632 0.000236328 -5.8342e-05 -0.0357275 -0.0349703 -0.0279231    0.142743 -0.00602253    -9.80796 
             134.404 -1.42658 0.881139  14.5758  16.5952 -1.05471 0.250013 0 0 0 -0.023404   0.02329 -0.038985  0.0382357  0.0528235 -0.0583982  0.000494417   0.00020249 -1.76077e-05 -0.0357702 -0.0349551  -0.027822    0.142767 -0.00602195    -9.80796 
             134.503  -1.4877 0.818325  14.6649  16.5936  -1.0567 0.255238 0 0 0 -0.023404   0.02329 -0.038985 -0.0440981 -0.0434122  0.0390337  0.000535415  0.000159546 -0.000128617 -0.0360264 -0.0354412 -0.0277129    0.142802 -0.00565995    -9.80796 
             134.604 -1.44143 0.636366  14.8019  16.5936 -1.06124 0.250945 0 0 0 -0.023404   0.02329 -0.038985  0.0149612 -0.0422429 -0.0273062   0.00055098   8.5184e-05 -0.000221573 -0.0361046 -0.0360726 -0.0275075    0.142687 -0.00525669    -9.80796 
             134.705 -0.932595  0.602341   14.7224  16.5929 -1.05628 0.251774 0 0 0 -0.023404   0.02329 -0.038985 -0.0340933   0.036411 0.00333245  0.000607991  9.95736e-05 -0.000182701 -0.0364313 -0.0364768 -0.0272841    0.142779 -0.00493481    -9.80796 
             134.805 -0.618039  0.082877   15.0216  16.5955 -1.05422 0.252332 0 0 0 -0.023404   0.02329 -0.038985  0.0405563  0.0603692 -0.0196846 0.000553923 0.000144163  -0.0001885 -0.0367615 -0.0368159 -0.0271479    0.142892 -0.00464823    -9.80796 
             134.905 -0.734496 0.0309399   14.8512  16.5949 -1.05486 0.251852 0 0 0 -0.023404   0.02329 -0.038985 -0.0117401 0.00199416  0.0289726  0.000580776  7.30981e-05 -0.000124931 -0.0369529 -0.0371993 -0.0270699     0.14291 -0.00436604    -9.80796 
             135.005 -0.699481 0.0201663    14.954  16.5915 -1.06114 0.249512 0 0 0 -0.023404   0.02329 -0.038985 -0.0226268 -0.0742707 -0.0551188  0.000599264  0.000108424 -0.000124269 -0.0372397 -0.0377183  -0.027038    0.142953 -0.00397343    -9.80796 
             135.105 -0.736403  -0.16554   14.9789   16.592   -1.055 0.255047 0 0 0 -0.023404   0.02329 -0.038985 -0.0411022  0.0496368  0.0369478   0.00058294  0.000103374 -0.000191907 -0.0376242 -0.0381806 -0.0269293    0.143066 -0.00359319    -9.80796 
             135.205 -0.549549 -0.553174   15.0677  16.5956 -1.05339 0.251169 0 0 0 -0.023404   0.02329 -0.038985   0.0405183   0.0672902 -0.00509821  0.000604116  6.48464e-05 -0.000192645  -0.037739 -0.0385771 -0.0267604   0.143029 -0.0033249   -9.80796 
             135.305 -0.966814 -0.526268    15.129  16.5955 -1.05549 0.251813 0 0 0 -0.023404   0.02329 -0.038985  0.0136811 0.00438801  0.0169774  0.000627363  7.41841e-05 -0.000151643 -0.0379523 -0.0388871 -0.0267029    0.143077 -0.00308116    -9.80796 
             135.405 -0.903177 -0.406921   15.2392  16.5916 -1.05933 0.251678 0 0 0 -0.023404   0.02329 -0.038985 -0.0445892  -0.040475 -0.0219423  0.000623979  6.88304e-05 -0.000156182 -0.0382343 -0.0393789  -0.026598    0.143119 -0.00270979    -9.80796 
             135.505  -1.34058 -0.688223   15.1328  16.5929   -1.057 0.252394 0 0 0 -0.023404   0.02329 -0.038985 -0.0181347  0.0199935 0.00873152  0.000702617  8.78808e-05 -0.000147324 -0.0386198 -0.0398692 -0.0264475   0.143222 -0.0023143   -9.80795 
             135.605 -1.08269 -1.05415  15.0716  16.5948  -1.0544 0.251212 0 0 0 -0.023404   0.02329 -0.038985  0.0324566  0.0667012 -0.0295238   0.00069536  6.90188e-05 -0.000153088 -0.0387205 -0.0403557 -0.0262615    0.143154 -0.00199675    -9.80796 
             135.706 -1.10122 -1.17205  15.2001  16.5957 -1.05444 0.252493 0 0 0 -0.023404   0.02329 -0.038985   0.0264377    0.057358 -0.00176416  0.000605823  9.65701e-05 -0.000158326 -0.0389571  -0.040647 -0.0261975     0.14322 -0.00175957    -9.80795 
             135.805  -1.10435 -0.756253   15.2046  16.5923  -1.0596 0.254459 0 0 0 -0.023404   0.02329 -0.038985 -0.0338519 -0.0566191  0.0179854 0.000623858 0.000112935 -8.7341e-05 -0.0392269 -0.0411096 -0.0261093    0.143263 -0.00141078    -9.80795 
             135.905  -1.61187 -0.726676    15.274  16.5892 -1.04337 0.246987 0 0 0 -0.023404   0.02329 -0.038985 -0.0320254 -0.0120636 -0.0277367  0.000742527  5.53467e-05 -0.000136438 -0.0394095 -0.0416637 -0.0258582    0.143227 -0.00103421    -9.80795 
             136.005  -1.6088 -1.09899  14.9481  16.5907  -1.0359 0.246108 0 0 0 -0.023404   0.02329 -0.038985    0.022589  0.00680151 -0.00359561  0.000664665  7.06162e-05 -9.84724e-05 -0.0395508 -0.0418599 -0.0258613    0.143261 -0.00087825    -9.80795 
             136.105 -1.84885 -1.75211   14.356  16.6026 -1.03944 0.251473 0 0 0 -0.023404   0.02329 -0.038985   0.218944 -0.0641943  0.0335846  0.000557916  0.000154113 -0.000152664 -0.0395969 -0.0418178 -0.0260285     0.143301 -0.000886356     -9.80795 
             136.205 -1.56165 -2.37885   13.101  16.6385 -1.05285 0.255173 0 0 0 -0.023404   0.02329 -0.038985   0.454566 -0.0894955  0.0100717  0.000462993  0.000186837 -3.68616e-06 -0.0396333 -0.0416541 -0.0260665     0.143364 -0.000975139     -9.80795 
             136.305 -1.75187  -2.1917  11.6701  16.6868 -1.06998 0.258285 0 0 0 -0.023404   0.02329 -0.038985  0.471097 -0.209882 0.0955034 0.000452978 0.000181005  4.4266e-06 -0.0396626 -0.0415237 -0.0261944    0.143412 -0.00104381    -9.80795 
             136.405 -0.322781  -2.22053   10.6906  16.7378 -1.09401 0.266261 0 0 0 -0.023404   0.02329 -0.038985  0.628627 -0.173464  0.100275 0.000386075  0.00017472 3.92168e-06 -0.0395221 -0.0413812 -0.0262255    0.143358 -0.00116179    -9.80795 
             136.505  1.45284 -2.20444  10.4091  16.7967 -1.11368 0.287013 0 0 0 -0.023404   0.02329 -0.038985   0.67693 -0.243749  0.169283  0.000460961  0.000214705 -9.70912e-05 -0.0393735 -0.0413257  -0.026291    0.143277 -0.00122404    -9.80795 
             136.605 -0.289665  -3.29891   9.70646   16.874 -1.13933 0.283543 0 0 0 -0.023404   0.02329 -0.038985   0.82298 -0.252654 0.0411308  0.000527131  0.000173584 -8.81801e-05  -0.039426 -0.0413493 -0.0261244    0.143308 -0.00120293    -9.80795 
             136.705 0.316651 -2.93586  8.41805  16.9618 -1.16301 0.282168 0 0 0 -0.023404   0.02329 -0.038985  0.887087 -0.168556  0.102914  0.000539789  0.000210396 -0.000118607 -0.0393394 -0.0413835 -0.0260463     0.14325 -0.00119442    -9.80795 
             136.805  1.91378 -2.99835   7.2915  17.0557 -1.17316  0.28375 0 0 0 -0.023404   0.02329 -0.038985     1.0198 -0.0590035  0.0870553   0.00053184  0.000141482 -0.000118753 -0.0392274 -0.0414835 -0.0259564    0.143167 -0.00114452    -9.80796 
             136.905   2.6645 -2.19889  6.71645  17.1737 -1.17636 0.283314 0 0 0 -0.023404   0.02329 -0.038985   1.09868  -0.16581 0.0987487  0.000669057  0.000145677 -0.000105555 -0.0394004 -0.0416553   -0.02593    0.143259 -0.00101535    -9.80795 
             137.005  1.49301 -1.86974  5.74009  17.2955 -1.19018 0.287102 0 0 0 -0.023404   0.02329 -0.038985   1.16102 -0.157886 -0.036945  0.000693154  0.000162137 -2.69229e-05 -0.0396342 -0.0416675 -0.0258063     0.143409 -0.000984759     -9.80795 
             137.105  1.48791 -2.52901  5.02439  17.4108 -1.20446  0.28827 0 0 0 -0.023404   0.02329 -0.038985    1.26043 -0.0602433 -0.0740613  0.000650382  0.000117658 -7.10815e-05 -0.0394548 -0.0416928 -0.0259268     0.143291 -0.000983283     -9.80795 
             137.205 3.27233 -3.2679 4.15939  17.5371 -1.21154 0.301561 0 0 0 -0.023404   0.02329 -0.038985   1.34026 0.0610717  0.068132  0.000543492  0.000111027 -4.11447e-05 -0.0394386  -0.041549  -0.026174    0.143284 -0.00108417    -9.80795 
             137.305  4.68484 -2.40755  3.25355  17.6714 -1.21024 0.296563 0 0 0 -0.023404   0.02329 -0.038985    1.44913 -0.0620006  -0.299671  0.000601254  1.13193e-05 -0.000114991 -0.0393254 -0.0413753 -0.0261717    0.143217 -0.00120025    -9.80795 
             137.405  2.77496 0.125206  3.51526  17.8128 -1.23346 0.279589 0 0 0 -0.023404   0.02329 -0.038985   1.41943 -0.253458 -0.240603  0.000562045 -8.84714e-05  -5.1032e-05 -0.0394545 -0.0411158 -0.0261451   0.143302 -0.0013667   -9.80795 
             137.505  2.58476 -1.25284   3.4463  17.9506 -1.26133 0.274434 0 0 0 -0.023404   0.02329 -0.038985    1.3566 -0.243796 -0.241981  0.000647271  1.93405e-05 -5.94326e-05 -0.0395914 -0.0409914 -0.0270006    0.143384 -0.00149112    -9.80795 
             137.605  2.73258 -1.52696  2.86526  18.0872 -1.28124 0.282681 0 0 0 -0.023404   0.02329 -0.038985    1.41317 -0.0522152  0.0371937  0.000710756  2.64879e-06 -5.44099e-05 -0.0396535 -0.0409351  -0.027791    0.143426 -0.00156712    -9.80795 
             137.705  3.41447 -2.37229  1.72011  18.2326 -1.28441 0.287865 0 0 0 -0.023404   0.02329 -0.038985    1.55201 -0.0239527  -0.184255  0.000762072 -1.69025e-05 -8.30905e-05 -0.0394899 -0.0408971 -0.0285314    0.143327 -0.00162283    -9.80795 
             137.805    2.23385 -0.0912486     2.1411  18.3879 -1.30795  0.28761 0 0 0 -0.023404   0.02329 -0.038985   1.42554 -0.353701 0.0431427  0.000837369 -0.000108474 -0.000149986 -0.0395861  -0.040845  -0.029162    0.143391 -0.00169055    -9.80795 
             137.905   1.57786 -0.863865   2.25609  18.5392 -1.34542 0.288827 0 0 0 -0.023404   0.02329 -0.038985   1.39597 -0.318137 -0.198831  0.000973661  5.23064e-05 -0.000133285  -0.039803 -0.0407858  -0.029938    0.143538 -0.00177431    -9.80795 
             138.005  1.39142 -1.07091  2.04335  18.6786 -1.36126 0.293374 0 0 0 -0.023404   0.02329 -0.038985   1.47214 -0.213884 0.0193287  0.000929121 -1.10794e-05 -0.000122734 -0.0396254 -0.0412737 -0.0306547    0.143461 -0.00148205    -9.80795 
             138.105  3.86444 -2.37545  1.04462  18.8406 -1.35827 0.313579 0 0 0 -0.023404   0.02329 -0.038985     1.694 0.0321027 -0.156061  0.000939396  -1.8986e-06 -1.07991e-05 -0.0396829 -0.0416254 -0.0314153    0.143529 -0.00128529    -9.80795 
             138.205   3.71134 -0.578209   1.15717  19.0056 -1.35961 0.304993 0 0 0 -0.023404   0.02329 -0.038985     1.52346   -0.104419 -0.00897496   0.00100763 -9.84531e-05 -3.66835e-05 -0.0395657 -0.0417754 -0.0318211    0.143467 -0.00119858    -9.80795 
             138.305 2.91822 1.21732 1.42569   19.156 -1.36847 0.307854 0 0 0 -0.023404   0.02329 -0.038985    1.43898 0.00134617  -0.216683    0.0009525 -6.79608e-05  2.13143e-05 -0.0395948 -0.0417267 -0.0322628    0.143486 -0.00125154    -9.80795 
             138.406  1.89701 0.902493  0.98787   19.295 -1.36718 0.303578 0 0 0 -0.023404   0.02329 -0.038985   1.39183 0.0481553 -0.125014  0.000819413 -9.04967e-05  3.11869e-05 -0.0394313 -0.0416871 -0.0328406    0.143391 -0.00129332    -9.80795 
             138.505  2.74241  1.00844 0.956436  19.4256 -1.36692 0.314803 0 0 0 -0.023404   0.02329 -0.038985     1.3625  0.0842372 -0.0808104  0.000726818 -0.000163011  6.01123e-05 -0.0393666 -0.0415235  -0.033313    0.143352 -0.00141367    -9.80795 
             138.605   3.4947 0.993602 0.666272  19.5567 -1.37329 0.315532 0 0 0 -0.023404   0.02329 -0.038985    1.17782 -0.0761025   0.036716  0.000640342 -8.75273e-05  6.67107e-06 -0.0393454  -0.041312 -0.0336053    0.143335 -0.00155874    -9.80795 
             138.705 2.42206 1.86095 0.80545  19.6616 -1.39616 0.322183 0 0 0 -0.023404   0.02329 -0.038985   0.885245 0.00528433  -0.112526  0.000736917  7.30933e-05 -8.43236e-05 -0.0395301 -0.0407427 -0.0338529     0.14342 -0.00194494    -9.80795 
             138.806  2.92509  2.70465 0.263367  19.7296 -1.38904 0.311915 0 0 0 -0.023404   0.02329 -0.038985   0.629794   0.200487 -0.0196532  0.000837479   0.00011533 -0.000180624 -0.0392558 -0.0404752 -0.0339144     0.14323 -0.00209665    -9.80795 
             138.906 0.00391886    3.71632    0.10283  19.7778 -1.38703 0.317258 0 0 0 -0.023404   0.02329 -0.038985   0.487844  0.0282793 -0.0639502 0.000783513 0.000189388 -0.00019523 -0.0391149 -0.0402797 -0.0341123   0.143138 -0.0022178   -9.80796 
             139.005 -1.10277  3.23979 -0.49259  19.8124 -1.38919 0.318275 0 0 0 -0.023404   0.02329 -0.038985  0.344446 0.0789028 0.0713116  0.000735507  -1.3262e-05 -4.87451e-05 -0.0388967 -0.0401519 -0.0340862    0.142988 -0.00227903    -9.80796 
             139.105 -0.998422   2.77239 -0.158751  19.5634 -1.38575  0.31324 0 0 0 -0.023404   0.02329 -0.038985 0.0670188 0.0391908 -0.128864  0.000771633 -0.000176903 -1.40435e-05 -0.0386685 -0.0400166 -0.0340614    0.142831 -0.00234296    -9.80796 
             139.205   -1.17033    2.25591 -0.0747196  19.5601 -1.38773 0.323034 0 0 0 -0.023404   0.02329 -0.038985 -0.0559515 -0.0551046  0.0615213  0.000830087 -0.000128442 -0.000149681 -0.0387073 -0.0402851 -0.0340645    0.142882 -0.00217794    -9.80796 
             139.305   -1.22767    1.96246 -0.0634288  19.5626 -1.39178 0.318765 0 0 0 -0.023404   0.02329 -0.038985   0.039841 -0.0446232 -0.0276621  0.000793036 -0.000218396 -0.000152539 -0.0389632 -0.0407742 -0.0337526    0.143061 -0.00190243    -9.80796 
             139.405 -0.687279   1.39383  0.205489  19.5596 -1.38691 0.320337 0 0 0 -0.023404   0.02329 -0.038985 -0.0277212   0.046996  0.0298876  0.000804141 -4.77027e-05   -0.0001998 -0.0390883 -0.0411326 -0.0336252    0.143164 -0.00169394    -9.80796 
             139.505 -0.490509  0.984162  0.462442  19.5637 -1.38667 0.319085 0 0 0 -0.023404   0.02329 -0.038985   0.064939  0.0324176 -0.0241831   0.00080507 -7.04336e-05 -0.000200265 -0.0392851 -0.0413442 -0.0334653    0.143295 -0.00158518    -9.80795 
             139.605 -0.402799  0.977841  0.517218   19.562 -1.38614 0.320025 0 0 0 -0.023404   0.02329 -0.038985 -0.0181334  0.0134195  0.0341911  0.000784732 -0.000184667  -0.00026912 -0.0394108 -0.0415735 -0.0333339    0.143386 -0.00145643    -9.80795 
             139.705 -0.663275  0.789891  0.470894  19.5596 -1.39341 0.315752 0 0 0 -0.023404   0.02329 -0.038985 0.00427359 -0.0827322 -0.0497182  0.000883431 -0.000162311 -0.000223145 -0.0397633 -0.0418634 -0.0330884    0.143616 -0.00131209    -9.80795 
             139.805 -0.162146  0.636103  0.494134  19.5585 -1.38435 0.321839 0 0 0 -0.023404   0.02329 -0.038985 -0.0345564   0.074586  0.0306133  0.000863665 -8.21315e-05 -0.000209385 -0.0400627 -0.0422052 -0.0329552    0.143825 -0.00112597    -9.80795 
             139.905 0.092961 0.126984 0.708848  19.5638 -1.38625 0.319285 0 0 0 -0.023404   0.02329 -0.038985   0.0644683   0.0393254 -0.00926116  0.000761489 -9.33669e-05 -0.000176867 -0.0402065 -0.0424337 -0.0327704     0.143924 -0.000997784     -9.80794 
             140.005 -0.156539  0.239921  0.802037  19.5622 -1.38604 0.318696 0 0 0 -0.023404   0.02329 -0.038985 -0.00315967    0.016077   0.0257693  0.000778574 -0.000192516  -0.00020112 -0.0403616 -0.0426512 -0.0326035     0.144031 -0.000876592     -9.80794 
             140.105 -0.308867 0.0261096   1.10491  19.5577 -1.39002 0.317561 0 0 0 -0.023404   0.02329 -0.038985 -0.0466641 -0.0420786 -0.0335237  0.000876485 -2.58039e-05 -0.000307063 -0.0405234 -0.0429574 -0.0324887      0.14415 -0.000699291     -9.80794 
             140.205 -0.520391 -0.248558  0.778941  19.5602 -1.38717 0.320512 0 0 0 -0.023404   0.02329 -0.038985 -0.0101616  0.0332702  0.0270703  0.000797133  -2.9962e-05 -0.000158391 -0.0406425 -0.0433837 -0.0324257     0.144254 -0.000442123     -9.80794 
             140.305 -0.113521 -0.674471  0.782553  19.5628 -1.38566 0.317724 0 0 0 -0.023404   0.02329 -0.038985  0.0597384  0.0389457 -0.0203687  0.000710874  -3.0809e-05 -0.000144883 -0.0408973  -0.043797 -0.0323604      0.14444 -0.000203474     -9.80794 
             140.405 -0.706295 -0.447886  0.894336  19.5816 -1.36873 0.311678 0 0 0 -0.023404   0.02329 -0.038985   0.195327  0.0981738 -0.0498737  0.000821567 -0.000173796 -0.000144858 -0.0410684 -0.0440848  -0.032269     0.144564 -3.79366e-05     -9.80793 
             140.505 -0.947814 -0.519791  0.952875  19.6077  -1.3615 0.314793 0 0 0 -0.023404   0.02329 -0.038985    0.224896   0.0616611 -0.00831983  0.000742704 -2.20633e-05   -0.0001584  -0.041228 -0.0440545 -0.0324562     0.144665 -6.51349e-05     -9.80793 
             140.605  -1.13877 -0.728395  0.885871  19.6264 -1.35987 0.318651 0 0 0 -0.023404   0.02329 -0.038985  0.302969 0.0652654 0.0131958  0.000674531  -1.2388e-06 -4.92677e-05 -0.0410571 -0.0439121 -0.0325879     0.144553 -0.000138535     -9.80793 
             140.705 -1.54814 -1.23351  1.15299  19.6604 -1.36077 0.320549 0 0 0 -0.023404   0.02329 -0.038985   0.41979 0.0384727 0.0145923  0.000684615 -3.63512e-05 -0.000163954 -0.0409452 -0.0436855 -0.0326445     0.144469 -0.000269893     -9.80794 
             140.805 -1.35548 -1.14449 0.984748  19.6925  -1.3676 0.326189 0 0 0 -0.023404   0.02329 -0.038985  0.495091 0.0311619  0.107159  0.000572212 -0.000178599 -0.000183765 -0.0406293 -0.0434282 -0.0326455     0.144256 -0.000407154     -9.80794 
             140.905 -0.925317  -1.92275   1.00405  19.7469 -1.36803  0.32523 0 0 0 -0.023404   0.02329 -0.038985    0.652498   0.0235615 -0.00623574  0.000674051 -0.000176677 -0.000148538 -0.0404374 -0.0433553 -0.0325675     0.144131 -0.000441579     -9.80794 
             141.005 -1.24006 -1.77353  1.49875  19.8184 -1.37271 0.329337 0 0 0 -0.023404   0.02329 -0.038985   0.800623 -0.0473278 -0.0398215  0.000773161  -3.9436e-05 -0.000152573 -0.0404368 -0.0432439  -0.032579     0.144123 -0.000510445     -9.80794 
             141.105 -1.00166 -1.67364 0.912719  19.9095 -1.37614 0.322827 0 0 0 -0.023404   0.02329 -0.038985   0.903144 0.00984534 -0.0330141  0.000640793 -0.000201902 -0.000113124 -0.0404439 -0.0431353 -0.0327051     0.144121 -0.000573781     -9.80794 
             141.205 -0.464826  -1.40377  0.652852  19.9915 -1.37545 0.330769 0 0 0 -0.023404   0.02329 -0.038985   0.900288   0.104591 -0.0115798  0.000668488 -0.000150712 -0.000218271 -0.0403173 -0.0429282 -0.0327818     0.144029 -0.000691214     -9.80794 
             141.305 0.0391675   -1.6624 0.0694824  20.0764 -1.37482 0.334916 0 0 0 -0.023404   0.02329 -0.038985   0.883348 -0.0488762  0.0410543  0.000723133 -4.30633e-05 -8.64836e-05  -0.040238 -0.0427566 -0.0328661     0.143969 -0.000789474     -9.80794 
             141.406  0.159387 -0.823583  0.269858  20.1482 -1.39219 0.339225 0 0 0 -0.023404   0.02329 -0.038985      0.72295   -0.0584097 -0.000882851  0.000622577  -0.00011481 -0.000157972 -0.0399743 -0.0424326  -0.032853     0.143783 -0.000970229     -9.80795 
             141.506    0.785838   -0.927761 -0.00597746  20.2161 -1.40506 0.331343 0 0 0 -0.023404   0.02329 -0.038985   0.626608 -0.0182159 -0.0469755  0.000615962 -9.24469e-05 -9.01056e-05 -0.0399803 -0.0422103 -0.0327861    0.143768 -0.00110948    -9.80795 
             141.605   1.16187 -0.042391  -0.57665  20.2711 -1.40699 0.329902 0 0 0 -0.023404   0.02329 -0.038985  0.562779 0.0213243 0.0510537  0.000681063 -0.000118515 -0.000103355 -0.0397525 -0.0420577 -0.0328015    0.143617 -0.00118408    -9.80795 
             141.706   1.13157  -0.32819 -0.740131  20.3162 -1.40671 0.331103 0 0 0 -0.023404   0.02329 -0.038985   0.508025 0.00134317 -0.0693599  0.000740194  0.000173598 -8.72538e-05 -0.0395114 -0.0420238 -0.0328457    0.143468 -0.00118254    -9.80795 
             141.805  0.924789 -0.315439 -0.805614  20.3634 -1.40929 0.323361 0 0 0 -0.023404   0.02329 -0.038985     0.5265 -0.0721014 -0.0106741  0.000772275  6.05997e-05 -0.000130882 -0.0394022 -0.0419904 -0.0326732    0.143395 -0.00119152    -9.80795 
             141.905   0.77443 -0.353127 -0.838325   20.401  -1.4164 0.326626 0 0 0 -0.023404   0.02329 -0.038985   0.390822 0.00230977 -0.0365877  0.000758613  0.000111828 -0.000152177 -0.0391376  -0.041864 -0.0327297    0.143223 -0.00124134    -9.80795 
             142.005    1.0761 -0.315482  -1.13332  20.4342 -1.40326 0.318218 0 0 0 -0.023404   0.02329 -0.038985   0.290994   0.246754 -0.0652237  0.000729025  -5.4688e-05 -7.32444e-05 -0.0391181 -0.0418994 -0.0327912    0.143217 -0.00121798    -9.80795 
             142.106 -0.543674   1.27739  -1.57868   20.453 -1.39022 0.324802 0 0 0 -0.023404   0.02329 -0.038985  0.114829 0.0736204 0.0464516  0.000861426  2.20417e-05 -0.000152714 -0.0391908  -0.041884    -0.0329    0.143262 -0.00123683    -9.80795 
             142.206 -1.17981 0.828414 -1.50718  20.4717 -1.38933 0.324438 0 0 0 -0.023404   0.02329 -0.038985   0.207425  0.0150432 -0.0271136  0.000787951  5.41711e-05 -0.000167893  -0.039316 -0.0417366 -0.0329457   0.143321 -0.0013412   -9.80795 
             142.305 -1.47666 0.815919 -1.27738   20.497 -1.39201 0.324084 0 0 0 -0.023404   0.02329 -0.038985  0.252377 0.0324937 0.0153236  0.000786143  9.80564e-05 -0.000138202   -0.03949 -0.0415575 -0.0328199    0.143398 -0.00147173    -9.80795 
             142.405    -2.0549 0.00403955   -1.24929   20.535 -1.39489 0.324943 0 0 0 -0.023404   0.02329 -0.038985   0.447738  0.0241652 0.00159806  0.000801063   6.8868e-05 -0.000112847 -0.0396256 -0.0414307 -0.0328718  0.143466 -0.001564  -9.80795 
             142.505  -1.66341 -0.294116   -1.3674  20.5902 -1.39707 0.323234 0 0 0 -0.023404   0.02329 -0.038985   0.513659 -0.0372939  0.0351312  0.000749593  6.07387e-05 -0.000151754 -0.0397405 -0.0413936 -0.0328491    0.143529 -0.00160136    -9.80795 
             142.605 -0.380901  -1.01389  -1.12735  20.6445 -1.39868 0.325048 0 0 0 -0.023404   0.02329 -0.038985    0.670297  0.00575094 -0.00886898  0.000762275  6.80667e-05 -0.000144948 -0.0395829   -0.04132 -0.0328899    0.143428 -0.00162453    -9.80795 
             142.705 -0.591607  -1.61235 -0.736975  20.7117 -1.40222 0.329088 0 0 0 -0.023404   0.02329 -0.038985     0.7488 -0.0546792  0.0329522  0.000843252  0.000165815 -0.000170573 -0.0393627 -0.0412988 -0.0329988    0.143297 -0.00160653    -9.80795 
             142.805 -0.730044  -2.22695 -0.758287  20.7893 -1.40995 0.333543 0 0 0 -0.023404   0.02329 -0.038985   0.846886  -0.105277 -0.0344536  0.000896065  0.000168558 -0.000164827  -0.039251 -0.0412914 -0.0331484    0.143233 -0.00159298    -9.80795 
             142.905 -0.749616  -2.06027 -0.989283  20.8825 -1.41472 0.339066 0 0 0 -0.023404   0.02329 -0.038985    0.96244 -0.0738678  -0.100667   0.00075206  0.000159375 -0.000136469 -0.0392605 -0.0413426 -0.0335129     0.14325 -0.00155186    -9.80795 
             143.005  0.839736   -2.1401 -0.826641  20.9725 -1.42377 0.340905 0 0 0 -0.023404   0.02329 -0.038985   0.962565 0.00471989  -0.128731 0.000780756 0.000103609  -0.0002145 -0.0392521  -0.041193 -0.0336578    0.143228 -0.00163727    -9.80795 
             143.105  2.17194 -2.20275 -1.24029  21.0696 -1.42453 0.330146 0 0 0 -0.023404   0.02329 -0.038985  0.964031 -0.137861  -0.12522  0.000770198  0.000164998 -0.000219714 -0.0392816 -0.0412363 -0.0337644     0.14325 -0.00161234    -9.80795 
             143.205   1.57581 -0.501113 -0.838471  21.1501   -1.435 0.333889 0 0 0 -0.023404   0.02329 -0.038985   0.748435 -0.0538895 -0.0496567  0.000804646  8.72068e-05 -0.000234376 -0.0391734 -0.0411945 -0.0340176    0.143178 -0.00162392    -9.80795 
             143.305   1.47365  -1.03409 -0.789327  21.2175 -1.44176 0.327007 0 0 0 -0.023404   0.02329 -0.038985  0.683479 0.0620795 -0.133021  0.000984509  0.000199488 -0.000214581 -0.0390884 -0.0410424 -0.0342793    0.143109 -0.00170853    -9.80796 
             143.405    1.42312 -0.0964595   -1.12005  21.2884 -1.43325 0.329289 0 0 0 -0.023404   0.02329 -0.038985  0.607733 0.0239997 0.0219933   0.00091985  0.000215072 -0.000185131 -0.0392156 -0.0410831 -0.0345262    0.143189 -0.00170145    -9.80795 
             143.505  0.445301 -0.235623 -0.921931  21.3484 -1.43026  0.32506 0 0 0 -0.023404   0.02329 -0.038985  0.618962  0.016772 -0.132944   0.00105702  0.000183764 -0.000132258  -0.039155 -0.0410908 -0.0347647    0.143156 -0.00169472    -9.80796 
             143.605 0.670924  0.13251 -0.34755   21.405 -1.43629 0.324683 0 0 0 -0.023404   0.02329 -0.038985   0.517217 -0.0330147 -0.0393816  0.00106862 0.000201998 -0.00011998 -0.0390356 -0.0410342 -0.0350663    0.143084 -0.00172042    -9.80796 
             143.705   1.08596  0.438113 -0.121406  21.4418 -1.42859 0.323644 0 0 0 -0.023404   0.02329 -0.038985  0.334543  0.156515 -0.153624  0.00112604 0.000290522 -0.00016456  -0.038921  -0.041071 -0.0352941    0.143026 -0.00168933    -9.80796 
             143.805  0.469938   1.53782 -0.518876  21.4703 -1.40659 0.316623 0 0 0 -0.023404   0.02329 -0.038985   0.184341   0.175619 0.00999159   0.00121789  0.000236076 -0.000113767 -0.0389012 -0.0410543 -0.0353756   0.143015 -0.0016983   -9.80796 
             143.906  -1.22211   1.96309 -0.286508  21.4916 -1.39564 0.320979 0 0 0 -0.023404   0.02329 -0.038985    0.211749    0.166847 -0.00971771  0.00116887  0.00024924 -0.00017581 -0.0389659 -0.0409157 -0.0355429    0.143046 -0.00178909    -9.80796 
             144.005   -2.85571     1.3986 -0.0524911  21.5153 -1.38496 0.325492 0 0 0 -0.023404   0.02329 -0.038985  0.282046  0.126307 0.0193268   0.00118732  0.000202463 -0.000171266 -0.0389431  -0.040806 -0.0356729   0.143028 -0.0018521   -9.80796 
             144.105 -3.78095 0.583367  0.53346  21.5516 -1.37689 0.335804 0 0 0 -0.023404   0.02329 -0.038985  0.418803 0.0997182 0.0500425   0.00114471  0.000150367 -0.000190541 -0.0390544 -0.0406772 -0.0358059    0.143089 -0.00193683    -9.80796 
             144.206  -3.58015 -0.304977  0.868879  21.5978 -1.37351 0.338165 0 0 0 -0.023404   0.02329 -0.038985    0.608674     0.13991 -0.00925278     0.001038   0.00014579 -0.000151107 -0.0389395 -0.0404379  -0.035731    0.142996 -0.00207172    -9.80796 
             144.305  -2.56309 -0.786503  0.964071  21.6476 -1.37306 0.337931 0 0 0 -0.023404   0.02329 -0.038985   0.528243  0.0762669 -0.0137666   0.00101176  0.000171261 -0.000120455  -0.038817 -0.0402024 -0.0356336      0.1429 -0.00220651    -9.80796 
             144.405 -0.880715  -1.41509   1.40259  21.7068 -1.37364 0.337628 0 0 0 -0.023404   0.02329 -0.038985   0.594959  0.0197491 -0.0305385  0.000998361  0.000268997 -0.000210257 -0.0389515 -0.0399872 -0.0358119    0.142971 -0.00233285    -9.80796 
             144.505 -0.472146 -0.953541   1.71543  21.7626 -1.38751 0.342935 0 0 0 -0.023404   0.02329 -0.038985  0.541805 0.0214054 0.0746242   0.00107221  0.000245728 -0.000188926 -0.0389114 -0.0395739 -0.0358767     0.14292 -0.00257254    -9.80796 
             144.605 0.212482 -1.26394  1.66413  21.8108 -1.38828 0.343518 0 0 0 -0.023404   0.02329 -0.038985   0.517607  0.0868052 0.00716891   0.00110029   0.00021222 -0.000145521 -0.0387397 -0.0394279 -0.0358809   0.142809 -0.0026494   -9.80796 
             144.705   0.26088 -0.945707   1.31065  21.8636 -1.38208 0.339909 0 0 0 -0.023404   0.02329 -0.038985   0.497994  0.0803643 -0.0513849   0.00112066  0.000213835 -9.06945e-05  -0.038675 -0.0393125  -0.035875    0.142764 -0.00271559    -9.80796 
             144.806  1.41071 -1.00882  1.13865  21.9106 -1.38363 0.339342 0 0 0 -0.023404   0.02329 -0.038985  0.522706 0.0574695 -0.118398    0.001034 0.000299264 -7.6349e-05  -0.038598 -0.0389958 -0.0360066    0.142704 -0.00289894    -9.80796 
             144.905   2.75175 -0.815053   1.45917   21.943 -1.39693  0.33387 0 0 0 -0.023404   0.02329 -0.038985  0.268157 0.0649908 0.0798658   0.00107872  0.000176546 -8.35013e-05 -0.0383264 -0.0385212 -0.0359586    0.142518 -0.00317088    -9.80796 
             145.005   3.50223 0.0124361   1.84271  21.9628 -1.39918 0.336347 0 0 0 -0.023404   0.02329 -0.038985  0.186997  0.161405 -0.105319   0.00105406  0.000153027 -0.000133349 -0.0383024 -0.0381441 -0.0361038    0.142486 -0.00339725    -9.80796 
             145.106   3.4518 0.673492  1.16878  21.9715 -1.38607   0.3331 0 0 0 -0.023404   0.02329 -0.038985  0.0867204   0.235046 -0.0152022   0.00102538  0.000156215 -0.000119306 -0.0380996 -0.0378577 -0.0362838    0.142355 -0.00356245    -9.80797 
             145.205  2.34838   1.0135 0.337306  21.9721 -1.38684 0.329281 0 0 0 -0.023404   0.02329 -0.038985  0.0803066    0.10398 -0.0954126   0.00104271  0.000202993 -4.43293e-05 -0.0379414 -0.0373685 -0.0363627    0.142239 -0.00384942    -9.80797 
             145.305  2.80942  1.13793 0.646839  21.8969 -1.38895 0.343912 0 0 0 -0.023404   0.02329 -0.038985 -0.0685172   0.144045  0.0964807 0.000950306 0.000197656 -8.9383e-05 -0.0378114 -0.0368012 -0.0363715     0.14213 -0.00417909    -9.80797 
             145.405  2.31693 0.309057 0.902523  21.9057 -1.39685 0.334654 0 0 0 -0.023404   0.02329 -0.038985  0.0737502  0.0204558 -0.0630483  0.000934478  0.000220264 -0.000114642  -0.037876 -0.0364722 -0.0361868     0.14214 -0.00436925    -9.80797 
             145.505  1.93768  0.63075 0.811484  21.9008 -1.39531 0.340253 0 0 0 -0.023404   0.02329 -0.038985 -0.0275207  0.0395655  0.0449927  0.000954275  8.26817e-05 -0.000104603 -0.0379003 -0.0363559 -0.0361165    0.142144 -0.00443631    -9.80797 
             145.606  1.72176 0.434955 0.572523  21.9005 -1.39651 0.336723 0 0 0 -0.023404   0.02329 -0.038985 -0.0231738 0.00105125 -0.0219005   0.00103036  0.000115224 -0.000138834 -0.0380744 -0.0361241 -0.0359638    0.142223 -0.00457815    -9.80797 
             145.706   0.916691 -0.0960306   0.513754  21.9035 -1.39639 0.336442 0 0 0 -0.023404   0.02329 -0.038985  0.0400317 0.00685787 -0.0182368   0.00105911  9.83051e-05 -0.000107094 -0.0382331  -0.035962 -0.0358813     0.1423 -0.0046814   -9.80797 
             145.805  0.422328 -0.384418  0.400291  21.9029 -1.39671 0.338399 0 0 0 -0.023404   0.02329 -0.038985  0.0111032 0.00422548 0.00655675   0.00112948  0.000119811 -0.000149411 -0.0383728 -0.0357635 -0.0357323    0.142361 -0.00480338    -9.80797 
             145.904  0.408034 -0.158648 0.0816338  21.9019  -1.3955 0.337924 0 0 0 -0.023404   0.02329 -0.038985 -0.00375069   0.0277618  0.00936153   0.00113879  0.000108354 -9.21127e-05 -0.0383069 -0.0356399 -0.0355263    0.142306 -0.00486684    -9.80797 
             146.005   0.711041 -0.0853614   0.124744  21.9023 -1.39611 0.336919 0 0 0 -0.023404   0.02329 -0.038985  0.00570377   0.0133299 -0.00981027   0.00099085  3.73487e-05 -0.000103703 -0.0383686 -0.0355034 -0.0354449    0.142328 -0.00495061    -9.80797 
             146.105  0.479553 -0.117188  0.153501  21.9025 -1.39594 0.337244 0 0 0 -0.023404   0.02329 -0.038985 0.00858279  0.0160734 -0.0021511   0.00106065 -2.15894e-06 -0.000100496 -0.0383938 -0.0353228 -0.0353266    0.142325 -0.00505754    -9.80797 
             146.205  0.554812 -0.207908  0.285158  21.9027 -1.39771 0.333856 0 0 0 -0.023404   0.02329 -0.038985   0.0168754   0.0250816 -0.00788638   0.00105409  3.57845e-05 -0.000152327 -0.0383741 -0.0352091 -0.0352282    0.142301 -0.00512217    -9.80797 
             146.305  0.735269 -0.196835  0.592407  21.9055 -1.40306 0.333762 0 0 0 -0.023404   0.02329 -0.038985   0.0209677 0.000673009  -0.0104509    0.0010159   3.0866e-05 -0.000154382 -0.0384153 -0.0350171 -0.0352618     0.14231 -0.00523782    -9.80797 
             146.405   1.00329 -0.287926   1.11735  21.9145 -1.40251 0.331368 0 0 0 -0.023404   0.02329 -0.038985   0.038287  0.0387367 -0.0113469   0.00102997  8.13471e-05 -0.000106319 -0.0385913 -0.0349931 -0.0352262    0.142409 -0.00526612    -9.80796 
             146.505   1.23541 -0.237787   1.49809  21.9222 -1.39759 0.332622 0 0 0 -0.023404   0.02329 -0.038985   0.0505901   0.0784609 -0.00542069   0.00104229  6.50158e-05 -0.000117052 -0.0386903 -0.0349571 -0.0353034    0.142466 -0.00529474    -9.80796 
             146.605   1.25152 -0.220129   1.58585  21.9259  -1.3921 0.334419 0 0 0 -0.023404   0.02329 -0.038985     0.050294     0.109888 -0.000893968   0.00110378  3.99287e-05 -9.75882e-06 -0.0386591 -0.0348136 -0.0353933     0.14244 -0.00537723    -9.80796 
             146.705   1.26167 -0.683581   1.76494  21.9342 -1.39025 0.330387 0 0 0 -0.023404   0.02329 -0.038985  0.0556231   0.107475 -0.0114228   0.00113373  0.000253102 -7.35591e-06 -0.0387709 -0.0345291 -0.0353022    0.142487 -0.00554973    -9.80796 
             146.805    1.5136 -0.573473   1.95248   21.935 -1.39044 0.331323 0 0 0 -0.023404   0.02329 -0.038985   0.0480239    0.114439 -0.00691098   0.00104068  0.000166419 -2.57914e-05 -0.0386511 -0.0342203 -0.0353795    0.142403 -0.00572453    -9.80796 
             146.905   1.62878 -0.594754   2.18769  21.9384 -1.38854 0.332706 0 0 0 -0.023404   0.02329 -0.038985   0.0445419    0.114137 -0.00087628   0.00100942  0.000162227 -8.95924e-05   -0.03863 -0.0339455 -0.0354595     0.14238 -0.00588498    -9.80796 
             147.005   1.70877 -0.740833   2.16318    21.94 -1.38803 0.335889 0 0 0 -0.023404   0.02329 -0.038985  0.0356283  0.0941072 0.00888063  0.000970734  0.000215088 -2.73808e-05 -0.0385728 -0.0336586 -0.0355736    0.142338 -0.00605172    -9.80797 
             147.105  1.83856 -0.80636  2.26851  21.9449 -1.38899 0.335812 0 0 0 -0.023404   0.02329 -0.038985  0.0396383  0.0796408 0.00596969  0.000891897  0.000214852 -5.40854e-05  -0.038614 -0.0333817 -0.0355593    0.142351 -0.00621412    -9.80797 
             147.205   1.78683 -0.812091   2.31237  21.9485 -1.39183 0.338064 0 0 0 -0.023404   0.02329 -0.038985 0.0377783  0.042592  0.011329  0.000901477  0.000188822 -5.29395e-05 -0.0386148 -0.0331207 -0.0356303    0.142344 -0.00636752    -9.80797 
             147.305  1.76748 -0.86113  2.30292  21.9511 -1.39453 0.338045 0 0 0 -0.023404   0.02329 -0.038985  0.0318249  0.0134068 0.00869223  0.000905303    0.0002037 -2.19395e-05 -0.0385948 -0.0329475 -0.0356115    0.142327 -0.00646711    -9.80797 
             147.405   1.72112 -0.914334   2.32124  21.9551 -1.39856 0.336258 0 0 0 -0.023404   0.02329 -0.038985  0.0340233 0.00322504 0.00152233  0.000912674  0.000202357 -1.68893e-05 -0.0386179 -0.0328079 -0.0355494    0.142335 -0.00654741    -9.80797 
             147.505   1.67767 -0.908347   2.38426   21.958 -1.40155 0.339352 0 0 0 -0.023404   0.02329 -0.038985 0.0363823 0.0120903 0.0108979 0.000913341 0.000160188 -4.2181e-05  -0.038605 -0.0327018   -0.03564    0.142325 -0.00661073    -9.80797 
             147.605   1.60652 -0.903458   2.42314  21.9601 -1.40251 0.336769 0 0 0 -0.023404   0.02329 -0.038985   0.0346221   0.0237979 -0.00246788  0.000930973  0.000130991 -5.76945e-05 -0.0385627 -0.0326205 -0.0355477    0.142297 -0.00665435    -9.80797 
             147.705  1.54045 -1.04594  2.35999  21.9668 -1.39922 0.337074 0 0 0 -0.023404   0.02329 -0.038985    0.0401922    0.0507902 -0.000995679  0.000963424  0.000215613 -4.76806e-06 -0.0386525 -0.0326072 -0.0355679    0.142349 -0.00666517    -9.80796 
             147.805   1.60441 -0.989868   2.46322  21.9641 -1.39782 0.339275 0 0 0 -0.023404   0.02329 -0.038985  0.0192396  0.0519225 0.00522716  0.000914823  0.000177214 -5.41956e-05 -0.0384923 -0.0325119 -0.0356405    0.142255 -0.00671717    -9.80797 
             147.905   1.64447 -0.842954   2.39022  21.9626 -1.39507 0.340479 0 0 0 -0.023404   0.02329 -0.038985  0.0168186  0.0507425 0.00400141  0.000847726  4.75303e-05 -2.18958e-05 -0.0383962 -0.0324418 -0.0356655    0.142198 -0.00675538    -9.80797 
             148.006 1.45062 -1.0732 2.38615  21.9665 -1.39775 0.340152 0 0 0 -0.023404   0.02329 -0.038985  0.0233936   0.019145 0.00745793 0.000919818 0.000129554 -3.4212e-05 -0.0384625 -0.0322439 -0.0356528    0.142231 -0.00687113    -9.80797 
             148.105  1.62278 -1.19288  2.49122  21.9674 -1.40136 0.342969 0 0 0 -0.023404   0.02329 -0.038985   0.0169795 -0.00124292   0.0138562  0.000814677  0.000191753 -7.28751e-05 -0.0384333 -0.0321186 -0.0357171    0.142211 -0.00694361    -9.80797 
             148.205   1.50761 -0.869944    2.4482  21.9621   -1.403 0.341135 0 0 0 -0.023404   0.02329 -0.038985 -0.00651168    0.007208  0.00681866   0.00089598  5.06471e-05 -1.21402e-05 -0.0382516 -0.0320684 -0.0356265    0.142105 -0.00696573    -9.80797 
             148.305   1.40448 -0.991909   2.46364  21.9637 -1.40153 0.342803 0 0 0 -0.023404   0.02329 -0.038985 -0.00581184  0.00733673   0.0087164  0.000888748  5.14532e-05 -2.82257e-05 -0.0383201 -0.0320761 -0.0356546    0.142145 -0.00696372    -9.80797 
             148.406  1.35113 -1.47547  2.40963  21.9591 -1.40165 0.343777 0 0 0 -0.023404   0.02329 -0.038985 -0.0161915  0.0234705 0.00500663  0.000825589  0.000117414 -7.89223e-05 -0.0382228 -0.0320366 -0.0356605    0.142088 -0.00698384    -9.80797 
             148.505  1.18352 -2.01568   2.1599  21.9638 -1.39876 0.343798 0 0 0 -0.023404   0.02329 -0.038985 0.00774719  0.0460885 0.00190804  0.000862223  0.000178145 -9.72843e-05 -0.0383841 -0.0320276 -0.0356507     0.14218 -0.00699327    -9.80797 
             148.605 0.981083 -1.92378   1.7679  21.9661 -1.39643 0.341492 0 0 0 -0.023404   0.02329 -0.038985  0.0286467   0.053113 0.00419385  0.000915979   3.1867e-05 -2.41067e-05 -0.0384024 -0.0319672 -0.0355646    0.142188 -0.00702696    -9.80797 
             148.705 0.665318 -1.55269  2.06058  21.9689 -1.39691 0.343486 0 0 0 -0.023404   0.02329 -0.038985 0.0400346 0.0489898 -0.016268   0.00092076 -1.35723e-05 -6.73908e-05 -0.0383882 -0.0317865 -0.0356493    0.142174 -0.00713118    -9.80797 
             148.805  1.10901 -1.13848  2.70499  21.9691  -1.3931 0.343702 0 0 0 -0.023404   0.02329 -0.038985 0.0105142 0.0672044 0.0133873  0.000828157  8.50204e-05 -4.99453e-05 -0.0383194 -0.0317109 -0.0356377    0.142132 -0.00717178    -9.80797 
             148.905  1.12485 -1.00023  3.10119  21.9745  -1.3974 0.340695 0 0 0 -0.023404   0.02329 -0.038985  0.0674985 0.00658588 -0.0436481  0.000856049  0.000126359 -5.50766e-05 -0.0383991 -0.0314776 -0.0356139     0.14217 -0.00730724    -9.80797 
             149.004   1.76251 -0.907693   3.54441  21.9823 -1.39987 0.339529 0 0 0 -0.023404   0.02329 -0.038985  0.0409235  0.0100569 -0.0102552  0.000703292   0.00012771 -6.05849e-05 -0.0384392 -0.0313583 -0.0356146    0.142189 -0.00737611    -9.80797 
             149.105  1.98603 -1.11526  4.69704  21.9785 -1.39716 0.344616 0 0 0 -0.023404   0.02329 -0.038985  0.029085 0.0253817 0.0213265  0.000777505  0.000172536 -6.23229e-05 -0.0382805 -0.0313564 -0.0357281      0.1421 -0.00737581    -9.80797 
             149.205   1.05482 -0.793791    5.0882  21.9784 -1.40204 0.341702 0 0 0 -0.023404   0.02329 -0.038985   0.0186865 -0.00338853  -0.0175866  0.000846898  8.87351e-05 -9.19951e-05 -0.0381969  -0.031194 -0.0356556    0.142052 -0.00746692    -9.80797 
             149.306   1.13447 -0.415121   5.59705  21.9747 -1.40469 0.341137 0 0 0 -0.023404   0.02329 -0.038985 -0.0175395 0.00774285  0.0116857  0.000912213   6.6355e-05 -7.94163e-05 -0.0380862 -0.0311099 -0.0356337     0.14199 -0.00751581    -9.80797 
             149.405   1.07463 -0.518219   6.19977  21.9699 -1.40277 0.341001 0 0 0 -0.023404   0.02329 -0.038985 -0.0390364  0.0196569 0.00415754  0.000965848  8.97765e-05 -5.62554e-05 -0.0380316 -0.0311249 -0.0356003    0.141958 -0.00750844    -9.80797 
             149.505  0.857919 -0.950744   6.24998  21.9625 -1.39937 0.338623 0 0 0 -0.023404   0.02329 -0.038985 -0.0451966  0.0455954 4.4551e-05  0.000949981  1.00344e-05 -4.43892e-05 -0.0379299 -0.0311482 -0.0355085    0.141898 -0.00749815    -9.80797 
             149.605 0.850736 -1.24445  6.70239  21.9519 -1.39841 0.340567 0 0 0 -0.023404   0.02329 -0.038985 -0.0477579  0.0544808  0.0135536  0.000963835 -1.64739e-05 -0.000126999 -0.0377585 -0.0310412 -0.0355645    0.141809 -0.00756818    -9.80797 
             149.705 0.533847 -1.46231  7.00458  21.9508 -1.39748 0.343127 0 0 0 -0.023404   0.02329 -0.038985 -0.00734077   0.0530588  -0.0107948   0.0010055 2.65148e-05 -0.00015225 -0.0377904 -0.0308998 -0.0356367    0.141837 -0.00764607    -9.80797 
             149.804  0.592958 -0.904942   7.40227  21.9465 -1.39396 0.341806 0 0 0 -0.023404   0.02329 -0.038985 -0.0346393    0.07968  0.0121205  0.000951398  4.84428e-05 -7.25944e-05  -0.037704 -0.0308204 -0.0356319    0.141794 -0.00769663    -9.80797 
             149.905   1.00567 -0.403365   8.20422  21.9345 -1.38994  0.34034 0 0 0 -0.023404   0.02329 -0.038985  -0.0604348   0.0928299 -0.00280552   0.00093954 -4.24117e-05 -0.000104291 -0.0374823 -0.0307292  -0.035559    0.141678 -0.00776484    -9.80797 
             150.005 0.992258 -1.05793  8.30912  21.9367 -1.39103 0.341247 0 0 0 -0.023404   0.02329 -0.038985 -0.0160812   0.053738  0.0172306  0.000896567   0.00011474 -0.000104168 -0.0376079 -0.0304568 -0.0356374   0.141773 -0.0079051   -9.80797 
             150.105   1.49137 -0.895771   9.26557  21.9264 -1.39116 0.339702 0 0 0 -0.023404   0.02329 -0.038985 -0.0689786  0.0768867  0.0038435   0.00093939  9.89697e-05 -0.000185908 -0.0374271 -0.0303115 -0.0355619    0.141687 -0.00800318    -9.80797 
             150.205  1.03806 -1.24823  9.69376   21.927 -1.39124 0.338117 0 0 0 -0.023404   0.02329 -0.038985 -0.011319 0.0385329 -0.023546  0.000973929  0.000114071 -0.000115537 -0.0375217 -0.0301058 -0.0355409    0.141762 -0.00810564    -9.80797 
             150.306  0.674279 -0.631417   10.0642  21.9257 -1.39393 0.338285 0 0 0 -0.023404   0.02329 -0.038985  -0.0252534   0.0404666 -0.00204411  0.000978709  3.46493e-05 -8.73655e-05 -0.0375004 -0.0299473  -0.035646    0.141772 -0.00819607    -9.80797 
             150.405  0.949777 -0.547346   10.9703  21.9186 -1.39207 0.339216 0 0 0 -0.023404   0.02329 -0.038985  -0.062886  0.0616298 0.00274989    0.0010208  0.000107894 -0.000146575 -0.0374143 -0.0298755 -0.0356735    0.141735 -0.00824739    -9.80797 
             150.505  0.663329 -0.930833   11.1959  21.9189 -1.39565 0.336588 0 0 0 -0.023404   0.02329 -0.038985  -0.0240201   0.0378573 -0.00742293   0.00103039  8.94331e-05 -0.000138395 -0.0374919 -0.0296375 -0.0356484    0.141812 -0.00836363    -9.80797 
             150.605 0.919707 -1.16764  11.5998  21.9246 -1.39282 0.335859 0 0 0 -0.023404   0.02329 -0.038985 -0.0243884  0.0490203 0.00215119   0.00106487  0.000163875 -0.000114548 -0.0377045 -0.0295383 -0.0356436    0.141942 -0.00838179    -9.80797 
             150.706 0.678339 -1.44488  11.9696   21.926 -1.38753 0.338425 0 0 0 -0.023404   0.02329 -0.038985  0.0141398  0.0802078 0.00624488   0.00110727  0.000146332 -5.17408e-05 -0.0377476 -0.0294524 -0.0357128    0.141981 -0.00842039    -9.80797 
             150.805 0.352071 -1.16369  12.4846  21.9244 -1.38594 0.338702 0 0 0 -0.023404   0.02329 -0.038985  0.0174545   0.069581 -0.0264158  0.000995451  0.000136737 -0.000104755 -0.0376275 -0.0293453 -0.0357751    0.141938 -0.00849944    -9.80797 
             150.905  0.640888 -0.493282   13.2794  21.9195 -1.38604  0.33872 0 0 0 -0.023404   0.02329 -0.038985 -0.0192502  0.0640063 0.00428698   0.00104408  7.72037e-07 -0.000142769 -0.0374561 -0.0291884 -0.0357831  0.141879 -0.008615  -9.80797 
             151.005  0.489198 -0.665241   13.5642  21.9101 -1.38843 0.339259 0 0 0 -0.023404   0.02329 -0.038985 -0.0245317  0.0715254 -0.0217799   0.00111478  7.75634e-05 -8.32218e-05 -0.0372242 -0.0290011  -0.035844    0.141798 -0.00876036    -9.80797 
             151.105  0.543137 -0.899455   13.9499  21.9092  -1.3878 0.332355 0 0 0 -0.023404   0.02329 -0.038985 -0.0441525  0.0965003 -0.0228318   0.00116164    9.932e-05 -0.000156969 -0.0372368 -0.0287665 -0.0356821    0.141852 -0.00887809    -9.80797 
             151.205 0.699906 -1.26214  14.6385  21.9069 -1.38279 0.332545 0 0 0 -0.023404   0.02329 -0.038985 -0.0246299   0.124994 -0.0132134  0.00112676 0.000145538 -0.00013862  -0.037251 -0.0285577 -0.0357576    0.141907 -0.00898158    -9.80797 
             151.305 0.325317 -1.34938  14.9439  21.9093 -1.38084 0.336148 0 0 0 -0.023404   0.02329 -0.038985 -0.00146504   0.0941796  -0.0309546  0.000981198  0.000256553 -0.000114583  -0.037279 -0.0282848 -0.0359521    0.141989 -0.00911331    -9.80797 
             151.405  0.519106 -0.933385   15.5163  21.9081 -1.37825 0.336871 0 0 0 -0.023404   0.02329 -0.038985 -0.0272142   0.103615 0.00610512  0.000973103  0.000235726 -0.000126863 -0.0372202 -0.0280613 -0.0360398   0.142016 -0.0092399   -9.80797 
             151.505  0.649053 -0.599726    16.088  21.9068 -1.37627 0.339672 0 0 0 -0.023404   0.02329 -0.038985 -0.0182463  0.0856395 -0.0110017  0.000950229  0.000133605 -0.000113634 -0.0372071 -0.0278096 -0.0361409    0.142074 -0.00936815    -9.80797 
             151.605  0.69388 -1.13403  16.1735   21.903 -1.37685 0.341895 0 0 0 -0.023404   0.02329 -0.038985 -0.0403801  0.0781559  0.0204843  0.000866572  0.000238071 -8.61382e-05 -0.0370722 -0.0275854 -0.0362184    0.142069 -0.00951437    -9.80797 
             151.705 0.906974 -1.36403  16.8382  21.8985 -1.37547 0.345413 0 0 0 -0.023404   0.02329 -0.038985 -0.0471673  0.0760426  0.0174644  0.000879465  0.000292749 -4.20685e-05 -0.0370407 -0.0274115 -0.0362859    0.142103 -0.00960782    -9.80797 
             151.805 0.594589 -1.63862  17.3232  21.8938 -1.37429  0.34673 0 0 0 -0.023404   0.02329 -0.038985 -0.0167896  0.0529986 -0.0119221 0.000812586 0.000291454 -8.3591e-05 -0.0369353 -0.0272809 -0.0363001    0.142089 -0.00970066    -9.80797 
             151.906 0.473849 -1.20703  17.7612  21.8916 -1.37308 0.344209 0 0 0 -0.023404   0.02329 -0.038985 -0.0430036  0.0725712 0.00541273  0.000771085  0.000334574 -9.36256e-05 -0.0368969 -0.0271461 -0.0362741     0.14211 -0.00977594    -9.80797 
             152.005  0.753111 -0.762102   18.5275  21.8922 -1.37107 0.347799 0 0 0 -0.023404   0.02329 -0.038985 -0.0409077  0.0664146 -0.0070935  0.000799562  0.000240765 -9.36903e-05 -0.0369818  -0.026979 -0.0363849    0.142201 -0.00982931    -9.80796 
             152.104  0.56866 -1.14585  18.6338  21.8948 -1.37283 0.344677 0 0 0 -0.023404   0.02329 -0.038985  -0.0120737   0.0616773 0.000771201   0.00079918   0.00024406 -5.30002e-05 -0.0370028 -0.0267325 -0.0363673    0.142287 -0.00993667    -9.80796 
             152.205 0.797112 -1.08253  19.4383  21.8936 -1.37388 0.342923 0 0 0 -0.023404   0.02329 -0.038985 -0.0456248  0.0812803 0.00522706  0.000919769  0.000242438 -0.000100251 -0.0369869 -0.0265107 -0.0363301  0.142351 -0.010043  -9.80796 
             152.306 0.373299 -1.36962  20.0749  21.8986 -1.37352 0.344803 0 0 0 -0.023404   0.02329 -0.038985  0.0249478  0.0649391 -0.0198388  0.000896773  0.000203916 -0.000107518 -0.0370488  -0.026233 -0.0364139   0.142471 -0.0101479   -9.80796 
             152.405 0.0151149 -0.808281   20.4522  21.8995 -1.37547  0.34323 0 0 0 -0.023404   0.02329 -0.038985 0.00305364   0.056313 0.00392453  0.000881384  0.000182172 -0.000114043  -0.036937 -0.0260543 -0.0364335   0.142483 -0.0102656   -9.80796 
             152.505  0.458066 -0.565117   21.0032  21.9002 -1.37193 0.348169 0 0 0 -0.023404   0.02329 -0.038985  -0.0131115   0.0566462 0.000865419  0.000836317  0.000196992 -6.21187e-05 -0.0369611 -0.0259625 -0.0365744   0.142528 -0.0102973   -9.80796 
             152.605 0.288094 -1.05876  21.3006     21.9 -1.37205 0.348543 0 0 0 -0.023404   0.02329 -0.038985 -0.00458929   0.0599144   0.0101063  0.000803467   0.00026104 -6.89189e-05 -0.0368856 -0.0258249 -0.0366298   0.142546 -0.0103837   -9.80796 
             152.705 0.644055 -1.00034   22.136  21.9001 -1.37098 0.346898 0 0 0 -0.023404   0.02329 -0.038985 -0.0389467   0.064229  0.0137983 0.000856583 0.000281337 -9.0344e-05 -0.0368984 -0.0256469 -0.0365523   0.142615 -0.0104541   -9.80796 
             152.806 0.413414 -1.24709  22.6064  21.9039  -1.3655 0.349076 0 0 0 -0.023404   0.02329 -0.038985   0.0330849   0.0656433 -0.00780579 0.000812297 0.000213708 -1.4728e-05 -0.0369843 -0.0255214 -0.0366045   0.142699 -0.0104734   -9.80796 
             152.905 -0.149646 -0.784872   22.9719  21.9069 -1.36435 0.348583 0 0 0 -0.023404   0.02329 -0.038985 0.00775612  0.0738548  0.0162445  0.000845177  0.000211647 -2.39899e-05 -0.0369138  -0.025375 -0.0366241   0.142727 -0.0105606   -9.80796 
             153.006  0.125554 -0.605162   23.7268   21.911 -1.36564 0.346901 0 0 0 -0.023404   0.02329 -0.038985 0.00105458  0.0644267 -0.0219654  0.000878086  0.000229278 -7.49666e-05 -0.0369185 -0.0250886 -0.0365706   0.142841 -0.0106732   -9.80795 
             153.105 0.00410143  -0.898745    24.2188  21.9142 -1.36837 0.342461 0 0 0 -0.023404   0.02329 -0.038985   0.021179  0.0612265 -0.0136178  0.000835951  0.000211456 -9.92442e-05 -0.0368202 -0.0248477 -0.0365458   0.142899 -0.0108076   -9.80795 
             153.205  0.450227 -0.902043   25.3012  21.9183 -1.36812 0.345112 0 0 0 -0.023404   0.02329 -0.038985 -0.00725744    0.059122 -0.00735106  0.000851575  0.000256755 -0.000131026 -0.0368437 -0.0246468 -0.0366826   0.142992 -0.0108742   -9.80795 
             153.305 0.0894207   -1.2466   25.9274  21.9278 -1.36621 0.345053 0 0 0 -0.023404   0.02329 -0.038985  0.0744852  0.0321189 -0.0238589  0.000819189  0.000241676 -7.52804e-05 -0.0369343 -0.0244827 -0.0367115   0.143096 -0.0108964   -9.80795 
             153.405 -0.293204 -0.723121    26.274  21.9375 -1.36982 0.346287 0 0 0 -0.023404   0.02329 -0.038985  0.0578497  0.0264843 0.00880831  0.000793092  0.000193582 -6.65396e-05    -0.0369 -0.0243219 -0.0368062  0.143155 -0.010969  -9.80795 
             153.504  0.211369 -0.625405   26.9548  21.9399 -1.36516 0.353025 0 0 0 -0.023404   0.02329 -0.038985  0.0333046  0.0284044 -0.0102248  0.000745288  0.000248477 -5.95387e-05 -0.0369057 -0.0243711  -0.036955   0.143138 -0.0109483   -9.80795 
             153.605 -0.081879 -0.986694   27.6298  21.9458  -1.3663 0.349696 0 0 0 -0.023404   0.02329 -0.038985 0.0491631 0.0431653 0.0112332  0.000763339  0.000277018 -0.000107114 -0.0368599 -0.0242791 -0.0369115   0.143163 -0.0110008   -9.80795 
             153.704   0.56931 -0.947079   28.6938  21.9483 -1.36192 0.353816 0 0 0 -0.023404   0.02329 -0.038985 0.000470112    0.058681   0.0189982  0.000740195  0.000307752 -9.13403e-05 -0.0368636 -0.0242575 -0.0369795   0.143175 -0.0110056   -9.80795 
             153.805 0.276761 -1.36564    29.49  21.9452 -1.35324 0.357477 0 0 0 -0.023404   0.02329 -0.038985 0.0296621 0.0823662 0.0051635  0.000712452   0.00032748 -8.95598e-05 -0.0367809 -0.0243655 -0.0370154   0.143099 -0.0110107   -9.80795 
             153.905 -0.190373 -0.877461   29.7254 21.9468 -1.3486 0.35546 0 0 0 -0.023404   0.02329 -0.038985 -0.00279009    0.089812   0.0146821  0.000673227  0.000311545 -4.60394e-05 -0.0367078 -0.0243074 -0.0369488   0.143104 -0.0110643   -9.80795 
             154.005  0.196548 -0.628834    30.487   21.943  -1.3493 0.357331 0 0 0 -0.023404   0.02329 -0.038985 -0.0330533  0.0813413 -0.0191281  0.000660176   0.00027424 -4.33143e-05 -0.0365342 -0.0241448  -0.036997   0.143133 -0.0111982   -9.80795 
             154.105 -0.229117  -1.04878   31.1816   21.941 -1.34951 0.352767 0 0 0 -0.023404   0.02329 -0.038985  -0.0180966   0.0775467 -0.00520092  0.000726556  0.000316163 -5.85226e-05 -0.0363921 -0.0239853 -0.0369577   0.143171 -0.0113152   -9.80795 
             154.205  0.50042 -1.04561  32.3487   21.938 -1.34667 0.357298 0 0 0 -0.023404   0.02329 -0.038985 -0.0675376  0.0781743  0.0169751  0.000632111  0.000368775 -4.40642e-05 -0.0363394 -0.0238592 -0.0370736   0.143222 -0.0113759   -9.80795 
             154.305 0.114753 -1.47074  33.2369   21.929 -1.33989 0.359045 0 0 0 -0.023404   0.02329 -0.038985 -0.0719904   0.146892  0.0115815  0.000626973  0.000333721 -3.88016e-05 -0.0362044  -0.023779  -0.037142   0.143229 -0.0114666   -9.80795 
             154.405 -0.464283  -1.07689   33.9086  21.9171 -1.32733 0.356005 0 0 0 -0.023404   0.02329 -0.038985  -0.0850302    0.151056 -0.00148937 0.000565902 0.000325643 -2.7615e-05 -0.0360621 -0.0238511 -0.0370526   0.143155 -0.0115246   -9.80795 
             154.505 -0.192927 -0.819647   34.6604   21.907 -1.33076  0.35861 0 0 0 -0.023404   0.02329 -0.038985   -0.114968    0.107765 -0.00803203   0.00060591  0.000300415 -6.13788e-05 -0.0357499 -0.0234823 -0.0371563   0.143279 -0.0117769   -9.80795 
             154.605 -0.390916  -1.05082   35.2892  21.9047 -1.33188 0.353501 0 0 0 -0.023404   0.02329 -0.038985 -0.0568502   0.100512 -0.0342407  0.000670365  0.000286616 -3.48601e-05 -0.0356435 -0.0230483 -0.0371207    0.14349 -0.0119284   -9.80794 
             154.706  0.310369 -0.821545   36.5923   21.897 -1.33134 0.355109 0 0 0 -0.023404   0.02329 -0.038985 -0.098199  0.060377 0.0175984  0.000599588  0.000293175 -7.61661e-05 -0.0354796 -0.0228875 -0.0371958   0.143545 -0.0120508   -9.80794 
             154.805 0.0151444  -1.18886   37.7348  21.8898 -1.33116 0.356349 0 0 0 -0.023404   0.02329 -0.038985 -0.0914049  0.0965651 0.00470554  0.000694419  0.000309554 -9.41029e-05 -0.0353728  -0.022627 -0.0372563    0.14367 -0.0121591   -9.80794 
             154.905 -0.603126 -0.852127   38.5396  21.8847 -1.32983 0.357632 0 0 0 -0.023404   0.02329 -0.038985 -0.0771319  0.0795062 0.00837805 0.000655002 0.000269201  -9.327e-05 -0.0352582 -0.0224378  -0.037345   0.143758 -0.0122558   -9.80794 
             155.005 -0.264968 -0.694087   39.2027  21.8797 -1.32828 0.358727 0 0 0 -0.023404   0.02329 -0.038985  -0.0979863   0.0564322 -0.00323313  0.000636515  0.000340323 -0.000151367 -0.0352224 -0.0222131 -0.0373558   0.143881 -0.0123107   -9.80794 
             155.105 -0.264442  -1.05222   39.9876  21.8764 -1.32392 0.357099 0 0 0 -0.023404   0.02329 -0.038985 -0.0572239  0.0754898 -0.0243175  0.000569023  0.000395527 -0.000133139 -0.0352577 -0.0220355 -0.0373882   0.143989 -0.0123139   -9.80794 
             155.205 0.222853 -0.80429   41.045  21.8724 -1.32079 0.358482 0 0 0 -0.023404   0.02329 -0.038985 -0.0905037  0.0607807  0.0227189  0.000604531  0.000354924 -8.07702e-05 -0.0352134   -0.02185 -0.0374293   0.144092 -0.0123624   -9.80793 
             155.305 0.0757626  -1.20955   42.2957  21.8664 -1.31679  0.36134 0 0 0 -0.023404   0.02329 -0.038985  -0.101264   0.128865 0.00776858   0.00059105  0.000380635 -9.55158e-05  -0.035152 -0.0216078 -0.0375315   0.144229 -0.0124238   -9.80793 
             155.405 -0.836664 -0.890496   43.4406  21.8644 -1.30842 0.359966 0 0 0 -0.023404   0.02329 -0.038985 -0.0725622    0.11646 0.00256921  0.000591111  0.000372404 -0.000115657 -0.0351726 -0.0214091 -0.0374957   0.144349 -0.0124292   -9.80793 
             155.505 -0.646323 -0.637013   43.9831  21.8518 -1.30811 0.360623 0 0 0 -0.023404   0.02329 -0.038985 -0.0890045  0.0757051 -0.0304268  0.000591563  0.000306957 -6.85978e-05 -0.0348929 -0.0213687  -0.037538   0.144352 -0.0126015   -9.80793 
             155.605 -0.820328 -0.863132   44.6897  21.8473 -1.31013 0.356936 0 0 0 -0.023404   0.02329 -0.038985 -0.0612886  0.0914715 -0.0174388  0.000627365  0.000304382 -5.21895e-05 -0.0346716 -0.0211058 -0.0375598   0.144497 -0.0127502   -9.80793 
             155.705 0.0907039  -0.51335   45.9751  21.8416 -1.30404 0.358017 0 0 0 -0.023404   0.02329 -0.038985  -0.103445  0.0730772 0.00911455 0.000633487 0.000276782 2.27256e-05 -0.0346652 -0.0209876 -0.0375604   0.144569 -0.0127586   -9.80793 
             155.805 -0.119095  -1.19856     47.14  21.8337 -1.30064 0.362456 0 0 0 -0.023404   0.02329 -0.038985 -0.100353  0.104594  0.010239  0.000588882  0.000410267 -4.56008e-05 -0.0345185 -0.0207365 -0.0377116    0.14472 -0.0128532   -9.80792 
             155.905 -0.773394 -0.704695   48.3376  21.8296 -1.30134 0.363727 0 0 0 -0.023404   0.02329 -0.038985 -0.0907504  0.0384606  0.0331008  0.000602291  0.000363495 -6.34476e-05 -0.0344423 -0.0205192 -0.0377209   0.144853 -0.0129015   -9.80792 
             156.005 -0.515642 -0.614559   48.4674  21.8169 -1.29936 0.360622 0 0 0 -0.023404   0.02329 -0.038985  -0.111428  0.0485707 -0.0222928 0.000586755  0.00035595 1.95756e-05 -0.0343676 -0.0205666 -0.0375574   0.144823 -0.0129502   -9.80792 
             156.105 -0.638366 -0.815227     49.28  21.8121 -1.30028 0.358594 0 0 0 -0.023404   0.02329 -0.038985 -0.0863807  0.0279482  0.0243479 0.000571842 0.000301482 6.54494e-06 -0.0342737 -0.0203621 -0.0375455   0.144951 -0.0130034   -9.80792 
             156.205 -0.0890981  -0.938772    50.4709  21.8012 -1.30491 0.363358 0 0 0 -0.023404   0.02329 -0.038985  -0.119968  0.0275058 0.00903745 0.000603888 0.000391687 -5.4324e-05 -0.0340761 -0.0202555 -0.0376378  0.145026 -0.013122  -9.80792 
             156.305 -0.0705289   -1.33624    51.3318  21.7954 -1.30533 0.368216 0 0 0 -0.023404   0.02329 -0.038985 -0.0796509  0.0211783  0.0319041   0.00052612  0.000426625 -9.38917e-05 -0.0340386 -0.0200888 -0.0377131   0.145132 -0.0131356   -9.80792 
             156.405 -0.380823 -0.875299   51.4953  21.7934 -1.30487 0.367546 0 0 0 -0.023404   0.02329 -0.038985  -0.0690213 0.000717511   0.0153514  0.000545936  0.000397726 -4.72218e-05 -0.0340925 -0.0199325 -0.0376553   0.145225 -0.0130913   -9.80792 
             156.505 -0.0363038   -0.69875    52.0368  21.7889 -1.30581 0.365594 0 0 0 -0.023404   0.02329 -0.038985  -0.0813045 -0.00120694 0.000717251   0.00054493   0.00039488 -5.03875e-05 -0.0341026  -0.019833   -0.03756   0.145285 -0.0130774   -9.80792 
             156.605 -0.186736 -0.901623   52.8093  21.7839 -1.30275 0.361219 0 0 0 -0.023404   0.02329 -0.038985 -0.0705712  0.0160967 -0.0341686   0.00056026  0.000377892 -4.32694e-05 -0.0341799 -0.0197791 -0.0374888   0.145311 -0.0130242   -9.80791 
             156.705 -0.373442  -1.12531   53.3411  21.7776 -1.30217 0.359971 0 0 0 -0.023404   0.02329 -0.038985  -0.0895454   0.0187209 -0.00378867  0.000597266  0.000368943 -7.08489e-05 -0.0341658 -0.0197362 -0.0375098   0.145339 -0.0130286   -9.80791 
             156.805 -0.225395  -1.28042    54.165  21.7697 -1.30031 0.360591 0 0 0 -0.023404   0.02329 -0.038985 -0.0730902    0.03864 -0.0090262  0.000547973  0.000341465 -7.47865e-05 -0.0341412 -0.0196919 -0.0375743   0.14537 -0.013039  -9.80791 
             156.905 -0.817372  -1.29101   54.5448  21.7674 -1.29683 0.362616 0 0 0 -0.023404   0.02329 -0.038985 -0.0394658  0.0250226 -0.0191213  0.000549946  0.000420529 -3.48494e-05 -0.0341689 -0.0196112 -0.0376397   0.145417 -0.0130117   -9.80791 
             157.005 -0.527577 -0.816919   54.7893  21.7599 -1.29949 0.364725 0 0 0 -0.023404   0.02329 -0.038985 -0.0831088  0.0111258 0.00570281  0.000559951  0.000401979 -2.50712e-05 -0.0340309 -0.0196004 -0.0377242   0.145442 -0.0130969   -9.80791 
             157.105 -0.292367  -0.64721   55.6334  21.7541 -1.30238 0.355842 0 0 0 -0.023404   0.02329 -0.038985 -0.0519155  0.0103746 -0.0638042    0.0005606  0.000316763 -4.87598e-05 -0.0339335 -0.0194882 -0.0375498   0.145523 -0.0131432   -9.80791 
             157.205 -0.401243 -0.743624   56.2166  21.7546 -1.30614 0.353666 0 0 0 -0.023404   0.02329 -0.038985  -0.0466765 -0.00664484  -0.0213376  0.000585703  0.000299851 -2.52405e-05 -0.0338568  -0.019303 -0.0376196   0.145649 -0.0131646   -9.80791 
             157.305 0.0661054 -0.871177   57.0862  21.7463 -1.30801 0.354452 0 0 0 -0.023404   0.02329 -0.038985 -0.0884463   0.019561 -0.0238993  0.000597671  0.000294333 -6.13102e-05 -0.0337803 -0.0192808 -0.0377054   0.145675 -0.0132088   -9.80791 
             157.405 -0.297838 -0.951853   57.7469  21.7477 -1.30329 0.356367 0 0 0 -0.023404   0.02329 -0.038985 -0.0215086  0.0232295 -0.0159021  0.000590502  0.000287806 -1.49225e-05 -0.0339029 -0.0190646 -0.0377964    0.14579 -0.0130972   -9.80791 
             157.506 -0.473012 -0.453509   58.1196  21.7498 -1.30469 0.356748 0 0 0 -0.023404   0.02329 -0.038985 -0.0496552  0.0159064 0.00961697  0.000614673  0.000290988 -8.09645e-05 -0.0338424 -0.0188393 -0.0378417   0.145939 -0.0130964   -9.80791 
             157.605 -0.261764 -0.407143   58.7907  21.7442  -1.3063 0.356404 0 0 0 -0.023404   0.02329 -0.038985 -0.0805673  0.0377848 -0.0317397  0.000621935  0.000312956 -6.74101e-05  -0.033737 -0.0187687 -0.0378426   0.146001 -0.0131494    -9.8079 
             157.705 -0.497713  -0.69795   59.4337  21.7455 -1.30377 0.354084 0 0 0 -0.023404   0.02329 -0.038985 -0.0371627  0.0245751 0.00670002  0.000586466  0.000278404 -5.77841e-05 -0.0337543 -0.0185371   -0.03787    0.14614 -0.0130949    -9.8079 
             157.805 -0.063658 -0.624523   60.1842  21.7459 -1.30104 0.358841 0 0 0 -0.023404   0.02329 -0.038985  -0.076724     0.0525 0.00402493  0.000574326  0.000314665 -2.91502e-05 -0.0337777 -0.0183029 -0.0380113   0.146281 -0.0130332    -9.8079 
             157.905 -0.321447 -0.968916   61.1327  21.7483 -1.29825  0.35874 0 0 0 -0.023404   0.02329 -0.038985   0.00233992     0.044335 -0.000228057  0.000597619  0.000333735 -5.96768e-05 -0.0337463 -0.0180647 -0.0379926   0.146432 -0.0130037    -9.8079 
             158.005 -0.609232  -0.48202    61.323  21.7561 -1.29936 0.359422 0 0 0 -0.023404   0.02329 -0.038985 -0.00517216   0.0224877   0.0229122 0.000562603 0.000341328 1.50118e-05 -0.0336525 -0.0177897 -0.0380109    0.14662 -0.0130018    -9.8079 
             158.105 -0.468212 -0.389894   62.0428  21.7544 -1.29836  0.35789 0 0 0 -0.023404   0.02329 -0.038985  -0.019437  0.0391782 -0.0371053  0.000596048  0.000348507 -2.26486e-05 -0.0336153 -0.0177893 -0.0379599  0.146627 -0.013025   -9.8079 
             158.205 -0.661417 -0.685606   62.8161  21.7579 -1.30171 0.355284 0 0 0 -0.023404   0.02329 -0.038985  0.0164238  0.0041971 0.00230711  0.000569845  0.000358998 -6.24565e-05 -0.0334357 -0.0176582 -0.0379843   0.146748 -0.0131039   -9.80789 
             158.306 -0.0769041  -0.660152    63.8285  21.7599 -1.30081 0.356391 0 0 0 -0.023404   0.02329 -0.038985 -0.0542945  0.0418438 -0.0127392  0.000526009  0.000390016 -6.47642e-05 -0.0334277 -0.0175188 -0.0380258   0.146835 -0.0130745   -9.80789 
             158.405 -0.413868 -0.907452   64.8145  21.7623 -1.30275 0.356751 0 0 0 -0.023404   0.02329 -0.038985    0.016191   0.0154715 -0.00829177  0.000553083  0.000359349 -9.48063e-05 -0.0332721 -0.0173193 -0.0380827   0.146993 -0.0131179   -9.80789 
             158.505 -0.873762 -0.226876   65.1251  21.7715 -1.30009 0.356635 0 0 0 -0.023404   0.02329 -0.038985  0.0213352 0.00617083  0.0202631  0.00058385 0.000265691 3.72798e-05 -0.0333352 -0.0170708 -0.0380656   0.147125 -0.0130143   -9.80789 
             158.605 -0.786357 -0.181762   65.8721  21.7817  -1.3011 0.357694 0 0 0 -0.023404   0.02329 -0.038985 0.0611322 0.0357894 -0.033955   0.00057158  0.000232246 -4.32104e-06 -0.0332738 -0.0168024 -0.0381509  0.147302 -0.012977  -9.80789 
             158.705 -0.562082 -0.227464   66.7291  21.7907 -1.29968 0.356722 0 0 0 -0.023404   0.02329 -0.038985  0.0493279 0.00512953  0.0151258 0.000590726 0.000271048 1.40357e-06 -0.0332435 -0.0166771 -0.0381149   0.147384 -0.0129599   -9.80788 
             158.806 -0.079789 -0.545332   67.8308  21.7924 -1.30034 0.358103 0 0 0 -0.023404   0.02329 -0.038985 -0.0215432  0.0561589  0.0146969 0.000579259 0.000314067 3.46501e-05 -0.0331263 -0.0166001 -0.0381236   0.147463 -0.0130072   -9.80788 
             158.905 -0.710171 -0.521839   68.8929  21.7943 -1.29839 0.362393 0 0 0 -0.023404   0.02329 -0.038985    0.0238623 -0.000580711    0.0249728 0.000591834 0.000361586 3.35189e-05 -0.0330497 -0.0165211 -0.0382432   0.147533 -0.0130274   -9.80788 
             159.005 -0.578973 -0.282886   69.7909  21.7973 -1.30204 0.362961 0 0 0 -0.023404   0.02329 -0.038985 0.00266626 0.00585785 0.00597796  0.000563478  0.000373558 -4.94073e-05 -0.0329029 -0.0163586 -0.0381527  0.147672 -0.013064  -9.80788 
             159.105 -0.952018 -0.602236    70.549  21.8027 -1.29692 0.362805 0 0 0 -0.023404   0.02329 -0.038985   0.0316532   0.0629018 -0.00312811 0.000587648 0.000404403 5.96154e-05 -0.0329619 -0.0162348 -0.0381783   0.147725 -0.0129888   -9.80788 
             159.205 0.00349338   -0.24419    72.1414  21.8012 -1.29843 0.364589 0 0 0 -0.023404   0.02329 -0.038985 -0.0274575 0.00137361  0.0514446  0.000537796  0.000404011 -6.48787e-05 -0.0328026 -0.0163067 -0.0381111   0.147736 -0.0131063   -9.80788 
             159.305   -0.2102 -0.713458   73.0469  21.7991 -1.29772  0.36456 0 0 0 -0.023404   0.02329 -0.038985 -0.0653463  0.0513858  0.0203623 0.000558585 0.000440176 4.41727e-06 -0.0327052 -0.0161287 -0.0380079   0.147869 -0.0131014   -9.80788 
             159.405 -0.851779 -0.270267   73.9668  21.7903  -1.2908 0.364455 0 0 0 -0.023404   0.02329 -0.038985 -0.081028 0.0315185 0.0333843 0.000571388 0.000373084  9.2533e-05 -0.0328716 -0.0163111 -0.0379496   0.147707 -0.0130731   -9.80788 
             159.505 -0.712937 -0.101999   74.6619  21.7813 -1.29215 0.362907 0 0 0 -0.023404   0.02329 -0.038985 -0.0608364  0.0213878 -0.0263687 0.000556743 0.000377889  3.1442e-05 -0.0327768 -0.0163882 -0.0378476   0.147697 -0.0131565   -9.80788 
             159.605 -0.928315 -0.312297   75.3386  21.7797  -1.2901 0.361453 0 0 0 -0.023404   0.02329 -0.038985 -0.070201  0.035118 0.0268826 0.000534894 0.000382113   0.0001195 -0.0326966 -0.0162403 -0.0378539   0.147809 -0.0131446   -9.80788 
             159.705 -0.291722 -0.246747   77.2109  21.7721 -1.29514 0.365075 0 0 0 -0.023404   0.02329 -0.038985 -0.111016 0.0123048 0.0131181  0.000570194  0.000414666 -0.000115868 -0.0324731 -0.0162373 -0.0379027   0.147898 -0.0132668   -9.80788 
             159.805 -0.578892 -0.736596   78.1085  21.7535  -1.2945 0.367791 0 0 0 -0.023404   0.02329 -0.038985   -0.154947   0.0445101 -0.00303926  0.000560201  0.000540546 -0.000104974 -0.0323603 -0.0164048 -0.0379667   0.147853 -0.0133955   -9.80788 
             159.906   -1.03458 -0.0191121    79.5192  21.7423 -1.30106 0.370594 0 0 0 -0.023404   0.02329 -0.038985  -0.116154 -0.0487427  0.0146429 0.000514009 0.000489275 -0.00018834 -0.0322099 -0.0164229 -0.0379772   0.147905 -0.0134849   -9.80788 
             160.005  -1.17661 -0.187086    79.872  21.7282 -1.30029 0.366126 0 0 0 -0.023404   0.02329 -0.038985  -0.106816  0.0154516 -0.0149113  0.000518238  0.000398191 -6.92185e-05 -0.0323599 -0.0165807 -0.0378409  0.147757 -0.013473  -9.80788 
             160.105 -0.364102 -0.118808   81.5575  21.7106 -1.29927 0.363257 0 0 0 -0.023404   0.02329 -0.038985    -0.149013 -0.000546996    0.0134546 0.000496247 0.000455861 -0.00022906 -0.0323778 -0.0168168 -0.0377547   0.147625 -0.0135671   -9.80788 
             160.205 -0.124473 -0.253499   82.7507  21.6967  -1.2931 0.362385 0 0 0 -0.023404   0.02329 -0.038985    -0.208509    0.0544777 -0.000482922  0.000500369  0.000425423 -0.000110932 -0.0324946 -0.0165803 -0.0377351   0.147696 -0.0134003   -9.80788 
             160.305 -0.728366  0.104069   83.9975  21.6788  -1.2892 0.360895 0 0 0 -0.023404   0.02329 -0.038985  -0.158679 -0.0110216  0.0107361  0.000485932  0.000391436 -0.000185793 -0.0324582 -0.0165145 -0.0377297   0.147746 -0.0133891   -9.80788 
             160.405 -0.81187 0.338001  84.4941  21.6639 -1.28629 0.358706 0 0 0 -0.023404   0.02329 -0.038985  -0.148808  0.0131984 -0.0528829 0.000496026 0.000316165 7.80826e-06 -0.0325832 -0.0163983 -0.0377063   0.147746 -0.0132713   -9.80788 
             160.505 -0.742078  0.107519   85.5139  21.6482 -1.28051 0.355021 0 0 0 -0.023404   0.02329 -0.038985  -0.146696  0.0792776 -0.0477422 0.000458213 0.000326357 1.58267e-05 -0.0326353 -0.0164184 -0.0377172   0.147711 -0.0132545   -9.80788 
             160.605 0.165514 0.413963  86.9668  21.6314  -1.2756 0.354664 0 0 0 -0.023404   0.02329 -0.038985   -0.197707   0.0490458 -0.00572465 0.000468527 0.000295968 3.87177e-05 -0.0325829 -0.0164216 -0.0377455   0.147735 -0.0132818   -9.80788 
             160.705 -0.0419651  0.0762213    87.8675  21.6024 -1.27333 0.356235 0 0 0 -0.023404   0.02329 -0.038985  -0.280111  0.0925993 -0.0257311 0.000485266 0.000295332 0.000148856 -0.0324458 -0.0166509 -0.0378428   0.147693 -0.0134616   -9.80788 
             160.805 -0.600815  0.380259   89.1001  21.5709 -1.26976 0.356493 0 0 0 -0.023404   0.02329 -0.038985   -0.256872   0.0452576 -0.00632444 0.000489556 0.000373136 0.000131279 -0.0323246 -0.0168389 -0.0379074   0.147665 -0.0136141   -9.80788 
             160.905 -1.03881 0.565476   90.305  21.5482 -1.26905 0.354948 0 0 0 -0.023404   0.02329 -0.038985  -0.229345  0.0418954 -0.0155574 0.000534002 0.000376319 0.000109828 -0.0322336 -0.0168315 -0.0379288   0.147715 -0.0136532   -9.80788 
             161.005 -0.616952  0.432612   91.4595  21.5257  -1.2613 0.356309 0 0 0 -0.023404   0.02329 -0.038985 -0.226124 0.0380249 0.0117833 0.000467694 0.000480923 0.000102255 -0.0323003 -0.0168001 -0.0380321   0.147696 -0.0136038   -9.80788 
             161.105 -0.220288  0.407143   93.0461  21.5061  -1.2594 0.355113 0 0 0 -0.023404   0.02329 -0.038985  -0.279103  0.0397557 0.00755136 0.000480078 0.000422672 9.01702e-05 -0.0321938 -0.0165683 -0.0379806   0.147856 -0.0135305   -9.80788 
             161.205  -0.5899 0.409261  94.0508  21.4755 -1.25197 0.359848 0 0 0 -0.023404   0.02329 -0.038985 -0.289334 0.0566639 0.0235634 0.000450245 0.000425953 0.000145527 -0.0322375 -0.0165797 -0.0381613    0.14783 -0.0135141   -9.80788 
             161.305 -0.743948   0.71318   95.4976  21.4539 -1.25463 0.358633 0 0 0 -0.023404   0.02329 -0.038985  -0.205573 0.00899608  -0.015807 0.000500847 0.000427436 8.27122e-05 -0.0320093 -0.0165346 -0.0381013   0.147973 -0.0135916   -9.80787 
             161.405 -0.963299  0.505335   96.3116  21.4366 -1.25252 0.358104 0 0 0 -0.023404   0.02329 -0.038985  -0.213001  0.0511578 -0.0248166 0.000488947 0.000488612 0.000125831 -0.0319074 -0.0164121 -0.0381399   0.148082 -0.0135672   -9.80787 
             161.505 0.0427494   0.87248   97.8589  21.4141 -1.25089 0.358495 0 0 0 -0.023404   0.02329 -0.038985   -0.289464 -0.00072125   0.0243568 0.000493521  0.00040907 0.000160072 -0.0318841 -0.0163187  -0.038073   0.148133 -0.0135255   -9.80787 
             161.605 -0.474582  0.526261   99.0521  21.3844 -1.25305 0.357883 0 0 0 -0.023404   0.02329 -0.038985  -0.346201  0.0375953 -0.0198226 0.000544078 0.000401786 0.000146464 -0.0316978 -0.0162972   -0.03801   0.148247 -0.0135924   -9.80787 
             161.705 -0.806192   1.03999    100.27   21.362 -1.24933 0.359137 0 0 0 -0.023404   0.02329 -0.038985   -0.24592 -0.0089474   0.010844 0.000537053  0.00034753 0.000187477 -0.0316252 -0.0159247  -0.037996   0.148438 -0.0134061   -9.80787 
             161.805  -1.1977 0.921807   101.21  21.3427 -1.24914 0.353857 0 0 0 -0.023404   0.02329 -0.038985  -0.234744  0.0403859 -0.0277941 0.000521571   0.0003498 0.000223098 -0.0314962 -0.0157446 -0.0378172   0.148583 -0.0133551   -9.80787 
             161.905 -0.402826  0.830709   102.704  21.3184 -1.24509 0.357286 0 0 0 -0.023404   0.02329 -0.038985  -0.261116 -0.0167478   0.038073 0.000508004 0.000457608  0.00023727 -0.0315566 -0.0156926 -0.0379118   0.148569 -0.0132986   -9.80787 
             162.005 -0.397026   0.43121   103.996  21.2931 -1.24358 0.361217 0 0 0 -0.023404   0.02329 -0.038985 -0.326321 0.0174695 0.0166405 0.000548427 0.000525302 0.000258139 -0.0315072 -0.0154354 -0.0379353   0.148696 -0.0131622   -9.80786 
             162.105 -0.873579  0.710879   105.339   21.263 -1.23726 0.358195 0 0 0 -0.023404   0.02329 -0.038985 -0.299821 0.0115155 0.0130488 0.000546698 0.000490683 0.000142746 -0.0315645  -0.015233 -0.0378145   0.148736 -0.0130192   -9.80786 
             162.205 -1.06612 0.945326  106.401  21.2396 -1.23935 0.353407 0 0 0 -0.023404   0.02329 -0.038985  -0.253605  0.0196146 -0.0157628 0.000541763 0.000445376 0.000216876 -0.0314039 -0.0151719 -0.0376896   0.148855 -0.0130428   -9.80786 
             162.305 -0.692106   1.10051   107.872  21.2087 -1.23322 0.351196 0 0 0 -0.023404   0.02329 -0.038985 -0.276722 0.0208915 0.0152626 0.000486126 0.000382169 7.95185e-05 -0.0315668 -0.0152919 -0.0377254   0.148713 -0.0130584   -9.80786 
             162.405 -0.139624  0.904216   109.243  21.1864 -1.23456 0.350801 0 0 0 -0.023404   0.02329 -0.038985   -0.320279  0.00872943 -0.00206532  0.00044534 0.000435303  0.00020035 -0.0313278 -0.0150532 -0.0377005   0.148943 -0.0129924   -9.80786 
             162.505 -0.643528   1.08034   110.227   21.163 -1.23369  0.34956 0 0 0 -0.023404   0.02329 -0.038985  -0.311649  0.0193771 0.00296872 0.000498788 0.000317903 0.000271662 -0.0310014 -0.0147024 -0.0377351   0.149265 -0.0128807   -9.80786 
             162.605 -0.676733   1.23951   111.591  21.1407 -1.23257   0.3505 0 0 0 -0.023404   0.02329 -0.038985    -0.2277 0.00945126 -0.0243102 0.000471507 0.000407316 0.000222877 -0.0308951 -0.0145267 -0.0377997    0.14939 -0.0128022   -9.80785 
             162.705 -0.884324   1.12436   112.698  21.1178 -1.22219 0.351034 0 0 0 -0.023404   0.02329 -0.038985 -0.243694  0.069724 -0.040314 0.000511251 0.000452219 0.000168393 -0.0310636 -0.0143421 -0.0379204   0.149341 -0.0126265   -9.80785 
             162.805 0.0818606   1.25891   114.728   21.093 -1.22083 0.351012 0 0 0 -0.023404   0.02329 -0.038985   -0.292938 6.85155e-05  0.00594765  0.000474105  0.000458828 -5.63098e-05 -0.0309925 -0.0143432 -0.0378992   0.149387 -0.0126497   -9.80785 
             162.905 -0.49034 0.941201  115.605  21.0655 -1.22178 0.351689 0 0 0 -0.023404   0.02329 -0.038985  -0.355314   0.028346 -0.0394153 0.000540817 0.000456905 7.08807e-05 -0.0307709 -0.0142279 -0.0379318  0.149565 -0.012642  -9.80785 
             163.005 -0.765826   1.46653   116.942  21.0341 -1.22147 0.350313 0 0 0 -0.023404   0.02329 -0.038985  -0.266389 0.00520732 -0.0178834 0.000519551 0.000384513 2.18941e-05 -0.0307175 -0.0142463 -0.0379163   0.149594 -0.0126702   -9.80785 
             163.106 -0.882446   1.35153     117.7  21.0251 -1.22759 0.348403 0 0 0 -0.023404   0.02329 -0.038985  -0.220987  0.0379046 -0.0348057 0.000437772 0.000396821  0.00020368 -0.0300038 -0.0139201 -0.0379167   0.150155 -0.0126584   -9.80784 
             163.206 -0.154663   1.38179   119.434  21.0008 -1.21924 0.344753 0 0 0 -0.023404   0.02329 -0.038985    -0.236058 -0.000468529   0.00539709 0.000385619 0.000423114 8.88226e-05  -0.030215 -0.0138362 -0.0378492   0.150038 -0.0125442   -9.80784 
             163.305 -0.198299   1.52859   120.826  20.9901 -1.22168  0.35091 0 0 0 -0.023404   0.02329 -0.038985  -0.276013  0.0111625 0.00637102 0.000515231 0.000207288 5.90628e-05 -0.0295905 -0.0133218 -0.0380241   0.150591 -0.0123625   -9.80784 
             163.405 -0.656699    1.3269    121.83  20.9646 -1.21938 0.351135 0 0 0 -0.023404   0.02329 -0.038985  -0.241455 0.00266862   0.013146 0.000461543 0.000454214 0.000159611 -0.0295363 -0.0132017 -0.0380218   0.150658 -0.0122947   -9.80784 
             163.505 -1.05066  1.36722   122.91  20.9456 -1.22077 0.355936 0 0 0 -0.023404   0.02329 -0.038985   -0.19668  0.0173897 0.00626041 0.000559609 0.000503375 0.000223851  -0.029445 -0.0132161  -0.038168   0.150717 -0.0123249   -9.80783 
             163.606 -0.785961   1.35968   124.195  20.9245  -1.2168 0.352897 0 0 0 -0.023404   0.02329 -0.038985  -0.227403 0.00964736  0.0261328 0.000540841 0.000517954 0.000111569 -0.0294383 -0.0131886 -0.0381035   0.150728 -0.0123086   -9.80783 
             163.705 -0.302768   1.33309   125.771  20.9028 -1.21868 0.355392 0 0 0 -0.023404   0.02329 -0.038985 -0.280026 -0.036554 0.0199118 0.000634703 0.000540941 0.000137965 -0.0293673 -0.0131307 -0.0381068    0.15079 -0.0122851   -9.80783 
             163.806 -0.67899  1.12256  126.664  20.8732 -1.21888 0.354238 0 0 0 -0.023404   0.02329 -0.038985  -0.327482 -0.0109505 -0.0116736 0.000606369 0.000560852 0.000235398 -0.0293534 -0.0129978 -0.0380781   0.150829 -0.0121965   -9.80783 
             163.905 -0.827924    1.4759   128.126  20.8443 -1.21798 0.355578 0 0 0 -0.023404   0.02329 -0.038985  -0.231541 -0.0180289 -0.0074826 0.000590578 0.000596369 0.000120326 -0.0294908 -0.0129627  -0.038098   0.150742 -0.0121416   -9.80783 
             164.006 -1.08962  1.47988  129.064  20.8201 -1.21861 0.352983 0 0 0 -0.023404   0.02329 -0.038985  -0.258785  0.0335017 -0.0331965 0.000583888 0.000499794 0.000117494 -0.0294439 -0.0129803 -0.0380514   0.150771 -0.0121645   -9.80783 
             164.105 -0.0595014    1.58612     130.81  20.7936 -1.21936 0.348721 0 0 0 -0.023404   0.02329 -0.038985  -0.276645  -0.043762 0.00783145  0.000497047  0.000517147 -3.96301e-06 -0.0294157 -0.0130245 -0.0379355   0.150782 -0.0122025   -9.80783 
             164.205 -0.135737   1.27761   132.825  20.7633 -1.21685 0.350094 0 0 0 -0.023404   0.02329 -0.038985   -0.35578 -0.0278553 -0.0211964  0.000650941  0.000509845 -0.000453114 -0.0295048 -0.0126756 -0.0379705   0.150786 -0.0119379   -9.80783 
             164.305 -0.447492   1.45009   133.496  20.7368 -1.22027 0.345315 0 0 0 -0.023404   0.02329 -0.038985  -0.286743 -0.0230124 -0.0244861  0.000538808  0.000530989 -0.000197218 -0.0291605 -0.0124484 -0.0378925  0.151068 -0.011842  -9.80783 
             164.406 -0.68503  1.48215   134.64  20.7115 -1.22095 0.341471 0 0 0 -0.023404   0.02329 -0.038985  -0.267598 0.00868637 -0.0446979  0.000515323   0.00054143 -0.000168326 -0.0291351 -0.0124073  -0.037896   0.151093 -0.0118172   -9.80783 
             164.505 -0.160858   1.67595   135.334  20.6995 -1.22188 0.336044 0 0 0 -0.023404   0.02329 -0.038985   -0.215554 -0.00224097  -0.0134906  0.00038821 0.000418323 0.000153379  -0.028483 -0.0121057 -0.0378915   0.151601 -0.0117099   -9.80782 
             164.604 0.0608226     1.349   136.824  20.6771   -1.224 0.341626 0 0 0 -0.023404   0.02329 -0.038985  -0.278473 -0.0468982 0.00488511 0.000461065 0.000485031 0.000157894 -0.0284609 -0.0120146 -0.0380883   0.151631 -0.0116454   -9.80782 
             164.705 -0.262388   1.41976   137.958  20.6423  -1.2285 0.338063 0 0 0 -0.023404   0.02329 -0.038985    -0.31231  -0.0252334 -0.00779073 0.000407946 0.000415442 7.40724e-05 -0.0285834 -0.0121416 -0.0380582   0.151526 -0.0117189   -9.80782 
             164.805 -0.258184   1.82953   139.354  20.6193 -1.22873 0.340565 0 0 0 -0.023404   0.02329 -0.038985    -0.24233 -0.00303616  -0.0218056 0.000391742 0.000344459 3.74346e-05 -0.0284094 -0.0119699 -0.0381884   0.151673 -0.0116181   -9.80782 
             164.906 -0.355645   1.66713   139.961  20.5999 -1.22486 0.336915 0 0 0 -0.023404   0.02329 -0.038985  -0.260558  0.0483657 -0.0513438 0.000305892 0.000403493 0.000218419 -0.0281542 -0.0117438 -0.0381726   0.151885 -0.0114896   -9.80782 
             165.005 0.370602  1.78754  142.085  20.5777 -1.21884 0.341392 0 0 0 -0.023404   0.02329 -0.038985  -0.270726 -0.0336565   0.013483  0.000484531  0.000453444 -7.27906e-05 -0.0281249 -0.0114257  -0.038272   0.151946 -0.0112612   -9.80782 
             165.106 -0.00601557     1.46366     143.044   20.552  -1.2233 0.339659 0 0 0 -0.023404   0.02329 -0.038985  -0.329916 -0.0263097 -0.0301067 0.000444853 0.000412134 4.93803e-05 -0.0278585 -0.0113475 -0.0381975   0.152146 -0.0112373   -9.80781 
             165.205 -0.306573   1.76147   143.906  20.5321 -1.22991 0.335478 0 0 0 -0.023404   0.02329 -0.038985  -0.217346 -0.0173522 -0.0279139 0.000416576  0.00046807 0.000308167 -0.0273979 -0.0113308  -0.038082   0.15248 -0.011278  -9.80781 
             165.305 -0.74805  1.58765  144.939  20.5084 -1.22843 0.337086 0 0 0 -0.023404   0.02329 -0.038985 -0.249912 0.0236861 -0.037995 0.000485496 0.000506864 0.000293231 -0.0274716 -0.0113098 -0.0382251   0.152429 -0.0112531   -9.80781 
             165.405 -0.201455   1.79427   146.598  20.4851  -1.2241 0.343877 0 0 0 -0.023404   0.02329 -0.038985  -0.239077 -0.0120615  0.0271933 0.000595883 0.000429947 0.000154015 -0.0273987 -0.0111566 -0.0384906   0.152496 -0.0111443   -9.80781 
             165.505 0.258296  1.68251  148.303  20.4567 -1.22705  0.34574 0 0 0 -0.023404   0.02329 -0.038985  -0.319442  -0.039809 0.00597222 0.000507808 0.000348701 -8.2521e-06 -0.0274057 -0.0111417 -0.0385041   0.152492 -0.0111326   -9.80781 
             165.605 -0.194356    1.6442   149.606   20.429 -1.23065 0.340332 0 0 0 -0.023404   0.02329 -0.038985   -0.301234  -0.0328673 -0.00082663  0.000482738  0.000442496 -7.11389e-05 -0.0271614 -0.0110003 -0.0383764   0.152679 -0.0110495   -9.80781 
             165.705 -0.18654  1.93332  150.908  20.4065 -1.23164 0.336397 0 0 0 -0.023404   0.02329 -0.038985   -0.253686 -0.00391021  -0.0376474  0.000433442  0.000396046 -0.000107744 -0.0270023 -0.0109125  -0.038342     0.1528 -0.0109964    -9.8078 
             165.806 0.0534347   1.82504   151.489  20.3849 -1.23279 0.331578 0 0 0 -0.023404   0.02329 -0.038985  -0.267234 -0.0194132 -0.0155166 0.000397404 0.000467087 9.95003e-05 -0.0267498 -0.0108966 -0.0383243   0.152985 -0.0110001    -9.8078 
             165.905 0.855342  1.80524  152.854  20.3701  -1.2372 0.331938 0 0 0 -0.023404   0.02329 -0.038985  -0.248024 -0.0662046 0.00275161 0.000325151 0.000479179 0.000220165 -0.0263334 -0.0107751 -0.0383298   0.153293 -0.0109321    -9.8078 
             166.005 0.422819  1.59892  154.252  20.3482 -1.24192 0.331037 0 0 0 -0.023404   0.02329 -0.038985  -0.280706 -0.0570887  -0.026779 0.000370991 0.000442907  2.7787e-05 -0.0260889 -0.0106211 -0.0383473   0.153478 -0.0108288   -9.80779 
             166.105 0.350793  1.98289  155.473  20.3321  -1.2467 0.330789 0 0 0 -0.023404   0.02329 -0.038985  -0.178027 -0.0245199 -0.0105348  0.00032024 0.000433551 7.81564e-05 -0.0257712 -0.0105535 -0.0383469   0.153712 -0.0107905   -9.80779 
             166.205 -0.0214191    1.75467    156.347  20.3137 -1.24492 0.329105 0 0 0 -0.023404   0.02329 -0.038985  -0.217572   0.022554 -0.0440119 0.000319261  0.00047832 8.89387e-05 -0.0257472 -0.0104471 -0.0383436  0.153732 -0.010713  -9.80779 
             166.305 1.09294  1.7891 157.792   20.293 -1.24593 0.327909 0 0 0 -0.023404   0.02329 -0.038985  -0.187231 -0.0379629  0.0176497 0.000242873 0.000520398  0.00012843 -0.0257691 -0.0104543 -0.0382983   0.153716 -0.0107187   -9.80779 
             166.406 0.935536  1.00338  159.187  20.2672 -1.24764 0.325628 0 0 0 -0.023404   0.02329 -0.038985  -0.267179 -0.0565926 -0.0210888 0.000256907 0.000709338 4.62627e-05 -0.0259618 -0.0103055 -0.0382195   0.153577 -0.0106078   -9.80779 
             166.505 0.257747  1.76629  160.224  20.2582 -1.25961 0.325821 0 0 0 -0.023404   0.02329 -0.038985   -0.175344  -0.0370342 -0.00954034 0.000310667 0.000439284  0.00014386  -0.025099 -0.0103973 -0.0382781   0.154206 -0.0106781   -9.80778 
             166.605 0.0414035   1.54543   161.279  20.2492 -1.25922 0.326783 0 0 0 -0.023404   0.02329 -0.038985  -0.150859 0.00202666 -0.0114628 0.000297801 0.000559723 0.000184903 -0.0248201 -0.0102505 -0.0383548  0.154409 -0.010568  -9.80778 
             166.705 0.810737  1.33591  162.514  20.2409 -1.26149  0.32127 0 0 0 -0.023404   0.02329 -0.038985    -0.11773 -0.00966783   0.0177554  0.00014902 0.000639239 0.000147699 -0.0244404 -0.0103143 -0.0382809   0.154686 -0.0106121   -9.80777 
             166.805 1.05783 1.25127 163.945  20.2369 -1.26249 0.323856 0 0 0 -0.023404   0.02329 -0.038985  -0.112012 -0.0562022 0.00862356 0.000276949 0.000617906 0.000224004 -0.0241383 -0.0101637 -0.0383312   0.154904 -0.0104949   -9.80777 
             166.905 0.830282  1.59404  165.216  20.2323 -1.27145 0.322585 0 0 0 -0.023404   0.02329 -0.038985   -0.123044  -0.0668867 -0.00488973 0.000175352 0.000410071 0.000125278 -0.0236926 -0.0102041 -0.0383472    0.15523 -0.0105133   -9.80777 
             167.005 0.639847  1.92614  166.461   20.226 -1.27482 0.325872 0 0 0 -0.023404   0.02329 -0.038985 -0.0638293 -0.0132018 -0.0191911  0.00024063 0.000383955 0.000145864 -0.0235897 -0.0101856 -0.0384465   0.155305 -0.0104946   -9.80776 
             167.106 0.528402  1.91938  167.423  20.2259 -1.27674 0.326027 0 0 0 -0.023404   0.02329 -0.038985  -0.0852078 0.000445552  -0.0325124 0.000253285 0.000329659 0.000130668 -0.0231723 -0.0102098 -0.0385019    0.15561 -0.0104941   -9.80776 
             167.205 1.30951 1.93707 168.865  20.2306 -1.27974 0.325855 0 0 0 -0.023404   0.02329 -0.038985 -0.0243714 -0.0620739  0.0128854 0.000281609 0.000381367 0.000233859  -0.022736 -0.0101752 -0.0384468   0.155926 -0.0104483   -9.80776 
             167.306 0.955054  1.22034  170.175  20.2245 -1.28502 0.324907 0 0 0 -0.023404   0.02329 -0.038985  -0.091733  -0.082499 -0.0398808 0.000300589   0.0005703 0.000144122 -0.0227772 -0.0100857 -0.0384002   0.155891 -0.0103856   -9.80776 
             167.405 0.621248  1.86736  171.457  20.2286 -1.29438 0.324651 0 0 0 -0.023404   0.02329 -0.038985 0.00122641 -0.0205744 -0.0200586 0.000287597 0.000436155 0.000130443 -0.0222594 -0.0101883  -0.038405   0.156273 -0.0104273   -9.80775 
             167.505 0.493271  1.33863  172.533  20.2341 -1.29519 0.318276 0 0 0 -0.023404   0.02329 -0.038985 -0.00434106   0.0170097  -0.0451861 0.000232731 0.000649702 0.000112249 -0.0219836 -0.0101745 -0.0383074   0.156472 -0.0103988   -9.80775 
             167.605 1.35904 1.97594 174.248  20.2395 -1.29464 0.319519 0 0 0 -0.023404   0.02329 -0.038985   0.0353904  0.00754582 -0.00144156 9.91648e-05 0.000344631 3.95232e-07  -0.021677 -0.0102517  -0.038461     0.1567 -0.0104288   -9.80774 
             167.705 1.70852 1.72822 175.522    20.25 -1.30571 0.320333 0 0 0 -0.023404   0.02329 -0.038985  0.0114555 -0.0743166 -0.0172507 0.000105126 0.000324494 6.25745e-05 -0.0212821 -0.0105451 -0.0385122   0.157012 -0.0106074   -9.80774 
             167.805 1.16029 1.64957 176.376  20.2599 -1.31919 0.317064 0 0 0 -0.023404   0.02329 -0.038985   0.0511571    -0.05846 -0.00844609  6.7493e-05 0.000457865 0.000204461 -0.0208431 -0.0107978 -0.0384982   0.157352 -0.0107497   -9.80773 
             167.905 1.02837 1.73587 177.676  20.2718 -1.32545 0.315154 0 0 0 -0.023404   0.02329 -0.038985  0.0794084 -0.0163812 -0.0259809 5.23884e-05  0.00047154 0.000150081 -0.0206335 -0.0109922  -0.038521   0.157524 -0.0108686   -9.80773 
             168.005 1.17526 1.62984 178.925   20.282 -1.32793 0.313545 0 0 0 -0.023404   0.02329 -0.038985  0.0899331 -0.0184428 0.00742272 5.42611e-05 0.000505599  8.6427e-05 -0.0204272 -0.0111092 -0.0386066   0.157685 -0.0109292   -9.80773 
             168.105  1.63948  1.65845 -179.565  20.2991 -1.32999 0.317727 0 0 0 -0.023404   0.02329 -0.038985  0.113203 -0.065678 0.0156013 8.52477e-05 0.000464774 0.000111447 -0.0200825 -0.0110612 -0.0387068   0.157927 -0.0108521   -9.80772 
             168.205  1.22059  1.44225 -178.347  20.3118 -1.34018  0.32131 0 0 0 -0.023404   0.02329 -0.038985  0.0863382 -0.0764329  0.0120325 0.000118332 0.000470149 6.66753e-05 -0.0198676 -0.0112119 -0.0388206    0.1581 -0.010932  -9.80772 
             168.305  1.21448  1.71052 -177.168   20.329 -1.34846 0.322622 0 0 0 -0.023404   0.02329 -0.038985    0.158645  0.00762624 -0.00649744 5.53075e-05 0.000485116 0.000131545 -0.0196317  -0.011512 -0.0387978   0.158308 -0.0111173   -9.80772 
             168.405 0.958581     1.57 -176.162  20.3435 -1.34689 0.323467 0 0 0 -0.023404   0.02329 -0.038985   0.105963  0.0469003 -0.0427517 0.000109003   0.0004777  0.00010183 -0.0195843 -0.0115676 -0.0388514    0.15835 -0.0111496   -9.80772 
             168.505  1.66964  2.10086 -174.578  20.3588 -1.34682 0.328106 0 0 0 -0.023404   0.02329 -0.038985   0.155504 -0.0172461  0.0273178 0.000220006 0.000284625 8.97634e-05  -0.019481 -0.0116742 -0.0389623    0.15844 -0.0112087   -9.80771 
             168.605  1.00958  1.52803 -172.945  20.3629 -1.35169 0.336041 0 0 0 -0.023404   0.02329 -0.038985  0.0761658 -0.0856546 0.00572367  0.000478863  0.000383611 -0.000123453 -0.0198695 -0.0116103 -0.0391061   0.158155 -0.0112206   -9.80772 
             168.705  1.08218  1.80716 -171.957  20.3767 -1.36795 0.332042 0 0 0 -0.023404   0.02329 -0.038985  0.133691 -0.032008 0.0215494 0.000247477 0.000408877 1.44146e-05 -0.0197559 -0.0121403 -0.0388873   0.158321 -0.0115838   -9.80772 
             168.805 0.990683  1.85185 -170.869  20.3906 -1.37308 0.329617 0 0 0 -0.023404   0.02329 -0.038985   0.0968687 -0.00707018  -0.0147953  0.000203573  0.000331355 -5.91775e-06 -0.0196917 -0.0123287 -0.0388163   0.158399 -0.0117074   -9.80771 
             168.905   1.8855  1.89984 -169.573  20.3973 -1.37517 0.326041 0 0 0 -0.023404   0.02329 -0.038985   0.119883 -0.0540047  0.0392335 0.000106016  0.00035008 7.01856e-06 -0.0198235 -0.0123209 -0.0387293   0.158305 -0.0117271   -9.80772 
             169.005    2.051  2.06661 -167.801  20.4074 -1.38699 0.333962 0 0 0 -0.023404   0.02329 -0.038985 0.0951699 -0.134206   0.04175  0.000154738  0.000234388 -8.03032e-05 -0.0199003 -0.0123946 -0.0388226   0.158265 -0.0117921   -9.80772 
             169.105  1.48153  1.80676 -167.062  20.4161 -1.39843 0.330836 0 0 0 -0.023404   0.02329 -0.038985  0.0869518 -0.0857738  0.0340283 0.000131154 0.000337516 4.00024e-05 -0.0198831  -0.012331 -0.0386984  0.158265 -0.011746  -9.80772 
             169.205  1.24965  1.91247 -165.839  20.4266 -1.39963 0.330257 0 0 0 -0.023404   0.02329 -0.038985   0.0933234  -0.0221899 -0.00511658 0.000145321 0.000327226 2.58915e-05 -0.0198538 -0.0122344 -0.0386693   0.158266 -0.0116728   -9.80772 
             169.306  1.23881  2.02382 -164.778  20.4273 -1.39577 0.329756 0 0 0 -0.023404   0.02329 -0.038985  0.0270351 0.00456491 -0.0167568 0.000207162 0.000259686 1.33919e-05 -0.0199893 -0.0120335  -0.038684    0.15813 -0.0115613   -9.80772 
             169.405  2.03483  1.95784 -163.346  20.4366 -1.39947 0.330066 0 0 0 -0.023404   0.02329 -0.038985  0.0884599 -0.0410609  0.0122527  0.00019616 0.000314367 8.82173e-05 -0.0199316  -0.012192 -0.0386668  0.158204 -0.011659  -9.80772 
             169.505  1.68885  1.54384 -162.061  20.4371 -1.40735 0.330017 0 0 0 -0.023404   0.02329 -0.038985  0.0199891 -0.0793896 -0.0247707 0.000174781 0.000327487 -1.1894e-05 -0.0201592 -0.0122065 -0.0386786   0.158051 -0.0117199   -9.80772 
             169.605  1.52066  1.93152 -160.882  20.4397   -1.412 0.331129 0 0 0 -0.023404   0.02329 -0.038985   0.0404544   0.0200139 -0.00707148 0.000146223 0.000299359 4.98799e-05   -0.02024 -0.0122704 -0.0386774    0.15801 -0.0117827   -9.80772 
             169.706  1.39567  1.73056 -159.916   20.439 -1.41241 0.327498 0 0 0 -0.023404   0.02329 -0.038985   -0.03047  0.0317138 -0.0517665 9.31747e-05 0.000313633 8.71583e-05 -0.0203664  -0.012362 -0.0386184   0.157946 -0.0118764   -9.80772 
             169.806  2.31026  1.80055 -158.471  20.4446 -1.41458 0.324153 0 0 0 -0.023404   0.02329 -0.038985  0.0181847  0.0215555 -0.0116587 1.74076e-05 0.000302949 0.000183723 -0.0201434  -0.012679 -0.0385723   0.158174 -0.0120394   -9.80772 
             169.905   1.7722  1.62846 -157.448  20.4412 -1.42385 0.326439 0 0 0 -0.023404   0.02329 -0.038985   0.101747  -0.206571 -0.0390206 0.000190229 0.000239247 5.28367e-05 -0.0205387  -0.012733 -0.0386901   0.157919 -0.0121736   -9.80772 
             170.006  1.91749  2.82162 -157.358  20.4556 -1.44358 0.328832 0 0 0 -0.023404   0.02329 -0.038985   0.173879  -0.075911 -0.0384747   0.0001557 0.000233569 0.000107718 -0.0207039  -0.012865 -0.0387676   0.157841 -0.0123047   -9.80772 
             170.105  1.28202  3.21483 -155.506  20.4792 -1.44885 0.325138 0 0 0 -0.023404   0.02329 -0.038985   0.204366 -0.0667578 -0.0124394 2.92729e-06  0.00021392 0.000137505 -0.0203902  -0.012996 -0.0387042   0.158086 -0.0123117   -9.80772 
             170.206 0.390857  3.08874 -154.995  20.4972 -1.45665 0.324135 0 0 0 -0.023404   0.02329 -0.038985    0.235031   -0.112974 -0.00879385 0.000275285 0.000364099 0.000151474 -0.0206963 -0.0128589 -0.0387187   0.157845 -0.0123011   -9.80772 
             170.305 -0.0548782    2.84577   -153.979  20.5143 -1.47059 0.322115 0 0 0 -0.023404   0.02329 -0.038985  0.129697 -0.266202 -0.163493 0.000315195 0.000280918 0.000187371 -0.0206665 -0.0128258 -0.0387133   0.157856 -0.0122705   -9.80772 
             170.405 -0.651099    3.2149  -153.828  20.5357 -1.49209 0.318029 0 0 0 -0.023404   0.02329 -0.038985  0.194311 -0.120681 -0.103167 0.000335767   0.0002097 0.000238944 -0.0205327 -0.0129256 -0.0388457   0.157971 -0.0122997   -9.80772 
             170.505 -1.07576  3.61569 -151.945  20.5546 -1.49335 0.314958 0 0 0 -0.023404   0.02329 -0.038985    0.19428 -0.0827913 -0.0740037 0.000299184 0.000148011 0.000323556 -0.0203298 -0.0125521 -0.0390955  0.157998 -0.011995  -9.80772 
             170.605 -1.61688  3.80321  -151.24  20.5777 -1.49993 0.315941 0 0 0 -0.023404   0.02329 -0.038985   0.193491  -0.133841 0.00875362 0.000546155 8.27642e-05 0.000299832 -0.0201435 -0.0123914 -0.0393144   0.158073 -0.0118365   -9.80772 
             170.705 -1.28393   3.3926 -150.014  20.5964 -1.51861 0.320008 0 0 0 -0.023404   0.02329 -0.038985   0.17836   -0.2205 0.0762688 0.000652685  9.8856e-05 0.000383681 -0.0199412 -0.0123569  -0.039595   0.158192 -0.0117589   -9.80772 
             170.805 -3.07728  4.69411 -150.064  20.6172 -1.52019 0.333759 0 0 0 -0.023404   0.02329 -0.038985   0.246379  0.0673867 0.00568111 0.000791596 2.48458e-05 0.000463318 -0.0199353 -0.0122393 -0.0397216   0.158161 -0.0116823   -9.80772 
             170.905 -2.61831  3.69613 -147.304  20.6436 -1.50884 0.331671 0 0 0 -0.023404   0.02329 -0.038985  0.251914 0.0877646 0.0337652 0.000839863 4.23593e-05 0.000454368 -0.0197552 -0.0122548 -0.0396294   0.158283 -0.0116351   -9.80772 
             171.006 -3.11436  3.78652 -146.606  20.6598 -1.52562  0.33494 0 0 0 -0.023404   0.02329 -0.038985  0.117357 -0.148925 0.0235296   0.00121258 -0.000266282  0.000624577 -0.0202509  -0.012806 -0.0396761   0.158133 -0.0121472   -9.80772 
             171.105 -2.19931  3.54195 -146.032  20.6783 -1.56132  0.32441 0 0 0 -0.023404   0.02329 -0.038985  0.217421 -0.216168 0.0355285   0.00146591 -0.000353827  0.000560588 -0.0202733 -0.0132883 -0.0395931   0.158272 -0.0124617   -9.80772 
             171.205 -4.7895 5.41202 -144.81  20.7014 -1.56846 0.325614 0 0 0 -0.023404   0.02329 -0.038985   0.248953 0.00241897  -0.124656   0.00139096 -0.000291992    0.0005264 -0.0202569 -0.0133342 -0.0398314   0.158296 -0.0124946   -9.80771 
             171.305 -3.71551  4.20079 -141.487  20.7251 -1.56318 0.321541 0 0 0 -0.023404   0.02329 -0.038985   0.191507  -0.072091 -0.0510602   0.00129322 -0.000214531  0.000468094  -0.019967 -0.0132568 -0.0399998  0.158454 -0.012357  -9.80771 
             171.406 -3.18545   4.2996 -139.962  20.7436 -1.59048 0.325039 0 0 0 -0.023404   0.02329 -0.038985    0.1983  -0.44302 -0.188489   0.00168763 -0.000427109  0.000529221 -0.0199677 -0.0134917 -0.0402958   0.158532 -0.0125183   -9.80771 
             171.505 -3.32493  4.89236 -139.823  20.7656 -1.61506 0.324285 0 0 0 -0.023404   0.02329 -0.038985  0.256648 -0.108363 0.0403965   0.00193165 -0.000605545  0.000652327 -0.0198538 -0.0132851 -0.0404114   0.158533 -0.0123544   -9.80771 
             171.605 -3.15174  4.92515 -137.528 20.7992  -1.612 0.33032 0 0 0 -0.023404   0.02329 -0.038985   0.341236  0.0605234 0.00219975   0.00185168 -0.000526061  0.000578303 -0.0194729 -0.0131012 -0.0407094   0.158703 -0.0121185   -9.80771 
             171.705 -3.39816  4.17048 -134.628   20.829 -1.60343  0.33546 0 0 0 -0.023404   0.02329 -0.038985   0.202731 -0.0878532   0.121851  0.00175659 -0.00045402  0.00058333 -0.0191702  -0.012845  -0.040703   0.158795 -0.0118507   -9.80771 
             171.805 -2.17192  3.45664  -132.54  20.8426 -1.62738 0.331514 0 0 0 -0.023404   0.02329 -0.038985   0.177207  -0.341002 -0.0853476  0.00212732 -0.00065193  0.00070891 -0.0191556 -0.0127834 -0.0406404   0.158782 -0.0118042   -9.80771 
             171.903 -3.05221  5.41689 -131.931  20.8634 -1.64891 0.337809 0 0 0 -0.023404   0.02329 -0.038985   0.220124 -0.0756573 0.00593036   0.00242905 -0.000961735  0.000672857 -0.0192479 -0.0129423 -0.0406327    0.15879 -0.0119342   -9.80771 
             172.006 -2.49135  5.00982  -129.44  20.8857 -1.64316 0.335734 0 0 0 -0.023404   0.02329 -0.038985  0.246253  0.106455 0.0546535   0.00244312 -0.000923181  0.000554291 -0.0191466 -0.0127327 -0.0406352   0.158767 -0.0117704   -9.80771 
             172.106  -1.7818  4.26656 -126.685  20.9135 -1.64741 0.340864 0 0 0 -0.023404   0.02329 -0.038985   0.200066   -0.22793 -0.0122773   0.00234828 -0.000743046  0.000636079 -0.0189727 -0.0127461 -0.0405167   0.158872 -0.0117023   -9.80771 
             172.204 0.194074  2.97039  -123.54  20.9354 -1.67296 0.330259 0 0 0 -0.023404   0.02329 -0.038985   0.238919 -0.0956785 0.00260765   0.00240821 -0.000870659   0.00067947 -0.0190404 -0.0127728 -0.0404739   0.158845 -0.0117441   -9.80771 
             172.305 -1.07378  5.07015 -122.064   20.961 -1.66605 0.328842 0 0 0 -0.023404   0.02329 -0.038985   0.197515  0.0590798 -0.0613352   0.00244114 -0.000858515  0.000753333 -0.0187715 -0.0127891 -0.0405212   0.159003 -0.0116392    -9.8077 
             172.405 -0.510633   4.91291  -119.581  20.9788 -1.66905 0.328766 0 0 0 -0.023404   0.02329 -0.038985  0.240299 -0.131883 0.0060329  0.00263963 -0.00104411 0.000773338 -0.0188033  -0.012817 -0.0405449   0.158999 -0.0116692    -9.8077 
             172.505 0.034517  3.96269  -116.99  21.0039 -1.69254 0.321144 0 0 0 -0.023404   0.02329 -0.038985    0.25447  -0.155683 -0.0942675  0.00290574 -0.00112334 0.000682961 -0.0188681 -0.0128926  -0.040533   0.158999 -0.0117389    -9.8077 
             172.605 -0.908192   5.74033  -114.406  21.0239 -1.69033 0.323967 0 0 0 -0.023404   0.02329 -0.038985   0.197806   0.120334 -0.0645579   0.0030698 -0.00138173 0.000746399  -0.018918 -0.0129126 -0.0406761   0.158983 -0.0117771    -9.8077 
             172.705 -0.188857    4.8496  -112.002  21.0488 -1.67708 0.324941 0 0 0 -0.023404   0.02329 -0.038985  0.256423 0.0421854 0.0399595   0.0030314 -0.00134954 0.000696491 -0.0186595 -0.0130584 -0.0408588   0.159183 -0.0117339    -9.8077 
             172.805 -0.430724   4.66706  -109.596  21.0757 -1.69494 0.328033 0 0 0 -0.023404   0.02329 -0.038985  0.269572 -0.281769 -0.159543  0.00352374 -0.00151232 0.000835107 -0.0188597 -0.0128977 -0.0409797   0.159005 -0.0117559    -9.8077 
             172.905 0.127247  4.12686 -104.953  21.0987 -1.70917 0.317682 0 0 0 -0.023404   0.02329 -0.038985     0.14839   0.0894006 -0.00486933  0.00360537 -0.00164187  0.00084343 -0.0189769 -0.0130156 -0.0408657   0.159009 -0.0118677    -9.8077 
             173.005 0.437499  4.58995  -103.29  21.1195  -1.6945 0.318186 0 0 0 -0.023404   0.02329 -0.038985   0.166411   0.195414 -0.0599689  0.00352042 -0.00149846 0.000842988 -0.0188077 -0.0131871 -0.0411797   0.159174 -0.0118724    -9.8077 
             173.105 0.927548  4.16878 -100.164   21.139 -1.68399 0.323254 0 0 0 -0.023404   0.02329 -0.038985   0.245398 -0.0467307   0.072574  0.00349395 -0.00150437 0.000718525 -0.0186813  -0.013267 -0.0413648   0.159273 -0.0118486    -9.8077 
             173.205  1.03619  3.92769 -97.0341   21.164 -1.70245 0.323198 0 0 0 -0.023404   0.02329 -0.038985   0.255254 -0.0838791 -0.0515668  0.00379023 -0.00172352 0.000746065 -0.0189437 -0.0132973 -0.0414449   0.159176 -0.0120063    -9.8077 
             173.305 0.951068   5.1203 -93.6867   21.177 -1.70167 0.330769 0 0 0 -0.023404   0.02329 -0.038985  0.0403168 0.00616905  0.0852223  0.00387934 -0.00176268 0.000795421 -0.0191487  -0.013337 -0.0414706   0.159113 -0.0121371    -9.8077 
             173.405 0.267686   3.2036 -93.2188  21.1818 -1.70467 0.321328 0 0 0 -0.023404   0.02329 -0.038985    0.09188  0.0973513 -0.0272436  0.00381126 -0.00178098 0.000914052 -0.0191729 -0.0134443 -0.0415367   0.159163 -0.0121952    -9.8077 
             173.505  1.64486  4.53543 -91.0775  21.2124 -1.69372 0.324298 0 0 0 -0.023404   0.02329 -0.038985   0.239269  0.0776134 -0.0144097  0.00363513 -0.00178906 0.000830885 -0.0192489 -0.0139151  -0.041507   0.159403 -0.0124125    -9.8077 
             173.605  1.88052  4.35808 -87.9435  21.2353 -1.69635 0.326918 0 0 0 -0.023404   0.02329 -0.038985  0.170294 0.0997782  0.123102  0.00351773 -0.00196754 0.000843951 -0.0195953 -0.0139807 -0.0415894   0.159319 -0.0126409    -9.8077 
             173.705 1.91929 4.51544 -86.243  21.2475 -1.70573 0.333272 0 0 0 -0.023404   0.02329 -0.038985 -0.027163 -0.180697 -0.180795  0.00327084 -0.00203755 0.000743569 -0.0196871 -0.0143916 -0.0417241   0.159528 -0.0128402   -9.80769 
             173.804  1.91324  3.82116 -85.9321  21.2645 -1.71652 0.323696 0 0 0 -0.023404   0.02329 -0.038985  0.224978  0.121789 0.0886896   0.0031748 -0.00214375  0.00071945 -0.0200183 -0.0148116 -0.0414397    0.15967 -0.0131631   -9.80769 
             173.905  2.27902  3.68887 -83.5296  21.2934 -1.71039 0.325176 0 0 0 -0.023404   0.02329 -0.038985  0.218065 0.0766341 0.0495661  0.00326273 -0.00205986  0.00078906 -0.0200206 -0.0149511 -0.0415162   0.159751 -0.0132109   -9.80769 
             174.005  1.39839  4.26239 -81.2299  21.3051 -1.71465 0.325709 0 0 0 -0.023404   0.02329 -0.038985 -0.00659877   -0.181026   -0.142073  0.00282557 -0.00215269 0.000692991 -0.0200301 -0.0152981 -0.0414507   0.159958 -0.0133177   -9.80769 
             174.105 0.328795  2.70823 -81.6287  21.3084 -1.73409  0.30904 0 0 0 -0.023404   0.02329 -0.038985 0.0758558 0.0615685 0.0108451  0.00266817 -0.00231897 0.000814781 -0.0202957 -0.0154837 -0.0415153  0.159995 -0.013535  -9.80769 
             174.205 1.69329 3.95382 -78.725  21.3265 -1.71719 0.313971 0 0 0 -0.023404   0.02329 -0.038985   0.240003   0.144125 -0.0963658  0.00263298  -0.0022175 0.000724368 -0.0201707 -0.0156829  -0.041873   0.16015 -0.013525  -9.80768 
             174.305   1.6773  4.89808 -76.7411  21.3417 -1.71209 0.327053 0 0 0 -0.023404   0.02329 -0.038985 -0.0193305 -0.0360498 -0.0033272  0.00249365 -0.00243977 0.000715992  -0.020292 -0.0159018 -0.0421211   0.160253 -0.0136653   -9.80768 
             174.405  1.05967  2.84325 -75.3937  21.3501 -1.73146 0.308926 0 0 0 -0.023404   0.02329 -0.038985 0.0592607 -0.026422 -0.150356  0.00222644 -0.00248618 0.000730861 -0.0205283 -0.0162868 -0.0421849   0.160434 -0.0139076   -9.80768 
             174.505  2.69779  4.87332 -73.6853  21.3648 -1.71689 0.315745 0 0 0 -0.023404   0.02329 -0.038985   0.13761  0.231814 -0.122733  0.00213332 -0.00253557  0.00067115 -0.0205597 -0.0163899 -0.0424141   0.160492 -0.0139592   -9.80768 
             174.605  2.89778    3.852 -71.3323  21.3917 -1.70439 0.316514 0 0 0 -0.023404   0.02329 -0.038985  0.125522 0.0277373 0.0480959  0.00218311 -0.00250768 0.000693339 -0.0205309 -0.0165651 -0.0425929   0.160608 -0.0139845   -9.80768 
             174.706 2.16687 3.36555 -69.508  21.4174 -1.73268 0.308117 0 0 0 -0.023404   0.02329 -0.038985 0.0924434 -0.243348 -0.315493  0.00160303 -0.00267125 0.000669977 -0.0208456 -0.0169551 -0.0428212   0.160794 -0.0142667   -9.80767 
             174.805  3.35827  4.48045 -67.2448  21.4394  -1.7323 0.316719 0 0 0 -0.023404   0.02329 -0.038985  0.189566  0.203978 0.0503645   0.0014493 -0.00287824  0.00058544  -0.020994 -0.0171252 -0.0429461   0.160876 -0.0143941   -9.80767 
             174.905  3.72127  3.80366 -64.8382  21.4716 -1.69668 0.327584 0 0 0 -0.023404   0.02329 -0.038985 0.263717 0.244315 0.173158  0.00147715 -0.00290221 0.000751732 -0.0206959 -0.0173783 -0.0431767    0.16108 -0.0142518   -9.80767 
             175.005  2.12426  4.12625 -63.1215  21.5006 -1.69241 0.333201 0 0 0 -0.023404   0.02329 -0.038985   0.17937 -0.128508 -0.168751  0.00105926  -0.0031281 0.000635299  -0.020787  -0.017657 -0.0431426   0.161245 -0.0143435   -9.80766 
             175.105  1.69129  3.20732 -59.8136  21.5087 -1.70511 0.323495 0 0 0 -0.023404   0.02329 -0.038985 0.0597875  0.195134  0.139138 0.000733328 -0.00343183 0.000568134 -0.0211982 -0.0175844 -0.0430078   0.161157 -0.0145913   -9.80767 
             175.205  3.87216  3.21639 -56.4218  21.5197 -1.67913  0.32825 0 0 0 -0.023404   0.02329 -0.038985   0.189531   0.341004 -0.0409535 0.000749181 -0.00331871 0.000558367 -0.0213189 -0.0176731 -0.0430781   0.161202 -0.0146787   -9.80766 
             175.304  3.90818  2.93925 -54.3912  21.5342 -1.65297 0.330484 0 0 0 -0.023404   0.02329 -0.038985  0.161391  0.192924 0.0163973  0.00069858 -0.00344342 0.000517926 -0.0213394 -0.0175423 -0.0429721   0.161119 -0.0146794   -9.80767 
             175.405  2.01849  1.35159 -50.4578  21.5478  -1.6546 0.317587 0 0 0 -0.023404   0.02329 -0.038985  0.0130723  0.0566049 -0.0892363  0.00062761 -0.00343543 0.000468924 -0.0216418 -0.0175945 -0.0429917  0.161143 -0.014873  -9.80767 
             175.506  4.28691  2.14404 -45.9381  21.5495 -1.63666 0.323373 0 0 0 -0.023404   0.02329 -0.038985 -0.0337076   0.310736 -0.0229956 0.000579295 -0.00342396 0.000538301   -0.02187 -0.0176253 -0.0431375   0.161163 -0.0150224   -9.80766 
             175.605  4.42844  1.19791 -43.4532  21.5579 -1.60018  0.32337 0 0 0 -0.023404   0.02329 -0.038985 0.0142689  0.341442 0.0249298 0.000597061  -0.0033921 0.000490784  -0.021857 -0.0178205 -0.0433333   0.161282 -0.0150126   -9.80766 
             175.705  3.93047 0.945634 -39.4015   21.558 -1.57692 0.329475 0 0 0 -0.023404   0.02329 -0.038985 0.0143024  0.167572 -0.090148 0.000380767 -0.00353868 0.000377621 -0.0219555  -0.017825 -0.0434624   0.161296 -0.0150773   -9.80766 
             175.805  2.06286 0.296563 -34.4478  21.5445  -1.5724 0.319813 0 0 0 -0.023404   0.02329 -0.038985 -0.146213  0.178481 0.0181309   0.0002135 -0.00366782 0.000366848 -0.0219066 -0.0175674  -0.043516   0.161141 -0.0150839   -9.80766 
             175.905  4.22839 0.929424  -30.284  21.5342 -1.54606 0.323835 0 0 0 -0.023404   0.02329 -0.038985  -0.157063   0.337963 -0.0269956 0.000275441 -0.00370503 0.000339411 -0.0220502 -0.0177029 -0.0435742   0.161242 -0.0151443   -9.80766 
             176.005  4.66249 0.341451 -27.8637  21.5186   -1.507 0.326183 0 0 0 -0.023404   0.02329 -0.038985 -0.147614  0.407065  0.044996 0.000224824 -0.00363252 0.000373715 -0.0220719 -0.0176809 -0.0437322   0.161235 -0.0151676   -9.80766 
             176.104   2.98767 -0.403081  -25.4758  21.5141 -1.46865 0.339485 0 0 0 -0.023404   0.02329 -0.038985 0.00138791   0.340094  0.0421828 0.000324394 -0.00360364 0.000382043 -0.0222045 -0.0176935 -0.0438288   0.161275 -0.0152369   -9.80766 
             176.205 -0.970644   -2.0355  -22.2696  21.5158 -1.45402 0.341804 0 0 0 -0.023404   0.02329 -0.038985   0.0372962    0.109144 -0.00259061  0.00017074  -0.0036291 0.000246635 -0.0223022 -0.0175318 -0.0439194   0.161227 -0.0153366   -9.80766 
             176.306 -0.65663 -1.87241 -20.8384  21.5194 -1.45447 0.341036 0 0 0 -0.023404   0.02329 -0.038985  0.0804277  0.0449864 -0.0139733 -2.7728e-05 -0.00376957 0.000338302 -0.0223971 -0.0172958 -0.0438864   0.161154 -0.0154582   -9.80766 
             176.404 -0.787658  -1.78468   -20.739  21.5322  -1.4548 0.338986 0 0 0 -0.023404   0.02329 -0.038985    0.142816   0.0558557 -0.00739605 3.57823e-05 -0.00369436   0.0004125 -0.0225593 -0.0171995 -0.0438276   0.161169 -0.0155623   -9.80766 
             176.505 -0.499367  -1.45369  -20.4533  21.5202 -1.50805 0.330242 0 0 0 -0.023404   0.02329 -0.038985  -0.0504399 -0.00232907   0.0371413 5.68494e-05 -0.00360579 0.000385776 -0.0227034 -0.0171156 -0.0436707   0.161187 -0.0156545   -9.80766 
             176.605 -1.25133 -1.36005 -20.0011  21.5198 -1.51128 0.326345 0 0 0 -0.023404   0.02329 -0.038985 -0.00797845  -0.0468878  -0.0289441 0.000332746 -0.00348198 0.000294584 -0.0223422  -0.017839 -0.0436097   0.161335 -0.0152341   -9.80766 
             176.706 -0.662819   -1.0794  -19.5251  21.5195 -1.50336 0.330818 0 0 0 -0.023404   0.02329 -0.038985 -0.00576586    0.113514   0.0352077 0.000365014 -0.00352201 0.000255806 -0.0221303 -0.0186031 -0.0435301   0.161551 -0.0148561   -9.80766 
             176.805 -0.605026  -1.17157  -19.5052  21.5232 -1.50764 0.328275 0 0 0 -0.023404   0.02329 -0.038985  0.054865 0.0288667 -0.015452 0.000375616 -0.00354538 0.000300848 -0.0220255 -0.0192337 -0.0433084   0.161752 -0.0145736   -9.80766 
             176.905 -0.782976 -0.908913  -19.4125  21.5216 -1.50698 0.329153 0 0 0 -0.023404   0.02329 -0.038985 -0.0255531  0.0216997   0.041441 0.000413601  -0.0035555 0.000235921  -0.021744 -0.0198949 -0.0431829   0.161897 -0.0142062   -9.80765 
             177.005 -0.989042 -0.751154  -19.3318  21.5168 -1.51066 0.326659 0 0 0 -0.023404   0.02329 -0.038985 -0.0516942 -0.0393655  -0.035549 0.000414596 -0.00353512 0.000250995 -0.0216332 -0.0206534 -0.0429793   0.162143 -0.0138684   -9.80765 
             177.105  -1.01133 -0.978972  -19.3189  21.5202 -1.50799 0.330063 0 0 0 -0.023404   0.02329 -0.038985 -0.0100039  0.0391004  0.0189774 0.000362368 -0.00348166 0.000253514  -0.021398 -0.0215069 -0.0428355   0.162377 -0.0134434   -9.80765 
             177.205 -0.641105  -1.30771  -19.1086  21.5239 -1.50507 0.327384 0 0 0 -0.023404   0.02329 -0.038985   0.0603646   0.0533232 -0.00604982 0.000345382 -0.00347434 0.000222261 -0.0211619  -0.022191 -0.0426763   0.162546 -0.0130858   -9.80764 
             177.305 -0.830377  -1.04938  -19.1142  21.5239 -1.50725 0.326779 0 0 0 -0.023404   0.02329 -0.038985 0.0326142 0.0410848 0.0196753 0.000282752 -0.00352078 0.000259081 -0.0210478 -0.0229073 -0.0425879   0.162774 -0.0127615   -9.80764 
             177.405 -0.974246 -0.747162  -18.9276  21.5287  -1.4696 0.322247 0 0 0 -0.023404   0.02329 -0.038985 -0.00948537    0.121659  -0.0452004   0.0003277 -0.00351958 0.000266313 -0.0207482 -0.0236563 -0.0424592   0.162942 -0.0123544   -9.80764 
             177.505  -1.03505 -0.887271  -17.8674  21.5348 -1.45261 0.319326 0 0 0 -0.023404   0.02329 -0.038985 0.000755482    0.151382  -0.0117698 0.000202128 -0.00352211 0.000228367 -0.0208356   -0.02384 -0.0424676  0.163045 -0.012315  -9.80764 
             177.606 -0.237971   -1.1621  -16.4911   21.539 -1.43975 0.322544 0 0 0 -0.023404   0.02329 -0.038985  0.0422629   0.207487 -0.0130906 6.98401e-05 -0.00346982 0.000255784 -0.0210034 -0.0237736 -0.0425917   0.163088 -0.0124019   -9.80764 
             177.705 -0.335948   -1.1304  -15.7825  21.5522 -1.42883 0.326199 0 0 0 -0.023404   0.02329 -0.038985    0.118981    0.194346 -0.00887979 1.98285e-05 -0.00355903 0.000374757 -0.0212524 -0.0235842 -0.0427483    0.16312 -0.0125664   -9.80764 
             177.805 -0.476764 -0.656523   -14.442  21.5624 -1.42726 0.331179 0 0 0 -0.023404   0.02329 -0.038985  0.0625522   0.078756 0.00318189 -2.78224e-06  -0.00354777  0.000378523 -0.0214598 -0.0232894 -0.0428548     0.1631 -0.0127591   -9.80764 
             177.905 -0.561684 -0.644802  -13.4992  21.5713 -1.42813 0.331768 0 0 0 -0.023404   0.02329 -0.038985   0.111154  0.0444061 -0.0139929 -1.81955e-05  -0.00359251  0.000361982 -0.0215646 -0.0230875 -0.0428535   0.163075 -0.0128791   -9.80764 
             178.005  0.221162 -0.644288  -11.5838  21.588 -1.4355 0.32947 0 0 0 -0.023404   0.02329 -0.038985 0.0994187 0.0791154 0.0171147 -1.20547e-05  -0.00351551    0.0002101 -0.0218764 -0.0228489  -0.042779   0.163127 -0.0130838   -9.80763 
             178.105  0.396218 -0.842609  -10.4767  21.5998 -1.43048 0.331405 0 0 0 -0.023404   0.02329 -0.038985    0.149845    0.111959 -0.00160872 -4.65871e-05  -0.00348506  0.000307406 -0.0219267 -0.0227061 -0.0427733   0.163105 -0.0131618   -9.80764 
             178.205  0.052983 -0.388714  -9.12089  21.6133  -1.4259 0.331615 0 0 0 -0.023404   0.02329 -0.038985   0.107732   0.071886 0.00715648 -2.52206e-05   -0.0035458  0.000237459 -0.0219556 -0.0225338 -0.0427928   0.163068 -0.0132462   -9.80764 
             178.305 -0.290156 -0.325901  -8.14246  21.6323 -1.42634 0.329875 0 0 0 -0.023404   0.02329 -0.038985   0.134658  0.0207159 -0.0131508 3.07379e-06 -0.00350035 0.000316818 -0.0222464 -0.0224688 -0.0427699   0.163179 -0.0133548   -9.80763 
             178.405  0.146468 -0.275387  -6.92728  21.6443 -1.42558 0.330165 0 0 0 -0.023404   0.02329 -0.038985  0.114375 0.0287039 0.0162142 -1.2596e-05 -0.00350102  0.00033424 -0.0221881 -0.0224284 -0.0428488   0.163144 -0.0133582   -9.80763 
             178.505  0.697298 -0.721414   -5.2858  21.6611 -1.42109 0.331949 0 0 0 -0.023404   0.02329 -0.038985  0.152944  0.102537 0.0246169 -4.09827e-05  -0.00335261  0.000257491 -0.0223436 -0.0223728 -0.0428505   0.163203 -0.0134206   -9.80763 
             178.605  0.142299 -0.542106  -4.00502   21.676 -1.41389  0.33108 0 0 0 -0.023404   0.02329 -0.038985  0.149597 0.0977869 0.0226296 -2.98213e-06   -0.0033789  0.000206675 -0.0223214 -0.0222537 -0.0428161   0.163166 -0.0134721   -9.80763 
             178.705 -0.180992     -0.25  -2.81668  21.6862   -1.412 0.330733 0 0 0 -0.023404   0.02329 -0.038985     0.116496    0.0466648 -0.000464673 0.000118593 -0.00344413 0.000256834 -0.0223018 -0.0221019 -0.0428104  0.163127 -0.013541  -9.80763 
             178.805 -0.298392 -0.274831  -1.65866  21.6985 -1.41256 0.330117 0 0 0 -0.023404   0.02329 -0.038985  0.152145 0.0331529 -0.014366 0.000118577 -0.00343268 0.000167598 -0.0222737 -0.0219641 -0.0428499    0.16309 -0.0136026   -9.80763 
             178.905  0.506654 -0.306765  -0.30878  21.7144 -1.40657 0.333111 0 0 0 -0.023404   0.02329 -0.038985  0.125003  0.127514 0.0341352 0.000108986 -0.00330343 0.000333453 -0.0224185 -0.0219195 -0.0428683  0.163154 -0.013647  -9.80763 
             179.005 0.0637806 -0.516215  0.925763  21.7239 -1.39965 0.332614 0 0 0 -0.023404   0.02329 -0.038985    0.157335    0.145306 -0.00355174 0.000105095 -0.00334296 0.000281651 -0.0222801 -0.0216853 -0.0428119   0.163054 -0.0137437   -9.80764 
             179.105 -0.350472 -0.247883   2.14179  21.7394  -1.3946 0.330876 0 0 0 -0.023404   0.02329 -0.038985   0.100227  0.0632424 -0.0128658 0.000207178 -0.00326853 0.000319303  -0.022401 -0.0215062  -0.042718   0.163091 -0.0138468   -9.80763 
             179.204  -0.56092 -0.276222   3.00085  21.7526 -1.39711 0.329987 0 0 0 -0.023404   0.02329 -0.038985   0.151217  0.0382684 -0.0286313 0.000211209 -0.00335719 0.000355799 -0.0224755 -0.0212543 -0.0427518   0.163104 -0.0139785   -9.80763 
             179.305 0.352218 0.162315  4.55004  21.7564 -1.39798 0.327806 0 0 0 -0.023404   0.02329 -0.038985 0.0862376 0.0696283 0.0109981 0.000106623 -0.00354537 0.000258187 -0.0221943 -0.0210582 -0.0426792  0.162949 -0.014055  -9.80764 
             179.405  0.288297 -0.398248   5.80264  21.7727 -1.39251 0.330707 0 0 0 -0.023404   0.02329 -0.038985    0.15294   0.132423 -0.0140818 0.000171026 -0.00339171 0.000315267 -0.0223675 -0.0208692 -0.0427733   0.163026 -0.0141583   -9.80763 
             179.505 -0.664988 0.0542082   6.93351  21.7782 -1.38688 0.329626 0 0 0 -0.023404   0.02329 -0.038985  0.0950741   0.087001 0.00676295 0.000440911 -0.00350227 0.000369127 -0.0221038 -0.0206618 -0.0427499   0.162886 -0.0142535   -9.80764 
             179.605 -0.663109 0.0622797   7.99136  21.7874 -1.38091 0.330569 0 0 0 -0.023404   0.02329 -0.038985   0.129084  0.0753487 -0.0146435 0.000270791  -0.0035184 0.000399471 -0.0220599 -0.0206303 -0.0428214   0.162866 -0.0142679   -9.80764 
             179.705 -0.0307379     0.1736    9.36161  21.7974 -1.38117 0.330905 0 0 0 -0.023404   0.02329 -0.038985  0.104029 0.0716433 0.0197381 0.000154408 -0.00351922 0.000294305 -0.0219429 -0.0203838 -0.0428678   0.162811 -0.0143908   -9.80764 
             179.806  0.115787 -0.600568   10.8738  21.8165 -1.37681 0.330568 0 0 0 -0.023404   0.02329 -0.038985  0.139525  0.139549 0.0119713 0.000314508 -0.00313328 0.000279256 -0.0222196 -0.0200956 -0.0428249   0.162954 -0.0145276   -9.80764 
             179.905 -0.320549 -0.224882   12.1972   21.828 -1.36947 0.331394 0 0 0 -0.023404   0.02329 -0.038985  0.128586  0.136461 0.0182142 0.000199585 -0.00325354 0.000169517 -0.0220971 -0.0198783 -0.0428492   0.162904 -0.0146401   -9.80764 
             180.005 -0.383576 -0.304214   12.9556  21.8496  -1.3672 0.331891 0 0 0 -0.023404   0.02329 -0.038985   0.142454   0.105947 -0.0283411 0.000253046 -0.00315164 0.000205116 -0.0223766 -0.0194233 -0.0429226   0.163072 -0.0148433   -9.80763 
             180.105 -0.199235 -0.371126   14.3022  21.8607 -1.37033  0.32832 0 0 0 -0.023404   0.02329 -0.038985  0.116944  0.125314 0.0236942 0.000200136 -0.00313861  1.0621e-05 -0.0221976  -0.019011 -0.0428502   0.163019 -0.0150607   -9.80763 
             180.205  0.469597 -0.654412   15.5995  21.8664 -1.36516 0.334662 0 0 0 -0.023404   0.02329 -0.038985 0.0908056  0.159455 0.0138627  0.00013249 -0.00303766 0.000124809 -0.0220323 -0.0188026 -0.0429963   0.162967 -0.0151781   -9.80763 
             180.305 -0.0442611  -0.833952    16.1365  21.8824 -1.36087 0.339063 0 0 0 -0.023404   0.02329 -0.038985    0.15657  0.0920429 0.00733881 0.000155025 -0.00313078 0.000318266 -0.0220688 -0.0185039 -0.0431047   0.163024 -0.0153147   -9.80763 
             180.405 -0.236636 -0.565537   16.3505  21.8966 -1.36015 0.340765 0 0 0 -0.023404   0.02329 -0.038985  0.120658 0.0837822 0.0334402 0.000127304 -0.00302813 0.000353549 -0.0220182 -0.0182675 -0.0430857  0.163034 -0.015434  -9.80763 
             180.505 0.0824779  -0.52695   16.8655  21.9065 -1.36121 0.343188 0 0 0 -0.023404   0.02329 -0.038985 0.0936686 0.0638255 0.0157334 0.000110603 -0.00309566 0.000531175 -0.0219335 -0.0180086 -0.0430972   0.163036 -0.0155686   -9.80763 
             180.605 -0.113861  -1.07294   17.5975  21.9077 -1.36754  0.34209 0 0 0 -0.023404   0.02329 -0.038985  0.0794792  0.0521859 0.00833373 0.000102259 -0.00305054 0.000373026 -0.0215876 -0.0177396 -0.0430738   0.162923 -0.0157533   -9.80763 
             180.705 -0.0297531   -1.11454    18.2599  21.9151 -1.36787 0.342642 0 0 0 -0.023404   0.02329 -0.038985 0.0664671 0.0510739 0.0161941 0.000117055 -0.00304911 0.000386457 -0.0215624 -0.0175596 -0.0430447  0.162942 -0.015841  -9.80763 
             180.805 -0.304836  -1.55239   19.1304  21.9239 -1.37113 0.346419 0 0 0 -0.023404   0.02329 -0.038985  0.119539 0.0418082  0.019394 0.000128854 -0.00301401 0.000308257   -0.02147 -0.0173103 -0.0431621   0.162948 -0.0159718   -9.80763 
             180.904 -0.940647 -0.993173   19.5741  21.9358 -1.37523  0.34287 0 0 0 -0.023404   0.02329 -0.038985   0.111069  0.0310686 0.00025917 0.000256015 -0.00307011 0.000244881 -0.0213991 -0.0170906 -0.0430511   0.162957 -0.0160861   -9.80763 
             181.006 -0.534257 -0.778939    20.325  21.9496 -1.37907 0.341974 0 0 0 -0.023404   0.02329 -0.038985  0.0876168  0.0412816 -0.0237361 0.000247548  -0.0030273 0.000178813  -0.021462 -0.0168401 -0.0430279   0.163035 -0.0161854   -9.80763 
             181.105 -0.563067  -1.06387   20.8775  21.9603 -1.38056 0.341613 0 0 0 -0.023404   0.02329 -0.038985    0.13276  0.0246928 -0.0122681 0.000182308 -0.00300694 0.000263769 -0.0214177 -0.0167158 -0.0431137   0.163042 -0.0162493   -9.80763 
             181.205  0.348049 -0.756245     22.07  21.9705 -1.38035 0.342242 0 0 0 -0.023404   0.02329 -0.038985 0.0835137 0.0533991 0.0147753 0.000142039 -0.00301767 0.000179993 -0.0213584 -0.0166101 -0.0430988    0.16304 -0.0163092   -9.80763 
             181.305 0.161905 -1.12919  22.9526  21.9801 -1.37922 0.345381 0 0 0 -0.023404   0.02329 -0.038985    0.119115   0.0489527 0.000537021 0.000141135 -0.00298335 0.000189712 -0.0212994 -0.0164854 -0.0431629   0.163044 -0.0163766   -9.80763 
             181.405  -0.32838 -0.662812   23.3858  21.9858 -1.37954 0.346264 0 0 0 -0.023404   0.02329 -0.038985  0.0889872  0.0395236 0.00772216 7.11207e-05 -0.00299247 0.000130347 -0.0211182  -0.016447 -0.0432148  0.162977 -0.016438  -9.80763 
             181.505 -0.144608 -0.499966   23.9318  21.9965 -1.38048 0.342511 0 0 0 -0.023404   0.02329 -0.038985  0.051878 0.0491874 0.0028145 0.000195291 -0.00296268 0.000178113 -0.0211494 -0.0162384 -0.0430857   0.163042 -0.0165182   -9.80763 
             181.606 -0.125252 -0.750209    24.704  22.0067 -1.37621  0.34625 0 0 0 -0.023404   0.02329 -0.038985  0.0776567  0.0506075 -0.0174036 0.000102136 -0.00296141 0.000236659  -0.021259 -0.0161435 -0.0432268   0.163114 -0.0165261   -9.80763 
             181.706 -0.304819  -0.82806   25.0865  22.0213   -1.375 0.345262 0 0 0 -0.023404   0.02329 -0.038985 0.0825251 0.0607843 0.0151884 0.000178205 -0.00305999 0.000292382 -0.0213654 -0.0159007 -0.0432215   0.163223 -0.0165946   -9.80763 
             181.805 -0.231707  -1.20579   26.1373  22.0333 -1.37131 0.347932 0 0 0 -0.023404   0.02329 -0.038985   0.0953836   0.0796625 -0.00257756 0.000154383 -0.00292439 0.000320287  -0.021449 -0.0157495 -0.0432636     0.1633 -0.0166304   -9.80763 
             181.905 -0.532875  -1.55538   26.6476  22.0493 -1.36536 0.351512 0 0 0 -0.023404   0.02329 -0.038985    0.158906   0.0663225 -0.00204697 7.97478e-05 -0.00288864 0.000417236 -0.0215083 -0.0156327 -0.0433769   0.163358 -0.0166578   -9.80763 
             182.005 -0.946266 -0.976571   27.1881   22.067 -1.36858 0.348273 0 0 0 -0.023404   0.02329 -0.038985  0.131741 0.0501725 0.0195942 0.000156774 -0.00283636 0.000318879 -0.0214588  -0.015352 -0.0432685   0.163422 -0.0167828   -9.80762 
             182.105 -0.389459 -0.786673   27.9696    22.08 -1.37022 0.355364 0 0 0 -0.023404   0.02329 -0.038985   0.125863  0.0485133 -0.0135909 7.54563e-05 -0.00284958 0.000301593 -0.0214018 -0.0151568 -0.0434802   0.163462 -0.0168736   -9.80762 
             182.205 -0.298651 -0.883587   28.6969  22.1004 -1.37131   0.3569 0 0 0 -0.023404   0.02329 -0.038985  0.171727  0.043142 0.0236657 -2.05942e-05  -0.00288545  0.000256724 -0.0214539 -0.0149378 -0.0435494  0.163551 -0.016938  -9.80762 
             182.306  0.395564 -0.921779   29.9036  22.1238 -1.37186 0.359251 0 0 0 -0.023404   0.02329 -0.038985  0.149484 0.0352037 0.0263267 4.12599e-05 -0.00278785 0.000289484 -0.0215832 -0.0146967 -0.0435267   0.163676 -0.0169837   -9.80762 
             182.405 0.0162474   -1.2823   30.8061  22.1513 -1.37824  0.35874 0 0 0 -0.023404   0.02329 -0.038985    0.231329  0.00938465 -0.00154302 7.49283e-05 -0.00279641 0.000263868 -0.0216646 -0.0143274 -0.0434716   0.163828 -0.0170886   -9.80762 
             182.505 -0.611365  -0.60422     31.24  22.1761 -1.38233 0.353394 0 0 0 -0.023404   0.02329 -0.038985   0.206988   0.015255 0.00842312 0.000125578 -0.00288317 0.000178483 -0.0216419 -0.0141792 -0.0433282   0.163869 -0.0171492   -9.80762 
             182.605 -0.178212 -0.468275   31.9743  22.2011 -1.38552 0.359429 0 0 0 -0.023404   0.02329 -0.038985    0.18741 0.00936475  0.0156296 0.000103729 -0.00285439 0.000184679 -0.0217201 -0.0139691 -0.0434778   0.163972 -0.0171912   -9.80761 
             182.705 -0.251355 -0.908877    32.713  22.2217 -1.38655 0.361092 0 0 0 -0.023404   0.02329 -0.038985   0.222422 0.00549508 0.00545307 4.58944e-05 -0.00279914 0.000183638 -0.0216995 -0.0138568 -0.0435367   0.164007 -0.0172356   -9.80761 
             182.805 0.0644377 -0.715225   33.9473  22.2428 -1.38759 0.363621 0 0 0 -0.023404   0.02329 -0.038985 0.186544 0.015752 0.040345 6.48316e-05 -0.00285583 0.000118575 -0.0216692 -0.0137707  -0.043532  0.164029 -0.017275  -9.80761 
             182.905 -0.125414  -1.10368   35.0459  22.2666  -1.3869 0.363532 0 0 0 -0.023404   0.02329 -0.038985  0.205139 0.0700762  0.004683 0.000118457 -0.00284873 0.000147472 -0.0217374 -0.0135652 -0.0434795   0.164128 -0.0173131   -9.80761 
             183.005 -0.876119  -0.94827   35.9856  22.2871 -1.38767 0.360408 0 0 0 -0.023404   0.02329 -0.038985   0.237865  0.0427876 -0.0215105 8.42508e-05 -0.00286285 2.81042e-05 -0.0215683 -0.0134591 -0.0434038   0.164117 -0.0174135   -9.80761 
             183.105 -0.712315 -0.546657   36.1337   22.315 -1.38482 0.360797 0 0 0 -0.023404   0.02329 -0.038985   0.214632  0.0374578 0.00923105 5.86299e-05 -0.00280215 0.000196112 -0.0216654 -0.0132694 -0.0434188   0.164222 -0.0174288   -9.80761 
             183.206 -0.493423 -0.724789    37.219  22.3416 -1.38551 0.364063 0 0 0 -0.023404   0.02329 -0.038985   0.225658  0.0467929 -0.0240918  3.2629e-05 -0.00270675 8.53688e-05 -0.0216982 -0.0130013 -0.0435723   0.164342 -0.0174888   -9.80761 
             183.305 -0.560774 -0.669688   37.7909   22.377  -1.3868 0.362866 0 0 0 -0.023404   0.02329 -0.038985  0.264159 0.0478217 0.0210561 4.83201e-05 -0.00282038 0.000183017 -0.0218068 -0.0125922 -0.0435882  0.164541 -0.017553   -9.8076 
             183.406  -0.24848 -0.787366   39.2972  22.4058 -1.39092 0.367633 0 0 0 -0.023404   0.02329 -0.038985   0.236193  0.0524849 0.00604588 0.000101989 -0.00273519 0.000165305 -0.0217416 -0.0123325 -0.0436786   0.164635 -0.0176484    -9.8076 
             183.505 -0.754315  -1.02923   40.0713  22.4348 -1.38526 0.368172 0 0 0 -0.023404   0.02329 -0.038985   0.279848  0.0848474 0.00230343 8.73251e-05 -0.00277708 0.000205939 -0.0217761 -0.0121826 -0.0436718   0.164708 -0.0176707    -9.8076 
             183.605   -1.0448 -0.461624   40.7152  22.4599 -1.38149 0.370708 0 0 0 -0.023404   0.02329 -0.038985   0.24352 0.0804267 0.0329158 1.97429e-05 -0.00276253 0.000253946 -0.0216402   -0.01211 -0.0437025  0.164708 -0.017749   -9.8076 
             183.705 -0.809994 -0.568027   41.5854  22.4811 -1.38224 0.373354 0 0 0 -0.023404   0.02329 -0.038985   0.238237  0.0692787 -0.0132077 4.31573e-05 -0.00266326 0.000226205 -0.0214354 -0.0119984 -0.0437642   0.164713 -0.0178677    -9.8076 
             183.806 -0.571394 -0.791444   42.2249  22.5008 -1.38134 0.370467 0 0 0 -0.023404   0.02329 -0.038985  0.216793 0.0640856 0.0234353 -4.17444e-05  -0.00258626  0.000288705 -0.0212001 -0.0119952 -0.0436683   0.164663 -0.0179792    -9.8076 
             183.906 -0.00518365   -0.820165     43.7628  22.5148 -1.38044 0.374141 0 0 0 -0.023404   0.02329 -0.038985   0.159001   0.100326 0.00812076 -2.45602e-05   -0.0025995  0.000281216 -0.0209838 -0.0120109 -0.0437351   0.164613 -0.0180776    -9.8076 
             184.006 -0.581489 -0.823428   44.7459  22.5165 -1.37409 0.374587 0 0 0 -0.023404   0.02329 -0.038985    0.133557    0.114096 0.000881493 -1.17701e-05  -0.00262143  0.000220025 -0.0206155 -0.0122196 -0.0437451   0.164444 -0.0182139    -9.8076 
             184.105 -0.738693 -0.285382   45.6544  22.5267 -1.36589 0.378311 0 0 0 -0.023404   0.02329 -0.038985   0.100098   0.101477 0.00515474 -4.68068e-05  -0.00262705  0.000342487 -0.0205278 -0.0121719 -0.0438085   0.164452 -0.0182645    -9.8076 
             184.205 -0.559388 -0.731358   46.2531  22.5311 -1.35859 0.379774 0 0 0 -0.023404   0.02329 -0.038985    0.112442    0.125112 -0.00458535 -0.000100344  -0.00251207  0.000481717 -0.0203207 -0.0122775 -0.0439018   0.164368 -0.0183486   -9.80761 
             184.305  0.256115 -0.461672   47.7482  22.5321  -1.3605 0.382572 0 0 0 -0.023404   0.02329 -0.038985 0.0419176 0.0673354  0.037524 -7.36119e-05  -0.00247626   0.00032714 -0.0199351 -0.0122359 -0.0438994    0.16433 -0.0185474   -9.80761 
             184.405  0.150866 -0.897856   48.7871  22.5313 -1.36515 0.384458 0 0 0 -0.023404   0.02329 -0.038985 0.0515734 0.0504112 0.0343806 -5.95922e-05   -0.0024497  0.000317029 -0.0195807  -0.012143 -0.0438766   0.164325 -0.0187395   -9.80761 
             184.505 -0.267413 -0.725997   49.3126  22.5336 -1.36771 0.384599 0 0 0 -0.023404   0.02329 -0.038985 0.0395714 0.0230312 0.0119969 -0.000102456  -0.00243263    0.0003048 -0.0193797 -0.0121236 -0.0438449   0.164309 -0.0188449   -9.80761 
             184.605  0.115025 -0.566709   49.5899  22.5283 -1.37241 0.384707 0 0 0 -0.023404   0.02329 -0.038985 -0.00689869  0.00882384  0.00922235 -0.000116826  -0.00242817   0.00036091 -0.0190935 -0.0122076 -0.0437934   0.164234 -0.0189835   -9.80761 
             184.705 -0.0654861  -0.846591    50.6409  22.5196 -1.37526 0.385188 0 0 0 -0.023404   0.02329 -0.038985  -0.0526859  0.00425804 0.000159435 -6.1939e-05 -0.00236276 0.000262334 -0.0189189 -0.0123196 -0.0437897   0.16416 -0.019063  -9.80761 
             184.805 -0.14312 -1.16217  51.1074  22.5094 -1.37767 0.386077 0 0 0 -0.023404   0.02329 -0.038985  -0.0725594 -0.00281735   0.0067624 -0.000133017  -0.00243904  0.000261719 -0.0187941 -0.0123928 -0.0438231   0.164111 -0.0191214   -9.80761 
             184.904 -0.474041  -1.34611   51.6248  22.4951 -1.37943 0.385828 0 0 0 -0.023404   0.02329 -0.038985 -0.0986568  0.0109468 0.00767796 -6.74422e-05  -0.00244765  0.000313562 -0.0186654 -0.0125202 -0.0437719   0.164035 -0.0191788   -9.80761 
             185.005 -0.839096  -1.72817   52.3068  22.4771 -1.37447 0.385035 0 0 0 -0.023404   0.02329 -0.038985 -0.0885588  0.0261288  0.0181042 -5.77215e-05  -0.00238987  0.000271328 -0.0186134 -0.0128298 -0.0437375   0.163871 -0.0191835   -9.80761 
             185.105 -0.99485 -1.22366  52.4583   22.467 -1.37098 0.383754 0 0 0 -0.023404   0.02329 -0.038985  -0.109413  0.0210801 -0.0119851 -9.92901e-05  -0.00236363  0.000317521 -0.0186316 -0.0128659  -0.043713   0.163854 -0.0191714   -9.80761 
             185.205 -0.605574 -0.693277   53.0777  22.4478 -1.37276 0.378048 0 0 0 -0.023404   0.02329 -0.038985  -0.151102  0.0233123 -0.0391431 -2.18293e-05   -0.0024123  0.000283795 -0.0184686 -0.0129854 -0.0435679  0.163782 -0.019251  -9.80761 
             185.305 -0.610769 -0.870526   53.6874  22.4329 -1.37179 0.373721 0 0 0 -0.023404   0.02329 -0.038985  -0.0985341 -0.00234497  -0.0519764 -2.41631e-05  -0.00241337  0.000324917 -0.0184197 -0.0130583 -0.0435877   0.163742 -0.0192732   -9.80761 
             185.405 0.376867 -0.62516  54.5199  22.4215 -1.37163 0.373958 0 0 0 -0.023404   0.02329 -0.038985   -0.145625 -0.00257237  -0.0273728 -7.37965e-05  -0.00238509  0.000299681 -0.0184526 -0.0130542 -0.0436867   0.163746 -0.0192557   -9.80761 
             185.505   0.31733 -0.809675   55.5766  22.4127 -1.37199 0.372882 0 0 0 -0.023404   0.02329 -0.038985   -0.10966  0.0075502 -0.0120137  5.3291e-05 -0.00244915  0.00029214 -0.0184816 -0.0128824 -0.0437377   0.163837 -0.0192465   -9.80761 
             185.604 -0.160886 -0.633542   56.0816  22.4044 -1.37268 0.372716 0 0 0 -0.023404   0.02329 -0.038985   -0.100682 -0.00622766  -0.0169608 -7.62068e-07   -0.0024124  0.000323188  -0.018485 -0.0128422  -0.043797   0.163858 -0.0192456   -9.80761 
             185.705  0.165202 -0.282278   56.6182  22.3936 -1.36906 0.378771 0 0 0 -0.023404   0.02329 -0.038985  -0.129039 0.00940732  0.0133718 -2.97344e-05  -0.00243696  0.000285254 -0.0185748 -0.0128329 -0.0439367   0.163867 -0.0191969   -9.80761 
             185.805 -0.0996427  -0.672976    57.3974  22.3876 -1.36644 0.377728 0 0 0 -0.023404   0.02329 -0.038985 -0.0878802  0.0225926 -0.0205078 6.44102e-06 -0.00235209 0.000282197 -0.0186536 -0.0126916 -0.0439333   0.163942 -0.0191552   -9.80761 
             185.905 -0.0127125   -0.75417    57.8847  22.3774 -1.36523 0.373806 0 0 0 -0.023404   0.02329 -0.038985   -0.145386   0.0326325 -0.00318926 -1.30364e-05  -0.00234361   0.00030781 -0.0186393   -0.01266 -0.0438313   0.163957 -0.0191633   -9.80761 
             186.005 -0.0344365   -1.01421    58.6635  22.3618 -1.35954 0.373583 0 0 0 -0.023404   0.02329 -0.038985 -0.136893 0.0491313 0.0132728 1.72236e-05 -0.00237813 0.000323638 -0.0186584 -0.0126786 -0.0438522   0.163947 -0.0191532   -9.80761 
             186.106 -0.686552 -0.700849   59.3147   22.347 -1.35614 0.373956 0 0 0 -0.023404   0.02329 -0.038985   -0.130341   0.0433132 -0.00229283 3.10514e-06 -0.00240141 0.000306943 -0.0186071 -0.0127432 -0.0438753   0.163914 -0.0191822   -9.80761 
             186.205 -0.347011 -0.500106   59.8287  22.3339 -1.35828 0.375218 0 0 0 -0.023404   0.02329 -0.038985  -0.153882  0.0193066 0.00173542 5.65359e-06 -0.00233099 0.000266867 -0.0184885 -0.0126467 -0.0438928  0.163969 -0.019244  -9.80761 
             186.304 -0.453648 -0.767934   60.6326  22.3213 -1.35908 0.372914 0 0 0 -0.023404   0.02329 -0.038985  -0.111587  0.0170004 -0.0335393 1.80016e-05 -0.00226401 0.000255086  -0.018421  -0.012553 -0.0438981   0.164021 -0.0192774   -9.80761 
             186.405 -0.142444 -0.574334   61.4546  22.3083 -1.36395 0.372577 0 0 0 -0.023404   0.02329 -0.038985  -0.175354 0.00212043  0.0131757 -3.28961e-05  -0.00230946  0.000156282 -0.0182906 -0.0124636 -0.0438853   0.164073 -0.0193447   -9.80761 
             186.505 0.0146068 -0.925292   62.4369  22.2905 -1.36377 0.373356 0 0 0 -0.023404   0.02329 -0.038985 -0.169231 0.0231261 0.0124445 -1.66686e-05  -0.00229996   0.00013242 -0.0182546 -0.0124064   -0.04389   0.164105 -0.0193613   -9.80761 
             186.605 -0.630182 -0.646116   63.0101  22.2811 -1.36086 0.375126 0 0 0 -0.023404   0.02329 -0.038985 -0.144365 0.0101919 0.0142094 -5.36707e-05  -0.00229662   0.00019493 -0.0183489 -0.0122426 -0.0439346   0.164187 -0.0192994   -9.80761 
             186.705 -0.405434 -0.401806   63.5574  22.2696  -1.3612 0.378376 0 0 0 -0.023404   0.02329 -0.038985  -0.158896 0.00797036 0.00717944 -4.66623e-05  -0.00227638  0.000174788 -0.0183575 -0.0120941 -0.0439718   0.164266 -0.0192837   -9.80761 
             186.805 -0.737283 -0.689004   64.2777  22.2617 -1.35589 0.377458 0 0 0 -0.023404   0.02329 -0.038985  -0.112842 0.00942026  0.0274816 -1.1907e-05 -0.00227219 0.000192142 -0.0184859 -0.0119174 -0.0439552    0.16435 -0.0191992    -9.8076 
             186.904 -0.00598022   -0.422763      65.325  22.2477 -1.35379 0.375193 0 0 0 -0.023404   0.02329 -0.038985  -0.18377 0.0252639 0.0133413 -1.74352e-05  -0.00225022  0.000195446   -0.01852  -0.011909 -0.0437849   0.164349 -0.0191808    -9.8076 
             187.005 -0.195329  -1.02493   66.4537   22.231 -1.34983 0.372627 0 0 0 -0.023404   0.02329 -0.038985   -0.146977   0.0373604 -0.00232004 -2.05625e-05  -0.00220122  9.29806e-05 -0.0184965 -0.0118081 -0.0437115   0.164405 -0.0191836    -9.8076 
             187.105 -0.782627 -0.553718   67.3653  22.2174 -1.35027 0.371043 0 0 0 -0.023404   0.02329 -0.038985 -0.163276 0.0234963 0.0114516 -8.00613e-05  -0.00219454  0.000174982  -0.018405 -0.0117578 -0.0436956   0.164441 -0.0192279    -9.8076 
             187.205 -0.818911 -0.364677   67.8574  22.2059 -1.34793  0.37017 0 0 0 -0.023404   0.02329 -0.038985  -0.131541  0.0304576 -0.0468967 -2.50666e-05  -0.00218053  0.000175384 -0.0184382 -0.0116301 -0.0437126   0.164505 -0.0191937    -9.8076 
             187.305   -0.8551 -0.500839   68.5044  22.1909 -1.33945 0.369169 0 0 0 -0.023404   0.02329 -0.038985 -0.138725  0.011894 0.0138785 -9.6099e-05  -0.0021645 0.000236845 -0.0185564 -0.0117475  -0.043753   0.164428 -0.0191452    -9.8076 
             187.405 -0.193449 -0.435907   69.7204  22.1768 -1.33967 0.369283 0 0 0 -0.023404   0.02329 -0.038985   -0.211889   0.0452932 -0.00421501 -4.28094e-05  -0.00221304  0.000281536 -0.0184977  -0.011622 -0.0437459   0.164502 -0.0191588    -9.8076 
             187.505 -0.587379 -0.748555   70.8805  22.1553 -1.33853 0.369733 0 0 0 -0.023404   0.02329 -0.038985  -0.183875  0.0524553 -0.0218895 -2.55437e-05  -0.00217516  0.000179823 -0.0183402 -0.0115984 -0.0437845 0.164539 -0.01924  -9.8076 
             187.605 -0.804264 -0.206071   72.0587  22.1375 -1.33727  0.36869 0 0 0 -0.023404   0.02329 -0.038985  -0.200389 0.00263406  0.0211491 -0.000105002  -0.00218447  0.000220982 -0.0183634 -0.0116337 -0.0437255   0.164516 -0.0192337    -9.8076 
             187.705 -0.936676 -0.319887   72.7071  22.1221 -1.33834 0.366866 0 0 0 -0.023404   0.02329 -0.038985  -0.149024   0.031674 -0.0270475 -5.66484e-05  -0.00218217  0.000174552 -0.0182961  -0.011564  -0.043735   0.164564 -0.0192573    -9.8076 
             187.805 -0.511161 -0.219466   73.6558  22.1073 -1.33497 0.366964 0 0 0 -0.023404   0.02329 -0.038985 -0.172739 0.0302851  0.016755 -8.94188e-05  -0.00216091  0.000227405 -0.0182693 -0.0115239 -0.0437676    0.16459 -0.0192638    -9.8076 
             187.905 -0.151856 -0.439949   75.2146  22.0844 -1.33276 0.369433 0 0 0 -0.023404   0.02329 -0.038985 -0.245266 0.0509156 0.0147196 -8.89094e-05  -0.00212648  0.000185747 -0.0182258 -0.0115519  -0.043804   0.164585 -0.0192922    -9.8076 
             188.005 -0.922701 -0.142924   76.0914  22.0687 -1.32806 0.371524 0 0 0 -0.023404   0.02329 -0.038985 -0.181744  0.023274 0.0141565 -6.02484e-05  -0.00216948  0.000244717 -0.0182822 -0.0113895 -0.0438351   0.164657 -0.0192275    -9.8076 
             188.105 -0.766489  0.112628   76.3635  22.0577 -1.32367 0.370464 0 0 0 -0.023404   0.02329 -0.038985  -0.176979 0.00793498  0.0188691 -8.96612e-05  -0.00216476  0.000245573 -0.018361 -0.011111 -0.043735   0.164782 -0.0191236    -9.8076 
             188.205  -0.855469 -0.0614768     77.304  22.0374  -1.3245 0.370456 0 0 0 -0.023404   0.02329 -0.038985  -0.187392   0.033382 -0.0273494 -0.00012825 -0.00216109 0.000266071 -0.0182815 -0.0111607 -0.0437664   0.164775 -0.0191768    -9.8076 
             188.305 -0.516338 -0.208188   78.2351  22.0219 -1.32554 0.370842 0 0 0 -0.023404   0.02329 -0.038985  -0.181006 0.00608694  0.0135572 -0.000197806  -0.00208483   0.00019319 -0.0181586  -0.011021 -0.0437749   0.164876 -0.0192062    -9.8076 
             188.405 -0.494013  -0.32253   79.3585  22.0052 -1.32566 0.370489 0 0 0 -0.023404   0.02329 -0.038985   -0.23891   0.050399 -0.0124509 -0.000135266  -0.00214586  0.000267242 -0.0181013 -0.0108841 -0.0437571   0.164959 -0.0192013   -9.80759 
             188.505  -1.11508 -0.412912   80.2843  21.9833 -1.31953 0.369953 0 0 0 -0.023404   0.02329 -0.038985  -0.217422  0.0604876 0.00249054 -0.00010853 -0.00206638 0.000201527 -0.0180789 -0.0108013 -0.0437689   0.165006 -0.0191907   -9.80759 
             188.605  -1.41145 0.0659479   81.3913   21.977 -1.31416 0.366488 0 0 0 -0.023404   0.02329 -0.038985  -0.127942  0.0303065 -0.0320869 -7.96084e-05  -0.00211909  0.000323992 -0.0181054 -0.0104302 -0.0437084  0.165183 -0.019076  -9.80759 
             188.705   -1.49242 -0.0312529    82.1451   21.968 -1.30872 0.363897 0 0 0 -0.023404   0.02329 -0.038985  -0.100789  0.0794554 -0.0532847 -0.000140401  -0.00205896  0.000272836 -0.0180841 -0.0103049 -0.0437192  0.165251 -0.019051  -9.80759 
             188.805 -0.576363  0.219479   83.9309  21.959 -1.3108 0.36352 0 0 0 -0.023404   0.02329 -0.038985  -0.148321 -0.0145399  -0.010805 -0.00012291 -0.00205079 0.000207421     -0.018 -0.0102404  -0.043763  0.165307 -0.019074  -9.80759 
             188.905 -0.457226 -0.116363   84.7257  21.9528 -1.31819 0.363532 0 0 0 -0.023404   0.02329 -0.038985  -0.13758 0.0245723 -0.027882 -0.000100339  -0.00209239  0.000331325  -0.0177182 -0.00994949   -0.043811  0.165532 -0.019126  -9.80758 
             189.005 -0.46974 0.267902  86.0689  21.9405 -1.31573 0.359194 0 0 0 -0.023404   0.02329 -0.038985   -0.128522   0.0242018 -0.00397893 -0.000163041  -0.00219055  0.000279374   -0.017662 -0.00987609  -0.0438058   0.165585 -0.0191307   -9.80758 
             189.105 -0.610892  0.573906   87.3564  21.9325 -1.32008 0.360168 0 0 0 -0.023404   0.02329 -0.038985   -0.10179  0.0213688 -0.0362581 -0.000145612  -0.00219391  0.000307468  -0.0174603 -0.00976831  -0.0439277   0.165702 -0.0191928   -9.80758 
             189.205 -0.615556  0.559632   88.1787  21.9302 -1.31392 0.359383 0 0 0 -0.023404   0.02329 -0.038985  -0.0878843   0.0314406 0.000378496 -0.000185024  -0.00218553  0.000347566  -0.0174796 -0.00950352  -0.0439996    0.16582 -0.0190926   -9.80758 
             189.305 -0.346288  0.520785   89.8174  21.9297 -1.31477 0.358619 0 0 0 -0.023404   0.02329 -0.038985  -0.124076  0.0267634 -0.0140952 -0.000106796  -0.00216789  0.000329495  -0.0173436 -0.00918494  -0.0439792  0.166015 -0.019046  -9.80758 
             189.405 -0.956357  0.307783   90.9063   21.916 -1.30858 0.362682 0 0 0 -0.023404   0.02329 -0.038985 -0.141032 0.0523976 0.0102132 -7.25635e-05  -0.00205566  0.000283381  -0.0173722 -0.00915784   -0.044137   0.166019 -0.0190203   -9.80758 
             189.505 -1.16233 0.726441   91.999  21.9112 -1.30777 0.363737 0 0 0 -0.023404   0.02329 -0.038985   -0.0438636 -0.000202469    -0.014984 -0.000112632  -0.00202447  0.000463793  -0.0172953 -0.00901297   -0.044148  0.166113 -0.019002  -9.80757 
             189.606 -1.37136 0.677255  92.9294  21.9026  -1.3098 0.362727 0 0 0 -0.023404   0.02329 -0.038985 -0.0480266  0.0437031 -0.0436014 -0.000169458  -0.00205104  0.000419056  -0.0172098 -0.00918833  -0.0441714   0.166066 -0.0191084   -9.80758 
             189.705 -0.334152  0.698898   94.3506  21.8985 -1.30737 0.365875 0 0 0 -0.023404   0.02329 -0.038985  -0.0863715 -0.00919142   0.0170622 -0.000184657  -0.00197721  0.000487842  -0.0172102 -0.00911664  -0.0442449   0.166099 -0.0190789   -9.80758 
             189.799 -0.598387   0.37876   95.6619  21.8895 -1.30913 0.365624 0 0 0 -0.023404   0.02329 -0.038985  -0.143386  0.0289069 -0.0120184 -7.6138e-05 -0.00195534 0.000398035  -0.0171041 -0.00904145  -0.0442095   0.166173 -0.0190964   -9.80757 
             189.905  -1.1104 0.786233  96.7294  21.8766 -1.30867 0.365548 0 0 0 -0.023404   0.02329 -0.038985  -0.0821666 -0.00758183 -0.00533319 -7.06049e-05  -0.00200016  0.000425514  -0.0170293 -0.00901587  -0.0442235   0.166214 -0.0191188   -9.80757 
             190.006 -1.27051 0.919306  97.9788  21.8734 -1.30858  0.36532 0 0 0 -0.023404   0.02329 -0.038985  -0.051165  0.0188725 -0.0161778 -0.000123286  -0.00197602  0.000392523  -0.0170253 -0.00894469  -0.0442517 0.166246 -0.01909 -9.80757 
             190.105 -0.908594   1.03158   99.3039  21.8737 -1.30168 0.361597 0 0 0 -0.023404   0.02329 -0.038985 -0.0399049  0.0209661  0.0214284 -9.54003e-05  -0.00201995  0.000349355  -0.0170421 -0.00874021  -0.0442363   0.166323 -0.0189945   -9.80757 
             190.205 -0.458749  0.901199   100.797   21.865 -1.30134 0.364344 0 0 0 -0.023404   0.02329 -0.038985 -0.120459 0.0180804  0.013653 -8.50597e-05  -0.00194336  0.000348953  -0.0170453 -0.00875954  -0.0442561   0.166314 -0.0190013   -9.80757 
             190.305 -0.757289  0.917112   101.833  21.8555  -1.2957 0.363103 0 0 0 -0.023404   0.02329 -0.038985 -0.107983 0.0370216 0.0147542 -0.000129019  -0.00201673  0.000384651  -0.0170405 -0.00862041  -0.0442509   0.166371 -0.0189407   -9.80757 
             190.405 -0.804936   1.12754   103.042   21.851 -1.29868 0.361833 0 0 0 -0.023404   0.02329 -0.038985 -0.0473931 0.00236371 -0.0133511 -8.38805e-05  -0.00198964  0.000429444  -0.0168863 -0.00857079   -0.044229    0.16646 -0.0189804   -9.80757 
             190.505 -0.695277   1.39114   104.193  21.8443 -1.29345 0.356554 0 0 0 -0.023404   0.02329 -0.038985 -0.0577898  0.0647005 -0.0432696 -0.000165586  -0.00213626  0.000351275   -0.016952 -0.00860712  -0.0441743   0.166415 -0.0189724   -9.80757 
             190.605 0.101741  1.46404  105.792  21.8443 -1.29511 0.357494 0 0 0 -0.023404   0.02329 -0.038985   -0.104063 -0.00930773 -0.00571726 -8.62718e-05  -0.00204454  0.000347402  -0.0167338 -0.00841063  -0.0441999   0.166591 -0.0189631   -9.80757 
             190.705 -0.372357   1.13652   107.132  21.8307 -1.29403  0.35872 0 0 0 -0.023404   0.02329 -0.038985  -0.166075  0.0336133 -0.0360866 -7.08168e-05  -0.00207257  0.000217406  -0.0167184 -0.00841993  -0.0442724   0.166595 -0.0189721   -9.80757 
             190.805 -0.547415   1.58529   108.132  21.8268 -1.29713 0.358289 0 0 0 -0.023404   0.02329 -0.038985  -0.0344619 -0.00356106  -0.0146618 -0.000129274  -0.00211647  0.000388866  -0.0164479 -0.00825916  -0.0442667   0.166783 -0.0189942   -9.80756 
             190.905 -0.895729   1.43294   109.002  21.8279 -1.30003 0.356663 0 0 0 -0.023404   0.02329 -0.038985 -0.0243066  0.0380443 -0.0320601 -0.000124913   -0.0021046  0.000451503  -0.0162298 -0.00820489  -0.0442918   0.166909 -0.0190461   -9.80756 
             191.005 -0.0432879     1.5731    110.419  21.8231 -1.30258 0.354656 0 0 0 -0.023404   0.02329 -0.038985  -0.0324314 -0.00843136  0.00259308 -0.000186988  -0.00210435  0.000484746  -0.0161052 -0.00837076  -0.0442988   0.166914 -0.0191744   -9.80756 
             191.105 0.133749  1.36944  111.827  21.8181 -1.30334 0.356909 0 0 0 -0.023404   0.02329 -0.038985  -0.106974 0.00857196 0.00284274 -0.000117402  -0.00212458  0.000483612  -0.0160385 -0.00825786  -0.0443661   0.166986 -0.0191384   -9.80756 
             191.205 -0.347806    1.2826   113.092  21.8047 -1.30601 0.358523 0 0 0 -0.023404   0.02329 -0.038985   -0.102833 -0.00798672   0.0134425 -0.00015427 -0.00197582 0.000444142   -0.015956 -0.00836269  -0.0444319   0.166994 -0.0192196   -9.80756 
             191.306 -0.589692   1.56889   114.382  21.8081 -1.30736 0.360816 0 0 0 -0.023404   0.02329 -0.038985  -0.0278951 0.000324857 -0.00193968 -8.95858e-05  -0.00205617  0.000420495  -0.0157341 -0.00804463  -0.0445194   0.167211 -0.0191238   -9.80756 
             191.405 -0.399276   1.45983   115.351  21.8034 -1.30652 0.358313 0 0 0 -0.023404   0.02329 -0.038985  -0.0559167 -0.00259363   0.0176326 -0.000112025  -0.00200748  0.000468896  -0.0157314 -0.00811166  -0.0444916  0.167191 -0.019161  -9.80756 
             191.505 0.190631  1.43595  116.887  21.8005 -1.30865 0.359372 0 0 0 -0.023404   0.02329 -0.038985  -0.107646 -0.0206522 0.00799821 -0.000131519  -0.00200627  0.000486572  -0.0156156 -0.00796439  -0.0444873   0.167297 -0.0191181   -9.80755 
             191.605 -0.410345   1.41905   117.977  21.7899 -1.31132 0.361454 0 0 0 -0.023404   0.02329 -0.038985   -0.121412 -0.00743751   0.0201455 -2.74099e-05  -0.00202614  0.000517237   -0.015503 -0.00793164  -0.0445604   0.167368 -0.0191335   -9.80755 
             191.705 -0.469843   1.70511   119.451  21.7804 -1.30937 0.362738 0 0 0 -0.023404   0.02329 -0.038985  -0.0434134 -0.00711127  -0.0170578 -5.21106e-05  -0.00200648  0.000406696  -0.0156343 -0.00791749  -0.0445746   0.167301 -0.0190861   -9.80755 
             191.805 -0.760943   1.53529   120.446  21.7803 -1.30815   0.3634 0 0 0 -0.023404   0.02329 -0.038985 -0.0481185  0.0491643 -0.0370353 -3.85165e-05  -0.00197893  0.000302991  -0.0154818 -0.00777816  -0.0446491   0.167424 -0.0190509   -9.80755 
             191.905 0.196871  1.61735   121.72  21.7799 -1.30573 0.362409 0 0 0 -0.023404   0.02329 -0.038985 -0.0613647  -0.023244  0.0127546 -3.17311e-05  -0.00192518  0.000453669  -0.0153753 -0.00758589  -0.0445869   0.167535 -0.0189736   -9.80755 
             192.006 0.103875  1.30364  122.644   21.772 -1.31683  0.36303 0 0 0 -0.023404   0.02329 -0.038985  -0.132861 -0.0246777 -0.0175017 -6.93659e-05  -0.00197064  0.000642995  -0.0150907 -0.00771323  -0.0446018   0.167659 -0.0191236   -9.80755 
             192.106 -0.437794   1.51615   124.129  21.7602 -1.31508 0.363889 0 0 0 -0.023404   0.02329 -0.038985 -0.0816997 -0.0181626 0.00281655 -3.89736e-05  -0.00196245   0.00050853 -0.0151505 -0.0076032 -0.0446647   0.167654 -0.0190435   -9.80755 
             192.205 -0.737036   1.52246   125.427  21.7601 -1.31693 0.363217 0 0 0 -0.023404   0.02329 -0.038985   -0.05188 0.00641477 -0.0100237 -1.34065e-05  -0.00190789  0.000409832 -0.0149669 -0.0074661 -0.0446823   0.167792 -0.0190105   -9.80755 
             192.304 -0.436606   1.48217   126.521  21.7539 -1.31482 0.366074 0 0 0 -0.023404   0.02329 -0.038985  -0.0564907 -0.00509226   0.0315704  4.3776e-05 -0.00185834 0.000448299  -0.0149767 -0.00746224  -0.0448152   0.167788 -0.0190037   -9.80755 
             192.405 0.122797  1.37413  128.029  21.7457 -1.31763 0.364594 0 0 0 -0.023404   0.02329 -0.038985  -0.116686 -0.0220022  0.0139254 -4.48185e-05  -0.00188207   0.00046927  -0.0149852 -0.00750041  -0.0447032   0.167774 -0.0190259   -9.80755 
             192.505 -0.263079   1.42053   129.378  21.7335 -1.31876 0.365484 0 0 0 -0.023404   0.02329 -0.038985  -0.130408 -0.0119078  0.0240714 -4.08483e-05  -0.00189402  0.000300456  -0.0149162 -0.00742179  -0.0447442   0.167832 -0.0189944   -9.80755 
             192.605 -0.360759    1.7341   130.775  21.7216 -1.31924  0.36687 0 0 0 -0.023404   0.02329 -0.038985    -0.065723 -0.000583494   0.00130212 -3.14009e-05  -0.00189289  0.000245802   -0.015034 -0.00748907  -0.0447517   0.167748 -0.0190083   -9.80755 
             192.705 -0.621596   1.51986   131.841  21.7134 -1.31824 0.363296 0 0 0 -0.023404   0.02329 -0.038985  -0.101991  0.0264836 -0.0204491 -2.66424e-05  -0.00181094  0.000178277   -0.015011 -0.00752363   -0.044665  0.167755 -0.019035  -9.80755 
             192.805 0.227335  1.78026  133.153  21.7056 -1.32169 0.367512 0 0 0 -0.023404   0.02329 -0.038985  -0.128406 -0.0530003  0.0184845 2.68034e-05 -0.00187142 0.000365626  -0.0148907 -0.00751735  -0.0447275   0.167828 -0.0190551   -9.80755 
             192.906 -0.257849   1.56115   134.298 21.6903 -1.3321 0.36863 0 0 0 -0.023404   0.02329 -0.038985   -0.197622   -0.051037 -0.00477316 4.02919e-05 -0.00194468 0.000374216  -0.0147018 -0.00765425  -0.0447291   0.167915 -0.0191749   -9.80754 
             193.006 -0.50396    2.122  135.293  21.6822  -1.3378 0.365659 0 0 0 -0.023404   0.02329 -0.038985  -0.0726334  -0.0275773 -0.00541406 -3.27192e-05  -0.00202224  0.000567706  -0.0144443 -0.00753162   -0.044576    0.16809 -0.0191497   -9.80754 
             193.105 -0.821298   1.68228   136.216  21.6691 -1.33603 0.363211 0 0 0 -0.023404   0.02329 -0.038985  -0.116577   0.016939 -0.0276502 2.47203e-05 -0.00184209 0.000598357  -0.0147014 -0.00755275  -0.0445083   0.167932 -0.0191185   -9.80754 
             193.205 0.123745  1.84858  137.809  21.6572 -1.33095 0.362558 0 0 0 -0.023404   0.02329 -0.038985  -0.111318 -0.0132804  0.0134249 -7.72315e-05  -0.00188046  0.000490377 -0.0147959 -0.0074237 -0.0445126  0.167895 -0.019023  -9.80754 
             193.305 0.327756  1.50234  139.355  21.6384 -1.33307 0.360055 0 0 0 -0.023404   0.02329 -0.038985  -0.201045 -0.0229917 -0.0146431 -7.72035e-05  -0.00185922   0.00036804  -0.0149341 -0.00749338  -0.0444086     0.1678 -0.0190456   -9.80755 
             193.406 -0.15966  1.64532  140.494  21.6207 -1.33687 0.358276 0 0 0 -0.023404   0.02329 -0.038985  -0.159517 -0.0300416 -0.0110105 -5.83829e-05  -0.00180119   0.00039582  -0.0148071 -0.00745192  -0.0443968   0.167884 -0.0190389   -9.80754 
             193.505 -0.359117   1.94464   141.641  21.6091 -1.33961  0.35454 0 0 0 -0.023404   0.02329 -0.038985   -0.146532 -0.00278089  -0.0178136 -0.000110604  -0.00192122   0.00043719  -0.0147162 -0.00746751  -0.0443589   0.167938 -0.0190623   -9.80754 
             193.605 0.0136038   1.94219   143.078  21.5883 -1.33837 0.357524 0 0 0 -0.023404   0.02329 -0.038985   -0.162355 -0.00758612   0.0221844 -0.000107811  -0.00190623  0.000217009   -0.014876 -0.00756587  -0.0445358   0.167827 -0.0191001   -9.80755 
             193.705 0.381445  1.76205  144.356  21.5729 -1.34284 0.358955 0 0 0 -0.023404   0.02329 -0.038985  -0.205268 -0.0472246  0.0139655 -7.38654e-05  -0.00188716  0.000372805  -0.0147892 -0.00757169   -0.044526    0.16788 -0.0191149   -9.80754 
             193.805 0.00268214    1.73224    145.347  21.5517 -1.34722 0.359897 0 0 0 -0.023404   0.02329 -0.038985  -0.217709 -0.0298722  0.0247286 -8.45666e-05  -0.00188217  0.000419931  -0.0147146 -0.00753854  -0.0445553    0.16793 -0.0191021   -9.80754 
             193.906 -0.201525   1.89112   146.701  21.5355 -1.34891 0.362007 0 0 0 -0.023404   0.02329 -0.038985    -0.15151  0.00607508 -0.00689639 -1.81587e-05  -0.00182788  0.000412632  -0.0146538 -0.00750739  -0.0445755   0.167971 -0.0190882   -9.80754 
             194.005 -0.373178   1.86069   147.674  21.5194 -1.34329 0.359541 0 0 0 -0.023404   0.02329 -0.038985  -0.194367  0.0458389 -0.0366735 -2.2159e-05 -0.00187316 0.000401737  -0.0146583 -0.00737225  -0.0445328   0.167981 -0.0190024   -9.80754 
             194.106 0.617418  2.02832  149.124   21.506 -1.34171 0.359326 0 0 0 -0.023404   0.02329 -0.038985  -0.178735 -0.0422501  0.0122771 -2.78503e-05  -0.00185634  0.000497357  -0.0144949 -0.00724457  -0.0444792   0.168094 -0.0189359   -9.80754 
             194.205 0.327436  1.66317  150.231   21.487 -1.35226 0.360231 0 0 0 -0.023404   0.02329 -0.038985  -0.248593 -0.0676069 -0.0144494 -3.11752e-05  -0.00184693  0.000515212   -0.014326 -0.00739164   -0.044475   0.168189 -0.0190434   -9.80754 
             194.305 0.128016  1.99528  151.568  21.4583 -1.35951  0.35924 0 0 0 -0.023404   0.02329 -0.038985 -0.192797 -0.035291 0.0104357 -0.000108601  -0.00184947  0.000453135  -0.0145341 -0.00756665  -0.0444207   0.168046 -0.0191416   -9.80754 
             194.405 -0.0433573    1.82024    152.557   21.441 -1.36125 0.354502 0 0 0 -0.023404   0.02329 -0.038985  -0.209478 -0.0148147 -0.0119744 -0.000128236  -0.00174826  0.000503347 -0.0144854 -0.0074853 -0.0442784   0.168082 -0.0190942   -9.80754 
             194.505 0.497438  1.93043  153.964   21.422 -1.35576 0.350941 0 0 0 -0.023404   0.02329 -0.038985  -0.195416 -0.0240815  0.0115449 -9.61434e-05  -0.00176774  0.000405067  -0.0144662 -0.00718369   -0.044193    0.16811 -0.0189021   -9.80754 
             194.605 0.87972 1.78965 155.545  21.4038 -1.35809 0.358851 0 0 0 -0.023404   0.02329 -0.038985  -0.249349 -0.0593007  0.0233082 -2.66782e-05  -0.00182029  0.000345863  -0.0143058 -0.00698367  -0.0443873    0.16822 -0.0187782   -9.80754 
             194.705 0.43719  1.7967 156.788  21.3809 -1.36178 0.356917 0 0 0 -0.023404   0.02329 -0.038985  -0.225466 -0.0436285   0.029853 -5.04359e-05  -0.00169842  0.000283493  -0.0142091 -0.00684554  -0.0442724   0.168286 -0.0186941   -9.80754 
             194.805 0.359406  2.01572  158.239  21.3638 -1.36154 0.352054 0 0 0 -0.023404   0.02329 -0.038985  -0.203583 0.00960065 -0.0145155 -8.20081e-05  -0.00175494  0.000162075  -0.0141022 -0.00673893  -0.0440991   0.168357 -0.0186307   -9.80754 
             194.905 0.586291  1.72592  159.325  21.3414 -1.35672 0.345113 0 0 0 -0.023404   0.02329 -0.038985    -0.203358   0.00832821 -0.000197577 -0.000121894  -0.00159895  0.000164639   -0.014192 -0.00663492  -0.0439639   0.168302 -0.0185634   -9.80754 
             195.005  1.2607 1.52947  160.82  21.3223 -1.36354 0.341832 0 0 0 -0.023404   0.02329 -0.038985  -0.235549 -0.0581297 -0.0108906 -0.000254205  -0.00157172  0.000210575  -0.0140853 -0.00678953  -0.0438749  0.168368 -0.018666  -9.80754 
             195.105 0.828122  1.27383  161.781  21.2966 -1.37126 0.337607 0 0 0 -0.023404   0.02329 -0.038985   -0.245114  -0.0483941 -0.00757384 -0.000282711  -0.00143537   0.00029603  -0.0140839 -0.00686127  -0.0438335  0.168369 -0.018713  -9.80754 
             195.206 0.666415  1.69514  163.248  21.2777 -1.37306 0.335644 0 0 0 -0.023404   0.02329 -0.038985  -0.183373   0.023763 -0.0539656 -0.000238108  -0.00153179  0.000185643  -0.0139951 -0.00685851  -0.0438671   0.168425 -0.0187099   -9.80754 
             195.305 0.456597  1.67409  163.915  21.2686 -1.37021 0.336476 0 0 0 -0.023404   0.02329 -0.038985  -0.196593  0.0605759 -0.0758982 -0.000229406  -0.00155239  0.000340488  -0.0134965 -0.00682747  -0.0440844  0.168743 -0.018678  -9.80753 
             195.405 1.50212 2.00474 165.463  21.2569 -1.37099 0.338499 0 0 0 -0.023404   0.02329 -0.038985    -0.1484 -0.0345401 0.00471626 -0.000263949  -0.00162559  0.000371382  -0.0132578 -0.00690295  -0.0441861   0.168897 -0.0187195   -9.80753 
             195.505 1.18052 1.80813 166.911  21.2437 -1.37945 0.341135 0 0 0 -0.023404   0.02329 -0.038985  -0.203428 -0.0695988 -0.0317676 -0.000250521  -0.00171646    0.0002562  -0.0130133 -0.00701997  -0.0442797   0.169057 -0.0187858   -9.80753 
             195.605 0.759217  2.06136  168.017   21.233 -1.38236 0.339656 0 0 0 -0.023404   0.02329 -0.038985  -0.104887 0.00999559 -0.0134679 -0.00021848 -0.00165383 0.000337798  -0.0127836 -0.00695289  -0.0442288     0.1692 -0.0187338   -9.80752 
             195.705 0.664792  1.69382  168.779   21.221 -1.38529 0.336939 0 0 0 -0.023404   0.02329 -0.038985  -0.137971  0.0267725 -0.0343621 -0.000307723  -0.00148119  0.000502578  -0.0128091 -0.00714423  -0.0441969   0.169193 -0.0188593   -9.80752 
             195.805 1.40884 1.50353 170.523  21.2067 -1.38254 0.335899 0 0 0 -0.023404   0.02329 -0.038985  -0.0989767 -0.00285708   0.0252242 -0.000326111  -0.00135799  0.000304865 -0.0128857 -0.0071105 -0.0441781   0.169143 -0.0188419   -9.80752 
             195.905  1.4542 1.33026 172.022  21.1918 -1.38676 0.340577 0 0 0 -0.023404   0.02329 -0.038985  -0.163754 -0.0539531   0.011087 -0.000255047  -0.00145708  0.000214363  -0.0129652 -0.00713923  -0.0442592   0.169094 -0.0188643   -9.80752 
             196.005 0.955303  1.67488  172.877  21.1815 -1.39876  0.34144 0 0 0 -0.023404   0.02329 -0.038985  -0.124674 -0.0407993  0.0262188 -0.000298918  -0.00153797  0.000406054  -0.0126537 -0.00740744  -0.0442578   0.169312 -0.0190143   -9.80752 
             196.105 0.564998   1.7986  174.073  21.1723  -1.4006 0.342752 0 0 0 -0.023404   0.02329 -0.038985   -0.109504 0.000120291   0.0128034 -0.000181404  -0.00156173  0.000396058  -0.0125983 -0.00742708  -0.0442486   0.169349 -0.0190224   -9.80752 
             196.205 0.888135  2.00105  175.108  21.1644 -1.39941 0.342935 0 0 0 -0.023404   0.02329 -0.038985   -0.101783 0.000667276   0.0359123 -0.000216972  -0.00167376  0.000461566 -0.0123637 -0.0074147  -0.044267   0.169496 -0.0189933   -9.80752 
             196.305 1.46486 1.76006 176.989  21.1526 -1.40335 0.345793 0 0 0 -0.023404   0.02329 -0.038985  -0.118867 -0.0703399  0.0298869 -0.000199519  -0.00160004  0.000303024   -0.012479 -0.00744345  -0.0442485   0.169426 -0.0190231   -9.80752 
             196.405 0.91714 1.90959 177.914  21.1495 -1.41077 0.347142 0 0 0 -0.023404   0.02329 -0.038985  -0.112321 -0.0644472  0.0281855 -0.000142128  -0.00172518  0.000399869    -0.01198 -0.00742253  -0.0442475  0.169739 -0.018957  -9.80751 
             196.505 0.859939  2.18465  179.243  21.1478 -1.41614 0.344655 0 0 0 -0.023404   0.02329 -0.038985   -0.058687 -0.00067499 -0.00829349 -0.000153991  -0.00172947  0.000391699  -0.0117016 -0.00754177  -0.0441369   0.169928 -0.0190027   -9.80751 
             196.605 0.880138   1.9801 -179.705  21.1383 -1.41561 0.340594 0 0 0 -0.023404   0.02329 -0.038985   -0.10731 0.00690733 -0.0311165 -0.000257329  -0.00167227  0.000348372  -0.0117426 -0.00755796  -0.0440936   0.169904 -0.0190187   -9.80751 
             196.705  1.76973   1.9575 -178.333   21.138 -1.41834 0.336134 0 0 0 -0.023404   0.02329 -0.038985 -0.0540501 -0.0575061 -0.0156099 -0.000260252  -0.00158859  0.000472781  -0.0114394 -0.00763378  -0.0439709   0.170103 -0.0190285   -9.80751 
             196.805  1.28668  1.50512 -177.258  21.1317 -1.42744 0.335527 0 0 0 -0.023404   0.02329 -0.038985 -0.0962014 -0.0892103 -0.0369711 -0.000222045  -0.00150961   0.00048562 -0.0113628 -0.0077242  -0.044029   0.170163 -0.0190743   -9.80751 
             196.905 0.974072  2.02387 -175.875  21.1251 -1.43177 0.336104 0 0 0 -0.023404   0.02329 -0.038985 -0.0444279 0.00343575 -0.0350942 -0.000197644  -0.00158306  0.000459402  -0.0113214 -0.00772211  -0.0441121   0.170189 -0.0190657    -9.8075 
             197.005 0.614607  1.74935 -174.855  21.1189 -1.43373  0.33594 0 0 0 -0.023404   0.02329 -0.038985 -0.0929204  0.0112343 -0.0595131 -0.000208524  -0.00149416  0.000397961  -0.0113197 -0.00785287  -0.0442228   0.170209 -0.0191462    -9.8075 
             197.105  1.73978  1.76315 -173.149  21.1148 -1.43223 0.335071 0 0 0 -0.023404   0.02329 -0.038985   -0.0260264    0.0185333 -3.27041e-05 -0.000320302    -0.001474  0.000304724  -0.0112154 -0.00786915  -0.0442576   0.170276 -0.0191391    -9.8075 
             197.205   1.5955  1.45699 -171.794  21.1139 -1.43478 0.338164 0 0 0 -0.023404   0.02329 -0.038985 -0.0652413 -0.0455877 -0.0148985 -0.000236071  -0.00153396  0.000253404  -0.0110596 -0.00792486  -0.0443493   0.170381 -0.0191461    -9.8075 
             197.306  1.17976  1.59193 -170.678  21.1082 -1.44212 0.340942 0 0 0 -0.023404   0.02329 -0.038985  -0.0459321 -0.00125694   0.0146015 -0.000229008  -0.00150602  0.000298921  -0.0110365 -0.00808685  -0.0444527   0.170424 -0.0192414    -9.8075 
             197.405 0.864543   1.6523 -169.402  21.1095 -1.44483 0.340012 0 0 0 -0.023404   0.02329 -0.038985  -0.0391198   0.0215184 -0.00736698 -0.000150512  -0.00151513  0.000247029 -0.0108674 -0.0083478 -0.0444348   0.170576 -0.0193713    -9.8075 
             197.505  1.12823  1.73377 -168.581  21.1092 -1.44692 0.339628 0 0 0 -0.023404   0.02329 -0.038985 -0.0267993 0.00106999  0.0292558 -0.000143008  -0.00156732  0.000380343  -0.0106583 -0.00856324  -0.0444592   0.170745 -0.0194633   -9.80749 
             197.605  1.61514  1.66425 -166.651  21.1094 -1.45286  0.34371 0 0 0 -0.023404   0.02329 -0.038985  -0.020768 -0.0775455  0.0248681 -8.77697e-05  -0.00157572  0.000170921  -0.0106055 -0.00872221  -0.0445144   0.170809 -0.0195494   -9.80749 
             197.705  1.29099  1.66739 -165.742  21.1109 -1.46392 0.342108 0 0 0 -0.023404   0.02329 -0.038985 -0.0295759 -0.0852604  0.0187842 -0.000178932  -0.00160228  0.000276899  -0.0103646 -0.00884834  -0.0444438    0.17098 -0.0195769   -9.80749 
             197.805  1.25074  1.73704 -164.498   21.113 -1.46902 0.337644 0 0 0 -0.023404   0.02329 -0.038985   0.014678  0.0120037 -0.0299877 -0.000231169  -0.00148839  0.000325249  -0.0102696 -0.00896726  -0.0442663   0.171063 -0.0196306   -9.80749 
             197.905  0.98459  1.61253 -163.702  21.1123 -1.47033 0.331258 0 0 0 -0.023404   0.02329 -0.038985   -0.0399472 -0.000669488   -0.0642366 -0.000253549  -0.00152824  0.000335581  -0.0102769 -0.00907543  -0.0441671   0.171083 -0.0196988   -9.80749 
             198.005 2.30502 1.74709 -162.21  21.1197 -1.47086 0.332441 0 0 0 -0.023404   0.02329 -0.038985   0.0414566  -0.0201686 -0.00339739 -0.000361151  -0.00152716  0.000364834 -0.00993738 -0.00918677  -0.0442174   0.171309 -0.0196868   -9.80748 
             198.105  1.81967  1.17715 -160.822  21.1245 -1.47711 0.335379 0 0 0 -0.023404   0.02329 -0.038985 0.00779488 -0.0779141 -0.0199469 -0.000248925  -0.00147958  0.000230754 -0.00984728 -0.00927792  -0.0443207   0.171384 -0.0197186   -9.80748 
             198.205  1.27491  1.64286 -159.521  21.1285 -1.48431 0.336671 0 0 0 -0.023404   0.02329 -0.038985    0.0345468   -0.0129284 -0.000741823 -0.000147829  -0.00156783  0.000213397 -0.00973278 -0.00938758  -0.0443695   0.171478 -0.0197551   -9.80748 
             198.305  1.05797  1.52215 -158.553  21.1359 -1.48842 0.335645 0 0 0 -0.023404   0.02329 -0.038985 5.58424e-05   0.0249373  -0.0209561 -0.000193495  -0.00151912  0.000273132 -0.00958048 -0.00967944  -0.0444013    0.17164 -0.0198889   -9.80748 
             198.405  1.55086  1.62042 -157.656  21.1387 -1.48905  0.33524 0 0 0 -0.023404   0.02329 -0.038985  0.0490233 -0.0535808  0.0203702 -0.000197852  -0.00152196  0.000289112 -0.00950058 -0.00972768  -0.0444314   0.171699 -0.0198961   -9.80748 
             198.508 0.969524  1.29809 -157.736  21.1485 -1.50032 0.339941 0 0 0 -0.023404   0.02329 -0.038985  0.0316656   -0.14645 0.00502578 -3.14986e-05  -0.00156288  0.000346829 -0.00929368 -0.00988324  -0.0445379    0.17186 -0.0199306   -9.80747 
             198.608 0.554389  1.60884 -156.892  21.1511  -1.5183 0.340227 0 0 0 -0.023404   0.02329 -0.038985  0.0388902 -0.0995051 0.00107074 -0.000156426   -0.0015629   0.00024141 -0.00931981 -0.00998879  -0.0445269   0.171873 -0.0199995   -9.80747 
             198.708 0.255712  1.86725 -155.982  21.1583 -1.52247 0.337871 0 0 0 -0.023404   0.02329 -0.038985 0.0388755 -0.045131 0.0116525 -0.00026827 -0.00151707 0.000305348 -0.00918769 -0.00996885  -0.0444222   0.171943 -0.0199523   -9.80747 
             198.808 0.507418  1.85496 -154.804  21.1617 -1.52273 0.337506 0 0 0 -0.023404   0.02329 -0.038985  0.0500561 -0.0510907  0.0227439 -0.000210794  -0.00149999  0.000363087 -0.00906481 -0.00989624  -0.0444567   0.171993 -0.0198757   -9.80747 
             198.909 0.684528  1.55265 -154.893  21.1714 -1.52852 0.338007 0 0 0 -0.023404   0.02329 -0.038985 0.0507864 -0.102744 0.0144551 -0.000306866   -0.0014369   0.00035619 -0.00887886 -0.00986158  -0.0443763   0.172089 -0.0198031   -9.80747 
             199.008 0.554928  1.53745 -154.237  21.1756 -1.54289 0.335561 0 0 0 -0.023404   0.02329 -0.038985  0.0483086 -0.0680433  0.0275281 -0.00031408 -0.00141234 0.000335212 -0.00888207   -0.009898  -0.0442847  0.172098 -0.019825  -9.80747 
             199.108 0.0829496   2.03131  -153.396  21.1869 -1.54485 0.337069 0 0 0 -0.023404   0.02329 -0.038985 0.0637083 0.0050969 0.0246816 -0.000315793  -0.00143494  0.000358413 -0.00868952  -0.0100505  -0.0442839    0.17225 -0.0198564   -9.80747 
             199.208 0.564259  1.96691 -152.195  21.1942 -1.54133 0.333197 0 0 0 -0.023404   0.02329 -0.038985 0.0469181 0.0408466 0.0162613 -0.00038633   -0.001469 0.000337845 -0.00850556  -0.0100532  -0.0441943   0.172355 -0.0198037   -9.80747 
             199.308 0.789507  1.93247  -151.48  21.2024 -1.54722 0.336788 0 0 0 -0.023404   0.02329 -0.038985  0.0636469 -0.0708791  0.0341227 -0.000254934  -0.00144262  0.000446224 -0.00855542  -0.0102181  -0.0442244   0.172376 -0.0199121   -9.80747 
             199.408 0.604846  1.89222 -150.975  21.2127 -1.56349  0.33972 0 0 0 -0.023404   0.02329 -0.038985  0.0599539 -0.0924733  0.0593674 -0.000194752  -0.00152182  0.000408814 -0.00841326  -0.0104658    -0.04428   0.172529 -0.0200086   -9.80746 
             199.508 -0.101389   2.16594  -150.001  21.2214 -1.56906 0.339424 0 0 0 -0.023404   0.02329 -0.038985    0.078942 -0.00494398   0.0303527 -0.000134881  -0.00138975  0.000318788 -0.0084678 -0.0105931  -0.044175   0.172537 -0.0200966   -9.80746 
             199.609 0.442689  2.39426 -149.109  21.2371 -1.57257 0.339292 0 0 0 -0.023404   0.02329 -0.038985   0.108115 -0.0191852  0.0250768 -0.00023901 -0.00159973 0.000494524 -0.00813217  -0.0109132  -0.0441736   0.172821 -0.0201707   -9.80746 
             199.709 0.901601  2.12055 -147.376  21.2519 -1.57719 0.343236 0 0 0 -0.023404   0.02329 -0.038985   0.109407 -0.0538492  0.0648131 -0.000175589   -0.0014732  0.000414233 -0.00810665  -0.0110952  -0.0441097   0.172892 -0.0202633   -9.80746 
             199.809  1.73189  1.74928 -146.963  21.2652  -1.5911 0.343388 0 0 0 -0.023404   0.02329 -0.038985  0.131253  -0.13509 0.0535786 -0.000208831  -0.00153866  0.000401091 -0.00803097  -0.0111886  -0.0440235   0.172963 -0.0202902   -9.80745 
             199.908  1.24295  2.18868 -146.142  21.2818 -1.59722 0.342178 0 0 0 -0.023404   0.02329 -0.038985   0.137211 -0.0197144  0.0218124 -0.000171066  -0.00147982  0.000320163 -0.00795833  -0.0112383   -0.043882   0.173019 -0.0202933   -9.80745 
             200.008  1.47479   2.1053 -144.964  21.2982 -1.60058 0.339089 0 0 0 -0.023404   0.02329 -0.038985   0.145298 -0.0217796  0.0351457 -0.000271935  -0.00152515  0.000294376 -0.00780171  -0.0113746  -0.0437755   0.173148 -0.0203154   -9.80745 
             200.108  1.84707  2.04955 -143.483  21.3104 -1.60732 0.343989 0 0 0 -0.023404   0.02329 -0.038985  0.148229  -0.12218 0.0404807 -0.000163971  -0.00151264  0.000271656 -0.00800197  -0.0112764   -0.043773   0.173009 -0.0203301   -9.80745 
             200.208  1.66435  1.74503 -143.142  21.3296 -1.62798 0.337943 0 0 0 -0.023404   0.02329 -0.038985    0.17431  -0.131126 0.00241392 -0.000187761  -0.00146678  0.000271139 -0.00794919  -0.0114925  -0.0435307   0.173112 -0.0204284   -9.80745 
             200.308  1.19902  2.15398 -141.904  21.3468 -1.63514 0.339499 0 0 0 -0.023404   0.02329 -0.038985    0.14701  -0.053584 -0.0056145 -0.000175893  -0.00152432  0.000180233 -0.00793104  -0.0115259  -0.0436032   0.173132 -0.0204395   -9.80745 
             200.409  1.27531  1.95819 -140.895  21.3652 -1.63736 0.335823 0 0 0 -0.023404   0.02329 -0.038985    0.147626  -0.0335718 -0.00682836 -0.000221731  -0.00151642   0.00025863 -0.00765704  -0.0115622  -0.0436172   0.173288 -0.0203614   -9.80745 
             200.508   1.5562  1.73353 -139.535  21.3824 -1.64144 0.337684 0 0 0 -0.023404   0.02329 -0.038985  0.170131 -0.105611 0.0182633 -0.000155189  -0.00144702   0.00035555 -0.00760401  -0.0115433   -0.043623   0.173308 -0.0203322   -9.80745 
             200.608  1.35227  1.54829 -139.283  21.4039 -1.65421 0.339599 0 0 0 -0.023404   0.02329 -0.038985  0.177391 -0.111024 0.0304514 -0.000118712  -0.00150485  0.000390073 -0.00737119  -0.0115943  -0.0437058   0.173446 -0.0202732   -9.80745 
             200.708 0.783662  2.00525 -138.426  21.4183 -1.66001 0.339667 0 0 0 -0.023404   0.02329 -0.038985    0.155549 -0.00162271   0.0125584 -0.000128244  -0.00146794  0.000446346 -0.00756938  -0.0115838  -0.0436929   0.173341 -0.0203414   -9.80745 
             200.809  1.04493  1.77919 -137.227  21.4363 -1.66153 0.338005 0 0 0 -0.023404   0.02329 -0.038985   0.137363 -0.0180516 -0.0373271 -0.000174024  -0.00147347   0.00040534 -0.00742226  -0.0117308  -0.0437275   0.173469 -0.0203612   -9.80744 
             200.908  1.70257  1.89375 -135.484  21.4571 -1.66635 0.339069 0 0 0 -0.023404   0.02329 -0.038985  0.196976 -0.028565 0.0534221 -0.000133038  -0.00149876   0.00033135 -0.00744017  -0.0119405  -0.0437012   0.173539 -0.0204741   -9.80744 
             201.009  2.01316  1.33615 -134.742  21.4778 -1.68051 0.342068 0 0 0 -0.023404   0.02329 -0.038985  0.207509 -0.135065 0.0272219 -0.00018907 -0.00145035 0.000434503 -0.00752242  -0.0121033  -0.0437758   0.173559 -0.0205874   -9.80744 
             201.108  1.71512  1.84497 -133.981  21.5004 -1.68688  0.34383 0 0 0 -0.023404   0.02329 -0.038985   0.197565 0.00377755 0.00606304 -0.000161189  -0.00147493  0.000418863 -0.00746926  -0.0121879    -0.04374   0.173618 -0.0206085   -9.80744 
             201.208  1.89222      1.6 -132.917  21.5215 -1.68829  0.34015 0 0 0 -0.023404   0.02329 -0.038985   0.183098  -0.016428 -0.0160505 -0.000199877  -0.00145767  0.000483453 -0.00737009  -0.0123336  -0.0436522   0.173723 -0.0206409   -9.80744 
             201.308  2.68775  1.50129 -131.425  21.5432 -1.69102 0.341152 0 0 0 -0.023404   0.02329 -0.038985   0.245667 -0.0240663  0.0425199 -0.000202768   -0.0013784  0.000515782 -0.00748648  -0.0123613  -0.0435959   0.173678 -0.0207013   -9.80744 
             201.408  2.42929  1.08748 -130.369  21.5693 -1.70173  0.34305 0 0 0 -0.023404   0.02329 -0.038985  0.255305 -0.114432 0.0114154 -0.000169403  -0.00145073  0.000493817 -0.00750782  -0.0124883  -0.0436118   0.173719 -0.0207709   -9.80744 
             201.508  2.13175  1.54678 -129.331  21.5941 -1.71061 0.346471 0 0 0 -0.023404   0.02329 -0.038985      0.23238  -0.00787602 -0.000453856 -0.000184195  -0.00147538  0.000427766 -0.00762164  -0.0125976  -0.0436935   0.173709 -0.0208692   -9.80744 
             201.608  2.07042  1.43462 -128.137 21.6183 -1.7142 0.34471 0 0 0 -0.023404   0.02329 -0.038985  0.198573 -0.034629 -0.030295 -0.000213464   -0.0015183   0.00034088 -0.00756915  -0.0127643  -0.0436483   0.173802 -0.0209258   -9.80744 
             201.708  2.97563  1.29552 -126.546  21.6435 -1.72149 0.342855 0 0 0 -0.023404   0.02329 -0.038985   0.249796 -0.0410429 0.00974252 -0.00021283 -0.00140315 0.000305772 -0.00766787  -0.0129949  -0.0435692   0.173853 -0.0210748   -9.80744 
             201.808  2.70702  0.76449 -125.624  21.6712 -1.73254  0.34326 0 0 0 -0.023404   0.02329 -0.038985   0.269551  -0.151641 -0.0313872 -0.000168866  -0.00137346  0.000414095 -0.0076313 -0.0131253 -0.0435767   0.173924 -0.0211186   -9.80744 
             201.908  2.10256  1.32417 -124.834  21.6981 -1.74202  0.34391 0 0 0 -0.023404   0.02329 -0.038985     0.243484   -0.0136065 -0.000637115 -0.000140132     -0.00145  0.000440698 -0.00761163  -0.0131997  -0.0435831   0.173965 -0.0211435   -9.80743 
             202.008 1.80851 1.20797 -123.75  21.7198 -1.74132 0.345478 0 0 0 -0.023404   0.02329 -0.038985    0.188152 -0.00890118  -0.0137679 -0.00016245 -0.00142833 0.000414456 -0.00757316  -0.0131864   -0.043646   0.173976 -0.0211201   -9.80743 
             202.108  2.72671  1.14628 -122.242  21.7384 -1.74223 0.344005 0 0 0 -0.023404   0.02329 -0.038985  0.226864 0.0171858 0.0274219 -0.000215455  -0.00139691   0.00036833 -0.0076422 -0.0131928 -0.0435878   0.173949 -0.0211541   -9.80743 
             202.208  2.80209 0.674381 -121.114  21.7615 -1.74769  0.34634 0 0 0 -0.023404   0.02329 -0.038985    0.236659  -0.0781803 -0.00305495 -0.000166575  -0.00136364   0.00046431 -0.00775652  -0.0132333  -0.0435941  0.173918 -0.021223  -9.80744 
             202.308  2.27194 0.901794 -120.005  21.7871 -1.75876 0.346965 0 0 0 -0.023404   0.02329 -0.038985   0.224488 -0.0239805  0.0111856 -0.000115984  -0.00144611  0.000411431 -0.0078323 -0.0134048 -0.0435794   0.173963 -0.0213304   -9.80743 
             202.408  1.92052 0.922285 -118.797  21.8045 -1.76187  0.34929 0 0 0 -0.023404   0.02329 -0.038985   0.176228 -0.0208186 0.00788941 -0.000127099  -0.00140466  0.000375988 -0.00797413  -0.0133828  -0.0436611  0.173893 -0.021386  -9.80744 
             202.508  2.45299 0.870607 -117.422  21.8178 -1.76543 0.349099 0 0 0 -0.023404   0.02329 -0.038985   0.174021 0.00458051   0.039109 -0.000176064  -0.00138209  0.000337271 -0.00811572  -0.0132957  -0.0436432   0.173796 -0.0214164   -9.80744 
             202.607  2.78884 0.630031 -115.931  21.8378  -1.7685 0.350684 0 0 0 -0.023404   0.02329 -0.038985   0.206977 -0.0397725  0.0266242 -0.000169088    -0.001409  0.000321881 -0.00818438  -0.0133662  -0.0436041   0.173801 -0.0214774   -9.80744 
             202.708  2.08226 0.752959 -114.841  21.8559 -1.77627 0.350377 0 0 0 -0.023404   0.02329 -0.038985  0.174568  -0.03862 0.0375344 -0.000122637  -0.00144846  0.000337013 -0.00830011  -0.0133349  -0.0435559   0.173742 -0.0215206   -9.80744 
             202.808  1.95755 0.765549 -113.602  21.8742 -1.78111 0.348721 0 0 0 -0.023404   0.02329 -0.038985   0.143018 0.00108328 -0.0104327 -0.000157953  -0.00137989   0.00035365 -0.00841701   -0.013545  -0.0434586  0.173796 -0.021659  -9.80744 
             202.909  2.00987 0.757788 -112.608  21.8894 -1.78382 0.345254 0 0 0 -0.023404   0.02329 -0.038985   0.128069 -0.0189162 -0.0149713 -0.000172542  -0.00139702  0.000349273 -0.00840364  -0.0136703  -0.0434303   0.173861 -0.0217002   -9.80744 
             203.008  2.68964 0.739136 -110.906  21.9082 -1.78905 0.347135 0 0 0 -0.023404   0.02329 -0.038985    0.20135 -0.0236871  0.0173568 -0.000156725  -0.00137392  0.000321201 -0.00851221  -0.0138737  -0.0434519   0.173919 -0.0218291   -9.80743 
             203.108  2.26847 0.364738 -109.865  21.9277 -1.79853  0.34874 0 0 0 -0.023404   0.02329 -0.038985   0.202998 -0.0847972   -0.01383 -0.000144499  -0.00136016   0.00034212 -0.00864587  -0.0139059  -0.0434932  0.173886 -0.021907  -9.80743 
             203.209  2.12923 0.608238 -108.672  21.9457 -1.80617 0.347022 0 0 0 -0.023404   0.02329 -0.038985    0.172624 -0.00683118 -0.00115269 -0.000195368   -0.0013262  0.000391071 -0.00875823  -0.0139362  -0.0434174   0.173862 -0.0219745   -9.80743 
             203.309   1.7701  0.39138 -107.642  21.9648 -1.80563 0.347748 0 0 0 -0.023404   0.02329 -0.038985   0.137082 -0.0271839 -0.0333489 -0.000203077  -0.00131058  0.000362158 -0.0086464 -0.0140209  -0.043462   0.173942 -0.0219469   -9.80743 
             203.408  2.62457  0.56945 -106.049  21.9794 -1.80645 0.347465 0 0 0 -0.023404   0.02329 -0.038985  0.178822 0.0228051 0.0222779 -0.000203701  -0.00136207  0.000368265 -0.00865645  -0.0140221  -0.0434457   0.173939 -0.0219525   -9.80743 
             203.509     2.45654 -0.00295806    -104.654  22.0048 -1.81132 0.349813 0 0 0 -0.023404   0.02329 -0.038985   0.230543 -0.0431965 0.00343108 -0.000144033  -0.00130376  0.000292402 -0.00872643  -0.0142513  -0.0434611   0.174032 -0.0220637   -9.80743 
             203.608  2.11977 0.200187 -103.429  22.0265 -1.81633 0.351242 0 0 0 -0.023404   0.02329 -0.038985    0.18375 0.00717285  0.0334579 -0.000195251  -0.00131531  0.000303426 -0.00878008  -0.0142805  -0.0434674   0.174029 -0.0221009   -9.80743 
             203.709  1.80459 0.195982 -102.222  22.0364 -1.82056 0.351797 0 0 0 -0.023404   0.02329 -0.038985    0.125062 9.95017e-05   0.0119822 -0.000156727    -0.001284  0.000274733 -0.00909645  -0.0141544  -0.0434523   0.173866 -0.0222268   -9.80743 
             203.808  2.21089 0.441207 -101.164  22.0446 -1.82206 0.351625 0 0 0 -0.023404   0.02329 -0.038985    0.122506 -0.00790939   0.0435106 -0.000243545  -0.00142129  0.000318493 -0.00911547  -0.0140578  -0.0434426   0.173811 -0.0222078   -9.80743 
             203.908  2.57244 0.213062 -99.7619  22.0556 -1.81969 0.352953 0 0 0 -0.023404   0.02329 -0.038985    0.185499 -0.00202474   0.0224461 -0.000161553  -0.00133473  0.000388619 -0.00912333  -0.0138666  -0.0433695   0.17371 -0.022156  -9.80744 
             204.008  1.90649 0.132648 -98.5259  22.0742 -1.82685 0.353084 0 0 0 -0.023404   0.02329 -0.038985    0.19379 -0.0416355  0.0230518 -0.000168796  -0.00138039  0.000333781 -0.00928263  -0.0138711  -0.0433395   0.173667 -0.0222424   -9.80744 
             204.109  1.78502 0.325731 -97.1768  22.0936 -1.83053 0.351114 0 0 0 -0.023404   0.02329 -0.038985   0.127637   0.030375 -0.0145716 -0.000220518  -0.00132739  0.000303449 -0.00937533  -0.0140454  -0.0432385   0.173733 -0.0223406   -9.80744 
             204.208  1.65099 0.304002 -96.2468  22.1022 -1.83104 0.349972 0 0 0 -0.023404   0.02329 -0.038985  0.0943422 -0.0195523 -0.0483691 -0.000261171  -0.00140576  0.000283486 -0.00945017  -0.0139744  -0.0432564   0.173676 -0.0223622   -9.80744 
             204.308   2.6089  0.42968 -94.7326  22.1112 -1.83235  0.34988 0 0 0 -0.023404   0.02329 -0.038985   0.150702  0.0217825 0.00942059 -0.000251981  -0.00146198  0.000296125 -0.00955401  -0.0138852  -0.0432365   0.173602 -0.0223959   -9.80744 
             204.408    2.33513 -0.0667148   -93.7146  22.1258 -1.83606 0.351353 0 0 0 -0.023404   0.02329 -0.038985   0.183887 -0.0473855 -0.0233644 -0.000204216  -0.00140042  0.000369368 -0.00968161  -0.0137993  -0.0432726   0.173524 -0.0224441   -9.80744 
             204.508  1.88631 0.271601 -92.3104  22.1397 -1.84126 0.352039 0 0 0 -0.023404   0.02329 -0.038985    0.11084  0.0134382 0.00257348 -0.000235148  -0.00141241  0.000277124 -0.00980829  -0.0137672  -0.0432798  0.173476 -0.022506  -9.80744 
             204.608  1.58191 0.135713 -91.3446  22.1455 -1.84206 0.353466 0 0 0 -0.023404   0.02329 -0.038985   0.0744189  -0.0172128 -0.00150301 -0.000226114  -0.00138432  0.000329689 -0.00990633  -0.0136272  -0.0433326   0.173378 -0.0225278   -9.80744 
             204.708  2.11204 0.144774 -90.0211  22.1531 -1.84331 0.356062 0 0 0 -0.023404   0.02329 -0.038985  0.099162 0.0271025 0.0546913 -0.000208352  -0.00137679  0.000338574 -0.00992255  -0.0136088  -0.0433902   0.173364 -0.0225326   -9.80744 
             204.809   2.39658 -0.230225  -88.5555  22.1623 -1.84134 0.355469 0 0 0 -0.023404   0.02329 -0.038985    0.146307 8.95486e-05   0.0261033 -0.000228034  -0.00133376  0.000311399 -0.00995829  -0.0133881  -0.0432195   0.173237 -0.0225063   -9.80744 
             204.908    1.86341 -0.0462183   -87.4087  22.1791 -1.84425 0.356909 0 0 0 -0.023404   0.02329 -0.038985  0.134547 0.0053749  0.034565 -0.000245429  -0.00139669  0.000310013 -0.0100201 -0.0134716 -0.0432157    0.17327 -0.0225577   -9.80744 
             205.008  1.65023 0.103538 -86.0854  22.1898 -1.84454 0.355741 0 0 0 -0.023404   0.02329 -0.038985 0.0953598 0.0128013 0.0061207 -0.000210397  -0.00140506  0.000278045 -0.0101315 -0.0135096  -0.043126    0.17327 -0.0226275   -9.80744 
             205.108  1.90843 0.156691 -85.0912  22.1996 -1.84613 0.353815 0 0 0 -0.023404   0.02329 -0.038985   0.105785 0.00941719  0.0267997 -0.000272485  -0.00143464  0.000302919 -0.0101688 -0.0135517 -0.0430742   0.173287 -0.0226562   -9.80744 
             205.208   2.31932 0.0199328  -83.5234  22.2077 -1.84527 0.355121 0 0 0 -0.023404   0.02329 -0.038985   0.13067 0.0159347 0.0174724 -0.000222151  -0.00140245  0.000313686 -0.0102357 -0.0134742 -0.0430489   0.173232 -0.0226809   -9.80744 
             205.308   1.91776 -0.141006  -82.4017  22.2238 -1.85012 0.351763 0 0 0 -0.023404   0.02329 -0.038985    0.154709   -0.022714 -0.00633635 -0.00023735 -0.00140698 0.000305486 -0.0103713 -0.0135292 -0.0429524   0.173241 -0.0227663   -9.80744 
             205.408  1.78619  0.22711 -80.9247  22.2409 -1.84961 0.354645 0 0 0 -0.023404   0.02329 -0.038985  0.122174 0.0527158 0.0201224 -0.000250112  -0.00143511  0.000220469 -0.0104031 -0.0137045 -0.0430225   0.173334 -0.0228099   -9.80744 
             205.508  1.60784 0.155264 -80.0822  22.2531 -1.84907 0.356719 0 0 0 -0.023404   0.02329 -0.038985   0.105256 -0.0043462 -0.0207691 -0.000299957  -0.00144157  0.000235472 -0.0105028 -0.0137283  -0.043022   0.173333 -0.0228698   -9.80744 
             205.608  2.61898 0.212226  -78.581  22.2628 -1.85116 0.356192 0 0 0 -0.023404   0.02329 -0.038985 0.0939866 0.0375375  0.028349 -0.000328281  -0.00144669  0.000273071 -0.0106247 -0.0137174 -0.0429178   0.173312 -0.0229378   -9.80744 
             205.708   2.17613 -0.236808  -77.4315  22.2689 -1.85261 0.355424 0 0 0 -0.023404   0.02329 -0.038985    0.129284  -0.0158763 0.000831355 -0.000253351  -0.00145247  0.000271228  -0.010698 -0.0135402 -0.0428746   0.173205 -0.0229593   -9.80744 
             205.808    1.65683 -0.0314619   -76.1844  22.2788 -1.85421 0.354388 0 0 0 -0.023404   0.02329 -0.038985     0.10757 -0.00867177   0.0302915 -0.000263838   -0.0014503  0.000272321 -0.0106717 -0.0134619 -0.0428534   0.173164 -0.0229365   -9.80744 
             205.908   1.39227 0.0928393  -75.1724  22.2835 -1.85453 0.355258 0 0 0 -0.023404   0.02329 -0.038985   0.0696795 -0.00822475   0.0166254 -0.000253754  -0.00144713  0.000286563 -0.0106774 -0.0133857 -0.0428321   0.173121 -0.0229329   -9.80745 
             206.007  1.96459 0.100727 -74.0049  22.2891 -1.85449 0.351843 0 0 0 -0.023404   0.02329 -0.038985  0.0783336 0.00344983  0.0240463 -0.000280678  -0.00144914  0.000264341 -0.0106379  -0.013385 -0.0427849   0.173124 -0.0229104   -9.80745 
             206.108   2.25087 -0.268477  -72.5108  22.2971 -1.85483 0.354105 0 0 0 -0.023404   0.02329 -0.038985  0.139707 0.0126812 0.0204408 -0.000259335  -0.00141013  0.000266937 -0.0106772 -0.0133347 -0.0427899   0.173093 -0.0229292   -9.80745 
             206.208   1.60488 -0.297695  -71.4726  22.3088 -1.86068 0.351949 0 0 0 -0.023404   0.02329 -0.038985   0.104015 -0.0254758  0.0195631 -0.00024867 -0.00141795 0.000301379 -0.0107453 -0.0132766 -0.0427502   0.173057 -0.0229644   -9.80745 
             206.308    1.39102 -0.0867534   -70.1452  22.3117 -1.85727 0.353432 0 0 0 -0.023404   0.02329 -0.038985 0.0127383 0.0380157 0.0168192  -0.0002327 -0.00144593 0.000284665 -0.0106806 -0.0132427 -0.0427326   0.173041 -0.0229264   -9.80745 
             206.409   1.23244 -0.412559   -69.581  22.3127 -1.85539 0.352708 0 0 0 -0.023404   0.02329 -0.038985  0.0148609 -0.0134132 -0.0193689 -0.00021868 -0.00143057 0.000287157 -0.0106728 -0.0132329 -0.0427175   0.173036 -0.0229216   -9.80745 
             206.508     2.3977 -0.0244177   -68.0209  22.3122 -1.85555 0.350556 0 0 0 -0.023404   0.02329 -0.038985 0.0246228  0.038021 0.0196824 -0.000244307  -0.00155188  0.000285182 -0.0106754 -0.0131871 -0.0426663   0.173011 -0.0229221   -9.80745 
             206.608   2.42476 -0.454886  -66.7916  22.3174 -1.84923   0.3529 0 0 0 -0.023404   0.02329 -0.038985  0.0959767  0.0287281 0.00303269 -0.000237628  -0.00153641  0.000268983 -0.0106214 -0.0131615 -0.0426802   0.172998 -0.0228915   -9.80745 
             206.708   1.79315 -0.172029   -65.669  22.3205  -1.8512 0.354602 0 0 0 -0.023404   0.02329 -0.038985 0.0182978 0.0197451 0.0145588 -0.000272461   -0.0015892   0.00030359 -0.0106869 -0.0129996  -0.042722   0.172909 -0.0229273   -9.80745 
             206.808   1.37183 -0.212967  -64.5637  22.3131 -1.85228 0.350937 0 0 0 -0.023404   0.02329 -0.038985 -0.0483432 -0.0130624 -0.0208313 -0.000196614  -0.00151597  0.000333791 -0.0107014 -0.0128117 -0.0426586   0.172807 -0.0229358   -9.80745 
             206.908   1.72884 -0.270797  -63.2821  22.3075   -1.854 0.344853 0 0 0 -0.023404   0.02329 -0.038985  -0.0666798 -0.00848664   0.0012415 -0.000221644  -0.00151033  0.000295282 -0.0106549 -0.0127942 -0.0425956   0.172797 -0.0229101   -9.80745 
             207.008   2.08446 -0.649455  -61.7193  22.2986 -1.85344 0.344464 0 0 0 -0.023404   0.02329 -0.038985 -0.0375206   0.023873 -0.0171163 -0.000190102  -0.00142094  0.000267899 -0.0106652 -0.0126995 -0.0426365   0.172746 -0.0229178   -9.80745 
             207.106   1.37877 -0.775379  -60.8512   22.298 -1.85175 0.341681 0 0 0 -0.023404   0.02329 -0.038985 -0.0064406  0.0105446 -0.0319201 -0.000133494  -0.00140311  0.000324761 -0.0106609 -0.0127165 -0.0426809   0.172755 -0.0229149   -9.80745 
             207.208    1.1839 -0.546182  -59.4561  22.2912 -1.84645 0.341138 0 0 0 -0.023404   0.02329 -0.038985 -0.0901376  0.0434976 -0.0270864 -0.000125905  -0.00136716  0.000284607 -0.0105838 -0.0127219 -0.0427195   0.172754 -0.0228725   -9.80745 
             207.308   1.41019 -0.512893  -58.4291  22.2819 -1.84471 0.345172 0 0 0 -0.023404   0.02329 -0.038985 -0.0909898 -0.0131763 -0.0385102 -0.000222363  -0.00143658   0.00025559 -0.0105851 -0.0127004 -0.0428604   0.172743 -0.0228748   -9.80745 
             207.408   2.25281 -0.358213  -56.7854  22.2774 -1.84418 0.348562 0 0 0 -0.023404   0.02329 -0.038985 -0.0732927   0.077985  0.0774117 -0.000250247  -0.00145634  0.000245808 -0.0106918 -0.0127673 -0.0428331   0.172785 -0.0229275   -9.80745 
             207.508   1.60813 -0.873345  -55.7666  22.2747 -1.83767 0.352664 0 0 0 -0.023404   0.02329 -0.038985 0.000433385   0.0690582   0.0485697 -0.000165755  -0.00142787  0.000271375 -0.0107309 -0.0127464 -0.0427816   0.172777 -0.0229499   -9.80745 
             207.607   1.04169 -0.548893  -54.5137  22.2727 -1.83451 0.348155 0 0 0 -0.023404   0.02329 -0.038985 -0.0632657    0.06568  0.0187463 -0.00022153 -0.00146968  0.00027217 -0.0107801 -0.0126894 -0.0426174   0.172752 -0.0229815   -9.80745 
             207.708  0.843841 -0.594023  -53.4234   22.265 -1.83545  0.34565 0 0 0 -0.023404   0.02329 -0.038985  -0.0776403   0.0214429 -0.00726625 -0.000263557  -0.00145557  0.000274599 -0.0108936 -0.0126449 -0.0425642   0.172741 -0.0230459   -9.80745 
             207.809   1.34098 -0.566314  -51.9478  22.2535 -1.83889 0.340687 0 0 0 -0.023404   0.02329 -0.038985   -0.186666  -0.0268159 -0.00471197 -0.000258252  -0.00146979  0.000226853 -0.0109253 -0.0126134 -0.0425276   0.172728 -0.0230661   -9.80745 
             207.908   1.56611 -0.663653  -51.4785  22.2284 -1.84607 0.342118 0 0 0 -0.023404   0.02329 -0.038985   -0.354584  0.00722412 -0.00688992 -0.000188374  -0.00141276  0.000304323 -0.0111051 -0.0127494 -0.0425987   0.172819 -0.0231412   -9.80745 
             208.008   2.28645 -0.393877  -53.5661  22.1961 -1.84491  0.34087 0 0 0 -0.023404   0.02329 -0.038985 -0.362781 0.0799476 0.0405449 -0.000159537  -0.00139092  0.000341046 -0.0112216 -0.0127631 -0.0426065    0.17284 -0.0231991   -9.80745 
             208.108    2.58616 -0.0698213   -55.9532  22.1632 -1.83243 0.343553 0 0 0 -0.023404   0.02329 -0.038985 -0.364112  0.138808  0.010855 -0.000186924   -0.0013641  0.000375644 -0.0112368  -0.012914 -0.0426171   0.172918 -0.0231868   -9.80745 
             208.208    2.13288 -0.0249311   -58.8176  22.1273 -1.82042 0.342804 0 0 0 -0.023404   0.02329 -0.038985 -0.443387 0.0325342 0.0328018 -0.000128459  -0.00134829  0.000340257  -0.011233 -0.0129568 -0.0426019   0.172939 -0.0231795   -9.80745 
             208.308   1.31029 -0.348393  -61.2372  22.0922 -1.81902 0.339646 0 0 0 -0.023404   0.02329 -0.038985   -0.31788 0.00410488  -0.106186 -0.000166371  -0.00129815  0.000345252 -0.0112805 -0.0130787 -0.0427176   0.173005 -0.0231927   -9.80745 
             208.408   1.46791 -0.540332  -63.6605  22.0615 -1.81835 0.339848 0 0 0 -0.023404   0.02329 -0.038985  -0.435109 -0.0231309   -0.11019 -0.000115414  -0.00137271   0.00039725 -0.0113292 -0.0133391 -0.0429042   0.173142 -0.0231988   -9.80744 
             208.508  0.760424 -0.951238  -65.5782  22.0164 -1.81643 0.330233 0 0 0 -0.023404   0.02329 -0.038985   -0.43933 0.00376732  -0.187173 -0.000107534  -0.00126828  0.000338095 -0.0112213 -0.0134485 -0.0430904   0.173193 -0.0231354   -9.80744 
             208.608   1.69249 -0.376052  -68.5442  21.9846 -1.80395 0.328935 0 0 0 -0.023404   0.02329 -0.038985 -0.287525 0.0538414 -0.144761 -7.90467e-05  -0.00135418  0.000394456 -0.0110105 -0.0136413 -0.0434919   0.173287 -0.0230144   -9.80744 
             208.708  0.398368 0.0894197  -71.2288  21.9498 -1.78899 0.342158 0 0 0 -0.023404   0.02329 -0.038985 -0.405225 0.0253067  0.128119 4.71153e-06 -0.00133117 0.000364726 -0.0108419 -0.0138222 -0.0437819   0.173381 -0.0229203   -9.80744 
             208.809 -0.860451  -1.84543  -75.2675  21.9163  -1.7981 0.341482 0 0 0 -0.023404   0.02329 -0.038985  -0.406585 -0.0720714 -0.0976539 -5.75529e-05  -0.00133918  0.000436219 -0.0109501 -0.0139696 -0.0440007   0.173457 -0.0229803   -9.80744 
             208.909 0.691505  0.15974 -77.7656  21.8809 -1.80186 0.336999 0 0 0 -0.023404   0.02329 -0.038985   -0.376221    0.025546 -0.00256273 -0.000102996  -0.00147598  0.000384467 -0.0110282 -0.0139806 -0.0440322    0.17346 -0.0230232   -9.80744 
             209.008  1.04288 0.397524 -79.6662  21.8538 -1.79988 0.338605 0 0 0 -0.023404   0.02329 -0.038985  -0.341554  0.0367141 -0.0627229 -0.000120395  -0.00140932  0.000396871  -0.011095 -0.0142563 -0.0441475   0.173603 -0.0230784   -9.80744 
             209.109  1.12372  1.01295 -83.1745  21.8238 -1.79521 0.339699 0 0 0 -0.023404   0.02329 -0.038985 -0.405459  0.104806 0.0612418 -2.50185e-05  -0.00139269  0.000374001 -0.0111053 -0.0143067 -0.0442487    0.17363 -0.0230885   -9.80744 
             209.208 0.139178 0.488987 -85.8732   21.784 -1.78551 0.349437 0 0 0 -0.023404   0.02329 -0.038985 -0.384036 0.0266255 -0.109041 2.88111e-06 -0.00135768 0.000410981 -0.0110955 -0.0144216 -0.0443537   0.173692 -0.0230969   -9.80743 
             209.308  1.06604 0.246729 -89.2529  21.7487  -1.7815 0.352439 0 0 0 -0.023404   0.02329 -0.038985 -0.390222  0.118089  0.141565 -8.06656e-05  -0.00150795  0.000372324    -0.0112 -0.0145279 -0.0442465   0.173732 -0.0231673   -9.80743 
             209.408 -0.800818 0.0724085  -91.2222  21.7115 -1.76539 0.362779 0 0 0 -0.023404   0.02329 -0.038985 -0.459235  0.179693 0.0526365 -0.000119586  -0.00147445  0.000388732 -0.0111919 -0.0148116 -0.0441351   0.173881 -0.0232089   -9.80743 
             209.509  1.13508 -0.26566 -94.1244  21.6693 -1.75451 0.357095 0 0 0 -0.023404   0.02329 -0.038985 -0.367613  0.154504 0.0907193 -0.000110706  -0.00162924   0.00038522 -0.0113636 -0.0147536 -0.0438405   0.173817 -0.0232884   -9.80743 
             209.608  0.925658 -0.267399  -96.6923  21.6305 -1.74353 0.355071 0 0 0 -0.023404   0.02329 -0.038985 -0.458692   0.15155 0.0150149 -9.79164e-05  -0.00162063  0.000326838 -0.0115055 -0.0148708  -0.043623   0.173846 -0.0233866   -9.80743 
             209.708   1.98128 -0.918408  -99.5333  21.5889 -1.74045 0.342768 0 0 0 -0.023404   0.02329 -0.038985  -0.443604  0.0136751 -0.0569932 -0.000235335   -0.0015927  0.000366961 -0.0116003 -0.0149336 -0.0434996   0.173856 -0.0234499   -9.80743 
